date,open,high,low,close,turnover,source,ohlc_consistent
2016-01-03,1160.84,1160.84,1160.84,1160.84,839563.0,merolagani,True
2016-01-04,1154.62,1154.62,1154.62,1154.62,704022.0,merolagani,True
2016-01-05,1146.77,1146.77,1146.77,1146.77,687872.0,merolagani,True
2016-01-06,1149.89,1149.89,1149.89,1149.89,0.0,merolagani,True
2016-01-07,1164.14,1164.14,1164.14,1164.14,1009087.0,merolagani,True
2016-01-10,1167.18,1167.18,1167.18,1167.18,976108.0,merolagani,True
2016-01-11,1168.81,1168.81,1168.81,1168.81,793180.0,merolagani,True
2016-01-12,1173.6,1173.6,1173.6,1173.6,750643.0,merolagani,True
2016-01-13,1180.98,1180.98,1180.98,1180.98,1387314.0,merolagani,True
2016-01-14,1190.16,1190.16,1190.16,1190.16,1222826.0,merolagani,True
2016-01-17,1212.0,1212.0,1212.0,1212.0,702209.0,merolagani,True
2016-01-18,1214.31,1214.31,1214.31,1214.31,884255.0,merolagani,True
2016-01-19,1213.71,1213.71,1213.71,1213.71,659760.0,merolagani,True
2016-01-20,1213.57,1213.57,1213.57,1213.57,664833.0,merolagani,True
2016-01-21,1212.32,1212.32,1212.32,1212.32,727897.0,merolagani,True
2016-01-24,1219.62,1219.62,1219.62,1219.62,801033.0,merolagani,True
2016-01-25,1222.41,1222.41,1222.41,1222.41,719338.0,merolagani,True
2016-01-26,1218.39,1218.39,1218.39,1218.39,696630.0,merolagani,True
2016-01-27,1216.96,1216.96,1216.96,1216.96,624024.0,merolagani,True
2016-01-28,1216.11,1216.11,1216.11,1216.11,568565.0,merolagani,True
2016-01-31,1220.7,1220.7,1220.7,1220.7,628243.0,merolagani,True
2016-02-01,1238.02,1238.02,1238.02,1238.02,937377.0,merolagani,True
2016-02-02,1240.07,1240.07,1240.07,1240.07,1014148.0,merolagani,True
2016-02-03,1242.13,1242.13,1242.13,1242.13,755425.0,merolagani,True
2016-02-04,1251.42,1251.42,1251.42,1251.42,1140895.0,merolagani,True
2016-02-07,1262.82,1262.82,1262.82,1262.82,1311826.0,merolagani,True
2016-02-08,1263.75,1263.75,1263.75,1263.75,1119200.0,merolagani,True
2016-02-11,1263.72,1263.72,1263.72,1263.72,890746.0,merolagani,True
2016-02-14,1259.35,1259.35,1259.35,1259.35,1759937.0,merolagani,True
2016-02-15,1258.23,1258.23,1258.23,1258.23,978301.0,merolagani,True
2016-02-16,1257.2,1257.2,1257.2,1257.2,1094133.0,merolagani,True
2016-02-17,1266.08,1266.08,1266.08,1266.08,959463.0,merolagani,True
2016-02-18,1273.28,1273.28,1273.28,1273.28,3345358.0,merolagani,True
2016-02-21,1278.92,1278.92,1278.92,1278.92,1865015.0,merolagani,True
2016-02-22,1291.81,1291.81,1291.81,1291.81,1693143.0,merolagani,True
2016-02-23,1285.93,1285.93,1285.93,1285.93,1322067.0,merolagani,True
2016-02-24,1279.9,1279.9,1279.9,1279.9,1012087.0,merolagani,True
2016-02-25,1283.52,1283.52,1283.52,1283.52,2130094.0,merolagani,True
2016-02-28,1283.67,1283.67,1283.67,1283.67,927372.0,merolagani,True
2016-02-29,1283.94,1283.94,1283.94,1283.94,657310.0,merolagani,True
2016-03-01,1289.52,1289.52,1289.52,1289.52,1048918.0,merolagani,True
2016-03-02,1295.78,1295.78,1295.78,1295.78,1047292.0,merolagani,True
2016-03-03,1300.76,1300.76,1300.76,1300.76,1084092.0,merolagani,True
2016-03-06,1306.54,1306.54,1306.54,1306.54,1095469.0,merolagani,True
2016-03-10,1318.03,1318.03,1318.03,1318.03,1842709.0,merolagani,True
2016-03-13,1318.88,1318.88,1318.88,1318.88,1460725.0,merolagani,True
2016-03-14,1312.2,1312.2,1312.2,1312.2,1079261.0,merolagani,True
2016-03-15,1312.85,1312.85,1312.85,1312.85,1196448.0,merolagani,True
2016-03-16,1315.77,1315.77,1315.77,1315.77,1023341.0,merolagani,True
2016-03-17,1326.53,1326.53,1326.53,1326.53,1970953.0,merolagani,True
2016-03-20,1343.93,1343.93,1343.93,1343.93,1925463.0,merolagani,True
2016-03-21,1342.07,1342.07,1342.07,1342.07,1932661.0,merolagani,True
2016-03-23,1345.53,1345.53,1345.53,1345.53,1426564.0,merolagani,True
2016-03-24,1357.14,1357.14,1357.14,1357.14,1335174.0,merolagani,True
2016-03-27,1377.33,1377.33,1377.33,1377.33,1486847.0,merolagani,True
2016-03-28,1374.75,1374.75,1374.75,1374.75,1636802.0,merolagani,True
2016-03-29,1370.04,1370.04,1370.04,1370.04,1726537.0,merolagani,True
2016-03-30,1362.98,1362.98,1362.98,1362.98,958713.0,merolagani,True
2016-03-31,1355.48,1355.48,1355.48,1355.48,1007566.0,merolagani,True
2016-04-03,1355.48,1361.56,1339.59,1351.54,700935.0,merolagani,True
2016-04-04,1351.54,1362.73,1350.75,1362.53,745611.0,merolagani,True
2016-04-05,1362.53,1375.27,1362.43,1375.26,986217.0,merolagani,True
2016-04-06,1375.26,1380.42,1373.89,1377.42,979694.0,merolagani,True
2016-04-10,1380.75,1383.24,1380.75,1382.42,1127105.0,merolagani,True
2016-04-11,1382.42,1386.79,1381.0,1383.8,795581.0,merolagani,True
2016-04-12,1383.89,1389.12,1383.89,1388.63,1470309.0,merolagani,True
2016-04-13,1388.9,1406.42,1388.9,1405.78,1154775.0,merolagani,True
2016-04-17,1405.78,1415.93,1402.33,1409.43,923313.0,merolagani,True
2016-04-18,1410.32,1428.86,1410.32,1428.6,1949566.0,merolagani,True
2016-04-19,1428.73,1440.25,1428.73,1430.81,1927048.0,merolagani,True
2016-04-20,1430.81,1443.78,1430.36,1440.69,1397538.0,merolagani,True
2016-04-21,1440.69,1444.18,1434.75,1441.67,1239236.0,merolagani,True
2016-04-24,1441.79,1454.38,1441.79,1454.35,1061835.0,merolagani,True
2016-04-25,1454.35,1461.87,1454.27,1461.75,1564042.0,merolagani,True
2016-04-26,1461.75,1465.94,1452.38,1453.11,1740179.0,merolagani,True
2016-04-27,1453.11,1459.2,1448.46,1458.38,1344688.0,merolagani,True
2016-04-28,1458.38,1466.24,1458.37,1464.91,1271628.0,merolagani,True
2016-05-02,1464.91,1475.65,1464.91,1474.47,851786.0,merolagani,True
2016-05-03,1474.47,1477.51,1468.09,1471.95,2326053.0,merolagani,True
2016-05-04,1471.95,1471.97,1458.54,1468.11,970552.0,merolagani,True
2016-05-05,1468.11,1468.14,1450.34,1463.13,866282.0,merolagani,True
2016-05-08,1463.61,1472.73,1463.61,1472.69,1452709.0,merolagani,True
2016-05-09,1472.69,1482.94,1472.44,1482.9,1579297.0,merolagani,True
2016-05-10,1482.9,1486.48,1481.37,1484.04,1910658.0,merolagani,True
2016-05-11,1484.04,1484.26,1475.98,1481.18,1796902.0,merolagani,True
2016-05-12,1481.27,1485.76,1481.27,1481.94,1694535.0,merolagani,True
2016-05-15,1481.94,1484.19,1474.02,1477.38,1092609.0,merolagani,True
2016-05-16,1477.38,1478.19,1465.76,1467.51,1338035.0,merolagani,True
2016-05-17,1467.51,1483.87,1466.12,1483.53,1163596.0,merolagani,True
2016-05-18,1484.23,1495.77,1484.23,1496.43,1423456.0,merolagani,False
2016-05-19,1496.43,1507.84,1496.41,1499.32,1963117.0,merolagani,True
2016-05-22,1499.39,1510.34,1499.39,1509.39,2823720.0,merolagani,True
2016-05-23,1509.39,1524.07,1509.0,1524.07,3362632.0,merolagani,True
2016-05-24,1524.07,1544.72,1523.91,1544.53,4062795.0,merolagani,True
2016-05-25,1544.53,1547.7,1522.72,1524.12,1914102.0,merolagani,True
2016-05-26,1524.12,1528.92,1504.09,1525.09,2607497.0,merolagani,True
2016-05-29,1525.09,1531.44,1514.67,1522.25,2179386.0,merolagani,True
2016-05-30,1522.82,1528.64,1522.82,1526.96,1991805.0,merolagani,True
2016-05-31,1526.96,1533.9,1526.96,1532.12,2480226.0,merolagani,True
2016-06-01,1532.12,1537.22,1517.14,1523.56,2351133.0,merolagani,True
2016-06-02,1523.56,1524.71,1508.31,1518.12,1401002.0,merolagani,True
2016-06-05,1517.98,1517.98,1481.29,1483.14,2445151.0,merolagani,True
2016-06-06,1483.21,1516.8,1483.21,1516.8,1622628.0,merolagani,True
2016-06-07,1516.8,1537.87,1516.8,1531.49,1660967.0,merolagani,True
2016-06-08,1531.49,1547.65,1529.24,1546.8,1652636.0,merolagani,True
2016-06-09,1546.88,1566.71,1546.88,1566.7,1888339.0,merolagani,True
2016-06-12,1566.7,1601.42,1564.69,1597.96,2131859.0,merolagani,True
2016-06-13,1598.02,1626.03,1598.02,1609.59,1955233.0,merolagani,True
2016-06-14,1609.95,1619.15,1609.95,1614.15,3751635.0,merolagani,True
2016-06-15,1614.15,1620.47,1612.55,1620.47,1792459.0,merolagani,True
2016-06-16,1620.62,1636.08,1620.62,1632.94,5684558.0,merolagani,True
2016-06-19,1632.94,1637.26,1617.51,1622.27,1931980.0,merolagani,True
2016-06-20,1622.27,1625.76,1609.38,1615.1,1845872.0,merolagani,True
2016-06-21,1615.22,1628.92,1615.22,1628.81,1629872.0,merolagani,True
2016-06-22,1630.08,1651.26,1630.08,1647.51,2294736.0,merolagani,True
2016-06-23,1648.17,1670.71,1648.17,1666.29,3221026.0,merolagani,True
2016-06-26,1666.29,1687.96,1665.56,1685.0,6393582.0,merolagani,True
2016-06-27,1693.98,1721.77,1693.98,1721.77,4925276.0,merolagani,True
2016-06-28,1721.77,1732.97,1711.93,1724.19,4941830.0,merolagani,True
2016-06-29,1724.19,1732.68,1721.24,1724.59,4682066.0,merolagani,True
2016-06-30,1724.59,1734.21,1707.66,1723.23,2327464.0,merolagani,True
2016-07-03,1723.23,1725.47,1709.34,1719.2,2083300.0,merolagani,True
2016-07-04,1719.2,1724.02,1714.84,1716.83,1817271.0,merolagani,True
2016-07-05,1716.83,1717.95,1705.06,1713.21,1905401.0,merolagani,True
2016-07-06,1713.21,1722.74,1713.03,1715.72,4187176.0,merolagani,True
2016-07-10,1715.77,1732.22,1715.77,1722.53,2217973.0,merolagani,True
2016-07-11,1722.53,1727.37,1701.94,1702.27,1814720.0,merolagani,True
2016-07-12,1702.27,1709.48,1654.02,1693.07,1639257.0,merolagani,True
2016-07-13,1693.07,1696.57,1671.05,1690.43,1966704.0,merolagani,True
2016-07-14,1690.43,1724.99,1689.52,1718.15,2540658.0,merolagani,True
2016-07-17,1718.15,1749.96,1715.14,1745.74,2272045.0,merolagani,True
2016-07-18,1745.74,1786.68,1745.74,1786.59,2870497.0,merolagani,True
2016-07-19,1786.59,1813.42,1785.33,1800.47,2902127.0,merolagani,True
2016-07-20,1800.47,1813.44,1782.57,1786.84,3474801.0,merolagani,True
2016-07-21,1786.84,1804.75,1779.71,1798.83,3154492.0,merolagani,True
2016-07-25,1798.83,1838.59,1798.83,1838.49,4740972.0,merolagani,True
2016-07-26,1838.49,1869.08,1837.97,1866.5,5888711.0,merolagani,True
2016-07-27,1866.5,1888.36,1866.28,1881.45,4388798.0,merolagani,True
2016-07-28,1881.45,1888.01,1863.32,1877.93,10707146.0,merolagani,True
2016-07-31,1877.93,1878.02,1861.02,1862.76,3594619.0,merolagani,True
2016-08-01,1862.76,1866.89,1831.61,1845.41,5115420.0,merolagani,True
2016-08-02,1845.41,1846.91,1824.66,1826.47,3298000.0,merolagani,True
2016-08-03,1826.47,1831.7,1795.89,1813.72,2499504.0,merolagani,True
2016-08-04,1813.72,1814.04,1768.6,1768.6,2751009.0,merolagani,True
2016-08-07,1768.6,1805.75,1759.24,1764.72,2116354.0,merolagani,True
2016-08-08,1764.72,1766.14,1675.91,1675.91,1162571.0,merolagani,True
2016-08-09,1675.92,1760.42,1675.92,1760.42,310877.0,merolagani,True
2016-08-10,1760.42,1789.45,1741.03,1779.57,3585860.0,merolagani,True
2016-08-11,1779.57,1788.98,1768.03,1774.87,3544784.0,merolagani,True
2016-08-14,1774.87,1775.03,1730.95,1733.93,2181289.0,merolagani,True
2016-08-15,1733.93,1735.51,1685.26,1694.81,2417205.0,merolagani,True
2016-08-16,1694.81,1718.0,1681.67,1717.45,2038914.0,merolagani,True
2016-08-17,1717.45,1742.16,1716.47,1734.93,1697912.0,merolagani,True
2016-08-21,1734.93,1744.84,1719.78,1722.43,1031566.0,merolagani,True
2016-08-22,1722.43,1725.97,1683.12,1683.12,1190431.0,merolagani,True
2016-08-23,1683.12,1704.71,1674.85,1681.86,1452250.0,merolagani,True
2016-08-24,1694.18,1731.07,1694.18,1730.62,1113165.0,merolagani,True
2016-08-28,1730.62,1758.9,1730.48,1748.23,1315647.0,merolagani,True
2016-08-29,1748.23,1767.6,1747.71,1766.54,2957608.0,merolagani,True
2016-08-30,1766.54,1790.15,1766.07,1788.08,1897082.0,merolagani,True
2016-08-31,1788.08,1799.39,1781.43,1797.45,1759379.0,merolagani,True
2016-09-01,1797.49,1806.07,1797.49,1805.18,1799511.0,merolagani,True
2016-09-04,1805.18,1821.71,1804.87,1819.83,2115174.0,merolagani,True
2016-09-05,1819.83,1840.73,1819.5,1838.9,2246313.0,merolagani,True
2016-09-06,1838.9,1854.68,1818.36,1834.8,2260943.0,merolagani,True
2016-09-07,1834.8,1838.83,1818.67,1824.83,2931984.0,merolagani,True
2016-09-08,1824.83,1829.27,1816.98,1823.05,2143546.0,merolagani,True
2016-09-11,1823.05,1829.2,1815.61,1816.81,1851191.0,merolagani,True
2016-09-12,1816.81,1819.95,1809.31,1818.69,2902255.0,merolagani,True
2016-09-14,1818.69,1821.9,1813.27,1815.17,1664283.0,merolagani,True
2016-09-18,1815.17,1818.7,1801.02,1804.48,2491604.0,merolagani,True
2016-09-20,1804.48,1807.62,1785.0,1786.5,1615417.0,merolagani,True
2016-09-21,1786.5,1788.34,1765.09,1779.13,2219402.0,merolagani,True
2016-09-22,1779.13,1780.56,1766.25,1766.91,916233.0,merolagani,True
2016-09-25,1766.91,1767.82,1725.05,1730.64,1153265.0,merolagani,True
2016-09-26,1730.67,1758.22,1730.67,1757.1,1141761.0,merolagani,True
2016-09-27,1757.1,1767.34,1750.3,1753.72,966228.0,merolagani,True
2016-09-28,1753.72,1756.59,1746.69,1749.1,1110345.0,merolagani,True
2016-09-29,1749.1,1758.16,1744.1,1753.38,926945.0,merolagani,True
2016-10-02,1753.38,1764.49,1753.21,1763.78,1024114.0,merolagani,True
2016-10-03,1763.78,1784.05,1763.67,1780.4,896041.0,merolagani,True
2016-10-04,1780.41,1800.47,1780.41,1798.5,1027237.0,merolagani,True
2016-10-05,1798.5,1806.7,1794.58,1806.6,1018245.0,merolagani,True
2016-10-06,1806.6,1822.41,1806.39,1819.88,1556327.0,merolagani,True
2016-10-16,1819.88,1820.96,1801.56,1803.74,767544.0,merolagani,True
2016-10-17,1803.74,1805.42,1784.19,1793.36,783998.0,merolagani,True
2016-10-18,1793.36,1794.67,1782.57,1792.73,700405.0,merolagani,True
2016-10-19,1792.73,1794.14,1784.79,1787.89,850234.0,merolagani,True
2016-10-20,1788.86,1795.24,1788.86,1794.47,787853.0,merolagani,True
2016-10-23,1794.47,1798.33,1781.07,1782.39,1081007.0,merolagani,True
2016-10-24,1782.39,1783.83,1763.77,1768.89,1028707.0,merolagani,True
2016-10-25,1768.89,1769.17,1749.16,1751.0,764924.0,merolagani,True
2016-10-26,1751.0,1755.74,1736.71,1753.46,1054163.0,merolagani,True
2016-10-27,1753.46,1763.25,1752.62,1759.71,1010723.0,merolagani,True
2016-11-03,1759.71,1762.92,1753.22,1762.21,872421.0,merolagani,True
2016-11-07,1762.21,1764.26,1748.93,1749.12,881533.0,merolagani,True
2016-11-08,1749.12,1749.51,1722.56,1724.49,1038547.0,merolagani,True
2016-11-09,1724.49,1724.64,1692.64,1696.86,1022692.0,merolagani,True
2016-11-10,1696.86,1711.91,1689.23,1697.17,1065351.0,merolagani,True
2016-11-13,1697.17,1708.18,1690.79,1700.0,862269.0,merolagani,True
2016-11-14,1700.77,1708.98,1700.77,1706.28,856688.0,merolagani,True
2016-11-15,1706.28,1714.57,1699.88,1701.91,946411.0,merolagani,True
2016-11-16,1701.91,1709.59,1695.94,1698.9,1000727.0,merolagani,True
2016-11-17,1698.9,1700.95,1657.37,1658.08,1620787.0,merolagani,True
2016-11-20,1658.08,1658.51,1577.71,1599.62,1532528.0,merolagani,True
2016-11-21,1599.62,1618.95,1572.17,1606.29,1386895.0,merolagani,True
2016-11-22,1606.0,1606.0,1574.86,1582.47,1269600.0,merolagani,True
2016-11-23,1582.47,1583.0,1539.04,1540.01,1538788.0,merolagani,True
2016-11-24,1540.01,1572.72,1516.74,1534.03,1607098.0,merolagani,True
2016-11-27,1534.03,1536.53,1468.99,1469.48,1475097.0,merolagani,True
2016-11-28,1469.48,1512.14,1404.31,1510.16,1395511.0,merolagani,True
2016-11-29,1510.16,1554.58,1468.28,1553.68,1414328.0,merolagani,True
2016-11-30,1553.68,1608.37,1553.42,1608.33,3050818.0,merolagani,True
2016-12-01,1608.33,1624.79,1586.47,1600.49,1650727.0,merolagani,True
2016-12-04,1600.49,1600.63,1569.48,1570.95,1080776.0,merolagani,True
2016-12-05,1570.95,1573.97,1541.21,1544.6,891554.0,merolagani,True
2016-12-06,1544.6,1559.54,1536.78,1554.51,940421.0,merolagani,True
2016-12-07,1554.51,1557.42,1548.01,1553.9,681724.0,merolagani,True
2016-12-08,1553.9,1554.24,1541.52,1544.68,703164.0,merolagani,True
2016-12-11,1544.68,1546.21,1522.64,1522.8,700736.0,merolagani,True
2016-12-12,1522.8,1523.98,1495.91,1509.43,1002734.0,merolagani,True
2016-12-14,1509.43,1518.07,1502.1,1516.08,753595.0,merolagani,True
2016-12-15,1516.08,1531.3,1514.17,1530.06,668925.0,merolagani,True
2016-12-18,1530.06,1531.43,1518.74,1531.35,752463.0,merolagani,True
2016-12-19,1531.35,1532.0,1512.8,1514.88,689193.0,merolagani,True
2016-12-20,1514.88,1515.08,1494.8,1495.99,723746.0,merolagani,True
2016-12-21,1495.99,1496.23,1469.55,1470.63,696672.0,merolagani,True
2016-12-22,1470.63,1480.19,1466.75,1475.41,769920.0,merolagani,True
2016-12-26,1475.41,1476.5,1432.57,1432.57,1550255.0,merolagani,True
2016-12-27,1432.57,1433.6,1394.18,1407.53,1041220.0,merolagani,True
2016-12-28,1407.53,1422.89,1402.81,1413.15,1596544.0,merolagani,True
2016-12-29,1413.15,1454.64,1412.9,1443.38,1056509.0,merolagani,True
2017-01-01,1443.38,1476.82,1443.8,1465.72,561280000.0,merolagani,False
2017-01-02,1465.72,1484.89,1465.72,1482.85,494264992.0,merolagani,True
2017-01-03,1482.85,1484.26,1456.69,1456.82,385836992.0,merolagani,True
2017-01-04,1456.82,1462.83,1442.51,1457.82,320670016.0,merolagani,True
2017-01-05,1457.82,1465.72,1451.36,1454.14,326768000.0,merolagani,True
2017-01-08,1454.14,1453.89,1445.66,1447.45,385014016.0,merolagani,False
2017-01-09,1447.45,1461.23,1447.5,1458.97,261236992.0,merolagani,True
2017-01-10,1458.97,1477.81,1460.6,1476.9,356823008.0,merolagani,False
2017-01-11,1476.9,1484.57,1473.71,1476.51,290327008.0,merolagani,True
2017-01-12,1476.51,1481.77,1476.26,1479.86,257332992.0,merolagani,True
2017-01-15,1479.86,1484.43,1476.25,1477.72,267938000.0,merolagani,True
2017-01-16,1477.72,1480.07,1465.53,1466.09,260408992.0,merolagani,True
2017-01-17,1466.09,1467.38,1454.99,1463.04,333654016.0,merolagani,True
2017-01-18,1463.04,1463.66,1456.95,1462.23,291684992.0,merolagani,True
2017-01-19,1462.23,1468.86,1461.42,1462.56,297208992.0,merolagani,True
2017-01-22,1462.56,1468.72,1462.41,1465.84,231915008.0,merolagani,True
2017-01-23,1465.84,1467.01,1457.85,1457.88,298895008.0,merolagani,True
2017-01-24,1457.88,1460.37,1432.99,1432.99,317612992.0,merolagani,True
2017-01-25,1432.99,1433.63,1395.91,1396.61,398868000.0,merolagani,True
2017-01-26,1396.61,1396.61,1357.31,1375.14,490808000.0,merolagani,True
2017-01-30,1375.14,1375.93,1307.62,1309.7,512318016.0,merolagani,True
2017-01-31,1309.7,1335.23,1292.98,1326.6,469633984.0,merolagani,True
2017-02-01,1326.6,1390.56,1326.6,1389.83,564668032.0,merolagani,True
2017-02-02,1389.83,1416.93,1377.19,1382.45,516676000.0,merolagani,True
2017-02-05,1382.45,1384.0,1353.76,1364.5,255400992.0,merolagani,True
2017-02-06,1364.5,1364.86,1346.19,1348.84,222291008.0,merolagani,True
2017-02-07,1348.84,1350.96,1338.06,1344.6,297356992.0,merolagani,True
2017-02-08,1344.6,1346.26,1321.23,1322.98,324199008.0,merolagani,True
2017-02-09,1322.98,1323.32,1296.2,1296.23,411400992.0,merolagani,True
2017-02-12,1296.23,1297.3,1252.42,1252.5,451153984.0,merolagani,True
2017-02-13,1252.5,1278.98,1218.86,1278.98,462281984.0,merolagani,True
2017-02-14,1278.98,1284.04,1260.84,1274.97,390963008.0,merolagani,True
2017-02-15,1274.97,1316.81,1275.06,1316.8,520287072.0,merolagani,True
2017-02-16,1316.8,1345.33,1314.08,1343.85,621523968.0,merolagani,True
2017-02-19,1343.85,1369.41,1326.71,1369.35,628798016.0,merolagani,True
2017-02-20,1369.35,1394.06,1361.05,1365.11,798889024.0,merolagani,True
2017-02-21,1365.11,1385.9,1346.59,1357.57,577590016.0,merolagani,True
2017-02-22,1357.57,1358.91,1338.45,1344.11,319015008.0,merolagani,True
2017-02-23,1344.11,1344.07,1335.68,1337.46,269056000.0,merolagani,True
2017-02-26,1337.46,1338.49,1313.01,1313.01,245987008.0,merolagani,True
2017-02-28,1313.01,1313.01,1294.19,1299.29,528111008.0,merolagani,True
2017-03-01,1299.29,1316.96,1299.1,1316.8,314716000.0,merolagani,True
2017-03-02,1316.8,1329.41,1316.8,1329.41,400524992.0,merolagani,True
2017-03-05,1329.41,1358.27,1328.0,1354.34,558435968.0,merolagani,True
2017-03-06,1354.34,1371.53,1353.47,1358.41,732656000.0,merolagani,True
2017-03-07,1358.41,1358.48,1339.27,1341.56,402360992.0,merolagani,True
2017-03-09,1341.56,1353.45,1341.48,1347.53,452680992.0,merolagani,True
2017-03-13,1347.53,1359.49,1347.56,1355.23,335582016.0,merolagani,True
2017-03-14,1355.23,1360.37,1346.7,1347.09,309343008.0,merolagani,True
2017-03-15,1347.09,1358.24,1340.3,1356.13,287448992.0,merolagani,True
2017-03-16,1356.13,1359.65,1354.75,1357.34,417496000.0,merolagani,True
2017-03-19,1357.34,1382.3,1357.08,1382.19,640144000.0,merolagani,True
2017-03-20,1382.19,1424.78,1381.87,1424.38,1205650048.0,merolagani,True
2017-03-21,1424.38,1463.09,1412.97,1462.23,1313200000.0,merolagani,True
2017-03-22,1462.23,1513.19,1462.23,1481.08,1306419968.0,merolagani,True
2017-03-23,1481.08,1495.58,1469.57,1486.04,961484032.0,merolagani,True
2017-03-26,1486.04,1546.48,1486.04,1533.83,1511490048.0,merolagani,True
2017-03-28,1533.83,1610.67,1533.83,1610.62,1339960064.0,merolagani,True
2017-03-29,1610.62,1644.77,1587.21,1588.29,2043980032.0,merolagani,True
2017-03-30,1588.29,1600.57,1569.43,1587.64,1447270016.0,merolagani,True
2017-04-02,1587.64,1667.11,1587.64,1667.11,903900032.0,merolagani,True
2017-04-03,1667.11,1746.82,1648.21,1660.52,2442589952.0,merolagani,True
2017-04-04,1660.52,1675.95,1635.22,1657.02,1566310016.0,merolagani,True
2017-04-06,1657.02,1666.91,1642.91,1651.04,1351320064.0,merolagani,True
2017-04-09,1651.04,1665.55,1644.31,1651.6,1194230016.0,merolagani,True
2017-04-10,1651.6,1677.18,1651.28,1676.22,1542029952.0,merolagani,True
2017-04-11,1676.22,1710.74,1676.25,1709.82,1860470016.0,merolagani,True
2017-04-12,1709.82,1737.91,1702.7,1703.07,1986259968.0,merolagani,True
2017-04-13,1703.07,1709.08,1679.68,1697.13,1391820032.0,merolagani,True
2017-04-16,1697.13,1704.02,1651.1,1651.61,1163069952.0,merolagani,True
2017-04-18,1651.61,1651.74,1603.59,1612.04,1458509952.0,merolagani,True
2017-04-19,1612.04,1662.02,1609.8,1662.02,1037200000.0,merolagani,True
2017-04-20,1662.02,1684.33,1653.62,1658.34,1299580032.0,merolagani,True
2017-04-23,1658.34,1724.54,1659.46,1693.72,1515859968.0,merolagani,False
2017-04-24,1693.72,1696.85,1673.08,1675.78,941086976.0,merolagani,True
2017-04-25,1675.78,1682.91,1668.71,1672.38,1036600000.0,merolagani,True
2017-04-26,1672.38,1677.9,1666.09,1670.3,856094976.0,merolagani,True
2017-04-27,1670.3,1679.31,1656.68,1670.62,1063420032.0,merolagani,True
2017-04-30,1670.62,1670.69,1648.11,1650.78,747966016.0,merolagani,True
2017-05-02,1650.78,1667.97,1642.37,1658.33,874723968.0,merolagani,True
2017-05-03,1658.33,1679.82,1658.88,1662.38,864366976.0,merolagani,False
2017-05-04,1662.38,1668.3,1652.21,1653.18,752230976.0,merolagani,True
2017-05-07,1653.18,1655.72,1625.76,1628.98,668144000.0,merolagani,True
2017-05-08,1628.98,1647.21,1627.02,1637.3,560332032.0,merolagani,True
2017-05-09,1637.3,1651.09,1637.21,1650.81,597118976.0,merolagani,True
2017-05-11,1650.81,1659.05,1650.72,1658.58,840556032.0,merolagani,True
2017-05-15,1658.58,1675.57,1658.16,1659.23,596112000.0,merolagani,True
2017-05-16,1659.23,1660.52,1647.63,1649.24,447912000.0,merolagani,True
2017-05-17,1649.24,1655.09,1644.25,1644.26,574614976.0,merolagani,True
2017-05-18,1644.26,1646.04,1635.65,1643.87,757734976.0,merolagani,True
2017-05-21,1643.87,1648.35,1625.49,1627.24,641156992.0,merolagani,True
2017-05-22,1627.24,1629.38,1612.07,1616.4,513321984.0,merolagani,True
2017-05-23,1616.4,1636.14,1611.61,1626.51,754849024.0,merolagani,True
2017-05-24,1626.51,1632.11,1615.18,1629.58,629254976.0,merolagani,True
2017-05-28,1629.58,1629.9,1611.22,1615.58,723315968.0,merolagani,True
2017-05-30,1615.58,1616.07,1592.4,1594.43,732868992.0,merolagani,True
2017-05-31,1594.43,1612.8,1582.72,1608.11,649315968.0,merolagani,True
2017-06-01,1608.11,1614.85,1604.2,1604.31,562675968.0,merolagani,True
2017-06-04,1604.31,1606.13,1590.67,1593.81,527332000.0,merolagani,True
2017-06-05,1593.81,1610.3,1593.9,1602.65,546643008.0,merolagani,True
2017-06-06,1602.65,1637.39,1602.65,1637.37,896185024.0,merolagani,True
2017-06-07,1637.37,1651.29,1622.27,1623.13,752364032.0,merolagani,True
2017-06-08,1623.13,1623.5,1610.02,1615.19,474460992.0,merolagani,True
2017-06-11,1615.19,1618.98,1589.71,1590.49,646574976.0,merolagani,True
2017-06-12,1590.49,1593.39,1577.75,1580.52,482025984.0,merolagani,True
2017-06-13,1580.52,1592.02,1576.46,1585.15,468572000.0,merolagani,True
2017-06-14,1585.15,1586.92,1581.41,1584.49,530158016.0,merolagani,True
2017-06-15,1584.49,1605.01,1578.66,1589.59,612854976.0,merolagani,True
2017-06-18,1589.59,1591.9,1574.73,1575.98,533216000.0,merolagani,True
2017-06-19,1575.98,1576.82,1554.09,1555.16,614467968.0,merolagani,True
2017-06-20,1555.16,1560.35,1542.06,1551.07,552184000.0,merolagani,True
2017-06-21,1551.07,1559.07,1548.04,1554.69,425968000.0,merolagani,True
2017-06-22,1554.69,1565.56,1554.43,1559.49,494652000.0,merolagani,True
2017-06-25,1559.49,1569.94,1559.3,1567.72,582424000.0,merolagani,True
2017-06-27,1567.72,1571.72,1563.04,1565.09,578462976.0,merolagani,True
2017-06-28,1565.09,1566.35,1559.61,1563.81,450164992.0,merolagani,True
2017-07-02,1563.81,1563.93,1539.75,1541.82,520582016.0,merolagani,True
2017-07-03,1541.82,1551.98,1541.06,1544.29,402097984.0,merolagani,True
2017-07-04,1544.29,1546.13,1540.62,1541.28,354695008.0,merolagani,True
2017-07-05,1541.28,1551.07,1537.99,1551.06,455596992.0,merolagani,True
2017-07-06,1551.06,1582.52,1550.77,1582.11,712723008.0,merolagani,True
2017-07-09,1582.11,1605.39,1561.79,1584.15,1042430016.0,merolagani,True
2017-07-10,1584.15,1584.34,1572.0,1575.22,642406976.0,merolagani,True
2017-07-11,1575.22,1586.35,1571.75,1585.01,544070976.0,merolagani,True
2017-07-12,1585.01,1590.61,1582.06,1587.56,561254016.0,merolagani,True
2017-07-13,1587.56,1589.16,1578.94,1582.67,716166976.0,merolagani,True
2017-07-16,1582.67,1584.38,1580.08,1583.57,430724000.0,merolagani,True
2017-07-17,1583.57,1604.31,1582.48,1604.15,599289984.0,merolagani,True
2017-07-18,1604.15,1638.41,1603.76,1638.41,1102710016.0,merolagani,True
2017-07-19,1638.41,1652.73,1634.97,1637.27,1107469952.0,merolagani,True
2017-07-20,1637.27,1640.34,1633.6,1635.75,907945984.0,merolagani,True
2017-07-23,1635.75,1640.3,1633.82,1635.56,1021249984.0,merolagani,True
2017-07-24,1635.56,1636.01,1625.09,1629.08,1008200000.0,merolagani,True
2017-07-25,1629.08,1645.57,1627.76,1636.19,808281984.0,merolagani,True
2017-07-26,1636.19,1649.53,1636.19,1645.03,1109970048.0,merolagani,True
2017-07-27,1645.03,1653.2,1637.67,1646.53,1120790016.0,merolagani,True
2017-07-30,1646.53,1649.93,1635.42,1643.28,932892992.0,merolagani,True
2017-07-31,1643.28,1657.01,1643.28,1652.69,978681024.0,merolagani,True
2017-08-01,1652.69,1661.73,1652.36,1660.25,1013820032.0,merolagani,True
2017-08-02,1660.25,1668.55,1659.19,1662.74,1019910016.0,merolagani,True
2017-08-03,1662.74,1669.0,1658.88,1660.58,1081469952.0,merolagani,True
2017-08-06,1660.58,1670.01,1659.99,1665.05,962364992.0,merolagani,True
2017-08-07,1665.05,1671.46,1663.26,1667.94,868548992.0,merolagani,True
2017-08-09,1667.94,1675.31,1661.25,1661.72,824171008.0,merolagani,True
2017-08-10,1661.72,1664.11,1650.2,1653.53,869953984.0,merolagani,True
2017-08-13,1653.53,1661.18,1640.84,1642.13,743803008.0,merolagani,True
2017-08-15,1642.13,1644.74,1628.04,1629.16,701028992.0,merolagani,True
2017-08-16,1629.16,1644.52,1625.01,1632.66,631038976.0,merolagani,True
2017-08-17,1632.66,1633.9,1624.05,1629.75,629568000.0,merolagani,True
2017-08-20,1629.75,1633.72,1617.06,1617.97,705353984.0,merolagani,True
2017-08-21,1617.97,1619.32,1609.41,1611.57,474737984.0,merolagani,True
2017-08-22,1611.57,1622.68,1607.18,1614.05,662060032.0,merolagani,True
2017-08-23,1614.05,1617.58,1609.89,1611.27,574001024.0,merolagani,True
2017-08-24,1611.27,1618.03,1608.96,1617.81,555446976.0,merolagani,True
2017-08-27,1617.81,1627.98,1617.86,1622.32,718817984.0,merolagani,True
2017-08-28,1622.32,1627.35,1611.91,1612.91,870353984.0,merolagani,True
2017-08-30,1612.91,1614.75,1595.92,1598.36,848014976.0,merolagani,True
2017-08-31,1598.36,1599.03,1577.68,1580.03,789476992.0,merolagani,True
2017-09-04,1580.03,1580.86,1553.87,1554.56,809582016.0,merolagani,True
2017-09-06,1554.56,1580.4,1554.56,1566.5,702812032.0,merolagani,True
2017-09-07,1566.5,1571.01,1553.99,1554.55,653435008.0,merolagani,True
2017-09-10,1554.55,1556.77,1519.12,1519.66,877347968.0,merolagani,True
2017-09-11,1519.66,1530.23,1510.23,1523.26,727353984.0,merolagani,True
2017-09-12,1523.26,1523.26,1499.55,1502.2,540275008.0,merolagani,True
2017-09-13,1502.2,1509.24,1483.96,1493.2,591177984.0,merolagani,True
2017-09-14,1493.2,1530.31,1489.4,1530.31,591177984.0,merolagani,True
2017-09-17,1530.31,1549.11,1528.94,1547.94,576883008.0,merolagani,True
2017-09-18,1547.94,1556.34,1541.31,1543.7,450840992.0,merolagani,True
2017-09-20,1543.7,1546.89,1530.23,1539.81,414631008.0,merolagani,True
2017-09-24,1539.81,1540.38,1534.61,1536.92,271105984.0,merolagani,True
2017-09-25,1536.92,1545.65,1536.85,1545.44,255570000.0,merolagani,True
2017-09-26,1545.44,1553.44,1545.34,1549.46,303448000.0,merolagani,True
2017-10-03,1549.46,1556.35,1546.1,1556.35,129759000.0,merolagani,True
2017-10-04,1556.35,1558.61,1539.89,1542.65,272360992.0,merolagani,True
2017-10-08,1542.65,1542.53,1492.2,1510.01,389966016.0,merolagani,True
2017-10-09,1510.01,1513.06,1493.83,1501.89,308187008.0,merolagani,True
2017-10-10,1501.89,1507.82,1493.97,1502.63,297796000.0,merolagani,True
2017-10-11,1502.63,1513.38,1499.38,1505.99,274908000.0,merolagani,True
2017-10-12,1505.99,1512.3,1505.52,1510.02,386200992.0,merolagani,True
2017-10-15,1510.02,1518.47,1507.95,1518.28,498376000.0,merolagani,True
2017-10-16,1518.28,1564.99,1518.28,1564.9,545788032.0,merolagani,True
2017-10-17,1564.9,1573.91,1552.12,1559.18,554140032.0,merolagani,True
2017-10-18,1559.18,1568.52,1548.32,1568.35,350052000.0,merolagani,True
2017-10-22,1568.35,1586.89,1567.96,1571.92,346168992.0,merolagani,True
2017-10-23,1571.92,1575.67,1564.48,1568.3,377179008.0,merolagani,True
2017-10-24,1568.3,1572.4,1562.56,1567.64,377179008.0,merolagani,True
2017-10-25,1567.64,1568.06,1552.91,1553.72,409729984.0,merolagani,True
2017-10-29,1553.72,1555.21,1539.41,1540.23,373524000.0,merolagani,True
2017-10-30,1540.23,1542.91,1534.2,1536.72,389572000.0,merolagani,True
2017-10-31,1536.72,1539.94,1528.12,1533.53,339512992.0,merolagani,True
2017-11-01,1533.53,1535.88,1523.52,1526.51,368937984.0,merolagani,True
2017-11-02,1526.51,1527.08,1519.77,1522.81,360876000.0,merolagani,True
2017-11-05,1522.81,1524.43,1489.17,1496.46,581257024.0,merolagani,True
2017-11-06,1496.46,1503.43,1480.32,1493.42,486160000.0,merolagani,True
2017-11-07,1493.42,1503.32,1483.92,1484.45,377729984.0,merolagani,True
2017-11-08,1484.45,1484.54,1459.4,1466.62,446584992.0,merolagani,True
2017-11-09,1466.62,1475.83,1452.24,1460.73,444492992.0,merolagani,True
2017-11-12,1460.73,1477.19,1456.66,1477.14,323486016.0,merolagani,True
2017-11-13,1477.14,1492.02,1476.86,1490.88,514395008.0,merolagani,True
2017-11-14,1490.88,1521.87,1490.82,1516.02,681294016.0,merolagani,True
2017-11-15,1516.02,1521.01,1503.97,1504.79,584502016.0,merolagani,True
2017-11-16,1504.79,1506.81,1488.52,1489.06,416516000.0,merolagani,True
2017-11-19,1489.06,1494.2,1475.04,1475.72,424575008.0,merolagani,True
2017-11-20,1475.72,1476.53,1467.07,1469.16,354720000.0,merolagani,True
2017-11-21,1469.16,1481.3,1465.89,1472.24,290092000.0,merolagani,True
2017-11-22,1469.16,1482.05,1470.97,1480.26,295387008.0,merolagani,False
2017-11-23,1480.26,1494.1,1480.26,1493.29,426372000.0,merolagani,True
2017-11-26,1493.29,1516.73,1493.29,1514.34,588665984.0,merolagani,True
2017-11-27,1514.34,1521.15,1508.22,1513.74,640464000.0,merolagani,True
2017-11-28,1513.74,1524.01,1510.23,1523.86,542232000.0,merolagani,True
2017-11-29,1523.86,1548.67,1523.86,1536.12,1009910016.0,merolagani,True
2017-11-30,1536.12,1540.84,1527.14,1537.67,714825984.0,merolagani,True
2017-12-04,1537.67,1544.93,1524.54,1526.77,525312992.0,merolagani,True
2017-12-05,1526.77,1528.63,1517.99,1524.87,490348992.0,merolagani,True
2017-12-06,1524.87,1537.51,1524.36,1536.54,608851968.0,merolagani,True
2017-12-10,1536.54,1556.84,1529.12,1530.49,807576000.0,merolagani,True
2017-12-11,1530.49,1533.01,1520.19,1527.75,379048000.0,merolagani,True
2017-12-12,1527.75,1530.84,1509.86,1510.21,556129984.0,merolagani,True
2017-12-13,1510.21,1520.81,1504.13,1520.74,430999008.0,merolagani,True
2017-12-14,1520.74,1524.39,1515.16,1520.15,404048000.0,merolagani,True
2017-12-17,1520.15,1520.95,1505.84,1509.14,479945984.0,merolagani,True
2017-12-18,1509.14,1516.9,1507.68,1508.25,518272992.0,merolagani,True
2017-12-19,1508.25,1510.96,1493.0,1493.76,490559008.0,merolagani,True
2017-12-20,1493.76,1494.06,1482.52,1484.47,391591008.0,merolagani,True
2017-12-21,1484.47,1487.16,1470.64,1472.15,447976000.0,merolagani,True
2017-12-24,1472.15,1481.06,1466.46,1467.68,500308000.0,merolagani,True
2017-12-26,1467.68,1470.84,1445.25,1447.04,523652992.0,merolagani,True
2017-12-27,1447.04,1447.3,1421.29,1425.51,643049984.0,merolagani,True
2017-12-28,1425.51,1427.47,1409.31,1414.78,732625984.0,merolagani,True
2017-12-31,1414.78,1414.87,1382.33,1390.58,422227008.0,merolagani,True
2018-01-01,1390.58,1434.95,1390.59,1434.8,462478016.0,merolagani,True
2018-01-02,1434.8,1453.85,1429.85,1437.24,603081984.0,merolagani,True
2018-01-03,1437.24,1439.24,1414.96,1416.61,435828992.0,merolagani,True
2018-01-04,1416.61,1423.83,1414.74,1423.83,365937984.0,merolagani,True
2018-01-07,1423.83,1435.23,1422.31,1431.8,316608992.0,merolagani,True
2018-01-08,1431.8,1448.78,1431.8,1443.8,444126016.0,merolagani,True
2018-01-09,1443.8,1457.9,1441.88,1456.07,459059008.0,merolagani,True
2018-01-10,1456.07,1457.89,1439.87,1440.29,356148000.0,merolagani,True
2018-01-14,1440.29,1442.03,1426.45,1431.1,316456000.0,merolagani,True
2018-01-16,1431.1,1431.17,1408.88,1413.71,340700992.0,merolagani,True
2018-01-17,1413.71,1413.77,1399.39,1406.52,398921984.0,merolagani,True
2018-01-21,1406.52,1413.45,1402.31,1402.67,381268992.0,merolagani,True
2018-01-22,1402.67,1407.28,1400.6,1402.09,336096000.0,merolagani,True
2018-01-23,1402.09,1402.94,1392.09,1393.04,301217984.0,merolagani,True
2018-01-24,1393.04,1397.1,1391.35,1394.73,218552000.0,merolagani,True
2018-01-25,1394.73,1404.53,1394.28,1404.53,271240000.0,merolagani,True
2018-01-28,1404.53,1411.68,1403.46,1405.95,341291008.0,merolagani,True
2018-01-29,1405.95,1407.86,1397.73,1402.23,261374000.0,merolagani,True
2018-01-31,1402.23,1405.99,1399.67,1404.49,291264000.0,merolagani,True
2018-02-01,1404.49,1415.18,1403.15,1411.52,396398016.0,merolagani,True
2018-02-04,1404.49,1418.21,1409.62,1410.51,440143008.0,merolagani,False
2018-02-05,1404.49,1413.14,1399.2,1400.05,287900992.0,merolagani,True
2018-02-06,1400.05,1401.58,1393.16,1394.03,222879008.0,merolagani,True
2018-02-07,1394.03,1395.25,1380.99,1382.02,255580000.0,merolagani,True
2018-02-08,1382.02,1391.12,1378.58,1391.03,256940000.0,merolagani,True
2018-02-11,1391.03,1394.37,1383.95,1384.71,194698000.0,merolagani,True
2018-02-12,1384.71,1385.87,1378.64,1380.29,218002000.0,merolagani,True
2018-02-14,1380.29,1389.04,1376.18,1388.94,277982016.0,merolagani,True
2018-02-15,1388.94,1426.56,1388.94,1424.95,628467008.0,merolagani,True
2018-02-18,1424.95,1444.94,1413.07,1413.9,567721984.0,merolagani,True
2018-02-20,1413.9,1424.38,1396.59,1396.72,310777984.0,merolagani,True
2018-02-21,1396.72,1397.66,1386.0,1387.08,244471008.0,merolagani,True
2018-02-22,1387.08,1395.4,1382.04,1386.98,330896992.0,merolagani,True
2018-02-25,1386.98,1389.31,1374.08,1374.73,252644000.0,merolagani,True
2018-02-26,1374.73,1379.78,1356.64,1358.95,446529984.0,merolagani,True
2018-02-27,1358.95,1377.62,1358.69,1364.81,437884992.0,merolagani,True
2018-02-28,1364.81,1364.96,1343.8,1345.99,491740992.0,merolagani,True
2018-03-04,1345.99,1345.79,1291.42,1304.43,440904000.0,merolagani,False
2018-03-05,1304.43,1319.54,1286.19,1287.74,371527008.0,merolagani,True
2018-03-06,1287.74,1306.1,1267.23,1296.44,430979008.0,merolagani,True
2018-03-07,1296.44,1315.13,1295.83,1315.13,422131008.0,merolagani,True
2018-03-11,1315.13,1315.51,1283.85,1284.09,303252992.0,merolagani,True
2018-03-12,1284.09,1289.52,1273.03,1277.01,297712992.0,merolagani,True
2018-03-13,1277.01,1281.9,1276.68,1281.9,226427008.0,merolagani,True
2018-03-14,1281.96,1285.96,1279.28,1285.96,184599104.0,merolagani,True
2018-03-15,1285.96,1298.68,1284.75,1288.36,233794320.0,merolagani,True
2018-03-18,1288.36,1292.72,1277.57,1278.96,300479008.0,merolagani,True
2018-03-19,1278.96,1281.34,1269.25,1270.52,256922000.0,merolagani,True
2018-03-20,1270.54,1271.13,1249.6,1255.47,302363008.0,merolagani,True
2018-03-21,1255.47,1257.52,1224.39,1231.07,360376992.0,merolagani,True
2018-03-22,1231.07,1238.54,1207.58,1220.44,431647008.0,merolagani,True
2018-03-26,1220.44,1220.44,1166.03,1168.55,453727008.0,merolagani,True
2018-03-27,1168.55,1217.39,1134.92,1207.71,468104000.0,merolagani,True
2018-03-28,1207.71,1222.95,1187.04,1204.81,493057984.0,merolagani,True
2018-03-29,1204.81,1222.58,1204.69,1220.29,321771008.0,merolagani,True
2018-04-01,1204.81,1222.63,1185.51,1196.24,293590016.0,merolagani,True
2018-04-02,1196.27,1199.78,1191.24,1192.96,184803008.0,merolagani,True
2018-04-03,1192.97,1200.34,1188.51,1199.0,213594000.0,merolagani,True
2018-04-04,1199.06,1227.97,1199.06,1226.45,318393984.0,merolagani,True
2018-04-05,1226.45,1250.49,1226.45,1250.39,605590976.0,merolagani,True
2018-04-08,1250.39,1303.3,1250.19,1294.65,885886976.0,merolagani,True
2018-04-09,1294.65,1316.59,1286.76,1287.78,796424000.0,merolagani,True
2018-04-10,1287.78,1292.0,1266.85,1270.23,333681984.0,merolagani,True
2018-04-11,1270.23,1273.34,1257.92,1273.33,250412000.0,merolagani,True
2018-04-12,1273.37,1285.54,1273.37,1277.55,404896992.0,merolagani,True
2018-04-15,1277.55,1280.89,1259.21,1280.15,292868992.0,merolagani,True
2018-04-16,1280.16,1302.1,1277.01,1297.57,560924992.0,merolagani,True
2018-04-17,1297.58,1334.45,1297.58,1331.18,916345984.0,merolagani,True
2018-04-18,1331.18,1392.16,1327.78,1363.01,1064979968.0,merolagani,True
2018-04-19,1363.01,1391.74,1361.26,1388.31,1044529984.0,merolagani,True
2018-04-22,1388.66,1438.53,1388.66,1438.49,1154540032.0,merolagani,True
2018-04-23,1438.51,1461.21,1398.41,1410.85,1457789952.0,merolagani,True
2018-04-24,1410.85,1413.99,1391.19,1394.86,688872000.0,merolagani,True
2018-04-25,1394.86,1399.46,1384.59,1386.47,529377984.0,merolagani,True
2018-04-26,1386.47,1392.63,1354.23,1357.22,567923968.0,merolagani,True
2018-04-29,1357.24,1362.66,1337.93,1349.01,378035008.0,merolagani,True
2018-05-02,1349.02,1360.87,1335.39,1360.38,362500000.0,merolagani,True
2018-05-03,1360.41,1376.68,1360.41,1366.15,710668992.0,merolagani,True
2018-05-06,1366.16,1366.67,1353.4,1353.64,345672992.0,merolagani,True
2018-05-07,1353.64,1353.79,1344.0,1345.37,406921984.0,merolagani,True
2018-05-08,1345.37,1361.02,1344.32,1361.02,476043008.0,merolagani,True
2018-05-09,1361.02,1365.62,1352.67,1356.15,331771008.0,merolagani,True
2018-05-10,1356.21,1356.93,1348.54,1348.54,332507008.0,merolagani,True
2018-05-14,1348.48,1350.14,1337.44,1338.17,395136992.0,merolagani,True
2018-05-15,1338.17,1341.18,1332.41,1333.85,136671008.0,merolagani,True
2018-05-16,1333.86,1338.36,1333.54,1338.01,213126000.0,merolagani,True
2018-05-17,1338.02,1348.12,1337.65,1339.65,276532000.0,merolagani,True
2018-05-20,1339.66,1356.94,1335.94,1339.19,322665984.0,merolagani,True
2018-05-21,1339.26,1340.72,1332.27,1337.13,300710016.0,merolagani,True
2018-05-22,1337.15,1338.29,1331.9,1332.82,310732992.0,merolagani,True
2018-05-23,1332.9,1332.93,1326.28,1328.27,290099008.0,merolagani,True
2018-05-24,1328.28,1331.02,1317.34,1318.22,364064992.0,merolagani,True
2018-05-27,1318.26,1318.29,1300.13,1300.41,368198016.0,merolagani,True
2018-05-28,1300.41,1336.64,1291.34,1336.39,397385984.0,merolagani,True
2018-05-29,1336.44,1340.6,1324.37,1327.21,407628992.0,merolagani,True
2018-05-30,1327.21,1341.71,1318.24,1322.27,428747008.0,merolagani,True
2018-05-31,1322.27,1323.11,1305.61,1307.66,327692000.0,merolagani,True
2018-06-03,1307.6,1307.63,1273.06,1273.95,496812000.0,merolagani,True
2018-06-04,1273.71,1281.98,1258.6,1268.84,403524992.0,merolagani,True
2018-06-06,1268.91,1295.74,1268.91,1282.75,189312992.0,merolagani,True
2018-06-07,1282.75,1285.84,1256.75,1257.07,413830016.0,merolagani,True
2018-06-10,1257.06,1259.04,1231.06,1231.64,427745984.0,merolagani,True
2018-06-11,1231.64,1252.7,1223.78,1241.19,371065984.0,merolagani,True
2018-06-12,1241.19,1244.85,1230.42,1239.26,271081984.0,merolagani,True
2018-06-13,1239.26,1243.1,1235.01,1242.07,189940992.0,merolagani,True
2018-06-14,1242.07,1252.87,1241.9,1247.3,269468000.0,merolagani,True
2018-06-17,1247.3,1248.62,1232.41,1233.23,226919008.0,merolagani,True
2018-06-18,1233.23,1235.15,1221.92,1235.15,188058000.0,merolagani,True
2018-06-19,1235.3,1236.48,1224.2,1226.18,189708992.0,merolagani,True
2018-06-20,1226.18,1226.83,1217.46,1217.84,242912992.0,merolagani,True
2018-06-21,1217.85,1225.43,1211.31,1218.46,170062000.0,merolagani,True
2018-06-24,1218.47,1227.74,1216.21,1219.81,173104992.0,merolagani,True
2018-06-25,1219.81,1220.76,1209.02,1210.09,178132000.0,merolagani,True
2018-06-26,1210.1,1211.17,1194.35,1194.8,208990000.0,merolagani,True
2018-06-27,1194.81,1205.53,1194.81,1199.42,159571008.0,merolagani,True
2018-06-28,1199.42,1203.96,1197.34,1198.54,219600992.0,merolagani,True
2018-07-01,1198.26,1199.05,1183.52,1184.53,187736992.0,merolagani,True
2018-07-02,1184.57,1187.04,1174.83,1179.71,196692992.0,merolagani,True
2018-07-03,1179.71,1182.13,1174.65,1180.36,180480000.0,merolagani,True
2018-07-04,1180.36,1190.17,1175.88,1188.4,226062000.0,merolagani,True
2018-07-05,1188.4,1224.41,1188.4,1224.41,445847008.0,merolagani,True
2018-07-08,1224.42,1240.93,1224.37,1224.39,453251008.0,merolagani,True
2018-07-09,1224.39,1226.09,1204.95,1206.43,381536000.0,merolagani,True
2018-07-10,1206.5,1214.45,1202.79,1205.93,252370000.0,merolagani,True
2018-07-11,1205.93,1221.75,1204.29,1205.64,353544992.0,merolagani,True
2018-07-12,1205.67,1210.6,1190.09,1191.98,372244992.0,merolagani,True
2018-07-15,1192.0,1200.31,1192.0,1200.09,160974000.0,merolagani,True
2018-07-16,1200.09,1212.36,1198.45,1212.36,225412000.0,merolagani,True
2018-07-17,1212.36,1214.85,1204.31,1204.31,192836992.0,merolagani,True
2018-07-18,1204.22,1205.15,1196.21,1198.77,163767008.0,merolagani,True
2018-07-19,1198.77,1199.54,1192.78,1193.39,239239008.0,merolagani,True
2018-07-22,1193.39,1194.0,1181.12,1181.66,198144992.0,merolagani,True
2018-07-23,1181.4,1194.9,1181.4,1194.5,178876992.0,merolagani,True
2018-07-24,1194.5,1213.15,1194.09,1199.27,281844992.0,merolagani,True
2018-07-25,1199.3,1200.0,1192.28,1194.35,148591008.0,merolagani,True
2018-07-26,1194.37,1197.0,1188.22,1191.2,179884992.0,merolagani,True
2018-07-29,1191.2,1196.79,1191.2,1194.82,175888992.0,merolagani,True
2018-07-30,1194.83,1198.56,1193.19,1194.38,271272992.0,merolagani,True
2018-07-31,1194.21,1196.56,1189.77,1191.47,162706000.0,merolagani,True
2018-08-01,1191.47,1194.22,1190.04,1193.87,166588000.0,merolagani,True
2018-08-02,1193.88,1195.94,1191.13,1191.31,185231008.0,merolagani,True
2018-08-05,1191.24,1192.53,1188.44,1189.88,158752992.0,merolagani,True
2018-08-06,1189.91,1192.97,1188.05,1189.67,156654000.0,merolagani,True
2018-08-07,1189.69,1192.06,1186.26,1188.21,171795008.0,merolagani,True
2018-08-08,1188.23,1190.3,1186.09,1187.32,139159008.0,merolagani,True
2018-08-09,1187.35,1189.23,1179.43,1180.63,185994000.0,merolagani,True
2018-08-12,1180.63,1181.58,1163.41,1163.94,240828992.0,merolagani,True
2018-08-13,1163.96,1174.62,1161.96,1174.37,162339008.0,merolagani,True
2018-08-14,1174.4,1181.39,1170.09,1180.98,179439008.0,merolagani,True
2018-08-15,1180.99,1210.09,1180.99,1209.71,315848000.0,merolagani,True
2018-08-16,1209.71,1218.71,1203.14,1210.32,410744992.0,merolagani,True
2018-08-19,1209.77,1210.75,1195.7,1196.29,281052992.0,merolagani,True
2018-08-20,1196.29,1196.84,1185.82,1188.07,193962000.0,merolagani,True
2018-08-21,1188.08,1188.27,1181.98,1183.89,173720000.0,merolagani,True
2018-08-22,1183.83,1185.34,1180.26,1182.42,158340000.0,merolagani,True
2018-08-23,1182.5,1183.1,1175.35,1178.5,261260992.0,merolagani,True
2018-08-26,1178.5,1178.66,1175.5,1175.72,131823000.0,merolagani,True
2018-08-28,1175.72,1177.09,1172.78,1177.09,176827008.0,merolagani,True
2018-08-29,1177.07,1177.79,1171.0,1172.3,177668000.0,merolagani,True
2018-08-30,1172.3,1181.69,1170.69,1181.69,185088000.0,merolagani,True
2018-09-02,1181.69,1191.93,1178.59,1190.28,283239008.0,merolagani,True
2018-09-03,1190.28,1213.86,1190.28,1206.26,519075008.0,merolagani,True
2018-09-04,1206.31,1214.18,1202.68,1210.24,405795008.0,merolagani,True
2018-09-05,1210.3,1243.57,1210.3,1234.13,690163008.0,merolagani,True
2018-09-06,1234.15,1247.35,1224.25,1229.77,695782016.0,merolagani,True
2018-09-09,1229.76,1230.37,1217.33,1218.98,298512992.0,merolagani,True
2018-09-10,1219.13,1220.25,1206.88,1210.88,234584000.0,merolagani,True
2018-09-11,1210.88,1224.6,1210.88,1217.65,314528000.0,merolagani,True
2018-09-12,1217.65,1230.96,1215.62,1230.71,399812000.0,merolagani,True
2018-09-13,1230.89,1246.24,1230.89,1244.84,687436992.0,merolagani,True
2018-09-16,1244.99,1270.11,1244.99,1256.53,886097024.0,merolagani,True
2018-09-17,1256.53,1261.19,1247.9,1256.4,579804992.0,merolagani,True
2018-09-18,1256.44,1261.61,1251.25,1258.81,440420000.0,merolagani,True
2018-09-20,1258.81,1260.96,1249.78,1255.07,528860992.0,merolagani,True
2018-09-23,1255.09,1260.39,1250.9,1257.68,618721024.0,merolagani,True
2018-09-25,1257.68,1283.45,1257.74,1280.05,1051049984.0,merolagani,True
2018-09-26,1280.15,1288.5,1270.05,1277.74,890030016.0,merolagani,True
2018-09-27,1277.85,1278.71,1266.18,1267.18,492740992.0,merolagani,True
2018-09-30,1267.19,1267.76,1253.47,1256.71,561558976.0,merolagani,True
2018-10-01,1256.71,1258.26,1238.0,1238.67,524752000.0,merolagani,True
2018-10-02,1238.66,1247.44,1237.53,1241.36,440748992.0,merolagani,True
2018-10-03,1241.36,1242.27,1230.6,1230.6,365169984.0,merolagani,True
2018-10-04,1231.07,1231.84,1221.33,1227.37,396953984.0,merolagani,True
2018-10-07,1227.37,1227.37,1212.88,1214.36,378448000.0,merolagani,True
2018-10-08,1214.39,1222.74,1213.36,1220.52,360992992.0,merolagani,True
2018-10-09,1220.53,1227.07,1217.06,1217.93,336793984.0,merolagani,True
2018-10-10,1217.91,1218.86,1213.58,1218.33,218171008.0,merolagani,True
2018-10-11,1218.33,1228.28,1214.77,1228.28,231244000.0,merolagani,True
2018-10-14,1228.28,1242.43,1228.16,1242.43,265802000.0,merolagani,True
2018-10-15,1242.35,1246.14,1241.48,1241.63,306736992.0,merolagani,True
2018-10-21,1241.15,1248.32,1241.15,1246.52,136048000.0,merolagani,True
2018-10-22,1246.52,1248.08,1240.58,1244.54,167090000.0,merolagani,True
2018-10-23,1244.55,1246.21,1238.63,1241.84,192782000.0,merolagani,True
2018-10-24,1241.84,1250.45,1239.01,1249.93,218378000.0,merolagani,True
2018-10-25,1250.02,1250.3,1240.58,1241.11,270716000.0,merolagani,True
2018-10-28,1241.11,1241.82,1225.38,1227.49,305220000.0,merolagani,True
2018-10-29,1227.49,1227.49,1215.82,1216.93,214403008.0,merolagani,True
2018-10-30,1216.93,1224.36,1216.0,1224.36,213728000.0,merolagani,True
2018-10-31,1224.36,1224.99,1218.85,1221.46,158274000.0,merolagani,True
2018-11-01,1221.46,1223.76,1217.46,1220.98,241964000.0,merolagani,True
2018-11-04,1220.98,1221.22,1206.48,1207.28,280206000.0,merolagani,True
2018-11-05,1207.28,1219.75,1205.81,1219.2,239046000.0,merolagani,True
2018-11-06,1222.53,1222.53,1222.53,1222.53,33213900.0,merolagani,True
2018-11-11,1224.39,1224.39,1205.22,1205.22,98566500.0,merolagani,True
2018-11-12,1204.64,1204.64,1192.22,1193.34,132057000.0,merolagani,True
2018-11-13,1192.87,1209.1,1191.72,1207.57,166104000.0,merolagani,True
2018-11-14,1208.28,1209.23,1203.58,1208.89,178261000.0,merolagani,True
2018-11-15,1208.89,1213.63,1205.02,1205.02,236074000.0,merolagani,True
2018-11-18,1203.94,1204.79,1194.18,1195.45,319399000.0,merolagani,True
2018-11-19,1196.08,1196.15,1187.96,1190.2,207570000.0,merolagani,True
2018-11-20,1189.97,1190.15,1181.66,1181.75,171414000.0,merolagani,True
2018-11-21,1182.17,1182.74,1176.45,1182.55,227711000.0,merolagani,True
2018-11-22,1184.01,1184.92,1181.34,1181.24,248907000.0,merolagani,True
2018-11-25,1181.96,1182.44,1166.01,1166.63,244221000.0,merolagani,True
2018-11-26,1166.59,1167.19,1159.31,1159.82,293714000.0,merolagani,True
2018-11-27,1159.75,1167.17,1159.75,1161.49,218849000.0,merolagani,True
2018-11-28,1161.5,1162.98,1158.75,1159.08,396228000.0,merolagani,True
2018-11-29,1159.07,1160.42,1148.13,1148.36,314926000.0,merolagani,True
2018-12-02,1148.29,1148.36,1129.89,1130.89,451952000.0,merolagani,True
2018-12-03,1130.31,1144.0,1128.91,1131.73,622255000.0,merolagani,True
2018-12-04,1133.0,1142.01,1131.15,1142.01,363333000.0,merolagani,True
2018-12-05,1140.99,1142.06,1117.45,1118.13,329557000.0,merolagani,True
2018-12-06,1117.97,1126.0,1109.32,1120.84,338913000.0,merolagani,True
2018-12-09,1121.16,1128.45,1121.1,1131.7,218709000.0,merolagani,False
2018-12-10,1131.43,1145.61,1131.43,1144.19,386500000.0,merolagani,True
2018-12-11,1143.85,1145.75,1139.95,1141.1,370361000.0,merolagani,True
2018-12-12,1140.83,1143.7,1137.67,1141.18,208110000.0,merolagani,True
2018-12-13,1141.25,1153.17,1140.54,1148.78,298800000.0,merolagani,True
2018-12-16,1149.23,1168.59,1149.23,1167.67,437037000.0,merolagani,True
2018-12-17,1167.55,1182.81,1166.06,1182.78,360562000.0,merolagani,True
2018-12-18,1183.12,1185.36,1165.59,1168.17,512581000.0,merolagani,True
2018-12-19,1168.29,1171.58,1158.88,1162.7,342703000.0,merolagani,True
2018-12-20,1162.65,1173.8,1162.65,1165.97,393798000.0,merolagani,True
2018-12-23,1166.33,1198.18,1166.33,1198.18,756869000.0,merolagani,True
2018-12-24,1198.26,1207.88,1190.86,1191.74,695495000.0,merolagani,True
2018-12-25,1192.61,1192.95,1182.41,1186.03,337190000.0,merolagani,True
2018-12-26,1186.11,1216.27,1184.3,1216.27,679681000.0,merolagani,True
2018-12-27,1216.57,1232.74,1211.72,1215.16,1097720000.0,merolagani,True
2018-12-30,1216.27,1219.67,1203.6,1204.54,433889000.0,merolagani,True
2018-12-31,1204.54,1207.27,1187.12,1187.28,390624000.0,merolagani,True
2019-01-01,1187.28,1196.22,1183.84,1185.91,227166000.0,merolagani,True
2019-01-02,1185.91,1186.93,1180.3,1180.43,246231000.0,merolagani,True
2019-01-03,1180.43,1185.53,1178.05,1178.87,262468000.0,merolagani,True
2019-01-06,1178.87,1181.92,1170.04,1170.79,298870000.0,merolagani,True
2019-01-07,1170.79,1181.21,1170.36,1177.46,322203000.0,merolagani,True
2019-01-08,1177.46,1180.9,1175.83,1177.07,332627000.0,merolagani,True
2019-01-09,1177.07,1183.17,1176.76,1179.36,275981000.0,merolagani,True
2019-01-10,1179.36,1183.19,1179.04,1180.84,344813000.0,merolagani,True
2019-01-13,1180.84,1182.44,1173.29,1175.05,353560000.0,merolagani,True
2019-01-14,1175.05,1186.87,1174.43,1186.8,264043000.0,merolagani,True
2019-01-15,1186.8,1195.54,1178.15,1195.54,391994000.0,merolagani,True
2019-01-16,1195.54,1200.43,1187.82,1187.97,474423000.0,merolagani,True
2019-01-17,1187.97,1190.73,1186.24,1187.77,281347000.0,merolagani,True
2019-01-20,1187.77,1191.41,1176.78,1179.17,361757000.0,merolagani,True
2019-01-21,1179.17,1179.35,1166.8,1168.06,335558000.0,merolagani,True
2019-01-22,1168.06,1172.58,1162.56,1168.83,277291000.0,merolagani,True
2019-01-23,1168.83,1173.12,1167.79,1172.98,238475000.0,merolagani,True
2019-01-24,1172.98,1175.51,1169.86,1172.78,260607000.0,merolagani,True
2019-01-27,1172.78,1173.21,1160.68,1162.09,306070000.0,merolagani,True
2019-01-28,1162.09,1164.89,1161.37,1164.89,203579000.0,merolagani,True
2019-01-29,1164.89,1165.24,1159.62,1160.99,259283000.0,merolagani,True
2019-01-30,1160.99,1163.49,1159.22,1160.59,190573000.0,merolagani,True
2019-01-31,1160.59,1163.91,1160.04,1161.63,268245000.0,merolagani,True
2019-02-03,1161.63,1161.63,1151.76,1153.06,321743000.0,merolagani,True
2019-02-04,1153.06,1155.15,1143.97,1144.27,322761000.0,merolagani,True
2019-02-05,1144.27,1149.56,1142.72,1147.1,221967000.0,merolagani,True
2019-02-06,1147.1,1148.13,1138.4,1139.72,226249000.0,merolagani,True
2019-02-07,1139.72,1141.14,1137.08,1139.57,242260000.0,merolagani,True
2019-02-10,1139.57,1140.15,1125.58,1127.53,228292000.0,merolagani,True
2019-02-11,1127.53,1132.69,1124.41,1128.86,191024000.0,merolagani,True
2019-02-12,1128.86,1132.5,1126.05,1128.19,156376000.0,merolagani,True
2019-02-13,1128.19,1132.4,1120.31,1121.08,230651000.0,merolagani,True
2019-02-14,1121.08,1121.69,1112.09,1112.87,231671000.0,merolagani,True
2019-02-17,1112.87,1122.42,1107.63,1109.72,194345000.0,merolagani,True
2019-02-18,1109.72,1111.34,1101.52,1102.51,208487000.0,merolagani,True
2019-02-19,1102.51,1124.96,1102.24,1124.96,202684000.0,merolagani,True
2019-02-20,1124.96,1129.06,1111.83,1112.23,154584000.0,merolagani,True
2019-02-21,1112.23,1114.18,1109.78,1113.07,157692000.0,merolagani,True
2019-02-24,1113.07,1116.43,1101.63,1102.32,193957000.0,merolagani,True
2019-02-25,1102.32,1110.09,1099.98,1109.73,182429000.0,merolagani,True
2019-02-26,1109.73,1110.51,1101.48,1102.56,149262000.0,merolagani,True
2019-02-27,1102.56,1111.29,1102.58,1105.53,204517000.0,merolagani,True
2019-03-03,1105.53,1108.84,1099.22,1100.58,221026000.0,merolagani,True
2019-03-05,1100.58,1104.84,1098.95,1102.64,213341000.0,merolagani,True
2019-03-06,1102.64,1111.87,1100.9,1111.76,211805000.0,merolagani,True
2019-03-07,1111.76,1127.77,1111.7,1127.77,283819000.0,merolagani,True
2019-03-10,1127.77,1129.49,1118.01,1128.71,102317000.0,merolagani,True
2019-03-11,1128.71,1142.99,1125.7,1142.93,382285000.0,merolagani,True
2019-03-12,1142.93,1163.32,1142.93,1163.26,488956000.0,merolagani,True
2019-03-13,1163.26,1166.29,1148.05,1150.1,355375000.0,merolagani,True
2019-03-14,1150.1,1156.92,1142.7,1155.5,263186000.0,merolagani,True
2019-03-17,1155.5,1165.54,1155.39,1161.45,316538000.0,merolagani,True
2019-03-18,1161.45,1164.69,1153.59,1153.98,279032000.0,merolagani,True
2019-03-19,1153.98,1158.81,1146.87,1147.15,129145000.0,merolagani,True
2019-03-21,1147.15,1150.38,1139.35,1140.6,248614000.0,merolagani,True
2019-03-24,1140.6,1142.15,1130.95,1134.8,211913000.0,merolagani,True
2019-03-25,1134.8,1139.79,1131.82,1138.67,216906000.0,merolagani,True
2019-03-26,1138.67,1141.21,1136.2,1140.72,190317000.0,merolagani,True
2019-03-27,1140.72,1142.95,1139.86,1140.71,208898000.0,merolagani,True
2019-03-28,1140.71,1145.01,1140.11,1144.53,215417000.0,merolagani,True
2019-03-31,1144.53,1149.82,1139.51,1143.59,241951000.0,merolagani,True
2019-04-01,1143.59,1152.37,1142.06,1149.99,326449000.0,merolagani,True
2019-04-02,1149.99,1164.98,1149.69,1163.47,472345000.0,merolagani,True
2019-04-03,1163.47,1172.51,1158.72,1165.84,524422000.0,merolagani,True
2019-04-04,1165.84,1169.88,1159.9,1165.2,386452000.0,merolagani,True
2019-04-07,1165.2,1182.42,1161.59,1182.36,518228000.0,merolagani,True
2019-04-08,1182.36,1198.06,1179.39,1191.68,864143000.0,merolagani,True
2019-04-09,1191.68,1194.74,1179.75,1181.1,622530000.0,merolagani,True
2019-04-10,1181.1,1188.15,1174.74,1184.61,358990000.0,merolagani,True
2019-04-11,1184.61,1190.06,1180.13,1184.02,387624000.0,merolagani,True
2019-04-15,1184.02,1188.85,1181.82,1188.71,289871000.0,merolagani,True
2019-04-16,1188.71,1212.05,1187.7,1212.05,723990000.0,merolagani,True
2019-04-17,1212.05,1223.68,1209.51,1217.04,803245000.0,merolagani,True
2019-04-18,1217.04,1232.28,1214.93,1232.26,732081000.0,merolagani,True
2019-04-21,1232.26,1264.4,1230.05,1264.2,1004000000.0,merolagani,True
2019-04-22,1264.2,1280.18,1246.97,1256.94,1000550000.0,merolagani,True
2019-04-23,1256.94,1268.32,1248.49,1260.68,561851000.0,merolagani,True
2019-04-24,1260.68,1280.84,1261.58,1279.29,921346000.0,merolagani,False
2019-04-25,1279.29,1297.05,1279.29,1292.12,1335980000.0,merolagani,True
2019-04-28,1292.12,1323.09,1293.0,1314.51,1616090000.0,merolagani,False
2019-04-29,1314.51,1323.19,1298.62,1310.31,1160230000.0,merolagani,True
2019-04-30,1310.31,1316.62,1295.93,1298.6,913018000.0,merolagani,True
2019-05-02,1298.6,1300.53,1282.84,1294.39,573145000.0,merolagani,True
2019-05-05,1294.39,1294.95,1276.49,1277.68,628641000.0,merolagani,True
2019-05-06,1277.68,1299.41,1270.04,1299.41,619565000.0,merolagani,True
2019-05-07,1299.41,1311.27,1295.49,1301.28,699849000.0,merolagani,True
2019-05-08,1301.28,1304.38,1295.11,1297.6,494902000.0,merolagani,True
2019-05-09,1297.6,1302.68,1289.98,1291.96,605087000.0,merolagani,True
2019-05-12,1291.96,1295.17,1284.01,1295.03,672155000.0,merolagani,True
2019-05-13,1295.03,1301.84,1295.74,1301.34,775122000.0,merolagani,False
2019-05-14,1301.34,1321.23,1301.34,1315.45,1007530000.0,merolagani,True
2019-05-15,1315.45,1334.12,1316.09,1321.0,1302630000.0,merolagani,False
2019-05-16,1321.0,1326.85,1313.74,1318.71,881397000.0,merolagani,True
2019-05-19,1318.71,1322.26,1312.54,1316.84,1055840000.0,merolagani,True
2019-05-20,1316.84,1323.42,1304.88,1307.71,1164890000.0,merolagani,True
2019-05-21,1307.71,1317.98,1304.34,1312.14,796717000.0,merolagani,True
2019-05-22,1312.14,1322.76,1313.45,1319.63,918485000.0,merolagani,False
2019-05-23,1319.63,1324.15,1308.61,1314.55,913236000.0,merolagani,True
2019-05-26,1314.55,1318.1,1301.09,1302.61,603897000.0,merolagani,True
2019-05-27,1302.61,1309.98,1298.32,1302.96,499910000.0,merolagani,True
2019-05-28,1304.22,1307.16,1300.38,1305.49,749069000.0,merolagani,True
2019-05-29,1307.3,1315.23,1306.51,1313.88,884201000.0,merolagani,True
2019-05-30,1324.12,1349.95,1317.58,1319.47,1504460000.0,merolagani,True
2019-06-02,1317.71,1320.17,1304.36,1305.68,735995000.0,merolagani,True
2019-06-03,1306.88,1308.86,1290.67,1292.84,664590000.0,merolagani,True
2019-06-04,1292.86,1297.94,1286.36,1289.28,694591000.0,merolagani,True
2019-06-06,1296.5,1296.96,1284.59,1284.59,579563000.0,merolagani,True
2019-06-10,1285.49,1289.61,1274.62,1275.82,553347008.0,merolagani,True
2019-06-11,1276.26,1281.34,1274.71,1275.99,459071000.0,merolagani,True
2019-06-12,1276.09192,1277.04,1267.1,1272.48792,399465000.0,merolagani,True
2019-06-13,1272.91907,1274.83,1264.21,1269.55664,418750000.0,merolagani,True
2019-06-16,1270.81531,1271.61,1256.86,1258.27393,450040000.0,merolagani,True
2019-06-17,1259.3822,1264.97,1254.52,1260.902,387455000.0,merolagani,True
2019-06-18,1261.04773,1263.73,1258.01,1258.66956,340819000.0,merolagani,True
2019-06-19,1258.259,1262.2,1256.59,1258.46887,276860000.0,merolagani,True
2019-06-20,1258.90454,1266.41,1257.87,1264.36462,358826000.0,merolagani,True
2019-06-23,1264.53735,1265.82,1253.28,1254.35327,420917000.0,merolagani,True
2019-06-24,1254.67822,1260.32,1253.02,1260.10217,433480000.0,merolagani,True
2019-06-25,1260.23035,1264.52,1259.36,1261.07275,344807000.0,merolagani,True
2019-06-26,1261.10388,1261.59,1255.31,1258.29492,533138000.0,merolagani,True
2019-06-27,1259.16821,1260.45,1256.54,1257.15808,590777000.0,merolagani,True
2019-06-30,1258.3197,1259.79,1244.44,1244.89307,519830000.0,merolagani,True
2019-07-01,1245.58362,1245.69,1237.4,1242.03735,341769000.0,merolagani,True
2019-07-02,1242.83411,1253.06,1238.7,1253.06067,410098000.0,merolagani,True
2019-07-03,1253.86169,1270.14,1249.5,1268.68445,522293000.0,merolagani,True
2019-07-04,1269.482,1272.79,1258.59,1260.47253,567299000.0,merolagani,True
2019-07-07,1262.98792,1264.0,1254.95,1256.04932,513358000.0,merolagani,True
2019-07-08,1256.15039,1257.59,1245.58,1247.35425,448051000.0,merolagani,True
2019-07-09,1247.41284,1252.21,1244.35,1250.27393,404161000.0,merolagani,True
2019-07-10,1250.43909,1251.93,1246.16,1249.15161,389259000.0,merolagani,True
2019-07-11,1249.46252,1251.09,1247.63,1248.53027,449199000.0,merolagani,True
2019-07-14,1248.948,1253.09,1248.54,1249.494,252651000.0,merolagani,True
2019-07-15,1250.09583,1254.96,1249.04,1254.56909,363991000.0,merolagani,True
2019-07-16,1285.486,1285.72,1256.35,1259.01721,288995000.0,merolagani,True
2019-07-17,1258.94519,1275.02,1258.81,1274.86475,392819000.0,merolagani,True
2019-07-18,1275.71252,1283.63,1272.42,1272.49683,343696000.0,merolagani,True
2019-07-21,1276.29016,1276.46,1265.49,1268.74976,269169000.0,merolagani,True
2019-07-22,1268.77454,1272.39,1267.9,1271.23059,310172000.0,merolagani,True
2019-07-23,1271.2489,1279.56,1271.22,1277.17432,356841000.0,merolagani,True
2019-07-24,1277.4801,1285.08,1276.01,1284.07214,427568000.0,merolagani,True
2019-07-25,1284.41772,1284.42,1269.28,1269.92273,529404000.0,merolagani,True
2019-07-28,1266.9613,1270.49,1250.1,1252.80774,468351000.0,merolagani,True
2019-07-29,1252.77161,1259.82,1252.72,1255.98914,330758000.0,merolagani,True
2019-07-30,1256.01709,1262.27,1256.01,1259.379,259522000.0,merolagani,True
2019-07-31,1259.53772,1267.78,1257.72,1265.579,353546000.0,merolagani,True
2019-08-01,1265.52942,1271.04,1262.41,1263.84033,491456000.0,merolagani,True
2019-08-04,1263.49414,1266.49,1258.22,1259.64417,451280000.0,merolagani,True
2019-08-05,1260.30286,1261.74,1253.36,1255.09619,433462000.0,merolagani,True
2019-08-06,1255.74756,1255.76,1243.74,1245.733,436005000.0,merolagani,True
2019-08-07,1245.20276,1250.08,1239.4,1248.48645,340450000.0,merolagani,True
2019-08-08,1248.91785,1249.11,1237.31,1238.56433,421328000.0,merolagani,True
2019-08-11,1236.887,1238.39,1229.62,1233.71948,307547000.0,merolagani,True
2019-08-12,1234.68127,1236.9,1232.08,1233.85364,270974000.0,merolagani,True
2019-08-13,1234.5929,1236.5,1228.89,1231.07,459763000.0,merolagani,True
2019-08-14,1230.97571,1231.56,1224.41,1225.90259,243479000.0,merolagani,True
2019-08-15,1225.11792,1226.07,1221.74,1224.03992,358343000.0,merolagani,True
2019-08-18,1224.03455,1226.07,1214.33,1214.83,329528000.0,merolagani,True
2019-08-19,1214.96179,1229.52,1210.73,1222.066,347412000.0,merolagani,True
2019-08-20,1222.04614,1222.91,1212.06,1213.63757,264536000.0,merolagani,True
2019-08-21,1213.9657,1216.33,1209.71,1214.0575,289391000.0,merolagani,True
2019-08-22,1214.37476,1220.91,1212.12,1213.06714,248785000.0,merolagani,True
2019-08-25,1212.76331,1213.4,1201.63,1209.62146,303163000.0,merolagani,True
2019-08-26,1209.707,1210.24,1199.23,1203.13464,272167000.0,merolagani,True
2019-08-27,1203.42432,1212.31,1203.13,1208.00952,240759000.0,merolagani,True
2019-08-28,1209.70471,1213.47,1196.94,1197.75159,254529000.0,merolagani,True
2019-08-29,1198.49084,1201.33,1194.06,1196.4176,258108000.0,merolagani,True
2019-09-01,1196.608,1198.58,1183.9,1184.78711,273986000.0,merolagani,True
2019-09-02,1184.9386,1190.92,1167.79,1170.341,399316000.0,merolagani,True
2019-09-03,1170.878,1191.31,1156.68,1190.90649,415620000.0,merolagani,True
2019-09-04,1192.21509,1198.54,1183.19,1194.77454,427236000.0,merolagani,True
2019-09-05,1195.894,1197.23,1188.89,1191.07153,279796000.0,merolagani,True
2019-09-08,1192.07214,1192.33,1176.31,1178.46008,250394000.0,merolagani,True
2019-09-09,1178.47742,1180.3,1166.09,1168.91626,248238000.0,merolagani,True
2019-09-10,1168.91626,1172.86,1161.08,1166.67456,231536000.0,merolagani,True
2019-09-11,1166.68225,1168.09,1161.95,1163.214,294937000.0,merolagani,True
2019-09-12,1163.71155,1164.15,1156.25,1157.88525,312575000.0,merolagani,True
2019-09-15,1157.6814,1161.91,1139.07,1140.01709,285089000.0,merolagani,True
2019-09-16,1140.49768,1140.56,1121.72,1123.83508,332537000.0,merolagani,True
2019-09-17,1127.26111,1152.64,1127.26,1150.74231,379858000.0,merolagani,True
2019-09-18,1150.65991,1173.57,1150.66,1173.42651,467153000.0,merolagani,True
2019-09-19,1173.4408,1178.32,1154.34,1155.30212,393661000.0,merolagani,True
2019-09-22,1155.30212,1157.9,1135.08,1139.25525,190134000.0,merolagani,True
2019-09-23,1139.92273,1148.3,1137.83,1140.98914,175590000.0,merolagani,True
2019-09-24,1140.9928,1141.72,1132.62,1134.56689,177772000.0,merolagani,True
2019-09-25,1134.56775,1136.74,1130.31,1131.53479,157198000.0,merolagani,True
2019-09-26,1131.52173,1133.81,1128.44,1129.80774,209265000.0,merolagani,True
2019-09-29,1129.81555,1131.87,1123.6,1125.14709,214047000.0,merolagani,True
2019-09-30,1125.49707,1136.38,1121.05,1135.56665,160309000.0,merolagani,True
2019-10-01,1135.41626,1146.12,1134.82,1145.69446,206242000.0,merolagani,True
2019-10-02,1145.6908,1149.71,1139.83,1140.71057,175155000.0,merolagani,True
2019-10-03,1142.445,1149.49,1138.59,1149.4,172735000.0,merolagani,True
2019-10-10,1149.0332,1151.89,1147.95,1149.01184,63756500.0,merolagani,True
2019-10-14,1149.01184,1151.55,1134.87,1136.96436,198482000.0,merolagani,True
2019-10-15,1138.3811,1142.1,1134.92,1142.04541,184662000.0,merolagani,True
2019-10-16,1142.04517,1143.1,1136.0,1137.03687,190576000.0,merolagani,True
2019-10-17,1137.03687,1140.39,1135.45,1137.75012,162486000.0,merolagani,True
2019-10-20,1137.69446,1138.99,1132.36,1133.71936,112363000.0,merolagani,True
2019-10-21,1133.735,1135.86,1130.15,1132.40125,162312000.0,merolagani,True
2019-10-22,1132.45117,1135.14,1130.2,1134.79858,156047000.0,merolagani,True
2019-10-23,1135.40161,1142.98,1135.4,1142.60474,157856000.0,merolagani,True
2019-10-24,1142.41028,1150.57,1141.29,1149.34155,324649000.0,merolagani,True
2019-10-31,1149.74792,1151.59,1143.01,1146.17,186230000.0,merolagani,True
2019-11-03,1145.83655,1147.01,1136.3,1139.29443,157763000.0,merolagani,True
2019-11-04,1139.57776,1141.22,1135.96,1140.26343,178105000.0,merolagani,True
2019-11-05,1140.215,1141.9,1138.49,1139.45728,234347000.0,merolagani,True
2019-11-06,1139.49951,1141.09,1136.72,1138.02124,196836000.0,merolagani,True
2019-11-07,1138.2771,1139.36,1131.0,1131.97192,349212000.0,merolagani,True
2019-11-10,1132.47107,1135.91,1129.83,1131.80286,288914000.0,merolagani,True
2019-11-11,1132.70251,1147.79,1132.7,1145.57043,485646000.0,merolagani,True
2019-11-12,1146.14734,1147.13,1138.57,1139.961,342692000.0,merolagani,True
2019-11-13,1140.654,1140.77,1133.41,1135.16418,255176000.0,merolagani,True
2019-11-14,1135.15881,1139.59,1133.59,1135.95117,216066000.0,merolagani,True
2019-11-17,1135.73218,1137.26,1129.15,1131.36365,345367000.0,merolagani,True
2019-11-18,1131.40613,1133.52,1128.0,1131.12817,324433000.0,merolagani,True
2019-11-19,1131.13318,1132.41,1127.91,1129.99219,220751000.0,merolagani,True
2019-11-20,1130.01892,1139.98,1127.63,1128.34045,298285000.0,merolagani,True
2019-11-21,1128.34656,1128.69,1118.01,1120.60315,284639000.0,merolagani,True
2019-11-24,1120.622,1121.95,1108.71,1110.084,272788000.0,merolagani,True
2019-11-25,1110.11865,1112.2,1102.44,1110.08264,243771000.0,merolagani,True
2019-11-26,1110.08264,1112.15,1107.24,1109.16785,198036000.0,merolagani,True
2019-11-27,1109.09534,1117.51,1107.98,1117.46484,206411000.0,merolagani,True
2019-11-28,1117.64661,1119.84,1112.67,1112.79,234391000.0,merolagani,True
2019-12-01,1112.79871,1114.36,1109.98,1112.85864,201233000.0,merolagani,True
2019-12-02,1112.87341,1113.74,1110.93,1111.99475,204479000.0,merolagani,True
2019-12-03,1112.06921,1117.93,1111.11,1115.7478,216141000.0,merolagani,True
2019-12-04,1116.12915,1128.17,1116.13,1124.47424,302535000.0,merolagani,True
2019-12-05,1124.47424,1135.0,1124.44,1131.92456,342025000.0,merolagani,True
2019-12-08,1131.92456,1135.38,1125.69,1135.37854,245005000.0,merolagani,True
2019-12-09,1135.36658,1155.07,1132.86,1148.89258,460223000.0,merolagani,True
2019-12-10,1149.09521,1158.18,1147.35,1151.368,485617000.0,merolagani,True
2019-12-11,1150.84,1166.36,1150.84,1161.48,477771008.0,merolagani,True
2019-12-12,1162.25745,1175.4,1159.83,1172.64685,675173000.0,merolagani,True
2019-12-15,1172.44531,1182.12,1159.76,1167.86584,642518000.0,merolagani,True
2019-12-16,1167.82275,1170.86,1152.93,1154.1156,391393000.0,merolagani,True
2019-12-17,1154.17517,1158.37,1150.65,1155.37634,275528000.0,merolagani,True
2019-12-18,1155.32764,1158.15,1150.01,1152.07336,293621000.0,merolagani,True
2019-12-19,1152.06726,1154.37,1148.33,1149.64612,399026000.0,merolagani,True
2019-12-22,1149.62036,1151.37,1147.67,1150.81982,359633000.0,merolagani,True
2019-12-23,1150.929,1168.88,1150.93,1168.58484,590528000.0,merolagani,True
2019-12-24,1169.32825,1176.7,1164.02,1166.21631,713299000.0,merolagani,True
2019-12-25,1166.56274,1173.15,1165.63,1168.03516,475378000.0,merolagani,True
2019-12-26,1167.74084,1170.45,1165.88,1167.41626,514237000.0,merolagani,True
2019-12-29,1166.86414,1167.34,1159.21,1162.4303,358385000.0,merolagani,True
2019-12-30,1161.82092,1167.96,1159.22,1167.95642,569591000.0,merolagani,True
2019-12-31,1168.61194,1171.68,1163.01,1166.03516,426583000.0,merolagani,True
2020-01-01,1166.52136,1169.5,1163.98,1169.50439,369884000.0,merolagani,True
2020-01-02,1168.63782,1171.79,1165.13,1166.21875,492519000.0,merolagani,True
2020-01-05,1166.49475,1187.41,1163.23,1182.31177,707960000.0,merolagani,True
2020-01-06,1183.35767,1200.7,1183.26,1200.696,837496000.0,merolagani,True
2020-01-07,1200.65808,1218.2,1200.66,1216.92566,1093510000.0,merolagani,True
2020-01-08,1217.78186,1223.74,1207.26,1209.60254,726469000.0,merolagani,True
2020-01-09,1209.87244,1216.28,1206.5,1213.11511,621094000.0,merolagani,True
2020-01-12,1213.191,1255.8,1213.19,1255.7229,1291040000.0,merolagani,True
2020-01-13,1260.01636,1285.74,1258.98,1270.86621,1665520000.0,merolagani,True
2020-01-14,1271.11719,1274.92,1253.97,1263.38354,888812000.0,merolagani,True
2020-01-15,1263.328,1287.28,1263.33,1284.23083,893677000.0,merolagani,True
2020-01-16,1284.28625,1313.68,1284.29,1310.23071,1682330000.0,merolagani,True
2020-01-19,1310.26965,1349.62,1310.27,1343.65771,2067830000.0,merolagani,True
2020-01-20,1342.70264,1359.66,1308.38,1317.11646,1953780000.0,merolagani,True
2020-01-21,1318.65552,1331.61,1308.93,1320.47437,1226430000.0,merolagani,True
2020-01-22,1324.3241,1326.19,1310.65,1313.42224,1567670000.0,merolagani,True
2020-01-23,1314.16626,1320.89,1294.52,1297.47632,1376480000.0,merolagani,True
2020-01-26,1298.67358,1299.68,1275.34,1276.68164,958623000.0,merolagani,True
2020-01-27,1276.682,1300.63,1273.79,1300.62927,885585000.0,merolagani,True
2020-01-28,1300.65845,1316.45,1300.66,1306.153,1373850000.0,merolagani,True
2020-01-29,1306.16028,1311.81,1302.08,1305.88086,1265800000.0,merolagani,True
2020-01-30,1306.29285,1332.39,1306.29,1325.38867,1954020000.0,merolagani,True
2020-02-02,1325.615,1350.14,1325.61,1346.64856,2051670000.0,merolagani,True
2020-02-03,1347.838,1355.41,1339.53,1349.13745,1590010000.0,merolagani,True
2020-02-04,1351.0127,1353.34,1333.9,1337.049,1554980000.0,merolagani,True
2020-02-05,1338.50842,1342.74,1335.49,1342.36353,1060220000.0,merolagani,True
2020-02-06,1341.0332,1346.9,1331.01,1333.691,1032980000.0,merolagani,True
2020-02-09,1332.91052,1333.86,1316.06,1319.99182,922479000.0,merolagani,True
2020-02-10,1320.77185,1330.13,1315.24,1324.26819,908194000.0,merolagani,True
2020-02-11,1324.31116,1343.06,1323.69,1341.38232,1516790000.0,merolagani,True
2020-02-12,1341.07825,1353.36,1340.86,1345.97986,1492170000.0,merolagani,True
2020-02-13,1346.45435,1354.93,1342.55,1344.59167,1755100000.0,merolagani,True
2020-02-16,1344.73425,1364.02,1344.73,1363.97717,1955940000.0,merolagani,True
2020-02-17,1364.34888,1403.43,1364.35,1398.24084,2632270000.0,merolagani,True
2020-02-18,1398.85,1417.84,1387.66,1400.01,2051430016.0,merolagani,True
2020-02-19,1399.29553,1407.01,1388.93,1405.2572,1591640000.0,merolagani,True
2020-02-20,1405.51416,1434.7,1405.51,1434.57983,2728640000.0,merolagani,True
2020-02-23,1435.87256,1511.14,1435.87,1504.1416,3510800000.0,merolagani,True
2020-02-24,1507.98376,1537.55,1498.38,1502.18054,3351440000.0,merolagani,True
2020-02-25,1504.80688,1545.2,1479.62,1545.19824,2954230000.0,merolagani,True
2020-02-26,1547.20874,1596.78,1546.98,1596.13184,4075570000.0,merolagani,True
2020-02-27,1597.23621,1635.93,1556.29,1632.17859,4399200000.0,merolagani,True
2020-03-01,1638.3656,1668.58,1589.47,1591.36218,4788470000.0,merolagani,True
2020-03-02,1593.08679,1593.59,1495.3,1495.30286,2134110000.0,merolagani,True
2020-03-03,1491.23315,1540.68,1438.26,1509.67529,3805750000.0,merolagani,True
2020-03-04,1511.41614,1514.33,1439.1,1441.202,2881320000.0,merolagani,True
2020-03-05,1442.92517,1464.78,1407.55,1435.70081,2416320000.0,merolagani,True
2020-03-10,1435.86145,1436.88,1349.13,1349.31567,1055400000.0,merolagani,True
2020-03-11,1349.86243,1423.09,1349.21,1423.092,2180220000.0,merolagani,True
2020-03-12,1424.60132,1431.09,1371.18,1377.18481,2162220000.0,merolagani,True
2020-03-15,1362.25,1377.11,1310.54,1313.04272,2045610000.0,merolagani,True
2020-03-16,1312.692,1334.34,1291.68,1316.39661,1543330000.0,merolagani,True
2020-03-17,1316.74048,1321.5,1266.44,1272.06775,1421840000.0,merolagani,True
2020-03-18,1272.103,1287.38,1233.97,1255.8031,1156460000.0,merolagani,True
2020-03-19,1252.51111,1279.32,1222.56,1269.3075,1828840000.0,merolagani,True
2020-03-22,1269.08459,1275.42,1246.2,1251.45569,184541000.0,merolagani,True
2020-05-12,1250.85559,1251.4,1226.16,1226.159,99570200.0,merolagani,True
2020-05-13,1225.68,1225.68,1201.58,1201.57751,3552020.0,merolagani,True
2020-06-29,1197.09,1201.02,1149.18,1188.71,329137984.0,merolagani,True
2020-06-30,1187.2594,1260.76,1185.17,1260.75745,222636000.0,merolagani,True
2020-07-01,1261.1593,1336.53,1260.24,1336.52515,346069000.0,merolagani,True
2020-07-02,1344.77661,1362.4,1256.11,1256.11145,468325000.0,merolagani,True
2020-07-05,1256.18,1280.93,1246.8,1265.45,1033390208.0,merolagani,True
2020-07-06,1265.46,1298.79,1259.12,1298.73,927841344.0,merolagani,True
2020-07-07,1300.41,1346.05,1299.72,1336.66565,1193660000.0,merolagani,True
2020-07-08,1338.54407,1343.78,1318.93,1326.53625,985237000.0,merolagani,True
2020-07-09,1327.134,1333.36,1311.97,1331.1051,893830000.0,merolagani,True
2020-07-12,1331.319,1351.9,1331.09,1340.29456,1076930000.0,merolagani,True
2020-07-13,1342.59509,1352.69,1333.99,1342.40979,943542000.0,merolagani,True
2020-07-14,1344.42664,1349.48,1340.57,1347.44727,940213000.0,merolagani,True
2020-07-15,1347.88831,1368.02,1347.86,1362.34924,1113890000.0,merolagani,True
2020-07-16,1364.2489,1396.0,1362.39,1394.77136,1024270000.0,merolagani,True
2020-07-19,1408.5155,1479.03,1408.52,1479.03455,55379300.0,merolagani,True
2020-07-20,1539.37183,1560.59,1458.21,1464.94031,2771480000.0,merolagani,True
2020-07-21,1472.19775,1479.52,1444.09,1449.9491,1844780000.0,merolagani,True
2020-07-22,1452.784,1461.42,1429.13,1432.448,1513820000.0,merolagani,True
2020-07-23,1434.08618,1442.81,1417.05,1442.61719,1294700000.0,merolagani,True
2020-07-26,1445.60254,1465.33,1444.51,1465.10925,1915600000.0,merolagani,True
2020-07-27,1467.894,1476.0,1456.1,1462.48474,1746910000.0,merolagani,True
2020-07-28,1463.81,1466.44,1449.84,1454.89063,1235050000.0,merolagani,True
2020-07-29,1452.52283,1452.58,1430.66,1431.529,1658320000.0,merolagani,True
2020-07-30,1433.14478,1444.47,1420.93,1439.06226,1304170000.0,merolagani,True
2020-08-02,1441.26465,1441.26,1395.21,1396.28,1814880000.0,merolagani,True
2020-08-03,1395.08374,1411.46,1384.25,1403.86719,936878000.0,merolagani,True
2020-08-05,1403.88159,1403.95,1374.03,1386.17334,1025830000.0,merolagani,True
2020-08-06,1387.44482,1388.85,1365.07,1381.37781,916191000.0,merolagani,True
2020-08-09,1383.98975,1392.68,1362.72,1392.68176,937268000.0,merolagani,True
2020-08-10,1394.78333,1430.42,1393.7,1430.41956,1543200000.0,merolagani,True
2020-08-11,1433.35,1441.31,1421.17,1423.81,1271738880.0,merolagani,True
2020-08-12,1425.40051,1427.77,1413.4,1425.32,933964000.0,merolagani,True
2020-08-13,1431.894,1431.89,1406.98,1408.79175,1025200000.0,merolagani,True
2020-08-16,1407.85535,1408.51,1380.95,1391.4646,1234080000.0,merolagani,True
2020-08-17,1391.79712,1402.37,1385.61,1402.2179,1045180000.0,merolagani,True
2020-08-18,1403.98975,1414.69,1400.62,1407.89929,1129060000.0,merolagani,True
2020-08-19,1409.44275,1409.72,1386.9,1391.29517,953587000.0,merolagani,True
2020-08-20,1391.2533,1403.96,1389.35,1397.57068,389250000.0,merolagani,True
2020-08-23,1399.48889,1410.37,1393.9,1410.34473,1098870000.0,merolagani,True
2020-08-24,1413.09924,1433.26,1412.33,1431.60681,2129170000.0,merolagani,True
2020-08-25,1435.21448,1441.02,1427.87,1440.94226,1839680000.0,merolagani,True
2020-08-26,1445.47192,1471.66,1444.87,1462.03943,2615480000.0,merolagani,True
2020-08-27,1467.07666,1473.18,1454.73,1458.04,1958510000.0,merolagani,True
2020-08-30,1459.17,1462.67,1444.92,1462.67,1614554240.0,merolagani,True
2020-08-31,1466.577,1494.53,1466.29,1484.99292,3372600000.0,merolagani,True
2020-09-02,1491.40344,1519.96,1491.4,1510.57288,4148070000.0,merolagani,True
2020-09-03,1524.19092,1526.43,1497.08,1510.4248,2595370000.0,merolagani,True
2020-09-06,1552.43494,1552.75,1494.55,1499.97876,2738790000.0,merolagani,True
2020-09-07,1503.37585,1503.44,1483.5,1487.81091,2060670000.0,merolagani,True
2020-09-08,1491.33374,1500.44,1477.2,1495.15674,1777340000.0,merolagani,True
2020-09-09,1498.50342,1512.04,1494.95,1508.20825,2487550000.0,merolagani,True
2020-09-10,1514.32507,1532.66,1511.85,1520.69458,2120250000.0,merolagani,True
2020-09-13,1528.157,1537.25,1521.21,1537.25,3292950000.0,merolagani,True
2020-09-14,1545.68921,1553.61,1538.15,1540.512,3069940000.0,merolagani,True
2020-09-15,1544.716,1548.49,1531.05,1536.03857,2065070000.0,merolagani,True
2020-09-16,1537.35181,1543.99,1526.31,1541.40173,1808030000.0,merolagani,True
2020-09-17,1555.86145,1578.42,1546.58,1572.18555,3282220000.0,merolagani,True
2020-09-20,1595.47534,1605.47,1573.85,1575.18384,2701460000.0,merolagani,True
2020-09-21,1587.82751,1588.05,1560.91,1569.06482,2598600000.0,merolagani,True
2020-09-22,1576.55359,1577.78,1541.68,1546.15845,2764340000.0,merolagani,True
2020-09-23,1543.37085,1555.53,1534.7,1555.52747,1708650000.0,merolagani,True
2020-09-24,1565.31323,1565.73,1554.18,1561.27014,2204940000.0,merolagani,True
2020-09-27,1569.06226,1575.5,1561.92,1565.55591,3093380000.0,merolagani,True
2020-09-28,1566.441,1569.7,1557.33,1560.83081,1659550000.0,merolagani,True
2020-09-29,1564.92859,1564.93,1552.4,1553.624,1803890000.0,merolagani,True
2020-09-30,1561.58923,1563.54,1542.56,1550.43481,1936740000.0,merolagani,True
2020-10-01,1553.95825,1573.04,1553.92,1571.04346,2786480000.0,merolagani,True
2020-10-04,1577.778,1588.65,1577.77,1585.75684,3008880000.0,merolagani,True
2020-10-05,1587.31311,1594.91,1580.43,1582.12512,2551630000.0,merolagani,True
2020-10-06,1588.01758,1588.12,1581.54,1586.29419,2496330000.0,merolagani,True
2020-10-07,1593.04565,1602.24,1587.42,1600.9762,3339110000.0,merolagani,True
2020-10-08,1607.5271,1614.65,1586.9,1589.63928,2886680000.0,merolagani,True
2020-10-11,1594.0105,1594.46,1574.44,1576.27124,2362970000.0,merolagani,True
2020-10-12,1580.14661,1581.05,1566.55,1578.01184,1942570000.0,merolagani,True
2020-10-13,1583.29272,1584.84,1567.22,1568.59485,1804910000.0,merolagani,True
2020-10-14,1572.35352,1573.26,1560.14,1561.17078,1428360000.0,merolagani,True
2020-10-15,1564.69336,1579.85,1560.15,1562.46484,1387270000.0,merolagani,True
2020-10-18,1565.90759,1568.03,1554.02,1556.80286,960634000.0,merolagani,True
2020-10-19,1556.8584,1570.39,1555.14,1570.38379,930854000.0,merolagani,True
2020-10-20,1576.62463,1583.61,1572.81,1583.60559,1212330000.0,merolagani,True
2020-10-21,1591.04443,1597.79,1588.71,1597.715,1582420000.0,merolagani,True
2020-10-22,1609.11609,1610.67,1596.09,1606.25525,1978940000.0,merolagani,True
2020-10-28,1612.5083,1647.62,1612.2,1647.45959,2696550000.0,merolagani,True
2020-10-29,1661.64587,1663.87,1640.14,1645.679,2873810000.0,merolagani,True
2020-11-01,1654.156,1654.16,1634.13,1640.95935,2858220000.0,merolagani,True
2020-11-02,1644.01685,1646.92,1635.39,1637.6311,2394220000.0,merolagani,True
2020-11-03,1636.20032,1644.93,1635.08,1643.03516,2098670000.0,merolagani,True
2020-11-04,1645.531,1645.98,1638.55,1640.64258,1638870000.0,merolagani,True
2020-11-05,1644.94946,1645.29,1634.22,1636.17432,2810570000.0,merolagani,True
2020-11-08,1643.29077,1648.58,1637.69,1648.585,3469490000.0,merolagani,True
2020-11-09,1648.7572,1661.41,1648.04,1652.80786,3668240000.0,merolagani,True
2020-11-10,1660.37817,1678.79,1658.52,1678.79175,4065030000.0,merolagani,True
2020-11-11,1681.82849,1707.76,1681.45,1707.67993,4019390000.0,merolagani,True
2020-11-12,1713.71167,1722.52,1702.47,1718.49731,4043820000.0,merolagani,True
2020-11-18,1721.64,1742.48,1708.31,1741.8125,4641920000.0,merolagani,True
2020-11-19,1750.42065,1781.12,1749.2,1778.12817,6031340000.0,merolagani,True
2020-11-22,1791.2168,1812.32,1761.53,1782.81458,6827950000.0,merolagani,True
2020-11-23,1789.35645,1792.81,1771.75,1780.43152,4674980000.0,merolagani,True
2020-11-24,1790.19458,1814.18,1785.73,1810.11462,5348100000.0,merolagani,True
2020-11-25,1820.87012,1874.92,1819.91,1874.816,6459030000.0,merolagani,True
2020-11-26,1894.78784,1927.42,1878.09,1893.24731,7456730000.0,merolagani,True
2020-11-29,1912.11475,1972.05,1911.51,1968.27148,8997080000.0,merolagani,True
2020-11-30,2000.00476,2028.73,1970.81,1997.05823,8699700000.0,merolagani,True
2020-12-01,2009.461,2022.94,1964.22,2000.40491,7258900000.0,merolagani,True
2020-12-02,2016.82544,2078.41,2016.83,2071.02954,7336250000.0,merolagani,True
2020-12-03,2090.797,2118.68,2040.7,2055.455,7817950000.0,merolagani,True
2020-12-06,2051.51318,2051.57,1932.11,1932.11414,7100770000.0,merolagani,True
2020-12-07,1929.47,2004.39,1914.42,2004.39,6579610112.0,merolagani,True
2020-12-08,2033.97339,2048.47,1981.72,1995.35046,5522160000.0,merolagani,True
2020-12-09,2006.40686,2010.63,1948.66,1955.75208,4701040000.0,merolagani,True
2020-12-10,1954.60547,1974.47,1938.44,1964.02051,3831570000.0,merolagani,True
2020-12-13,1973.75793,2011.07,1967.04,2010.453,4841400000.0,merolagani,True
2020-12-14,2022.72754,2069.35,2021.01,2067.17236,7140990000.0,merolagani,True
2020-12-15,2085.56885,2101.47,2050.33,2061.418,5943410000.0,merolagani,True
2020-12-16,2097.2002,2097.2,2041.76,2055.221,5008350000.0,merolagani,True
2020-12-17,2058.72437,2059.98,2025.01,2032.51831,6699110000.0,merolagani,True
2020-12-20,2046.57031,2046.57,1933.54,1935.63611,8909960000.0,merolagani,True
2020-12-21,1919.05347,1978.21,1873.79,1965.9613,6659730000.0,merolagani,True
2020-12-22,1987.47668,2061.42,1986.42,2061.41919,6464110000.0,merolagani,True
2020-12-23,2094.27686,2128.85,2063.07,2068.458,6822150000.0,merolagani,True
2020-12-24,2091.59741,2091.6,2025.31,2038.63013,5244790000.0,merolagani,True
2020-12-27,2047.129,2049.24,1994.48,1998.654,4599820000.0,merolagani,True
2020-12-28,1998.81921,2013.8,1979.56,2007.29944,3769360000.0,merolagani,True
2020-12-29,2016.26611,2031.58,2008.92,2012.894,3885030000.0,merolagani,True
2020-12-30,2023.59875,2064.26,2022.89,2062.0647,4272150000.0,merolagani,True
2020-12-31,2079.37451,2112.93,2073.05,2087.27954,5644250000.0,merolagani,True
2021-01-03,2104.857,2175.96,2104.81,2175.39941,6158510000.0,merolagani,True
2021-01-04,2207.05273,2216.64,2153.11,2169.04175,5827210000.0,merolagani,True
2021-01-05,2167.82,2182.87,2149.05,2165.49878,4438730000.0,merolagani,True
2021-01-06,2170.82666,2185.77,2169.76,2178.5708,4283510000.0,merolagani,True
2021-01-07,2181.271,2205.06,2178.41,2194.48535,5820820000.0,merolagani,True
2021-01-10,2201.38184,2238.85,2201.21,2235.728,6238010000.0,merolagani,True
2021-01-11,2264.27441,2271.34,2228.4,2239.42676,5417250000.0,merolagani,True
2021-01-12,2243.16748,2268.29,2233.28,2267.73755,4911370000.0,merolagani,True
2021-01-13,2279.0437,2296.73,2277.2,2286.546,5771640000.0,merolagani,True
2021-01-17,2299.33643,2318.66,2297.51,2315.00879,6292100000.0,merolagani,True
2021-01-18,2333.878,2340.89,2318.88,2332.31787,6122000000.0,merolagani,True
2021-01-19,2361.99316,2364.77,2303.65,2326.90381,7274330000.0,merolagani,True
2021-01-20,2361.52246,2365.34,2321.87,2342.76978,6017590000.0,merolagani,True
2021-01-21,2372.86279,2376.93,2354.53,2374.64258,7667080000.0,merolagani,True
2021-01-24,2396.74585,2429.69,2396.49,2424.84,9294560000.0,merolagani,True
2021-01-25,2447.01831,2457.75,2408.88,2440.88,8678190000.0,merolagani,True
2021-01-26,2461.42944,2463.58,2419.49,2423.09473,8136990000.0,merolagani,True
2021-01-27,2433.74658,2449.75,2416.26,2441.851,7928810000.0,merolagani,True
2021-01-28,2460.83447,2461.52,2420.6,2425.29761,9688540000.0,merolagani,True
2021-01-31,2425.53223,2426.91,2366.2,2370.54858,8911930000.0,merolagani,True
2021-02-01,2375.692,2413.76,2371.6,2408.24365,6890700000.0,merolagani,True
2021-02-02,2434.4834,2474.01,2429.38,2473.7373,8595400000.0,merolagani,True
2021-02-03,2490.537,2520.37,2457.33,2466.92236,9443070000.0,merolagani,True
2021-02-04,2479.60815,2482.14,2443.04,2475.266,7520610000.0,merolagani,True
2021-02-07,2486.79248,2524.25,2486.79,2524.005,10391200000.0,merolagani,True
2021-02-08,2553.78687,2564.47,2538.41,2561.48,10571600000.0,merolagani,True
2021-02-09,2562.432,2588.4,2523.9,2534.36816,8074630000.0,merolagani,True
2021-02-10,2544.80981,2548.71,2509.89,2543.03125,7621640000.0,merolagani,True
2021-02-11,2552.3396,2565.47,2523.97,2526.92163,8253520000.0,merolagani,True
2021-02-14,2536.4707,2538.54,2481.34,2493.594,6755210000.0,merolagani,True
2021-02-15,2517.45532,2586.02,2517.46,2586.01,10227000000.0,merolagani,True
2021-02-16,2615.36,2631.76,2583.59,2601.51465,9919090000.0,merolagani,True
2021-02-17,2619.80664,2624.44,2594.37,2611.45068,7980270000.0,merolagani,True
2021-02-18,2634.47461,2643.11,2618.85,2636.68066,8646350000.0,merolagani,True
2021-02-21,2667.27344,2673.83,2619.38,2640.34521,8709460000.0,merolagani,True
2021-02-22,2665.863,2676.16,2603.05,2607.67041,8150040000.0,merolagani,True
2021-02-23,2627.337,2632.74,2519.2,2586.514,8509100000.0,merolagani,True
2021-02-24,2600.33,2624.79,2497.73,2599.56,6558179840.0,merolagani,True
2021-02-25,2622.7063,2623.16,2546.72,2554.137,6005900000.0,merolagani,True
2021-02-28,2557.79321,2561.89,2473.16,2474.39331,8295560000.0,merolagani,True
2021-03-01,2488.334,2524.62,2441.71,2515.031,5592640000.0,merolagani,True
2021-03-02,2523.46,2531.15,2436.34,2455.3313,6077780000.0,merolagani,True
2021-03-03,2449.23,2428.88,2391.4,2416.01,6087370240.0,merolagani,False
2021-03-04,2424.90063,2507.09,2422.5,2506.6814,5940060000.0,merolagani,True
2021-03-07,2519.96973,2527.09,2473.08,2485.09985,4945530000.0,merolagani,True
2021-03-09,2494.053,2494.41,2453.38,2461.88281,4633780000.0,merolagani,True
2021-03-10,2476.93042,2479.63,2446.09,2458.485,3987960000.0,merolagani,True
2021-03-14,2466.26929,2469.43,2397.3,2407.25732,4851050000.0,merolagani,True
2021-03-15,2418.51025,2432.95,2379.78,2389.19019,4094420000.0,merolagani,True
2021-03-16,2400.049,2417.47,2369.52,2391.747,3285320000.0,merolagani,True
2021-03-17,2399.213,2432.4,2390.05,2432.14551,3203420000.0,merolagani,True
2021-03-18,2448.72339,2476.61,2441.17,2475.092,4574490000.0,merolagani,True
2021-03-21,2494.4812,2538.47,2492.27,2538.46753,5842800000.0,merolagani,True
2021-03-22,2562.372,2568.36,2509.21,2514.39,5265280000.0,merolagani,True
2021-03-23,2524.43262,2531.46,2495.97,2528.95654,5042550000.0,merolagani,True
2021-03-24,2549.54565,2570.67,2546.05,2570.256,6576350000.0,merolagani,True
2021-03-25,2584.793,2595.88,2543.56,2548.96753,6273430000.0,merolagani,True
2021-03-29,2562.02979,2562.6,2537.67,2543.52148,4345630000.0,merolagani,True
2021-03-30,2545.54,2576.33,2544.96,2575.66919,6038650000.0,merolagani,True
2021-03-31,2596.66187,2619.15,2592.8,2619.0293,6107630000.0,merolagani,True
2021-04-01,2645.49731,2645.5,2615.26,2631.89844,7066400000.0,merolagani,True
2021-04-04,2658.30762,2658.73,2646.05,2657.61255,8553410000.0,merolagani,True
2021-04-05,2679.38672,2682.27,2639.67,2658.745,7083420000.0,merolagani,True
2021-04-06,2678.95972,2678.96,2641.8,2674.46924,7214400000.0,merolagani,True
2021-04-07,2694.54346,2694.98,2667.91,2671.616,7067280000.0,merolagani,True
2021-04-08,2690.28,2690.28,2672.24,2674.358,6341230000.0,merolagani,True
2021-04-12,2680.27759,2694.38,2671.74,2691.558,7388400000.0,merolagani,True
2021-04-13,2698.07471,2715.53,2688.18,2714.791,7012150000.0,merolagani,True
2021-04-15,2735.40112,2755.3,2731.82,2735.462,8504350000.0,merolagani,True
2021-04-18,2759.90161,2760.02,2696.3,2699.51074,8723750000.0,merolagani,True
2021-04-19,2715.83,2716.18,2656.63,2661.93,6766801408.0,merolagani,True
2021-04-20,2673.24121,2684.77,2645.56,2664.6167,5411400000.0,merolagani,True
2021-04-21,2674.82349,2675.41,2624.7,2632.208,5664460000.0,merolagani,True
2021-04-22,2647.113,2651.53,2609.02,2648.00781,5824230000.0,merolagani,True
2021-04-25,2664.696,2665.56,2563.78,2572.222,7176520000.0,merolagani,True
2021-04-26,2571.497,2579.41,2500.74,2506.61938,6427270000.0,merolagani,True
2021-04-27,2506.52026,2599.37,2504.23,2599.07568,5038980000.0,merolagani,True
2021-04-28,2608.95776,2622.66,2563.94,2585.282,3937270000.0,merolagani,True
2021-04-29,2601.2124,2612.29,2582.35,2611.1062,4238400000.0,merolagani,True
2021-05-02,2627.81958,2665.11,2610.81,2665.1084,7284930000.0,merolagani,True
2021-05-03,2676.45947,2694.0,2645.61,2652.759,7422710000.0,merolagani,True
2021-05-04,2652.27417,2663.64,2640.44,2654.6936,5942780000.0,merolagani,True
2021-05-05,2675.95386,2676.57,2648.52,2649.6,5871850000.0,merolagani,True
2021-05-06,2657.201,2659.09,2626.08,2637.13477,6632180000.0,merolagani,True
2021-05-09,2652.58081,2652.6,2613.32,2618.56616,6041810000.0,merolagani,True
2021-05-10,2613.17822,2647.07,2607.78,2645.848,4059650000.0,merolagani,True
2021-05-11,2647.48047,2680.91,2645.77,2673.319,5632930000.0,merolagani,True
2021-05-12,2685.40918,2688.75,2664.04,2673.88354,5177340000.0,merolagani,True
2021-05-13,2701.91724,2702.74,2679.03,2684.01318,6696390000.0,merolagani,True
2021-05-16,2693.90747,2738.59,2693.91,2738.2998,10275500000.0,merolagani,True
2021-05-17,2748.83154,2771.22,2747.82,2759.215,9457700000.0,merolagani,True
2021-05-18,2784.6,2794.96,2766.71,2793.89868,11158100000.0,merolagani,True
2021-05-19,2816.2627,2822.23,2769.2,2780.81152,11792900000.0,merolagani,True
2021-05-20,2807.52661,2807.53,2775.89,2787.186,8894530000.0,merolagani,True
2021-05-23,2768.868,2820.6,2737.43,2820.00049,11260200000.0,merolagani,True
2021-05-24,2840.214,2850.73,2807.33,2823.06641,12927600000.0,merolagani,True
2021-05-25,2821.96851,2836.24,2803.72,2816.56836,10847000000.0,merolagani,True
2021-05-27,2784.58862,2836.06,2760.86,2815.39819,14424300000.0,merolagani,True
2021-05-30,2836.114,2854.8,2814.72,2827.93457,16627300000.0,merolagani,True
2021-05-31,2842.282,2851.18,2781.0,2782.685,13034100000.0,merolagani,True
2021-06-01,2790.71655,2800.22,2751.11,2771.15,8483640000.0,merolagani,True
2021-06-02,2793.21631,2827.29,2770.83,2827.12769,11106800000.0,merolagani,True
2021-06-03,2833.84082,2876.11,2833.63,2856.67627,16448600000.0,merolagani,True
2021-06-06,2884.07,2920.21,2880.47,2906.89,17271787520.0,merolagani,True
2021-06-07,2928.09082,2933.54,2892.23,2906.70117,15357400000.0,merolagani,True
2021-06-08,2931.17749,2960.29,2925.49,2960.145,16298300000.0,merolagani,True
2021-06-09,2995.085,3005.9,2933.62,2946.58032,16843100000.0,merolagani,True
2021-06-10,2968.09326,2971.89,2925.74,2944.782,16023700000.0,merolagani,True
2021-06-13,2965.76538,2984.24,2957.13,2983.106,19423500000.0,merolagani,True
2021-06-14,3009.46,3051.02,3009.15,3025.83,18753665024.0,merolagani,True
2021-06-15,3061.809,3064.07,3012.95,3022.105,16403800000.0,merolagani,True
2021-06-16,2989.54614,3031.73,2943.3,2969.69775,15409700000.0,merolagani,True
2021-06-17,2982.97119,2990.01,2944.89,2968.4314,10744000000.0,merolagani,True
2021-06-20,2975.254,2980.27,2880.57,2905.14746,11597400000.0,merolagani,True
2021-06-21,2924.07227,2924.48,2828.62,2834.40576,11517000000.0,merolagani,True
2021-06-22,2844.70117,2914.43,2824.04,2913.84937,10139700000.0,merolagani,True
2021-06-23,2939.05,2940.03,2856.84,2862.19,8362671616.0,merolagani,True
2021-06-24,2871.65918,2873.76,2833.06,2843.00415,6960570000.0,merolagani,True
2021-06-27,2856.05151,2883.02,2834.42,2870.38452,7023380000.0,merolagani,True
2021-06-28,2898.42334,2901.99,2861.55,2875.49683,7598210000.0,merolagani,True
2021-06-29,2880.3374,2890.16,2823.21,2828.00928,6645810000.0,merolagani,True
2021-06-30,2835.67,2844.19,2782.01,2823.88,5724480000.0,merolagani,True
2021-07-01,2833.55713,2867.25,2831.11,2843.00049,6275900000.0,merolagani,True
2021-07-04,2852.23657,2857.83,2831.95,2834.516,4977510000.0,merolagani,True
2021-07-05,2845.50513,2847.43,2814.33,2822.735,4479470000.0,merolagani,True
2021-07-06,2829.97949,2835.31,2812.96,2818.108,4120150000.0,merolagani,True
2021-07-07,2815.49219,2826.41,2793.9,2801.13379,4438920000.0,merolagani,True
2021-07-08,2815.288,2832.73,2793.23,2824.89746,4677970000.0,merolagani,True
2021-07-11,2845.43433,2900.18,2845.15,2899.821,7667290000.0,merolagani,True
2021-07-12,2915.58081,2930.41,2842.3,2854.76563,9308090000.0,merolagani,True
2021-07-13,2867.16,2884.75,2846.78,2871.037,5406610000.0,merolagani,True
2021-07-14,2882.06787,2883.25,2857.63,2872.05151,5029830000.0,merolagani,True
2021-07-15,2885.40137,2890.34,2876.85,2883.38379,7187900000.0,merolagani,True
2021-07-18,2892.47339,2980.61,2892.31,2980.6145,11453800000.0,merolagani,True
2021-07-19,3003.47168,3032.84,2981.92,2994.58179,11116300000.0,merolagani,True
2021-07-20,3005.43262,3005.73,2974.66,2985.57349,7532120000.0,merolagani,True
2021-07-22,2990.9043,3018.76,2987.29,3004.31885,10413600000.0,merolagani,True
2021-07-25,3017.562,3058.85,3017.51,3058.64,13818800000.0,merolagani,True
2021-07-26,3072.92529,3076.13,3041.81,3050.428,13831400000.0,merolagani,True
2021-07-27,3030.50732,3086.53,2999.2,3079.671,14806300000.0,merolagani,True
2021-07-28,3088.45142,3113.59,3075.93,3094.94849,13090700000.0,merolagani,True
2021-07-29,3103.53174,3107.91,3076.39,3079.83472,10718900000.0,merolagani,True
2021-08-01,3088.446,3099.13,3075.54,3081.05737,11788800000.0,merolagani,True
2021-08-02,3087.912,3101.3,3079.04,3085.074,10858500000.0,merolagani,True
2021-08-03,3094.24,3111.09,3092.61,3111.09,11529218048.0,merolagani,True
2021-08-04,3126.98633,3140.38,3120.78,3123.14673,15451400000.0,merolagani,True
2021-08-05,3130.54053,3138.61,3101.79,3107.45361,14135400000.0,merolagani,True
2021-08-08,3117.027,3121.43,3099.07,3108.128,14180900000.0,merolagani,True
2021-08-09,3113.95386,3122.56,3098.6,3109.666,14006900000.0,merolagani,True
2021-08-10,3120.2998,3164.61,3114.06,3161.44531,17706900000.0,merolagani,True
2021-08-11,3172.53833,3198.26,3158.17,3162.5957,15368100000.0,merolagani,True
2021-08-12,3172.74585,3189.66,3166.68,3179.003,17318000000.0,merolagani,True
2021-08-15,3170.65356,3187.48,3104.86,3154.03345,21534200000.0,merolagani,True
2021-08-16,3165.09155,3171.2,3136.47,3160.05566,15748200000.0,merolagani,True
2021-08-17,3165.68579,3177.14,3154.76,3160.31836,18085700000.0,merolagani,True
2021-08-18,3172.29517,3220.86,3153.42,3198.60229,21168100000.0,merolagani,True
2021-08-19,3208.53076,3227.11,3178.25,3180.78931,20406900000.0,merolagani,True
2021-08-24,3186.46777,3188.57,3121.68,3124.87,16056700000.0,merolagani,True
2021-08-25,3126.01563,3126.02,3068.04,3076.44971,12024000000.0,merolagani,True
2021-08-26,3085.04248,3108.06,3069.72,3094.05151,13310600000.0,merolagani,True
2021-08-29,3105.745,3116.82,3038.78,3044.86768,15577300000.0,merolagani,True
2021-08-31,3047.26172,3047.59,2969.75,2975.842,13161900000.0,merolagani,True
2021-09-01,2977.289,3019.69,2961.0,2976.98486,9227410000.0,merolagani,True
2021-09-02,2976.17944,2994.35,2915.98,2926.89185,9361710000.0,merolagani,True
2021-09-05,2928.80347,2929.32,2779.03,2818.72729,11142700000.0,merolagani,True
2021-09-06,2816.93,2981.27,2804.53,2980.79,9748289536.0,merolagani,True
2021-09-07,2999.61768,3004.23,2912.99,2936.6084,7429180000.0,merolagani,True
2021-09-08,2940.91,2940.91,2873.64,2876.59253,6531250000.0,merolagani,True
2021-09-09,2880.5498,2912.38,2865.96,2875.97632,6784410000.0,merolagani,True
2021-09-12,2887.504,2947.5,2887.47,2947.42236,9338880000.0,merolagani,True
2021-09-13,2962.81421,2984.31,2939.79,2947.69531,9207980000.0,merolagani,True
2021-09-14,2950.367,2964.54,2915.62,2929.289,5134810000.0,merolagani,True
2021-09-15,2933.232,2936.89,2881.53,2889.03369,5275900000.0,merolagani,True
2021-09-16,2889.21,2889.21,2795.24,2812.39,9033901056.0,merolagani,True
2021-09-20,2817.98047,2821.13,2696.81,2698.24585,8320740000.0,merolagani,True
2021-09-21,2693.42114,2766.45,2613.87,2712.07275,7285830000.0,merolagani,True
2021-09-22,2719.91187,2819.03,2719.89,2816.95435,6133240000.0,merolagani,True
2021-09-23,2833.52124,2883.13,2804.16,2819.65869,7622520000.0,merolagani,True
2021-09-26,2836.36328,2846.29,2756.33,2758.48022,6089500000.0,merolagani,True
2021-09-27,2762.60449,2769.79,2678.14,2685.41553,5072950000.0,merolagani,True
2021-09-28,2683.60278,2695.35,2602.19,2615.40454,5698910000.0,merolagani,True
2021-09-29,2616.78369,2666.19,2578.76,2665.93872,4962220000.0,merolagani,True
2021-09-30,2667.45044,2687.59,2629.95,2633.424,3572780000.0,merolagani,True
2021-10-03,2637.35913,2640.84,2572.96,2577.49585,3852610000.0,merolagani,True
2021-10-04,2577.361,2596.67,2542.09,2570.81152,3510780000.0,merolagani,True
2021-10-05,2569.78662,2620.32,2569.78,2612.65381,2797470000.0,merolagani,True
2021-10-06,2614.74146,2681.39,2614.52,2681.1084,4423410000.0,merolagani,True
2021-10-10,2687.1897,2720.36,2654.35,2662.581,4450800000.0,merolagani,True
2021-10-11,2667.591,2670.34,2616.4,2639.375,3477860000.0,merolagani,True
2021-10-17,2644.41919,2666.56,2625.05,2656.96631,1407050000.0,merolagani,True
2021-10-18,2656.03564,2656.04,2582.26,2587.45215,2900880000.0,merolagani,True
2021-10-19,2588.24316,2588.37,2481.85,2510.7334,3606490000.0,merolagani,True
2021-10-20,2522.203,2590.89,2522.0,2571.66016,2653270000.0,merolagani,True
2021-10-21,2573.04834,2585.79,2542.65,2556.95581,2608610000.0,merolagani,True
2021-10-24,2557.0022,2587.85,2545.5,2584.527,2740670000.0,merolagani,True
2021-10-25,2588.75317,2672.25,2588.24,2672.25146,4250720000.0,merolagani,True
2021-10-26,2678.858,2751.41,2678.01,2751.07373,6240850000.0,merolagani,True
2021-10-27,2753.39673,2806.71,2716.99,2769.131,6516740000.0,merolagani,True
2021-10-28,2768.88062,2783.77,2746.23,2782.1665,5364960000.0,merolagani,True
2021-10-31,2785.946,2838.09,2775.54,2837.61523,7765960000.0,merolagani,True
2021-11-01,2852.3186,2866.44,2804.31,2819.867,7690020000.0,merolagani,True
2021-11-02,2824.826,2845.89,2789.2,2843.622,5985940000.0,merolagani,True
2021-11-03,2858.74316,2878.2,2837.59,2848.84473,6510540000.0,merolagani,True
2021-11-08,2854.377,2863.8,2821.64,2829.64624,4398550000.0,merolagani,True
2021-11-09,2831.003,2833.05,2730.21,2749.85962,6507040000.0,merolagani,True
2021-11-11,2750.02881,2750.28,2687.68,2690.291,5092410000.0,merolagani,True
2021-11-14,2694.05029,2704.47,2667.34,2688.91528,4067810000.0,merolagani,True
2021-11-15,2709.389,2728.91,2685.67,2715.35229,4680980000.0,merolagani,True
2021-11-16,2720.59,2784.63,2716.0,2784.577,5484340000.0,merolagani,True
2021-11-17,2795.19,2825.89,2795.19,2801.52,7379446784.0,merolagani,True
2021-11-18,2806.1333,2810.64,2760.2,2769.13257,6217980000.0,merolagani,True
2021-11-21,2771.759,2780.04,2749.83,2757.53467,4244250000.0,merolagani,True
2021-11-22,2758.99,2778.28,2758.64,2765.4353,3885240000.0,merolagani,True
2021-11-23,2765.67944,2765.68,2719.99,2733.14429,4103560000.0,merolagani,True
2021-11-24,2737.09448,2743.22,2694.06,2735.008,4189410000.0,merolagani,True
2021-11-25,2736.846,2746.55,2720.84,2731.785,3688880000.0,merolagani,True
2021-11-28,2730.312,2733.35,2644.6,2651.49365,5686090000.0,merolagani,True
2021-11-29,2650.53564,2677.87,2621.8,2630.01343,3925090000.0,merolagani,True
2021-11-30,2630.31567,2648.04,2603.9,2628.37476,3038430000.0,merolagani,True
2021-12-01,2628.68579,2649.99,2628.48,2633.65771,2723300000.0,merolagani,True
2021-12-02,2633.637,2645.57,2580.6,2584.61353,3364950000.0,merolagani,True
2021-12-05,2586.82715,2587.57,2504.69,2513.87134,4046370000.0,merolagani,True
2021-12-06,2508.963,2549.5,2438.86,2546.08936,4494200000.0,merolagani,True
2021-12-07,2549.36157,2590.76,2505.86,2508.9082,3052430000.0,merolagani,True
2021-12-08,2508.286,2511.69,2448.78,2455.817,2638080000.0,merolagani,True
2021-12-09,2454.41626,2465.08,2428.34,2449.97314,2601170000.0,merolagani,True
2021-12-12,2445.12256,2455.72,2359.95,2361.27173,3096860000.0,merolagani,True
2021-12-13,2351.93066,2351.93,2259.52,2281.671,3910190000.0,merolagani,True
2021-12-14,2283.67261,2418.85,2283.67,2418.849,1782700000.0,merolagani,True
2021-12-15,2433.20044,2493.08,2379.1,2414.6228,4471210000.0,merolagani,True
2021-12-16,2415.77417,2418.87,2371.74,2376.74854,2236360000.0,merolagani,True
2021-12-20,2390.80884,2390.81,2346.6,2358.81934,2414890000.0,merolagani,True
2021-12-21,2360.32861,2415.55859,2360.32861,2415.55,2360743576.0,merolagani,True
2021-12-22,2425.05,2509.27441,2424.38477,2507.7,4490302127.1,merolagani,True
2021-12-23,2522.51,2542.2915,2485.38745,2520.23,4449561993.15,merolagani,True
2021-12-26,2531.42,2596.42651,2531.15454,2591.42,5112122161.3,merolagani,True
2021-12-27,2600.21,2616.27686,2518.16064,2521.65,5526688994.45,merolagani,True
2021-12-28,2523.86,2533.63354,2486.052,2518.99,3104067054.9,merolagani,True
2021-12-29,2520.55,2538.78247,2512.41846,2524.5,3569257349.9,merolagani,True
2022-01-02,2547.38,2585.01367,2528.752,2584.91,4027800696.6,merolagani,True
2022-01-03,2595.22,2634.86719,2593.92383,2616.94,4467686171.3,merolagani,True
2022-01-04,2619.22,2679.95435,2593.91,2679.95,4236921300.9,merolagani,True
2022-01-05,2687.75,2700.297,2640.974,2649.2,4522576641.3,merolagani,True
2022-01-06,2647.75,2692.7688,2633.31665,2692.47,3602155292.1,merolagani,True
2022-01-09,2699.87,2770.55469,2699.875,2765.47,7013992687.7,merolagani,True
2022-01-10,2772.09,2806.74414,2755.79248,2784.95,7043815271.2,merolagani,True
2022-01-11,2792.63,2848.2688,2771.152,2834.13,6663622306.5,merolagani,True
2022-01-12,2839.87,2874.89819,2796.61157,2803.62,7948044119.3,merolagani,True
2022-01-13,2808.79,2858.206,2802.49048,2857.75,6644757682.8,merolagani,True
2022-01-16,2873.42,2940.13,2873.42,2926.74,9609698304.0,merolagani,True
2022-01-17,2944.92,2956.10718,2907.19287,2947.38,7869232520.9,merolagani,True
2022-01-18,2953.1,2981.9187,2915.5647,2936.66,8359970527.9,merolagani,True
2022-01-19,2945.62,2952.573,2889.18579,2898.31,5878960626.2,merolagani,True
2022-01-20,2901.51,2936.58057,2884.00049,2931.26,5658809299.6,merolagani,True
2022-01-23,2942.97,2962.44019,2906.19922,2920.51,6881677739.1,merolagani,True
2022-01-24,2926.11,2926.21851,2803.72021,2820.41,8845404050.8,merolagani,True
2022-01-25,2827.75,2857.91968,2781.014,2815.06,5368568954.3,merolagani,True
2022-01-26,2817.16,2819.74219,2760.88428,2776.65,4280366965.9,merolagani,True
2022-01-27,2778.89,2804.07,2776.74,2779.98,3321842432.0,merolagani,True
2022-01-30,2805.01,2885.62915,2805.013,2885.53,6125388624.0,merolagani,True
2022-01-31,2895.77,2909.13135,2860.70142,2872.05,5105893700.4,merolagani,True
2022-02-01,2875.73,2897.1897,2855.95776,2891.33,6557387866.0,merolagani,True
2022-02-03,2898.61,2925.052,2870.65,2876.74,8570209145.5,merolagani,True
2022-02-06,2877.04,2877.04028,2829.101,2836.17,5802960080.8,merolagani,True
2022-02-07,2834.26,2853.78223,2822.52661,2851.88,4974439955.5,merolagani,True
2022-02-08,2877.57,2921.35669,2825.96851,2835.58,6256696572.8,merolagani,True
2022-02-09,2837.32,2837.35425,2799.969,2813.47,3453440164.7,merolagani,True
2022-02-10,2813.33,2825.34619,2790.90356,2801.56,3783584520.43,merolagani,True
2022-02-13,2783.88,2784.19458,2696.65186,2700.89,5948523866.75,merolagani,True
2022-02-14,2697.37,2729.26855,2694.31226,2700.98,3650768649.5,merolagani,True
2022-02-15,2703.34,2754.50513,2703.27661,2754.28,3150915810.1,merolagani,True
2022-02-16,2759.36,2772.11743,2725.16626,2734.44,3010173550.0,merolagani,True
2022-02-17,2735.32,2745.379,2723.173,2732.51,2264386964.9,merolagani,True
2022-02-20,2713.51,2715.82617,2669.32764,2693.1,4058763352.7,merolagani,True
2022-02-21,2695.25,2719.072,2693.83813,2718.51,2992115103.9,merolagani,True
2022-02-22,2719.88,2750.30859,2719.88672,2735.93,3200216678.0,merolagani,True
2022-02-23,2732.47,2747.56445,2715.91187,2720.43,3118186356.1,merolagani,True
2022-02-24,2715.44,2715.82959,2654.3772,2661.44,4275644723.0,merolagani,True
2022-02-27,2660.38,2680.3916,2638.013,2653.7,3244559563.0,merolagani,True
2022-02-28,2662.26,2683.75269,2606.621,2610.58,3641435524.6,merolagani,True
2022-03-02,2612.5,2612.50562,2542.10718,2547.04,3575608724.2,merolagani,True
2022-03-06,2542.56,2568.62061,2527.97241,2543.39,2473809037.7,merolagani,True
2022-03-07,2542.65,2566.63818,2538.288,2544.93,2573184624.9,merolagani,True
2022-03-09,2542.41,2557.558,2504.37451,2514.58,2343261623.4,merolagani,True
2022-03-10,2512.04,2566.7998,2498.4585,2566.9,2780216427.2,merolagani,True
2022-03-13,2575.26,2667.97437,2575.2168,2667.97,4851266346.3,merolagani,True
2022-03-14,2677.96,2683.411,2650.236,2668.11,1339004050.6,merolagani,True
2022-03-15,2673.55,2677.36182,2637.16,2650.97,3338956952.2,merolagani,True
2022-03-16,2653.57,2661.287,2625.962,2631.32,2541110543.6,merolagani,True
2022-03-20,2634.1,2644.46582,2607.7478,2616.58,2220488158.2,merolagani,True
2022-03-21,2620.13,2634.623,2600.92554,2634.57,2531573040.6,merolagani,True
2022-03-22,2634.41,2658.058,2634.41577,2650.7,2332834489.4,merolagani,True
2022-03-23,2651.4,2654.48828,2622.69653,2630.36,2037726169.2,merolagani,True
2022-03-24,2630.93,2639.01147,2611.18018,2613.67,3147548152.9,merolagani,True
2022-03-27,2623.2,2642.32837,2567.75781,2572.23,4784615118.3,merolagani,True
2022-03-28,2574.12,2580.33276,2537.8772,2541.83,2520805592.96,merolagani,True
2022-03-29,2542.64,2562.40356,2519.89917,2527.58,1738134683.5,merolagani,True
2022-03-30,2527.77,2568.25635,2515.80225,2568.25,2120763843.26,merolagani,True
2022-03-31,2568.75,2584.5437,2538.13428,2544.3,1877813668.5,merolagani,True
2022-04-03,2544.47,2547.04834,2509.76147,2513.41,1444084517.0,merolagani,True
2022-04-04,2517.41,2525.54248,2495.84839,2497.47,1572807570.2,merolagani,True
2022-04-05,2507.76,2507.767,2434.27148,2452.06,2634142290.56,merolagani,True
2022-04-06,2451.8,2458.35327,2416.38062,2428.75,1979122495.09,merolagani,True
2022-04-07,2427.96,2476.37085,2427.712,2464.31,2083390925.8,merolagani,True
2022-04-11,2471.81,2510.133,2415.90576,2419.71,2243746636.3,merolagani,True
2022-04-12,2424.7,2428.80225,2379.481,2385.02,1513166154.9,merolagani,True
2022-04-13,2385.23,2415.35742,2366.94263,2415.24,1454097117.5,merolagani,True
2022-04-17,2422.34,2437.68,2379.53687,2385.64,1370277094.2,merolagani,True
2022-04-18,2386.66,2387.51172,2341.92871,2343.87,1509120687.52,merolagani,True
2022-04-19,2347.2,2372.32031,2314.42334,2357.24,1282772913.4,merolagani,True
2022-04-20,2364.46,2367.25684,2316.69678,2320.51,1417062425.0,merolagani,True
2022-04-21,2327.08,2333.93872,2286.60156,2325.45,1592267862.1,merolagani,True
2022-04-24,2331.51,2430.28271,2331.5144,2420.91,2195885680.8,merolagani,True
2022-04-25,2423.74,2444.55029,2381.93042,2386.01,2003053904.0,merolagani,True
2022-04-26,2386.03,2402.23877,2358.763,2370.99,1031057934.7,merolagani,True
2022-04-27,2373.1,2376.63062,2348.5752,2376.17,1079962957.9,merolagani,True
2022-04-28,2380.16,2390.27979,2351.484,2356.2,1462957918.2,merolagani,True
2022-05-02,2358.23,2359.40259,2303.26514,2307.44,1410305321.99,merolagani,True
2022-05-04,2310.51,2312.07422,2269.7373,2275.68,1211930567.4,merolagani,True
2022-05-05,2275.42,2275.42676,2225.792,2238.62,1602345056.0,merolagani,True
2022-05-08,2238.8,2256.64844,2204.373,2256.57,1260287786.7,merolagani,True
2022-05-09,2263.06,2289.84448,2255.45264,2268.84,1386367809.5,merolagani,True
2022-05-10,2269.35,2314.63647,2268.76123,2313.0,1336306963.1,merolagani,True
2022-05-11,2313.28,2369.17578,2313.28247,2369.06,2135786611.1,merolagani,True
2022-05-12,2373.37,2389.0708,2343.33252,2350.42,2269751480.0,merolagani,True
2022-05-17,2350.42,2350.42676,2263.30518,2265.52,1638495039.0,merolagani,True
2022-05-18,2262.99,2281.96362,2237.98022,2274.42,1316984683.1,merolagani,True
2022-05-19,2274.79,2282.88086,2247.60352,2250.91,1116457065.3,merolagani,True
2022-05-20,2251.49,2258.511,2231.33887,2235.09,887669044.4,merolagani,True
2022-05-23,2241.26,2249.6272,2191.03516,2200.88,1344171312.3,merolagani,True
2022-05-24,2203.13,2227.871,2190.52856,2217.19,1025852947.1,merolagani,True
2022-05-25,2223.46,2243.57178,2222.0127,2231.57,1035323887.7,merolagani,True
2022-05-26,2240.6,2245.427,2222.89453,2239.6,884195501.6,merolagani,True
2022-05-27,2242.46,2250.69531,2214.649,2223.78,1111254233.0,merolagani,True
2022-05-30,2227.43,2233.54,2173.44,2173.44,1307503232.0,merolagani,True
2022-05-31,2172.01,2172.0166,2126.39551,2137.92,1301144440.9,merolagani,True
2022-06-01,2138.06,2154.587,2119.419,2130.71,1062684239.2,merolagani,True
2022-06-02,2130.34,2142.656,2107.77612,2112.47,1112231643.8,merolagani,True
2022-06-03,2113.13,2117.40332,2071.938,2078.7,1287286053.7,merolagani,True
2022-06-06,2079.59,2093.95264,2054.131,2065.78,1252688467.42,merolagani,True
2022-06-07,2065.19,2065.19214,2016.78308,2020.23,1265069520.9,merolagani,True
2022-06-08,2019.53,2096.18262,2017.25208,2080.44,1560887565.1,merolagani,True
2022-06-09,2082.44,2115.608,2058.28857,2062.86,1453363271.23,merolagani,True
2022-06-10,2067.76,2070.01782,2036.55847,2048.16,870804423.3,merolagani,True
2022-06-13,2049.3,2052.47632,2027.05115,2032.34,991352155.2,merolagani,True
2022-06-14,2032.52,2034.8103,1990.328,1996.26,1157843649.4,merolagani,True
2022-06-15,1999.04,1999.08545,1945.42163,1966.37,1466756845.7,merolagani,True
2022-06-16,1966.89,1993.9552,1950.76868,1978.94,1151758357.32,merolagani,True
2022-06-17,1981.21,1991.58972,1966.85254,1971.38,719058774.8,merolagani,True
2022-06-19,1971.83,1974.22925,1928.19116,1934.11,1123672066.6,merolagani,True
2022-06-20,1934.03,1934.64807,1879.69275,1884.81,1615766202.0,merolagani,True
2022-06-21,1884.24,1931.91284,1877.80212,1922.3,1203020697.0,merolagani,True
2022-06-22,1925.46,1926.99414,1889.70654,1893.53,806521779.2,merolagani,True
2022-06-23,1889.4,1889.404,1835.88708,1848.28,1455619883.96,merolagani,True
2022-06-24,1848.37,1879.45557,1806.95166,1862.06,1129422348.3,merolagani,True
2022-06-26,1863.46,1957.09937,1863.43665,1956.98,2181093879.1,merolagani,True
2022-06-27,1972.41,1987.59326,1931.17419,1933.13,2009101390.1,merolagani,True
2022-06-28,1935.53,1936.0199,1908.74146,1921.31,1042199304.69,merolagani,True
2022-06-29,1924.91,1963.77991,1915.19946,1962.71,1382817855.0,merolagani,True
2022-06-30,1966.85,2037.64246,1966.85718,2037.64,2431237102.5,merolagani,True
2022-07-01,2041.94,2053.99,2015.57,2028.77,1454729984.0,merolagani,True
2022-07-03,2028.79,2086.39,2020.96,2086.38,2424895744.0,merolagani,True
2022-07-04,2095.62,2148.618,2059.0,2076.67,4287146704.1,merolagani,True
2022-07-05,2078.62,2091.88867,2025.5708,2030.59,2581653327.8,merolagani,True
2022-07-06,2036.46,2047.37476,1994.549,2043.92,2162336306.8,merolagani,True
2022-07-07,2051.49,2080.96387,2023.01709,2027.32,1730171735.3,merolagani,True
2022-07-08,2031.87,2033.40991,1988.43286,1992.62,1163028606.65,merolagani,True
2022-07-11,1993.33,1993.55432,1912.493,1915.61,2307844469.5,merolagani,True
2022-07-12,1916.41,1947.54407,1908.59253,1927.28,1693766473.2,merolagani,True
2022-07-13,1928.5,1986.82581,1928.50134,1986.82,2003752875.0,merolagani,True
2022-07-14,1987.32,2012.169,1977.14343,2001.53,2308747867.6,merolagani,True
2022-07-15,2002.95,2009.89575,1989.19043,2009.46,1370454679.7,merolagani,True
2022-07-17,2010.92,2018.973,1994.751,2011.39,1212050237.5,merolagani,True
2022-07-18,2011.71,2029.46851,2000.14575,2029.43,1306995026.2,merolagani,True
2022-07-19,2029.71,2062.36133,2028.17676,2045.69,2288515008.2,merolagani,True
2022-07-20,2046.2,2061.566,2033.2832,2050.59,1719338296.0,merolagani,True
2022-07-21,2052.95,2066.07251,2038.33618,2044.72,1633075145.8,merolagani,True
2022-07-22,2046.62,2047.29736,2013.46765,2017.46,1440218082.85,merolagani,True
2022-07-24,2027.8,2078.514,2027.66626,2078.51,2709069273.1,merolagani,True
2022-07-25,2081.98,2134.62476,2081.65918,2132.96,4074679883.3,merolagani,True
2022-07-26,2134.14,2141.62,2085.83,2088.16,3670647296.0,merolagani,True
2022-07-27,2089.01,2112.11621,2065.96851,2111.99,3152334943.2,merolagani,True
2022-07-28,2113.35,2156.39038,2105.70166,2127.47,4927072094.3,merolagani,True
2022-07-29,2127.12,2147.638,2117.31128,2140.52,2180339895.7,merolagani,True
2022-07-31,2142.3,2195.35718,2142.30957,2195.1,4510368145.7,merolagani,True
2022-08-01,2205.76,2224.48682,2183.22314,2196.25,4653145473.5,merolagani,True
2022-08-02,2198.05,2202.886,2170.25757,2193.48,3274004974.6,merolagani,True
2022-08-03,2196.13,2214.05273,2183.09033,2186.76,4023035600.3,merolagani,True
2022-08-04,2191.48,2193.356,2147.706,2148.16,3742498517.7,merolagani,True
2022-08-05,2150.47,2150.581,2108.3457,2113.55,2596076940.2,merolagani,True
2022-08-07,2109.41,2133.62769,2107.49219,2123.82,2552577514.8,merolagani,True
2022-08-08,2128.18,2140.26465,2102.25977,2106.15,2785780589.0,merolagani,True
2022-08-09,2109.78,2112.717,2060.311,2060.73,2746338687.9,merolagani,True
2022-08-10,2064.38,2074.92554,2042.622,2057.68,1907417055.6,merolagani,True
2022-08-11,2059.83,2074.73828,2036.80933,2037.92,1729854376.08,merolagani,True
2022-08-14,2035.32,2043.03979,2007.68933,2010.01,1772359439.6,merolagani,True
2022-08-15,2007.19,2065.90161,2004.07043,2065.89,2420163272.0,merolagani,True
2022-08-16,2069.37,2088.23657,2035.47986,2041.06,2701947611.1,merolagani,True
2022-08-17,2043.61,2053.092,2035.38672,2040.7,1399573034.3,merolagani,True
2022-08-18,2041.71,2072.378,2041.713,2068.26,2053555109.5,merolagani,True
2022-08-21,2070.05,2089.257,2055.781,2060.55,2028811094.1,merolagani,True
2022-08-22,2061.02,2065.81226,2043.72852,2053.16,1713900509.4,merolagani,True
2022-08-23,2053.35,2060.2124,2048.802,2054.95,1283340296.69,merolagani,True
2022-08-24,2054.99,2073.54419,2052.13062,2057.85,1510741473.0,merolagani,True
2022-08-25,2058.01,2068.558,2035.6936,2039.54,1692531190.6,merolagani,True
2022-08-26,2040.46,2040.46606,2018.1853,2022.62,1262840627.54,merolagani,True
2022-08-28,2022.31,2022.76,1987.04272,1989.26,2036964375.9,merolagani,True
2022-08-29,1989.36,1995.78064,1975.07385,1993.02,1260702186.8,merolagani,True
2022-08-30,1993.47,2012.18,1987.39,1995.34,1000068800.0,merolagani,True
2022-08-31,1993.37,1996.89111,1968.41162,1973.38,1081936353.6,merolagani,True
2022-09-01,1972.97,1982.35,1953.58,1972.29,1183727488.0,merolagani,True
2022-09-02,1970.77,1984.88806,1964.80176,1970.62,691349206.5,merolagani,True
2022-09-04,1971.85,1988.38416,1969.489,1977.3,1039140043.0,merolagani,True
2022-09-05,1978.3,1987.57,1970.68,1973.01,890048896.0,merolagani,True
2022-09-06,1974.13,1978.00635,1947.21655,1951.79,1176833483.0,merolagani,True
2022-09-07,1951.21,1955.97876,1933.29785,1939.88,812362042.6,merolagani,True
2022-09-08,1940.19,1947.91919,1925.227,1937.74,1033883213.0,merolagani,True
2022-09-11,1938.2,1946.422,1922.00684,1926.28,733620752.6,merolagani,True
2022-09-12,1926.45,1928.71765,1906.756,1912.74,812201878.2,merolagani,True
2022-09-13,1913.41,1940.85,1913.2,1934.04,901282554.5,merolagani,True
2022-09-14,1936.37,1984.13,1936.34,1981.48,1435291776.0,merolagani,True
2022-09-15,1983.26,1989.85,1920.39,1924.48,2086511872.0,merolagani,True
2022-09-16,1921.05,1921.0509,1886.72314,1910.38,884152151.9,merolagani,True
2022-09-18,1910.2,1911.57043,1874.14868,1876.41,1376223499.0,merolagani,True
2022-09-20,1875.41,1877.65454,1833.55225,1837.6,1205545405.42,merolagani,True
2022-09-21,1838.4,1862.48315,1838.14209,1848.8,709326556.2,merolagani,True
2022-09-22,1846.96,1856.02625,1836.17737,1838.96,625278476.6,merolagani,True
2022-09-25,1837.99,1838.67944,1811.32373,1815.13,1062989839.6,merolagani,True
2022-09-27,1814.71,1842.05847,1814.68066,1831.05,640794651.4,merolagani,True
2022-09-28,1831.23,1845.69141,1831.23535,1837.46,418667956.7,merolagani,True
2022-09-29,1836.84,1853.80615,1835.95764,1853.76,572340753.1,merolagani,True
2022-10-09,1854.57,1898.45,1854.52,1898.38,603481664.0,merolagani,True
2022-10-10,1901.24,1908.58667,1866.839,1871.22,728878912.5,merolagani,True
2022-10-11,1871.28,1871.28467,1849.80994,1855.16,545469465.35,merolagani,True
2022-10-12,1854.57,1872.86682,1848.13379,1866.48,664396671.7,merolagani,True
2022-10-13,1866.54,1878.16846,1860.85144,1870.63,792617818.5,merolagani,True
2022-10-16,1871.09,1872.52771,1852.74182,1860.94,779052238.2,merolagani,True
2022-10-17,1861.55,1864.74927,1854.24182,1858.33,509578910.7,merolagani,True
2022-10-19,1858.02,1861.93945,1840.50977,1845.51,635497425.4,merolagani,True
2022-10-20,1845.38,1849.868,1834.31641,1844.14,500128436.3,merolagani,True
2022-10-23,1844.5,1858.571,1843.80945,1858.49,489977134.8,merolagani,True
2022-10-31,1860.38,1874.8877,1856.93384,1874.87,673638763.4,merolagani,True
2022-11-01,1876.55,1931.54553,1871.77,1930.97,1258723270.0,merolagani,True
2022-11-02,1937.07,1956.61035,1916.32288,1938.3,1448886053.8,merolagani,True
2022-11-03,1939.49,1940.61938,1918.84338,1922.16,854579312.9,merolagani,True
2022-11-06,1924.19,1965.70715,1919.24377,1965.36,548325265.3,merolagani,True
2022-11-07,1968.06,1987.32214,1955.283,1958.94,2100769223.9,merolagani,True
2022-11-08,1959.21,1966.41541,1948.35925,1956.36,1047148422.2,merolagani,True
2022-11-09,1957.75,1967.80042,1914.27356,1917.22,1390249107.8,merolagani,True
2022-11-10,1919.1,1929.0155,1889.64709,1893.7,1112658390.7,merolagani,True
2022-11-13,1892.94,1901.31982,1879.58716,1883.16,770941609.7,merolagani,True
2022-11-14,1880.92,1904.50842,1879.36926,1904.45,937183831.3,merolagani,True
2022-11-15,1912.04,1919.80969,1895.899,1897.86,972208386.0,merolagani,True
2022-11-16,1898.7,1914.38025,1898.70032,1911.26,824207618.2,merolagani,True
2022-11-17,1912.23,1939.59192,1912.04,1936.83,1698166340.3,merolagani,True
2022-11-22,1938.46,1961.27844,1926.385,1929.7,1343163140.23,merolagani,True
2022-11-23,1931.0,1933.93079,1913.09448,1921.99,1010255940.5,merolagani,True
2022-11-24,1922.72,1933.55359,1916.35132,1933.55,912648351.4,merolagani,True
2022-11-27,1934.44,1965.99451,1934.41357,1965.98,1996143017.6,merolagani,True
2022-11-28,1968.93,1980.26416,1947.37463,1950.37,1460654252.5,merolagani,True
2022-11-29,1951.3,1957.87524,1933.64307,1953.35,929534129.1,merolagani,True
2022-11-30,1953.07,1955.60083,1942.94849,1949.85,776232447.1,merolagani,True
2022-12-01,1949.48,1969.02,1941.58,1961.06,1210455040.0,merolagani,True
2022-12-04,1961.07,1973.55347,1957.18225,1963.22,1533549113.0,merolagani,True
2022-12-05,1961.79,1965.76855,1935.64722,1938.76,1663966918.3,merolagani,True
2022-12-06,1941.07,1944.10852,1922.12634,1933.88,957044085.3,merolagani,True
2022-12-07,1935.07,1936.39478,1916.19348,1917.28,958113388.9,merolagani,True
2022-12-11,1916.04,1918.5061,1883.09326,1885.31,1092731360.3,merolagani,True
2022-12-12,1884.21,1902.41711,1868.65125,1902.27,1188682181.4,merolagani,True
2022-12-13,1900.23,1904.75,1888.82,1899.7,1188682240.0,merolagani,True
2022-12-14,1900.6,1906.03809,1893.01306,1897.08,718511521.5,merolagani,True
2022-12-15,1897.34,1898.99817,1880.16272,1882.6,935266884.7,merolagani,True
2022-12-18,1883.65,1883.81616,1850.96326,1855.06,1144345902.4,merolagani,True
2022-12-19,1855.19,1865.1792,1849.19348,1858.89,864690702.5,merolagani,True
2022-12-20,1859.71,1881.21423,1858.57019,1873.11,895611676.2,merolagani,True
2022-12-21,1874.84,1883.09021,1864.70435,1867.22,855923329.6,merolagani,True
2022-12-22,1864.4,1867.21375,1850.58,1867.21,1098405436.1,merolagani,True
2022-12-26,1868.18,1924.09009,1866.36536,1924.09,2087894740.76,merolagani,True
2022-12-27,1928.81,1999.01074,1928.81177,1983.95,3779610859.7,merolagani,True
2022-12-28,1991.8,1994.33008,1961.56726,1972.15,2131269630.5,merolagani,True
2022-12-29,1973.18,2029.11121,1962.42371,2029.03,2833071649.7,merolagani,True
2023-01-01,2037.2,2083.19043,2030.24536,2046.26,4014001951.2,merolagani,True
2023-01-02,2047.46,2070.58,2028.32,2064.09,2913168896.0,merolagani,True
2023-01-03,2066.01,2081.52686,2050.57324,2061.06,3386375755.1,merolagani,True
2023-01-04,2069.34,2126.03784,2066.567,2125.84,3490769642.5,merolagani,True
2023-01-05,2134.87,2160.728,2113.32178,2143.93,4994624370.4,merolagani,True
2023-01-08,2148.93,2191.69043,2126.46875,2164.61,5405895775.39,merolagani,True
2023-01-09,2166.25,2211.77173,2161.026,2211.76,5229698211.2,merolagani,True
2023-01-10,2215.34,2277.61328,2178.187,2190.42,7530138320.5,merolagani,True
2023-01-12,2203.84,2237.365,2143.97461,2149.39,5383915288.8,merolagani,True
2023-01-17,2152.04,2187.79077,2136.38184,2182.11,3634541929.0,merolagani,True
2023-01-18,2185.72,2214.779,2166.354,2173.1,4855894545.4,merolagani,True
2023-01-19,2175.29,2192.70947,2163.1416,2178.81,3009206024.5,merolagani,True
2023-01-23,2184.77,2203.12573,2162.83276,2165.1,3815865272.68,merolagani,True
2023-01-24,2166.05,2173.24268,2139.88843,2173.25,2946503488.2,merolagani,True
2023-01-25,2175.67,2199.9292,2175.12646,2183.62,3420322864.5,merolagani,True
2023-01-26,2186.5,2201.64185,2177.99048,2183.21,2838849068.2,merolagani,True
2023-01-29,2185.45,2192.851,2163.891,2168.53,2933248292.3,merolagani,True
2023-01-30,2166.31,2174.65674,2124.82715,2127.37,3261784759.83,merolagani,True
2023-01-31,2130.29,2136.44214,2107.77368,2111.68,2798318297.7,merolagani,True
2023-02-01,2111.43,2124.30127,2104.47681,2116.65,1752165534.1,merolagani,True
2023-02-02,2118.55,2126.14429,2090.14331,2094.54,2066890465.25,merolagani,True
2023-02-05,2096.69,2118.26758,2087.69385,2096.08,1915987041.0,merolagani,True
2023-02-06,2096.32,2102.70142,2087.19775,2100.7,1423216010.8,merolagani,True
2023-02-07,2101.24,2177.7478,2099.03076,2177.34,3299653248.6,merolagani,True
2023-02-08,2181.61,2213.89478,2161.0022,2170.18,3632161084.6,merolagani,True
2023-02-09,2171.17,2183.755,2153.30835,2182.63,2028579748.4,merolagani,True
2023-02-12,2180.2,2181.20068,2117.668,2121.86,3031373986.0,merolagani,True
2023-02-14,2122.41,2122.56226,2100.56836,2105.46,1759903378.2,merolagani,True
2023-02-15,2105.03,2117.84,2086.77832,2091.56,1691125182.4,merolagani,True
2023-02-16,2090.48,2099.43335,2066.78418,2070.41,1659593443.6,merolagani,True
2023-02-20,2069.66,2069.77832,2040.18115,2046.81,1916250884.7,merolagani,True
2023-02-22,2049.65,2084.039,2048.109,2080.38,1783947425.8,merolagani,True
2023-02-23,2078.47,2078.47949,2014.60083,2022.64,2512993875.9,merolagani,True
2023-02-26,2016.53,2029.65588,1961.23718,2027.19,2502391805.2,merolagani,True
2023-02-27,2029.23,2043.988,1990.27148,2023.54,1886888855.7,merolagani,True
2023-02-28,2024.81,2033.69666,2013.25146,2019.93,1351968515.3,merolagani,True
2023-03-01,2020.71,2024.695,1994.45557,1995.49,1260846907.3,merolagani,True
2023-03-02,1995.33,1996.62854,1966.27576,1969.02,1324641326.7,merolagani,True
2023-03-05,1967.49,1975.93408,1935.21191,1938.25,1344144791.5,merolagani,True
2023-03-07,1937.42,1964.08435,1937.42834,1952.66,1181744880.3,merolagani,True
2023-03-09,1955.56,2002.985,1955.54651,2002.7,1545566914.5,merolagani,True
2023-03-12,2008.26,2017.30359,1970.66675,1975.89,1635709453.2,merolagani,True
2023-03-13,1975.43,1977.524,1944.41968,1951.21,1154069727.4,merolagani,True
2023-03-14,1950.41,1965.19141,1939.321,1953.06,1120864638.9,merolagani,True
2023-03-15,1953.95,1956.37378,1926.57007,1938.62,1192056725.7,merolagani,True
2023-03-16,1938.62,1946.76648,1919.93335,1933.31,1085567106.1,merolagani,True
2023-03-19,1933.23,1939.43164,1922.216,1926.4,1045510960.8,merolagani,True
2023-03-20,1926.27,1949.16736,1925.4104,1949.06,1212734064.1,merolagani,True
2023-03-22,1952.18,1962.9436,1929.49377,1933.29,1322562631.9,merolagani,True
2023-03-23,1933.11,1933.55627,1905.95874,1915.14,1346135788.68,merolagani,True
2023-03-26,1915.32,1915.40771,1881.07434,1888.29,1277008683.4,merolagani,True
2023-03-27,1885.65,1907.044,1864.91077,1906.0,1333150631.2,merolagani,True
2023-03-28,1910.34,1936.48328,1906.39832,1918.41,1431057786.2,merolagani,True
2023-03-29,1920.09,1922.03955,1901.61536,1919.42,797047753.3,merolagani,True
2023-03-30,1920.01,1932.67957,1905.12024,1908.55,882060139.6,merolagani,True
2023-04-02,1910.49,1929.3407,1882.97852,1888.54,1169131363.4,merolagani,True
2023-04-03,1888.61,1892.02881,1865.95825,1871.88,912275174.0,merolagani,True
2023-04-04,1872.65,1880.45874,1856.35364,1866.68,882230940.2,merolagani,True
2023-04-05,1866.82,1878.773,1857.53955,1875.07,796493663.8,merolagani,True
2023-04-06,1875.87,1889.066,1863.66064,1866.79,913773716.8,merolagani,True
2023-04-09,1867.46,1869.43,1833.67834,1838.48,1114473504.8,merolagani,True
2023-04-10,1837.65,1851.48694,1833.07947,1844.02,898059279.7,merolagani,True
2023-04-11,1845.64,1872.10974,1844.412,1871.33,917095115.2,merolagani,True
2023-04-12,1871.46,1963.89258,1871.46277,1963.55,1956662575.1,merolagani,True
2023-04-13,1973.08,1981.86963,1928.93408,1934.47,1635742707.2,merolagani,True
2023-04-16,1934.5,1945.04956,1918.51526,1931.68,963960397.9,merolagani,True
2023-04-17,1931.83,1937.64685,1904.39478,1908.05,896862423.0,merolagani,True
2023-04-18,1905.96,1911.51343,1892.81763,1904.98,798952466.7,merolagani,True
2023-04-19,1903.35,1924.40308,1903.28455,1920.12,776278173.1,merolagani,True
2023-04-20,1918.48,1928.7594,1902.153,1904.4,935889911.8,merolagani,True
2023-04-23,1904.94,1906.65991,1881.14929,1885.6,814323178.4,merolagani,True
2023-04-24,1885.77,1891.87415,1875.13672,1888.32,734297861.8,merolagani,True
2023-04-25,1887.29,1905.72876,1885.174,1905.68,834697691.5,merolagani,True
2023-04-26,1907.54,1913.28418,1888.88989,1892.0,836470685.2,merolagani,True
2023-04-27,1892.94,1895.16956,1880.24719,1889.75,731868418.3,merolagani,True
2023-04-30,1884.94,1890.33508,1867.73035,1870.66,944074747.1,merolagani,True
2023-05-02,1871.63,1878.96436,1860.42639,1866.4,672981649.32,merolagani,True
2023-05-03,1866.68,1868.346,1852.35425,1857.23,610686098.4,merolagani,True
2023-05-04,1856.96,1875.25745,1846.671,1869.73,669188013.6,merolagani,True
2023-05-07,1870.4,1872.21545,1848.79785,1850.61,600401774.2,merolagani,True
2023-05-08,1850.72,1854.21387,1825.60889,1833.69,816913655.7,merolagani,True
2023-05-09,1831.63,1856.07,1828.98645,1844.36,713830741.2,merolagani,True
2023-05-10,1845.64,1852.05115,1835.61377,1841.93,576368186.1,merolagani,True
2023-05-11,1840.05,1843.44067,1831.20361,1838.59,531807109.4,merolagani,True
2023-05-14,1840.82,1849.55591,1818.07825,1821.64,750138763.62,merolagani,True
2023-05-15,1821.8,1826.65393,1807.52844,1818.31,704663865.6,merolagani,True
2023-05-16,1817.86,1827.77,1810.1,1821.62,634944832.0,merolagani,True
2023-05-17,1821.53,1846.718,1821.01917,1845.01,847863892.7,merolagani,True
2023-05-18,1846.69,1883.20081,1844.50134,1877.32,1461417187.7,merolagani,True
2023-05-21,1878.68,1903.0575,1874.40039,1883.2,1547272151.5,merolagani,True
2023-05-22,1883.44,1898.91064,1866.07959,1891.31,1249484354.8,merolagani,True
2023-05-23,1891.36,1942.63989,1891.365,1942.63,2116558081.8,merolagani,True
2023-05-24,1943.8,1962.659,1928.16174,1959.12,1848154700.7,merolagani,True
2023-05-28,1954.3,1977.57166,1938.12061,1941.77,2596205576.5,merolagani,True
2023-05-30,1944.03,1944.06,1884.91,1888.61,2206681856.0,merolagani,True
2023-05-31,1884.48,1893.84375,1844.324,1849.79,1945738832.6,merolagani,True
2023-06-01,1850.79,1876.99646,1837.23889,1866.34,1401556316.9,merolagani,True
2023-06-04,1866.34,1925.109,1865.73035,1919.37,1636265050.7,merolagani,True
2023-06-05,1922.13,1935.80225,1899.53516,1901.99,1925040475.3,merolagani,True
2023-06-06,1902.75,1927.65515,1893.61389,1927.65,1959803965.5,merolagani,True
2023-06-07,1929.16,1950.80774,1928.1322,1932.33,2346898015.0,merolagani,True
2023-06-08,1933.39,1947.45422,1920.64844,1939.61,2284095114.1,merolagani,True
2023-06-11,1941.52,1983.983,1941.24121,1980.09,3331856745.1,merolagani,True
2023-06-12,1984.36,2003.25256,1971.99768,1987.87,2862539949.7,merolagani,True
2023-06-13,1989.42,2034.8042,1977.52014,2020.64,4083120367.7,merolagani,True
2023-06-14,2020.15,2067.10229,2015.18542,2037.06,4964206270.5,merolagani,True
2023-06-15,2040.57,2050.03125,2017.70447,2042.07,3112606411.0,merolagani,True
2023-06-18,2045.05,2094.3313,2037.90051,2094.33,4683996057.2,merolagani,True
2023-06-19,2097.53,2107.60474,2075.21436,2091.39,4560727399.6,merolagani,True
2023-06-20,2093.55,2117.29688,2057.03,2064.83,4025813073.46,merolagani,True
2023-06-21,2067.21,2082.968,2043.83789,2050.78,3435044970.2,merolagani,True
2023-06-22,2054.62,2074.379,2042.28271,2055.53,3413047271.9,merolagani,True
2023-06-25,2057.37,2119.79541,2057.37,2117.73,6431443893.78,merolagani,True
2023-06-26,2124.0,2154.8584,2120.4187,2129.42,5263616054.3,merolagani,True
2023-06-27,2138.47,2186.67969,2132.47852,2186.36,5415364349.3,merolagani,True
2023-06-28,2193.51,2205.968,2146.06348,2150.99,5917961273.6,merolagani,True
2023-07-02,2154.8,2160.239,2094.07422,2097.29,5042827055.65,merolagani,True
2023-07-03,2096.72,2113.74414,2069.599,2075.97,4021268317.45,merolagani,True
2023-07-04,2079.42,2104.38232,2067.22168,2088.7,2555564748.7,merolagani,True
2023-07-05,2090.37,2101.585,2046.54956,2049.44,3047520187.6,merolagani,True
2023-07-06,2050.28,2064.57275,2033.42822,2049.38,2848536013.9,merolagani,True
2023-07-09,2050.35,2085.23364,2049.688,2077.76,2998215274.2,merolagani,True
2023-07-10,2081.75,2102.08936,2067.84766,2076.96,3498723976.6,merolagani,True
2023-07-11,2078.24,2084.92334,2064.51929,2072.24,2810368838.7,merolagani,True
2023-07-12,2072.24,2099.71021,2072.24438,2097.55,3117242096.9,merolagani,True
2023-07-13,2095.72,2121.83,2080.42,2084.93,3252097792.0,merolagani,True
2023-07-16,2085.68,2105.67285,2079.176,2097.09,2170878602.7,merolagani,True
2023-07-17,2097.98,2144.59888,2089.157,2144.16,2538375074.7,merolagani,True
2023-07-18,2147.68,2171.12549,2146.52148,2154.07,3519766554.2,merolagani,True
2023-07-19,2154.02,2174.63062,2141.82471,2165.24,3287439137.9,merolagani,True
2023-07-20,2165.7,2179.72168,2152.81714,2163.92,2985809640.7,merolagani,True
2023-07-23,2166.46,2228.7417,2166.44043,2227.16,4300148747.6,merolagani,True
2023-07-24,2227.2,2244.134,2194.1626,2200.5,4621758656.5,merolagani,True
2023-07-25,2202.99,2206.46387,2162.559,2164.31,2851344938.33,merolagani,True
2023-07-26,2168.45,2186.49658,2152.54028,2156.2,2233631998.1,merolagani,True
2023-07-27,2155.49,2165.97778,2124.32373,2126.48,2369177699.9,merolagani,True
2023-07-30,2131.05,2138.6792,2091.50586,2100.34,2439369536.6,merolagani,True
2023-07-31,2097.84,2126.57373,2094.067,2106.18,1827722346.4,merolagani,True
2023-08-01,2106.06,2124.321,2070.33447,2077.58,1894553692.7,merolagani,True
2023-08-02,2078.59,2086.84033,2062.00781,2086.84,1573944078.9,merolagani,True
2023-08-03,2088.55,2109.29932,2083.927,2089.84,1759622668.4,merolagani,True
2023-08-06,2095.42,2101.908,2041.69934,2051.47,2667957628.1,merolagani,True
2023-08-07,2051.56,2069.73462,2030.196,2048.26,2247169292.6,merolagani,True
2023-08-08,2047.71,2055.31982,2013.37671,2019.85,1720618919.9,merolagani,True
2023-08-09,2018.72,2061.08472,2000.23511,2060.91,1879026334.2,merolagani,True
2023-08-10,2058.95,2080.819,2045.98315,2066.05,2123616592.5,merolagani,True
2023-08-13,2065.4,2087.93213,2057.70557,2080.86,2399576099.5,merolagani,True
2023-08-14,2079.24,2094.04224,2073.497,2077.24,2050445340.9,merolagani,True
2023-08-15,2077.03,2078.76172,2041.12756,2045.44,2095110938.3,merolagani,True
2023-08-16,2044.05,2044.05,2014.01,2025.12,1679980672.0,merolagani,True
2023-08-17,2025.98,2043.0155,2025.40393,2033.13,1510285809.0,merolagani,True
2023-08-20,2033.2,2034.88379,2008.03589,2011.22,1433537671.6,merolagani,True
2023-08-21,2012.45,2019.51526,1991.81445,1998.28,1375535847.6,merolagani,True
2023-08-22,1998.14,2016.18152,1990.292,2015.98,1034933156.0,merolagani,True
2023-08-23,2016.79,2048.2605,2015.80334,2045.45,1499887631.4,merolagani,True
2023-08-24,2045.85,2052.20459,2009.09351,2013.93,1524359956.0,merolagani,True
2023-08-27,2014.2,2016.11816,1989.22839,1993.13,1237785089.3,merolagani,True
2023-08-28,1994.03,2009.70862,1989.37146,1998.48,962239771.4,merolagani,True
2023-08-29,1999.01,2002.81,1988.51,1993.42,796395008.0,merolagani,True
2023-08-30,1994.63,2001.72,1985.11,1990.59,1104947584.0,merolagani,True
2023-09-03,1990.81,1991.11426,1958.831,1960.78,1148859650.0,merolagani,True
2023-09-04,1960.78,1977.96326,1946.62854,1967.83,1073213988.9,merolagani,True
2023-09-05,1966.8,1974.11414,1954.19385,1961.37,709805809.9,merolagani,True
2023-09-07,1960.72,1960.78516,1929.66772,1932.45,1114407958.3,merolagani,True
2023-09-10,1933.25,1946.75415,1933.06335,1942.68,1050847167.8,merolagani,True
2023-09-11,1942.54,1986.993,1941.86035,1986.99,1488642358.5,merolagani,True
2023-09-12,1987.17,1998.54468,1962.71045,1967.57,1111120884.6,merolagani,True
2023-09-13,1967.26,2007.48035,1967.25745,2007.06,1458949310.1,merolagani,True
2023-09-17,2009.98,2010.86755,1961.056,1964.91,2012325345.7,merolagani,True
2023-09-18,1962.82,1974.98975,1952.88086,1969.18,858880240.0,merolagani,True
2023-09-19,1970.41,1986.72229,1960.6217,1985.43,1146312940.9,merolagani,True
2023-09-21,1988.7,2040.28455,1988.67822,2029.78,3265636242.1,merolagani,True
2023-09-24,2029.42,2037.02075,2003.837,2010.35,2227696739.4,merolagani,True
2023-09-25,2012.21,2015.56421,1999.62524,2004.45,1516860236.3,merolagani,True
2023-09-26,2006.63,2030.51526,2005.429,2022.91,2036336236.4,merolagani,True
2023-09-27,2023.52,2027.19507,1993.46875,2004.3,1776463675.1,merolagani,True
2023-10-01,2004.57,2005.3291,1964.44739,1971.1,1654095139.7,merolagani,True
2023-10-02,1970.27,1982.51929,1954.3562,1976.29,1710897312.2,merolagani,True
2023-10-03,1975.76,1978.27112,1954.13965,1958.72,1163896052.4,merolagani,True
2023-10-04,1958.86,1976.19141,1957.23157,1967.97,1173907031.3,merolagani,True
2023-10-05,1967.57,1970.15613,1954.02185,1956.92,1093430750.5,merolagani,True
2023-10-08,1963.8,1964.02466,1917.69336,1921.24,1732871966.23,merolagani,True
2023-10-09,1919.96,1926.72534,1902.87488,1908.66,1143411078.84,merolagani,True
2023-10-10,1908.28,1913.58435,1885.37781,1889.59,1265984073.0,merolagani,True
2023-10-11,1890.04,1905.05225,1884.40845,1894.76,1066847242.0,merolagani,True
2023-10-12,1895.27,1897.60046,1870.19556,1874.6,1500144186.7,merolagani,True
2023-10-16,1874.12,1876.62256,1846.7915,1851.43,1171557826.7,merolagani,True
2023-10-17,1851.17,1884.67566,1851.03491,1864.62,972213259.7,merolagani,True
2023-10-18,1864.27,1908.40051,1864.25024,1907.89,868667600.0,merolagani,True
2023-10-19,1908.66,1915.98242,1893.95,1903.84,844683515.2,merolagani,True
2023-10-29,1903.58,1903.91553,1867.09314,1875.65,736802751.5,merolagani,True
2023-10-30,1876.47,1878.83,1856.90564,1878.7,617664957.8,merolagani,True
2023-10-31,1878.28,1878.98682,1860.47083,1864.4,546833298.8,merolagani,True
2023-11-01,1864.18,1872.19556,1853.498,1858.56,720421371.3,merolagani,True
2023-11-02,1858.26,1859.48816,1842.7334,1847.7,787064339.1,merolagani,True
2023-11-05,1839.29,1846.77576,1817.76379,1826.23,907507569.4,merolagani,True
2023-11-06,1826.67,1850.58545,1824.56165,1847.54,883701817.9,merolagani,True
2023-11-07,1848.06,1864.85376,1847.10547,1858.76,892564520.0,merolagani,True
2023-11-08,1858.1,1869.0155,1851.19958,1863.94,681567459.0,merolagani,True
2023-11-09,1864.39,1866.93164,1847.8501,1852.08,816995854.1,merolagani,True
2023-11-20,1852.28,1873.34033,1846.52783,1853.48,1093370624.1,merolagani,True
2023-11-21,1853.17,1853.872,1821.38171,1829.65,936059863.2,merolagani,True
2023-11-22,1830.11,1850.54126,1816.40857,1850.33,919023595.5,merolagani,True
2023-11-23,1847.69,1864.59607,1826.49084,1860.2,1333052799.9,merolagani,True
2023-11-26,1859.24,1908.19812,1852.6731,1907.95,1996891734.3,merolagani,True
2023-11-27,1909.97,1926.52429,1889.71155,1896.67,1691655756.3,merolagani,True
2023-11-28,1896.4,1902.63416,1885.23047,1894.53,1229161002.1,merolagani,True
2023-11-29,1894.79,1907.07,1871.93,1876.6,1236642304.0,merolagani,True
2023-11-30,1874.24,1876.40979,1851.32019,1858.53,1170080744.8,merolagani,True
2023-12-03,1858.47,1861.67737,1837.85315,1851.23,938543625.6,merolagani,True
2023-12-04,1848.7,1859.32715,1843.37915,1847.81,1188964492.7,merolagani,True
2023-12-05,1849.0,1857.3573,1833.02393,1837.71,1508085116.6,merolagani,True
2023-12-06,1837.24,1841.8,1830.32,1841.04,1141812352.0,merolagani,True
2023-12-07,1840.41,1861.22,1834.65,1852.77,2799146496.0,merolagani,True
2023-12-10,1866.06,1963.987,1866.06885,1963.98,480038049.4,merolagani,True
2023-12-11,1989.53,1989.71655,1928.76257,1948.57,4782554329.4,merolagani,True
2023-12-12,1952.19,1990.392,1940.15125,1985.44,4264793331.5,merolagani,True
2023-12-13,1990.36,2017.228,1976.04834,1988.04,3838719555.45,merolagani,True
2023-12-14,1989.53,1997.12109,1973.42969,1994.6,3081240158.31,merolagani,True
2023-12-17,1986.05,2022.82861,1951.02075,2022.35,5102788511.7,merolagani,True
2023-12-18,2025.73,2070.59,2025.68,2060.49,6756044800.0,merolagani,True
2023-12-19,2065.06,2107.32471,2053.27246,2106.48,5480400603.38,merolagani,True
2023-12-20,2113.94,2150.98779,2110.76147,2141.87,6886233028.9,merolagani,True
2023-12-21,2148.16,2154.51025,2102.796,2109.1,6142475543.0,merolagani,True
2023-12-24,2113.68,2132.63672,2082.93115,2088.07,6981673552.2,merolagani,True
2023-12-27,2089.88,2109.35034,2055.3562,2070.84,5177007048.9,merolagani,True
2023-12-28,2072.08,2085.367,2059.49,2068.9,4250241872.0,merolagani,True
2024-01-01,2072.45,2096.44458,2056.87183,2060.15,4408190265.8,merolagani,True
2024-01-02,2060.46,2061.9248,2024.14941,2030.1,3921811838.25,merolagani,True
2024-01-03,2030.94,2058.31226,2023.767,2058.0,4003468855.8,merolagani,True
2024-01-04,2058.56,2072.087,2046.05908,2049.28,5539325263.1,merolagani,True
2024-01-07,2049.9,2056.49023,2019.77063,2022.92,5203398665.5,merolagani,True
2024-01-08,2025.89,2059.66,2025.62,2059.49,4675224906.28,merolagani,True
2024-01-09,2063.56,2098.04,2063.42,2080.12,6118317866.67,merolagani,True
2024-01-10,2084.59,2116.44,2084.44,2089.62,5134848789.38,merolagani,True
2024-01-11,2091.28,2106.43,2082.5,2088.99,4307763277.27,merolagani,True
2024-01-14,2093.47,2121.67,2093.44,2120.62,5450421806.4,merolagani,True
2024-01-16,2125.2,2178.37,2125.12,2175.17,8023862406.69,merolagani,True
2024-01-17,2181.85,2215.55,2154.02,2163.06,9768969868.61,merolagani,True
2024-01-18,2163.68,2167.44,2133.12,2155.82,8174986282.97,merolagani,True
2024-01-21,2156.51,2165.67,2123.86,2130.18,7677740058.04,merolagani,True
2024-01-22,2128.56,2134.81,2090.64,2098.69,6366070003.35,merolagani,True
2024-01-23,2096.38,2112.15,2087.23,2098.29,4240655438.66,merolagani,True
2024-01-24,2098.97,2120.47,2083.46,2088.04,3897022598.98,merolagani,True
2024-01-25,2088.49,2096.76,2072.79,2084.09,3764505450.98,merolagani,True
2024-01-28,2084.78,2098.14,2075.37,2094.46,3833776580.76,merolagani,True
2024-01-29,2097.48,2114.79,2097.24,2104.72,4566522230.82,merolagani,True
2024-01-30,2105.87,2128.11,2105.46,2119.61,5544217593.12,merolagani,True
2024-01-31,2119.17,2131.29,2088.49,2097.93,5295605057.48,merolagani,True
2024-02-01,2103.2,2103.23,2063.69,2067.01,4180632139.37,merolagani,True
2024-02-04,2067.47,2072.91,2053.47,2061.7,3216727221.79,merolagani,True
2024-02-05,2063.92,2084.8,2060.55,2076.27,2438058254.56,merolagani,True
2024-02-06,2073.83,2087.24,2067.59,2085.71,2591534907.76,merolagani,True
2024-02-07,2099.24,2107.58,2086.76,2090.64,2842550237.47,merolagani,True
2024-02-08,2094.17,2097.97,2082.73,2096.32,3212283453.63,merolagani,True
2024-02-11,2101.97,2109.32,2083.6,2085.82,4085678472.16,merolagani,True
2024-02-12,2085.89,2103.92,2081.82,2101.16,3586984128.48,merolagani,True
2024-02-13,2099.63,2101.56,2064.84,2070.59,4667179304.14,merolagani,True
2024-02-14,2071.71,2081.62,2064.35,2076.5,4252722895.26,merolagani,True
2024-02-15,2076.31,2077.11,2055.73,2062.03,3869118741.98,merolagani,True
2024-02-18,2060.68,2062.33,2030.29,2034.82,3775422196.17,merolagani,True
2024-02-20,2034.78,2043.51,2025.89,2033.06,3113556978.43,merolagani,True
2024-02-21,2034.39,2044.45,2020.88,2026.59,2241961799.37,merolagani,True
2024-02-22,2027.57,2030.41,2000.55,2005.83,3206167025.37,merolagani,True
2024-02-25,2006.88,2011.82,1976.68,1979.02,3086951070.51,merolagani,True
2024-02-26,1980.49,1997.52,1973.3,1992.3,2017739060.68,merolagani,True
2024-02-27,1992.69,2007.85,1980.44,2001.64,1869813526.21,merolagani,True
2024-02-28,2002.93,2009.51,1992.47,2000.77,2038100977.42,merolagani,True
2024-02-29,2001.02,2007.57,1970.05,1972.09,2598737228.86,merolagani,True
2024-03-03,1972.44,1975.4,1946.43,1960.3,2082786089.08,merolagani,True
2024-03-04,1976.13,2078.16,1976.14,2078.0,375209978.32,merolagani,True
2024-03-05,2094.71,2095.2,2003.77,2007.69,4113676958.02,merolagani,True
2024-03-06,2008.92,2036.33,1992.35,2017.03,3450838357.2,merolagani,True
2024-03-07,2020.79,2040.9,2017.0,2030.55,3199205820.35,merolagani,True
2024-03-10,2032.58,2061.2,2032.58,2052.65,2922771558.91,merolagani,True
2024-03-12,2066.83,2111.25,2064.09,2111.21,4551632347.82,merolagani,True
2024-03-13,2123.91,2124.09,2093.9,2108.72,4248523332.22,merolagani,True
2024-03-14,2110.55,2110.56,2074.06,2080.87,3943592302.13,merolagani,True
2024-03-17,2082.41,2086.03,2064.33,2070.25,3387980384.33,merolagani,True
2024-03-18,2073.83,2075.62,2060.09,2073.53,2885637818.91,merolagani,True
2024-03-19,2074.53,2091.53,2064.45,2067.29,3633936554.87,merolagani,True
2024-03-20,2072.47,2084.6,2058.79,2063.95,3496284036.16,merolagani,True
2024-03-21,2065.51,2074.97,2045.12,2048.57,4313017713.5,merolagani,True
2024-03-25,2050.68,2051.68,2027.77,2031.55,2489118485.08,merolagani,True
2024-03-26,2032.96,2048.74,2032.13,2041.7,2354348503.01,merolagani,True
2024-03-27,2042.09,2053.72,2025.1,2030.86,2235485534.3,merolagani,True
2024-03-28,2033.42,2039.35,2023.13,2035.64,2653349468.51,merolagani,True
2024-03-31,2034.7,2040.48,2014.32,2018.33,3205332324.76,merolagani,True
2024-04-01,2017.17,2019.76,2006.97,2012.07,2874754305.75,merolagani,True
2024-04-02,2014.43,2018.07,2004.28,2010.21,2291645585.49,merolagani,True
2024-04-03,2011.65,2017.22,1999.86,2006.78,2536233986.67,merolagani,True
2024-04-04,2007.13,2011.38,2000.34,2004.05,3037267307.85,merolagani,True
2024-04-07,2008.43,2026.83,2000.37,2026.81,4256676333.56,merolagani,True
2024-04-09,2035.47,2046.62,2030.45,2036.01,4143783989.11,merolagani,True
2024-04-10,2038.1,2045.46,2016.35,2025.7,3485660672.0,merolagani,True
2024-04-14,2025.95,2031.91,2017.89,2023.35,3063770943.62,merolagani,True
2024-04-15,2022.2,2026.99,2002.22,2006.52,2797577432.68,merolagani,True
2024-04-16,2004.97,2004.97,1988.2,1991.71,2103019264.0,merolagani,True
2024-04-18,1991.62,1992.37,1967.4,1972.14,2093612792.78,merolagani,True
2024-04-21,1972.92,1984.46,1953.3,1984.43,2259959456.89,merolagani,True
2024-04-22,1984.07,1992.78,1964.42,1969.02,2058305185.19,merolagani,True
2024-04-24,1969.59,1979.57,1963.34,1969.17,2536431998.5,merolagani,True
2024-04-25,1971.32,1974.91,1960.92,1965.93,2366975594.12,merolagani,True
2024-04-28,1973.53,1981.55,1965.15,1980.27,2682586955.82,merolagani,True
2024-04-29,1989.94,1990.32,1974.53,1980.34,2959458501.43,merolagani,True
2024-04-30,1989.98,2016.61,1979.31,2006.28,4800044601.66,merolagani,True
2024-05-02,2025.78,2026.62,1995.5,1998.96,4133362726.23,merolagani,True
2024-05-05,1998.45,1999.17,1969.96,1974.37,3795748352.0,merolagani,True
2024-05-06,1980.23,1980.81,1952.63,1958.75,2891319979.88,merolagani,True
2024-05-07,1959.91,1970.71,1955.16,1960.81,2140502621.77,merolagani,True
2024-05-08,1961.28,1968.25,1954.22,1960.6,2547030825.5,merolagani,True
2024-05-09,1963.45,1970.55,1955.15,1966.23,3121286362.59,merolagani,True
2024-05-12,1973.79,1981.79,1961.89,1974.5,3155142168.43,merolagani,True
2024-05-13,1979.68,2000.55,1970.54,1998.89,3408608157.91,merolagani,True
2024-05-14,2000.7,2027.59,1999.14,2027.51,4088853664.8,merolagani,True
2024-05-15,2030.87,2048.29,2012.56,2017.97,3708430055.17,merolagani,True
2024-05-16,2029.1,2029.1,2009.35,2018.76,4233816403.71,merolagani,True
2024-05-19,2044.81,2068.91,2028.07,2064.45,5251024786.63,merolagani,True
2024-05-20,2069.88,2121.01,2069.52,2092.0,5854354212.19,merolagani,True
2024-05-21,2095.57,2118.34,2081.07,2115.94,5206208111.56,merolagani,True
2024-05-22,2116.74,2140.24,2108.37,2131.49,5687680912.8,merolagani,True
2024-05-26,2135.25,2142.58,2106.36,2109.34,4441538471.7,merolagani,True
2024-05-27,2111.67,2124.57,2096.83,2113.27,3893764143.93,merolagani,True
2024-05-29,2133.73,2153.39,2086.44,2089.42,4575063274.39,merolagani,True
2024-05-30,2091.03,2100.12,2065.59,2069.53,4217494195.65,merolagani,True
2024-06-02,2073.06,2086.44,2068.08,2083.04,4311015629.95,merolagani,True
2024-06-03,2087.8,2096.57,2073.02,2079.07,4004070243.6,merolagani,True
2024-06-04,2087.03,2092.71,2077.56,2085.3,4084715877.41,merolagani,True
2024-06-05,2087.74,2091.88,2072.31,2079.71,3992976492.79,merolagani,True
2024-06-06,2080.56,2089.1,2073.48,2077.78,4388278720.38,merolagani,True
2024-06-09,2092.41,2093.71,2068.84,2073.19,5189079522.44,merolagani,True
2024-06-10,2088.71,2089.16,2072.23,2082.09,5490609782.28,merolagani,True
2024-06-11,2099.79,2115.27,2086.81,2115.24,5555361739.06,merolagani,True
2024-06-12,2116.9,2134.13,2116.34,2121.62,5894089245.13,merolagani,True
2024-06-13,2125.45,2127.09,2106.26,2112.29,6443029208.11,merolagani,True
2024-06-16,2114.3,2117.16,2090.14,2095.25,5472253551.85,merolagani,True
2024-06-18,2098.99,2099.03,2073.92,2076.49,4055737884.32,merolagani,True
2024-06-19,2077.74,2086.85,2073.34,2078.76,3404372632.64,merolagani,True
2024-06-20,2094.79,2095.38,2063.9,2068.31,3870744903.34,merolagani,True
2024-06-23,2068.78,2079.76,2057.35,2062.94,4374597458.65,merolagani,True
2024-06-24,2063.09,2079.37,2058.82,2066.16,5077255116.15,merolagani,True
2024-06-25,2067.14,2077.64,2067.04,2071.77,4187796833.89,merolagani,True
2024-06-26,2075.83,2077.26,2055.21,2060.16,4058047734.22,merolagani,True
2024-06-27,2059.22,2059.98,2046.95,2051.92,3715903824.54,merolagani,True
2024-06-30,2051.73,2059.79,2034.51,2037.09,3607198407.66,merolagani,True
2024-07-01,2037.68,2053.39,2030.39,2053.38,2999965021.53,merolagani,True
2024-07-02,2085.83,2162.49,2085.83,2100.43,4576831720.09,merolagani,True
2024-07-03,2101.84,2104.38,2076.96,2104.22,5083528935.17,merolagani,True
2024-07-04,2107.78,2129.38,2105.83,2119.7,6482546980.64,merolagani,True
2024-07-07,2122.9,2147.13,2121.27,2140.97,6002931854.71,merolagani,True
2024-07-08,2143.74,2149.19,2128.73,2136.35,4569836106.0,merolagani,True
2024-07-09,2138.61,2152.25,2129.72,2152.14,5535958885.31,merolagani,True
2024-07-10,2161.25,2176.6,2160.64,2175.4,5744083391.51,merolagani,True
2024-07-11,2188.47,2205.16,2185.02,2204.61,7080698146.05,merolagani,True
2024-07-14,2239.41,2290.95,2230.5,2257.59,7620498520.87,merolagani,True
2024-07-15,2277.86,2288.17,2231.69,2240.41,8731436037.15,merolagani,True
2024-07-16,2243.07,2310.85,2231.83,2310.59,9138629642.41,merolagani,True
2024-07-17,2323.68,2364.77,2311.93,2364.63,12059266113.47,merolagani,True
2024-07-18,2373.53,2459.94,2355.59,2424.32,15548800738.21,merolagani,True
2024-07-21,2431.49,2494.72,2408.26,2485.94,15238271290.98,merolagani,True
2024-07-22,2491.17,2504.53,2441.57,2488.09,13915535440.98,merolagani,True
2024-07-23,2493.92,2563.46,2469.56,2563.43,14116330995.76,merolagani,True
2024-07-24,2573.23,2600.41,2513.43,2536.11,16208577314.53,merolagani,True
2024-07-25,2539.49,2572.88,2518.47,2568.13,14137899049.28,merolagani,True
2024-07-28,2606.41,2708.58,2606.4,2681.56,15810596235.45,merolagani,True
2024-07-29,2706.73,2737.69,2655.16,2661.09,19609177106.29,merolagani,True
2024-07-30,2669.41,2709.89,2609.02,2696.65,17266391542.97,merolagani,True
2024-07-31,2708.25,2791.03,2707.58,2760.91,21911503161.06,merolagani,True
2024-08-01,2772.24,2805.57,2742.54,2755.62,21713431007.74,merolagani,True
2024-08-05,2770.39,2806.69,2744.1,2796.38,21864992277.64,merolagani,True
2024-08-06,2802.04,2815.94,2644.85,2651.32,23716716874.1,merolagani,True
2024-08-07,2644.73,2759.67,2630.86,2759.67,17950918627.83,merolagani,True
2024-08-08,2772.84,2811.15,2744.86,2766.38,20070434103.38,merolagani,True
2024-08-11,2780.09,2860.96,2779.24,2860.84,25779453509.9,merolagani,True
2024-08-12,2876.48,2937.4,2876.46,2931.65,27242034765.89,merolagani,True
2024-08-13,2947.7,2971.69,2891.43,2923.46,21515010633.31,merolagani,True
2024-08-14,2936.62,2959.19,2883.81,2957.75,23430581150.48,merolagani,True
2024-08-15,2979.6,3036.64,2975.11,3000.81,29958519216.95,merolagani,True
2024-08-18,3017.2,3048.15,2945.49,2966.33,28836997376.12,merolagani,True
2024-08-21,2981.03,3002.74,2943.61,2968.44,18906373792.01,merolagani,True
2024-08-22,2974.78,3018.93,2967.47,2974.46,19160652085.56,merolagani,True
2024-08-25,2987.06,2990.04,2885.39,2894.57,19740593800.64,merolagani,True
2024-08-27,2899.8,2902.75,2770.39,2782.6,18649533170.35,merolagani,True
2024-08-28,2791.09,2860.89,2761.02,2786.4,13727368393.64,merolagani,True
2024-08-29,2791.3,2800.28,2727.57,2749.57,12243601365.9,merolagani,True
2024-09-01,2749.68,2781.75,2686.61,2695.93,10517682349.32,merolagani,True
2024-09-02,2698.0,2823.7,2678.91,2823.25,13104631802.67,merolagani,True
2024-09-03,2834.42,2860.43,2802.92,2830.2,13577105289.17,merolagani,True
2024-09-04,2860.07,2860.39,2732.4,2739.46,12925688215.22,merolagani,True
2024-09-05,2740.21,2758.92,2686.62,2727.36,9651513246.31,merolagani,True
2024-09-08,2732.83,2760.45,2697.84,2701.9,10122408249.12,merolagani,True
2024-09-09,2702.57,2706.54,2637.71,2646.03,9439106425.54,merolagani,True
2024-09-10,2648.07,2688.26,2616.98,2632.94,7245568421.39,merolagani,True
2024-09-11,2636.3,2651.19,2601.91,2610.21,6851179051.18,merolagani,True
2024-09-12,2625.46,2688.55,2604.83,2688.53,8169274612.81,merolagani,True
2024-09-15,2698.52,2734.58,2630.11,2637.79,10339235957.45,merolagani,True
2024-09-16,2635.97,2637.52,2570.62,2580.76,7361988383.74,merolagani,True
2024-09-18,2584.35,2606.04,2551.4,2576.76,5669194961.88,merolagani,True
2024-09-22,2601.29,2643.51,2570.27,2588.35,5092948690.69,merolagani,True
2024-09-23,2607.86,2608.43,2517.79,2529.33,5660302683.5,merolagani,True
2024-09-24,2529.14,2547.47,2462.61,2470.39,5689561356.69,merolagani,True
2024-09-25,2473.06,2519.97,2443.28,2519.57,4813223004.49,merolagani,True
2024-09-26,2519.04,2541.69,2479.65,2486.76,4841407720.14,merolagani,True
2024-09-29,2483.91,2494.57,2442.63,2464.4,4050658036.94,merolagani,True
2024-09-30,2466.6,2508.86,2462.79,2508.86,3715359935.12,merolagani,True
2024-10-01,2510.35,2623.56,2510.11,2623.56,7616522258.0,merolagani,True
2024-10-02,2629.73,2643.76,2582.72,2597.49,6778195881.11,merolagani,True
2024-10-06,2597.51,2653.63,2583.25,2653.58,6138206705.7,merolagani,True
2024-10-07,2656.8,2707.16,2656.35,2690.72,7095953027.17,merolagani,True
2024-10-08,2692.49,2699.55,2652.66,2663.32,4593727244.34,merolagani,True
2024-10-09,2661.8,2672.65,2643.12,2668.17,3761512706.84,merolagani,True
2024-10-15,2668.08,2700.23,2667.82,2699.66,3062337799.24,merolagani,True
2024-10-16,2704.79,2748.8,2704.04,2742.88,5660237737.6,merolagani,True
2024-10-17,2747.69,2780.97,2734.19,2745.36,7192792166.86,merolagani,True
2024-10-20,2733.35,2748.78,2689.46,2697.91,8180262572.12,merolagani,True
2024-10-21,2698.71,2700.82,2635.43,2639.92,5900791044.48,merolagani,True
2024-10-22,2640.12,2669.38,2632.62,2665.81,4171665619.7,merolagani,True
2024-10-23,2675.2,2684.66,2637.54,2645.39,6278951853.73,merolagani,True
2024-10-24,2646.3,2650.18,2614.65,2627.14,5419104157.29,merolagani,True
2024-10-27,2629.84,2632.94,2610.14,2617.95,4732487864.93,merolagani,True
2024-10-28,2620.91,2647.23,2620.66,2645.36,5344800912.48,merolagani,True
2024-10-29,2648.37,2692.11,2647.99,2692.05,6128264580.33,merolagani,True
2024-10-30,2693.81,2705.24,2671.3,2677.62,5953950787.59,merolagani,True
2024-11-05,2678.97,2696.85,2670.12,2677.4,4205505237.61,merolagani,True
2024-11-06,2679.47,2684.81,2669.19,2675.51,5222486851.24,merolagani,True
2024-11-10,2681.59,2738.12,2680.7,2738.06,9771124073.55,merolagani,True
2024-11-11,2740.12,2782.43,2734.41,2760.21,11315207127.09,merolagani,True
2024-11-12,2765.7,2788.35,2741.63,2748.96,7859740798.91,merolagani,True
2024-11-13,2754.56,2757.38,2728.11,2734.83,7911976449.08,merolagani,True
2024-11-14,2738.91,2762.51,2729.67,2748.78,10320331436.2,merolagani,True
2024-11-17,2753.43,2788.12,2748.29,2753.76,11726756904.61,merolagani,True
2024-11-19,2758.42,2759.54,2696.42,2702.65,10468320521.9,merolagani,True
2024-11-20,2705.17,2713.93,2683.79,2711.75,7092879946.39,merolagani,True
2024-11-21,2711.56,2722.59,2676.25,2680.44,8257643886.83,merolagani,True
2024-11-24,2690.52,2698.76,2661.22,2667.4,7728861250.73,merolagani,True
2024-11-25,2682.29,2694.67,2661.21,2683.24,6345809597.84,merolagani,True
2024-11-26,2704.58,2719.84,2685.64,2716.66,7449898987.89,merolagani,True
2024-11-27,2721.52,2756.36,2721.35,2756.36,9312934840.36,merolagani,True
2024-11-28,2757.13,2774.14,2738.8,2748.05,8545525373.13,merolagani,True
2024-12-01,2762.3,2764.85,2707.94,2738.06,8831222992.82,merolagani,True
2024-12-02,2749.27,2773.47,2746.47,2758.04,10541746564.07,merolagani,True
2024-12-03,2772.74,2793.03,2751.31,2775.85,8521219299.67,merolagani,True
2024-12-04,2795.58,2795.78,2747.65,2750.87,9132468906.77,merolagani,True
2024-12-05,2752.38,2764.29,2717.34,2734.93,8369687402.72,merolagani,True
2024-12-08,2735.65,2735.67,2675.92,2689.0,7460304999.55,merolagani,True
2024-12-09,2687.75,2709.58,2662.36,2676.15,5629945822.09,merolagani,True
2024-12-10,2676.11,2694.85,2660.36,2669.82,4413320290.81,merolagani,True
2024-12-11,2671.36,2715.71,2662.72,2715.71,5050654450.1,merolagani,True
2024-12-12,2730.24,2730.31,2678.09,2682.29,6144065744.0,merolagani,True
2024-12-16,2684.0,2684.32,2622.76,2630.91,5935604847.04,merolagani,True
2024-12-17,2633.18,2648.55,2611.89,2633.87,4343234740.52,merolagani,True
2024-12-18,2634.49,2656.08,2621.0,2628.26,4270082575.91,merolagani,True
2024-12-19,2626.62,2634.57,2593.18,2596.82,4760267483.48,merolagani,True
2024-12-22,2587.3,2614.28,2569.0,2583.29,4518385107.17,merolagani,True
2024-12-23,2582.29,2612.2,2580.49,2612.2,4430024603.33,merolagani,True
2024-12-24,2615.67,2645.2,2612.94,2626.52,5202263038.57,merolagani,True
2024-12-26,2625.44,2639.08,2607.75,2630.71,5329274454.77,merolagani,True
2024-12-29,2631.98,2641.17,2601.84,2609.58,5474868764.77,merolagani,True
2024-12-31,2613.7,2613.95,2545.34,2576.5,5674686091.49,merolagani,True
2025-01-01,2577.43,2589.42,2567.97,2581.6,3597445334.37,merolagani,True
2025-01-02,2583.94,2586.23,2566.27,2586.23,4603282379.17,merolagani,True
2025-01-05,2586.08,2592.91,2574.43,2591.56,4860201974.98,merolagani,True
2025-01-06,2601.09,2640.73,2594.34,2640.68,6305431854.5,merolagani,True
2025-01-07,2654.34,2656.52,2625.24,2646.84,5384672295.67,merolagani,True
2025-01-08,2670.51,2672.14,2642.59,2653.23,6407992784.11,merolagani,True
2025-01-09,2656.5,2656.61,2629.06,2635.09,7305342581.67,merolagani,True
2025-01-12,2651.68,2654.82,2602.46,2609.67,3997909323.87,merolagani,True
2025-01-13,2610.05,2615.55,2580.74,2594.13,6650883103.54,merolagani,True
2025-01-15,2596.83,2611.38,2589.99,2595.96,5824904134.7,merolagani,True
2025-01-16,2598.66,2616.97,2580.4,2588.62,5933711674.74,merolagani,True
2025-01-19,2590.14,2604.01,2580.01,2601.21,6257235624.3,merolagani,True
2025-01-20,2602.89,2623.61,2600.77,2607.99,6570477886.37,merolagani,True
2025-01-21,2608.27,2618.99,2597.61,2613.08,6190141891.18,merolagani,True
2025-01-22,2616.89,2667.23,2614.37,2665.45,9203088349.68,merolagani,True
2025-01-23,2670.23,2681.49,2644.79,2654.35,7857792326.04,merolagani,True
2025-01-26,2656.75,2662.36,2638.65,2643.93,9128673514.8,merolagani,True
2025-01-27,2642.3,2650.71,2625.58,2633.27,8924065888.67,merolagani,True
2025-01-28,2635.07,2657.96,2634.69,2657.77,9402678033.94,merolagani,True
2025-02-02,2662.42,2727.58,2662.01,2727.58,12955764136.99,merolagani,True
2025-02-03,2728.65,2764.17,2720.42,2730.0,11875967538.34,merolagani,True
2025-02-04,2733.58,2745.15,2707.37,2715.91,8919697775.36,merolagani,True
2025-02-05,2719.59,2726.07,2704.24,2711.45,8958007305.37,merolagani,True
2025-02-06,2713.88,2720.48,2691.56,2699.81,9247375287.27,merolagani,True
2025-02-09,2697.52,2725.95,2683.28,2688.31,8398660628.97,merolagani,True
2025-02-10,2684.96,2699.79,2665.72,2677.32,6960292235.03,merolagani,True
2025-02-11,2678.13,2691.91,2673.03,2683.86,7246221260.29,merolagani,True
2025-02-12,2687.17,2697.41,2679.78,2685.73,8717847062.68,merolagani,True
2025-02-13,2686.77,2697.34,2673.88,2678.47,7921300982.67,merolagani,True
2025-02-16,2676.92,2698.31,2675.9,2698.03,9470308266.5,merolagani,True
2025-02-17,2701.27,2738.0,2700.53,2727.91,10049654832.64,merolagani,True
2025-02-18,2735.94,2757.3,2726.43,2740.59,10437006214.82,merolagani,True
2025-02-20,2738.91,2752.35,2720.69,2743.74,8627687599.86,merolagani,True
2025-02-23,2724.09,2768.9,2690.42,2755.4,11548337612.87,merolagani,True
2025-02-24,2754.55,2785.1,2746.0,2758.75,11085464758.61,merolagani,True
2025-02-25,2759.08,2781.95,2758.84,2765.88,9909386227.97,merolagani,True
2025-02-27,2786.65,2827.15,2785.98,2815.04,11392401815.91,merolagani,True
2025-03-02,2829.12,2890.28,2826.86,2890.28,14250475736.95,merolagani,True
2025-03-03,2900.23,2929.21,2867.46,2876.66,14284510595.52,merolagani,True
2025-03-04,2877.22,2894.62,2842.78,2846.3,12946493939.18,merolagani,True
2025-03-05,2846.92,2850.16,2808.75,2821.13,10972654473.07,merolagani,True
2025-03-06,2822.74,2834.07,2811.37,2818.43,10101817681.95,merolagani,True
2025-03-09,2819.88,2819.92,2766.08,2772.1,10093654129.61,merolagani,True
2025-03-10,2770.17,2791.03,2743.65,2751.42,8378055057.57,merolagani,True
2025-03-11,2752.31,2762.25,2712.74,2719.2,8391149050.0,merolagani,True
2025-03-12,2718.13,2745.58,2717.29,2736.48,8235268755.31,merolagani,True
2025-03-16,2735.97,2739.55,2693.55,2714.85,6836640407.59,merolagani,True
2025-03-17,2715.94,2732.51,2699.2,2704.7,5408314075.31,merolagani,True
2025-03-18,2721.82,2723.89,2690.58,2697.04,4346632263.57,merolagani,True
2025-03-19,2699.26,2706.58,2676.3,2682.15,5143997643.36,merolagani,True
2025-03-20,2679.97,2685.87,2666.69,2669.31,4561311282.77,merolagani,True
2025-03-23,2667.61,2669.0,2614.09,2614.68,6320141365.6,merolagani,True
2025-03-24,2610.46,2645.99,2592.32,2640.78,4483599004.49,merolagani,True
2025-03-25,2652.87,2652.87,2581.32,2582.73,5180718708.1,merolagani,True
2025-03-26,2580.19,2625.6,2579.45,2621.86,4204408894.9,merolagani,True
2025-03-27,2632.13,2666.17,2621.46,2663.3,5223083340.93,merolagani,True
2025-03-30,2661.63,2718.95,2657.88,2693.12,7568226197.37,merolagani,True
2025-04-01,2691.6,2696.5,2654.57,2676.17,5797791700.14,merolagani,True
2025-04-02,2693.13,2712.25,2669.06,2700.04,5444435901.36,merolagani,True
2025-04-03,2700.23,2732.85,2700.23,2703.39,7844642487.27,merolagani,True
2025-04-07,2702.09,2710.13,2667.56,2670.06,5658973766.4,merolagani,True
2025-04-08,2671.62,2674.88,2631.68,2666.61,5309568997.49,merolagani,True
2025-04-09,2681.8,2701.12,2671.65,2676.28,4484619740.83,merolagani,True
2025-04-10,2677.58,2687.92,2667.0,2670.7,5637981250.23,merolagani,True
2025-04-13,2673.01,2676.7,2657.32,2662.08,6280296245.03,merolagani,True
2025-04-15,2678.52,2704.58,2669.22,2689.22,8544357887.81,merolagani,True
2025-04-16,2702.46,2704.97,2685.36,2696.23,7265122241.8,merolagani,True
2025-04-17,2701.23,2740.13,2697.63,2722.73,10797363282.32,merolagani,True
2025-04-20,2724.51,2731.81,2700.85,2706.04,8433589785.29,merolagani,True
2025-04-21,2704.19,2716.7,2691.07,2698.28,8775720293.64,merolagani,True
2025-04-22,2695.15,2707.86,2682.8,2688.32,8321282188.84,merolagani,True
2025-04-23,2687.69,2687.68,2653.74,2655.94,7575517246.76,merolagani,True
2025-04-24,2656.49,2668.06,2641.88,2658.02,7879381268.28,merolagani,True
2025-04-27,2657.75,2684.51,2657.37,2661.6,10875991144.35,merolagani,True
2025-04-28,2661.01,2676.05,2645.24,2647.07,8912843919.7,merolagani,True
2025-04-29,2648.99,2666.54,2630.3,2631.98,7575206278.35,merolagani,True
2025-04-30,2631.91,2642.07,2622.72,2623.83,9374122655.9,merolagani,True
2025-05-04,2627.96,2645.67,2619.26,2620.39,9245583315.99,merolagani,True
2025-05-05,2618.33,2630.36,2604.79,2610.4,7634193693.73,merolagani,True
2025-05-06,2608.6,2625.7,2608.57,2611.43,8747668846.35,merolagani,True
2025-05-07,2613.78,2676.25,2611.71,2673.69,10518406352.64,merolagani,True
2025-05-08,2674.7,2687.38,2655.79,2661.64,11650017851.57,merolagani,True
2025-05-11,2661.56,2692.5,2648.48,2649.11,10202701344.0,merolagani,True
2025-05-13,2650.54,2669.28,2632.29,2634.23,9634812612.57,merolagani,True
2025-05-14,2635.21,2642.96,2619.64,2620.27,8736570105.44,merolagani,True
2025-05-15,2623.28,2628.67,2605.89,2611.85,7083348240.63,merolagani,True
2025-05-18,2608.26,2625.26,2606.09,2609.05,8509221312.61,merolagani,True
2025-05-19,2606.73,2639.69,2605.03,2628.36,7358855085.18,merolagani,True
2025-05-20,2627.68,2681.58,2617.46,2677.45,7312790196.17,merolagani,True
2025-05-21,2712.26,2771.47,2667.85,2669.51,10698651680.7,merolagani,True
2025-05-22,2674.07,2705.56,2669.58,2688.55,9822070682.42,merolagani,True
2025-05-25,2693.04,2703.78,2665.48,2679.98,7609542212.0,merolagani,True
2025-05-26,2712.69,2745.89,2670.35,2674.76,7585022590.92,merolagani,True
2025-05-27,2674.15,2684.77,2655.29,2675.62,6527839581.54,merolagani,True
2025-05-28,2675.61,2696.78,2666.5,2693.06,8586004334.25,merolagani,True
2025-06-02,2715.95,2726.6,2686.93,2694.66,9226322933.09,merolagani,True
2025-06-03,2694.04,2699.28,2656.34,2658.93,6679561324.54,merolagani,True
2025-06-04,2660.22,2664.59,2641.07,2646.95,5163334522.54,merolagani,True
2025-06-05,2643.85,2661.77,2635.3,2640.96,7970886663.46,merolagani,True
2025-06-08,2639.27,2645.22,2626.39,2629.89,9137414918.93,merolagani,True
2025-06-09,2629.23,2657.34,2627.76,2653.09,8689350319.62,merolagani,True
2025-06-10,2654.31,2683.25,2653.57,2678.17,10160981076.17,merolagani,True
2025-06-11,2677.53,2686.45,2660.86,2664.47,9907005575.08,merolagani,True
2025-06-12,2665.23,2672.42,2654.69,2655.38,12515308961.61,merolagani,True
2025-06-15,2654.61,2667.68,2653.43,2655.85,11443272636.94,merolagani,True
2025-06-16,2652.18,2679.74,2652.13,2658.66,13186945742.16,merolagani,True
2025-06-17,2659.28,2670.25,2649.6,2654.75,7653249312.89,merolagani,True
2025-06-18,2654.51,2662.69,2649.78,2653.68,9085886877.1,merolagani,True
2025-06-19,2650.96,2661.33,2628.27,2628.91,11231489964.8,merolagani,True
2025-06-22,2628.81,2631.82,2594.01,2595.97,9145858510.44,merolagani,True
2025-06-23,2598.63,2608.56,2584.47,2600.76,6471952678.0,merolagani,True
2025-06-24,2603.47,2629.26,2599.72,2600.53,5767895001.15,merolagani,True
2025-06-25,2601.11,2607.71,2594.34,2600.2,5942852256.21,merolagani,True
2025-06-26,2599.7,2617.65,2594.71,2595.74,7780242243.42,merolagani,True
2025-06-29,2594.94,2626.21,2594.23,2622.28,7121736114.18,merolagani,True
2025-06-30,2627.93,2638.72,2622.5,2631.48,6387207015.18,merolagani,True
2025-07-01,2633.06,2663.24,2632.19,2660.39,7033050286.61,merolagani,True
2025-07-02,2667.9,2696.13,2661.37,2694.82,9744843375.86,merolagani,True
2025-07-03,2700.17,2716.93,2685.77,2703.96,9645550680.17,merolagani,True
2025-07-06,2708.24,2722.33,2697.32,2706.36,9500003268.96,merolagani,True
2025-07-07,2715.4,2718.11,2680.46,2684.01,8377327147.78,merolagani,True
2025-07-08,2683.77,2690.13,2662.59,2683.86,6574166814.73,merolagani,True
2025-07-09,2679.37,2707.91,2679.16,2705.9,7451877102.1,merolagani,True
2025-07-10,2709.09,2743.09,2706.89,2731.8,9682488739.83,merolagani,True
2025-07-13,2767.53,2798.75,2757.89,2760.8,11416428467.0,merolagani,True
2025-07-14,2761.96,2765.91,2723.82,2725.71,8172143326.07,merolagani,True
2025-07-15,2725.63,2763.27,2724.9,2760.17,9419165807.84,merolagani,True
2025-07-16,2759.58,2803.78,2759.11,2794.78,14034839880.49,merolagani,True
2025-07-17,2797.41,2878.77,2796.58,2870.63,16592105455.17,merolagani,True
2025-07-20,2878.39,2922.84,2861.06,2870.95,21464994133.02,merolagani,True
2025-07-21,2874.29,2902.94,2856.88,2892.72,16327115238.99,merolagani,True
2025-07-22,2895.07,2975.77,2894.48,2973.7,20085367293.76,merolagani,True
2025-07-23,2976.27,2992.26,2947.86,2978.88,19575270557.67,merolagani,True
2025-07-24,2982.86,2990.45,2963.79,2982.64,18490428794.07,merolagani,True
2025-07-27,2984.92,3013.17,2958.34,2964.2,26577438237.51,merolagani,True
2025-07-28,2967.51,2976.92,2917.51,2971.31,19360873034.29,merolagani,True
2025-07-29,2976.0,3028.79,2976.0,3002.07,18529322885.93,merolagani,True
2025-07-30,3008.33,3020.17,2947.71,2954.14,16441354408.52,merolagani,True
2025-07-31,2961.8,2967.03,2915.47,2922.63,15988911994.36,merolagani,True
2025-08-03,2923.87,2923.88,2856.95,2858.9,13075004920.34,merolagani,True
2025-08-04,2857.27,2890.05,2832.6,2875.36,10822449402.92,merolagani,True
2025-08-05,2875.57,2906.24,2831.63,2834.0,9333965281.84,merolagani,True
2025-08-06,2840.03,2856.63,2826.86,2832.06,7631375952.79,merolagani,True
2025-08-07,2831.28,2861.34,2831.27,2850.37,8537581254.96,merolagani,True
2025-08-11,2852.72,2875.45,2820.05,2822.46,10210142308.44,merolagani,True
2025-08-12,2824.01,2828.57,2796.24,2796.24,6918983507.82,merolagani,True
2025-08-13,2799.06,2813.59,2784.49,2785.74,6161894734.55,merolagani,True
2025-08-14,2789.54,2802.14,2784.15,2788.36,7464177704.29,merolagani,True
2025-08-17,2789.85,2803.25,2761.22,2761.22,7735195094.63,merolagani,True
2025-08-18,2760.67,2779.68,2755.88,2770.39,6179855209.52,merolagani,True
2025-08-19,2769.37,2796.68,2769.23,2776.9,5636548038.26,merolagani,True
2025-08-20,2773.37,2783.02,2766.64,2767.2,5200753868.02,merolagani,True
2025-08-21,2767.52,2775.34,2756.85,2757.97,5020104816.55,merolagani,True
2025-08-24,2754.44,2770.8,2737.85,2739.95,6548638335.92,merolagani,True
2025-08-25,2740.31,2764.95,2730.74,2761.26,5753219652.78,merolagani,True
2025-08-26,2764.3,2775.09,2760.73,2766.09,4185315734.37,merolagani,True
2025-08-27,2781.38,2822.79,2767.77,2819.1,7683386441.7,merolagani,True
2025-08-28,2820.01,2824.85,2778.92,2781.0,8095610445.99,merolagani,True
2025-08-31,2784.11,2784.56,2745.69,2749.83,6061822379.1,merolagani,True
2025-09-01,2768.4,2773.69,2741.39,2761.86,5105746657.65,merolagani,True
2025-09-02,2777.52,2791.67,2741.46,2741.97,4438251812.71,merolagani,True
2025-09-03,2744.41,2749.88,2724.99,2726.33,4728052860.98,merolagani,True
2025-09-04,2723.81,2732.75,2702.25,2719.77,5144322258.75,merolagani,True
2025-09-07,2714.23,2727.47,2705.77,2708.25,4402767271.72,merolagani,True
2025-09-08,2707.03,2711.84,2663.78,2672.25,5233766698.24,merolagani,True
2025-09-18,2637.98,2637.97,2511.91,2511.91,728702830.7,merolagani,True
2025-09-21,2487.56,2634.55,2483.15,2623.62,9179573079.96,merolagani,True
2025-09-23,2631.16,2682.28,2630.97,2682.25,5292773925.39,merolagani,True
2025-09-24,2683.46,2689.67,2645.3,2654.35,4124821863.78,merolagani,True
2025-09-25,2653.84,2661.42,2637.37,2652.0,3260440604.18,merolagani,True
2025-09-28,2655.86,2671.68,2647.96,2663.51,2935914910.74,merolagani,True
2025-10-07,2662.51,2664.99,2596.04,2604.96,4629042656.66,merolagani,True
2025-10-08,2610.28,2610.31,2535.3,2559.59,5762701110.82,merolagani,True
2025-10-09,2585.73,2677.09,2575.51,2582.18,5273221479.76,merolagani,True
2025-10-12,2583.97,2584.24,2493.16,2503.35,6707245266.37,merolagani,True
2025-10-13,2521.01,2547.81,2478.39,2547.6,4975408545.45,merolagani,True
2025-10-14,2547.77,2553.57,2523.58,2528.16,3366198262.35,merolagani,True
2025-10-15,2527.92,2528.59,2498.87,2505.58,3101830945.46,merolagani,True
2025-10-16,2505.73,2522.59,2478.56,2487.17,3270054864.16,merolagani,True
2025-10-19,2489.08,2507.12,2482.94,2503.85,2791189909.04,merolagani,True
2025-10-26,2503.44,2509.08,2469.37,2509.04,2661302284.85,merolagani,True
2025-10-28,2506.96,2576.41,2503.98,2571.34,4573943405.5,merolagani,True
2025-10-29,2570.59,2602.98,2557.74,2566.16,5459767681.9,merolagani,True
2025-10-30,2568.41,2605.5,2548.39,2600.38,7513938473.45,merolagani,True
2025-11-02,2614.19,2638.12,2593.67,2631.14,9203146429.51,merolagani,True
2025-11-03,2629.67,2650.61,2610.96,2622.89,6052226903.77,merolagani,True
2025-11-04,2623.76,2627.56,2587.28,2595.24,5150768938.98,merolagani,True
2025-11-05,2597.0,2612.53,2576.83,2607.42,4681922814.96,merolagani,True
2025-11-06,2609.72,2622.44,2589.63,2596.12,5416939357.23,merolagani,True
2025-11-09,2598.4,2599.27,2560.92,2566.09,4907624328.4,merolagani,True
2025-11-10,2570.66,2576.85,2544.1,2561.94,4514408236.34,merolagani,True
2025-11-11,2563.87,2569.99,2548.01,2565.16,3626175110.67,merolagani,True
2025-11-12,2565.78,2569.52,2540.24,2544.59,3848586411.67,merolagani,True
2025-11-13,2538.63,2559.01,2530.32,2545.73,3499821671.82,merolagani,True
2025-11-16,2550.18,2550.18,2533.03,2540.57,3893975793.73,merolagani,True
2025-11-17,2543.89,2555.32,2534.97,2550.36,3946074358.89,merolagani,True
2025-11-18,2549.19,2579.12,2547.42,2566.07,4105406134.02,merolagani,True
2025-11-19,2570.92,2580.09,2550.62,2561.08,3778632771.31,merolagani,True
2025-11-20,2559.89,2563.92,2549.82,2560.29,4688868299.24,merolagani,True
2025-11-23,2562.34,2600.93,2562.34,2600.22,6286733916.88,merolagani,True
2025-11-24,2601.2,2650.66,2601.11,2650.66,7035480136.98,merolagani,True
2025-11-25,2654.29,2658.19,2635.55,2655.99,5823028663.97,merolagani,True
2025-11-26,2661.7,2671.91,2647.39,2665.6,6692971095.05,merolagani,True
2025-11-27,2670.11,2678.29,2658.12,2676.03,6662383143.47,merolagani,True
2025-11-30,2674.69,2694.89,2644.13,2649.52,7085449433.6,merolagani,True
2025-12-01,2648.34,2658.42,2630.66,2645.24,4716383580.86,merolagani,True
2025-12-02,2640.9,2652.52,2638.17,2644.7,4481394149.97,merolagani,True
2025-12-03,2647.41,2658.97,2622.88,2631.17,5235699337.33,merolagani,True
2025-12-07,2629.69,2636.97,2602.95,2609.69,5334415331.06,merolagani,True
2025-12-08,2609.67,2618.22,2601.38,2606.67,4669548742.62,merolagani,True
2025-12-09,2607.36,2620.57,2605.6,2614.07,3755027795.93,merolagani,True
2025-12-10,2613.84,2618.53,2596.7,2609.03,3738772373.24,merolagani,True
2025-12-11,2608.11,2611.99,2601.5,2607.37,3497979756.57,merolagani,True
2025-12-14,2607.05,2614.31,2587.88,2594.87,4007455077.0,merolagani,True
2025-12-15,2593.58,2602.89,2587.23,2601.61,3441903770.18,merolagani,True
2025-12-16,2601.81,2619.99,2600.86,2619.99,3294227122.34,merolagani,True
2025-12-17,2622.33,2632.81,2619.14,2625.69,4053720782.1,merolagani,True
2025-12-18,2629.77,2631.09,2608.89,2615.03,4577827903.2,merolagani,True
2025-12-21,2614.64,2616.25,2588.73,2595.1,4528715671.15,merolagani,True
2025-12-22,2595.08,2597.16,2574.84,2581.21,3515930718.5,merolagani,True
2025-12-23,2579.33,2584.72,2568.94,2584.49,3429893942.07,merolagani,True
2025-12-24,2585.6,2593.57,2577.63,2585.87,3224664663.45,merolagani,True
2025-12-28,2586.82,2633.8,2586.41,2633.42,5531370061.58,merolagani,True
2025-12-29,2640.17,2642.67,2618.19,2622.88,4774786034.55,merolagani,True
2025-12-31,2622.29,2643.64,2622.1,2633.76,5134850052.25,merolagani,True
2026-01-01,2634.81,2637.1,2613.5,2620.92,4713905470.5,merolagani,True
2026-01-04,2616.87,2618.62,2604.42,2610.63,5017587294.34,merolagani,True
2026-01-05,2610.65,2639.56,2609.51,2639.37,6473736099.27,merolagani,True
2026-01-06,2640.77,2662.66,2639.88,2649.3,7123365296.18,merolagani,True
2026-01-07,2650.95,2654.62,2630.86,2635.94,5175091991.6,merolagani,True
2026-01-08,2633.87,2640.56,2626.88,2640.54,4908094092.74,merolagani,True
2026-01-12,2643.19,2651.76,2628.98,2635.0,6472607801.61,merolagani,True
2026-01-13,2633.31,2653.66,2631.78,2639.91,6990484039.45,merolagani,True
2026-01-14,2636.57,2648.98,2633.0,2641.43,6209438906.37,merolagani,True
2026-01-18,2640.53,2672.73,2640.13,2672.55,8402797775.59,merolagani,True
2026-01-20,2678.81,2726.74,2678.81,2714.81,11858421070.67,merolagani,True
2026-01-21,2717.43,2728.05,2695.1,2705.38,8923650346.99,merolagani,True
2026-01-22,2706.44,2714.67,2693.04,2714.61,9073978098.79,merolagani,True
2026-01-25,2716.28,2772.22,2715.78,2772.17,13785729645.05,merolagani,True
2026-01-26,2776.78,2788.09,2746.87,2769.09,16355730466.82,merolagani,True
2026-01-27,2768.97,2782.96,2718.85,2726.51,14167179442.72,merolagani,True
2026-01-28,2728.22,2735.55,2702.56,2731.59,11493989185.27,merolagani,True
2026-01-29,2731.85,2742.53,2710.04,2714.05,14563138865.71,merolagani,True
2026-02-01,2714.77,2719.62,2688.08,2694.2,9109457278.45,merolagani,True
2026-02-02,2680.43,2706.98,2679.86,2695.73,8223965669.86,merolagani,True
2026-02-03,2695.12,2709.89,2675.16,2683.15,8631512542.17,merolagani,True
2026-02-04,2660.98,2702.9,2659.86,2681.5,7499742098.46,merolagani,True
2026-02-05,2681.13,2709.0,2679.75,2708.7,11582893800.91,merolagani,True
2026-02-08,2712.34,2728.43,2695.2,2698.45,11659752143.11,merolagani,True
2026-02-09,2701.61,2702.75,2665.02,2672.39,10773915289.22,merolagani,True
2026-02-10,2671.09,2682.41,2655.3,2662.14,8616410132.46,merolagani,True
2026-02-11,2673.96,2692.55,2656.36,2662.09,8692250855.88,merolagani,True
2026-02-12,2666.62,2681.65,2657.86,2671.07,11102550966.56,merolagani,True
2026-02-16,2674.54,2682.2,2657.67,2662.91,7942760220.64,merolagani,True
2026-02-17,2663.58,2665.82,2636.4,2642.15,8364424555.43,merolagani,True
2026-02-22,2640.67,2642.37,2610.7,2614.55,6699721204.48,merolagani,True
2026-02-23,2613.4,2627.06,2608.95,2616.97,5138649946.77,merolagani,True
2026-02-24,2614.67,2638.64,2614.26,2638.6,4232407613.56,merolagani,True
2026-02-25,2637.97,2653.65,2637.79,2648.9,4451149080.41,merolagani,True
2026-02-26,2665.8,2666.22,2646.43,2654.93,4174630515.28,merolagani,True
2026-03-01,2659.32,2674.2,2626.7,2673.97,5648319041.36,merolagani,True
2026-03-03,2691.71,2712.6,2666.05,2712.49,6234381480.75,merolagani,True
2026-03-09,2757.13,2875.43,2757.12,2875.43,555963894.66,merolagani,True
2026-03-10,2911.37,2911.36,2796.13,2843.35,21502031320.34,merolagani,True
2026-03-11,2852.83,2854.48,2793.39,2796.57,13180255157.52,merolagani,True
2026-03-12,2800.06,2830.27,2781.0,2820.44,14551946230.27,merolagani,True
2026-03-15,2824.89,2839.35,2808.57,2824.9,14329604315.9,merolagani,True
2026-03-16,2827.34,2827.62,2792.13,2798.83,11974696088.01,merolagani,True
2026-03-17,2800.75,2812.34,2787.37,2812.34,12034406328.72,merolagani,True
2026-03-19,2814.25,2882.86,2814.24,2877.03,21223494886.98,merolagani,True
2026-03-22,2890.98,2939.08,2890.68,2931.55,23597712182.84,merolagani,True
2026-03-23,2939.65,2941.53,2906.05,2936.56,15786313440.12,merolagani,True
2026-03-24,2943.47,2960.4,2928.34,2960.4,14839183643.29,merolagani,True
2026-03-25,2964.68,2969.5,2929.44,2935.94,15090416846.15,merolagani,True
2026-03-26,2933.93,2951.28,2918.22,2950.16,13162298717.48,merolagani,True
2026-03-29,2958.78,2958.79,2872.99,2879.11,15033310867.98,merolagani,True
2026-03-30,2881.98,2891.53,2821.82,2831.39,12966659168.04,merolagani,True
2026-03-31,2831.36,2860.55,2788.84,2851.09,11112418806.96,merolagani,True
2026-04-01,2851.64,2851.65,2761.27,2776.36,12109525561.59,merolagani,True
2026-04-02,2770.82,2808.96,2740.22,2782.18,8819723335.29,merolagani,True
2026-04-05,2778.58,2778.58,2672.5,2676.68,12380914570.47,merolagani,True
2026-04-06,2674.94,2776.08,2669.7,2760.02,10928506863.02,merolagani,True
2026-04-07,2762.73,2794.94,2743.36,2757.4,6737148150.66,merolagani,True
2026-04-08,2772.82,2802.52,2766.99,2802.52,8318908441.52,merolagani,True
2026-04-09,2805.18,2854.66,2797.49,2851.24,9919210211.24,merolagani,True
2026-04-10,2857.76,2866.63,2825.3,2837.78,8993280967.98,merolagani,True
2026-04-13,2842.73,2849.09,2827.06,2833.6,8665568641.79,merolagani,True
2026-04-15,2834.5,2879.21,2834.31,2866.87,10537008796.56,merolagani,True
2026-04-16,2868.87,2869.67,2822.68,2833.03,9312860808.27,merolagani,True
2026-04-17,2835.22,2843.57,2808.02,2838.4,7460698098.48,merolagani,True
2026-04-20,2832.1,2846.39,2813.24,2825.23,5434240276.3,merolagani,True
2026-04-21,2838.6,2838.59,2796.92,2807.12,5774317879.28,merolagani,True
2026-04-22,2810.05,2818.2,2762.37,2804.17,7813947342.89,merolagani,True
2026-04-23,2806.53,2817.1,2779.86,2787.15,5095905757.17,merolagani,True
2026-04-24,2795.22,2795.98,2759.54,2788.7,5270399727.64,merolagani,True
2026-04-27,2795.21,2806.96,2789.22,2796.43,4748809127.76,merolagani,True
2026-04-28,2799.57,2812.29,2765.18,2770.26,6531723226.36,merolagani,True
2026-04-29,2771.25,2774.16,2734.33,2744.45,4986303313.38,merolagani,True
2026-04-30,2740.06,2745.55,2708.34,2738.72,4916626848.56,merolagani,True
2026-05-04,2739.04,2742.58,2697.14,2704.08,4265390204.72,merolagani,True
2026-05-05,2701.23,2726.18,2684.62,2712.86,3439068392.77,merolagani,True
2026-05-06,2718.07,2724.27,2705.55,2711.22,3197766779.16,merolagani,True
2026-05-07,2708.01,2718.16,2700.97,2718.16,2931968877.57,merolagani,True
2026-05-08,2719.65,2745.79,2717.96,2745.65,3286870559.39,merolagani,True
2026-05-11,2747.21,2783.99,2747.18,2783.85,4613563635.83,merolagani,True
2026-05-12,2788.9,2802.84,2741.17,2744.4,4665020677.74,merolagani,True
2026-05-13,2746.96,2747.84,2720.41,2740.25,2807446361.53,merolagani,True
2026-05-14,2743.26,2743.25,2717.45,2730.17,3290244619.94,merolagani,True
2026-05-15,2726.98,2744.05,2724.88,2731.94,3097953486.78,merolagani,True
2026-05-18,2737.46,2741.2,2722.67,2730.91,2450878449.3,merolagani,True
2026-05-19,2726.71,2734.73,2719.27,2724.39,3087730962.64,merolagani,True
2026-05-20,2721.73,2756.11,2720.75,2754.48,3820896966.85,merolagani,True
2026-05-21,2762.17,2764.14,2734.21,2742.11,3898418385.27,merolagani,True
2026-05-22,2742.46,2758.49,2736.15,2758.49,4498516094.11,merolagani,True
2026-05-25,2752.95,2790.34,2752.46,2786.35,5986412600.49,merolagani,True
2026-05-26,2784.12,2791.85,2767.18,2777.1,4854444170.67,merolagani,True
2026-05-27,2777.72,2785.33,2766.78,2782.1,6030064840.96,merolagani,True
2026-06-01,2782.4,2789.56,2745.2,2755.37,5614374928.74,merolagani,True
2026-06-02,2758.08,2778.28,2745.66,2777.58,5265275299.01,merolagani,True
2026-06-03,2780.22,2799.15,2768.82,2780.25,5738178165.24,merolagani,True
2026-06-04,2783.48,2786.5,2762.74,2766.78,4703326944.97,merolagani,True
2026-06-05,2759.84,2769.32,2749.26,2755.41,5625611823.7,merolagani,True
2026-06-08,2749.32,2754.58,2726.38,2735.14,4084896190.31,merolagani,True
2026-06-09,2739.71,2741.31,2701.86,2733.59,6443190291.71,merolagani,True
2026-06-10,2722.8,2744.18,2722.66,2736.17,4297464327.6,merolagani,True
2026-06-11,2736.85,2740.61,2722.42,2728.03,3906244894.06,merolagani,True
2026-06-12,2731.54,2733.31,2717.69,2724.03,4341094764.19,merolagani,True
2026-06-15,2720.43,2729.59,2705.03,2711.76,4412048609.9,merolagani,True
2026-06-16,2722.51,2722.81,2701.56,2705.45,4047858084.12,merolagani,True
2026-06-17,2699.06,2714.67,2696.81,2705.53,3637589010.09,merolagani,True
2026-06-18,2698.34,2709.79,2692.76,2700.47,3414823798.68,merolagani,True
2026-06-19,2711.47,2712.45,2691.86,2702.11,4534983568.16,merolagani,True
2026-06-22,2709.3,2719.16,2694.19,2700.65,4446520247.39,merolagani,True
2026-06-23,2696.76,2700.01,2669.25,2674.48,4362194771.59,merolagani,True
2026-06-24,2668.57,2678.29,2633.93,2660.02,4418607486.62,merolagani,True
2026-06-25,2656.3,2663.47,2643.59,2651.52,2838279411.62,merolagani,True
2026-06-26,2649.77,2662.44,2640.26,2649.51,3945804552.36,merolagani,True
2026-06-29,2643.82,2649.11,2623.93,2632.96,2671832965.38,merolagani,True
2026-06-30,2631.55,2638.17,2603.44,2608.33,3258758014.1,merolagani,True
2026-07-01,2606.86,2654.02,2602.39,2652.93,3861183410.26,merolagani,True
2026-07-02,2659.59,2662.01,2625.46,2661.71,4117785700.28,merolagani,True
2026-07-03,2673.15,2673.14,2646.78,2653.4,4412340537.05,merolagani,True
2026-07-06,2658.64,2661.46,2623.25,2627.11,3557981498.91,merolagani,True
2026-07-07,2620.54,2651.86,2619.68,2651.68,4400752542.1,merolagani,True
2026-07-08,2646.69,2649.56,2610.33,2621.59,4826084825.28,merolagani,True
2026-07-09,2619.78,2620.87,2595.76,2601.92,4611954782.83,merolagani,True
2026-07-10,2596.61,2623.24,2592.67,2600.78,6860718658.0,merolagani,True
2026-07-13,2599.66,2607.04,2566.27,2570.18,7468416116.81,merolagani,True
2026-07-14,2569.2,2584.3,2546.69,2576.29,8417570425.82,merolagani,True
2026-07-15,2577.24,2601.99,2576.61,2590.29,4170398049.64,merolagani,True
2026-07-16,2605.26,2606.89,2581.09,2597.8,4562950700.46,merolagani,True
2026-07-17,2599.43,2677.64,2598.24,2677.54,4575094723.51,merolagani,True
2026-07-20,2661.97,2719.28,2659.53,2719.24,5512688979.28,merolagani,True
2026-07-21,2719.39,2754.08,2704.96,2726.49,6671017971.84,merolagani,True
2026-07-22,2719.81,2722.58,2694.54,2712.54,5187467073.77,merolagani,True
2026-07-23,2695.63,2726.77,2689.3,2726.72,4693449370.68,merolagani,True
2026-07-24,2719.75,2747.23,2715.51,2734.6,6267226722.57,merolagani,True
2026-07-27,2716.42,2744.89,2693.03,2701.32,6080863354.65,merolagani,True
2026-07-28,2704.77,2705.83,2680.87,2696.67,4427305542.17,merolagani,True
2026-07-29,2698.55,2706.85,2681.15,2688.88,4029330921.28,merolagani,True
2026-07-30,2661.13,2695.86,2657.63,2672.58,3381318248.02,merolagani,True
2026-07-31,2665.82,2692.23,2653.23,2685.54,3759722340.76,merolagani,True
2026-08-03,2659.11,2705.46,2658.08,2684.33,4572084231.4,merolagani,True
