date,n_posts_day,n_posts_authors_day,n_posts_precls,n_posts_authors_precls,n_comments_day,n_comments_authors_day,n_comments_precls,n_comments_authors_precls
2017-07-06,6.0,3.0,0.0,0.0,7.0,5.0,0.0,0.0
2017-07-07,2.0,2.0,2.0,2.0,4.0,3.0,2.0,1.0
2017-07-08,1.0,1.0,1.0,1.0,2.0,2.0,1.0,1.0
2017-07-09,0.0,0.0,0.0,0.0,3.0,3.0,2.0,2.0
2017-07-10,2.0,1.0,1.0,1.0,0.0,0.0,0.0,0.0
2017-07-12,2.0,1.0,2.0,1.0,0.0,0.0,0.0,0.0
2017-07-13,1.0,1.0,0.0,0.0,0.0,0.0,0.0,0.0
2017-07-14,1.0,1.0,0.0,0.0,0.0,0.0,0.0,0.0
2017-07-17,0.0,0.0,0.0,0.0,1.0,1.0,1.0,1.0
2017-07-18,1.0,1.0,0.0,0.0,1.0,1.0,0.0,0.0
2017-07-20,1.0,1.0,1.0,1.0,6.0,2.0,1.0,1.0
2017-07-21,1.0,1.0,1.0,1.0,3.0,2.0,2.0,2.0
2017-07-22,0.0,0.0,0.0,0.0,2.0,2.0,2.0,2.0
2017-07-23,1.0,1.0,0.0,0.0,0.0,0.0,0.0,0.0
2017-07-24,3.0,3.0,1.0,1.0,6.0,3.0,2.0,2.0
2017-07-25,1.0,1.0,1.0,1.0,2.0,2.0,1.0,1.0
2017-07-26,1.0,1.0,0.0,0.0,0.0,0.0,0.0,0.0
2017-07-27,0.0,0.0,0.0,0.0,1.0,1.0,0.0,0.0
2017-07-31,2.0,2.0,1.0,1.0,1.0,1.0,0.0,0.0
2017-08-05,1.0,1.0,1.0,1.0,0.0,0.0,0.0,0.0
2017-08-12,0.0,0.0,0.0,0.0,1.0,1.0,0.0,0.0
2017-09-01,1.0,1.0,0.0,0.0,1.0,1.0,0.0,0.0
2017-09-02,0.0,0.0,0.0,0.0,1.0,1.0,1.0,1.0
2017-09-04,0.0,0.0,0.0,0.0,2.0,1.0,0.0,0.0
2017-09-08,1.0,1.0,0.0,0.0,0.0,0.0,0.0,0.0
2017-09-19,1.0,1.0,0.0,0.0,2.0,2.0,1.0,1.0
2017-09-25,0.0,0.0,0.0,0.0,1.0,1.0,0.0,0.0
2017-10-07,1.0,1.0,0.0,0.0,0.0,0.0,0.0,0.0
2017-10-14,0.0,0.0,0.0,0.0,1.0,1.0,0.0,0.0
2017-10-23,1.0,1.0,1.0,1.0,0.0,0.0,0.0,0.0
2017-10-24,0.0,0.0,0.0,0.0,1.0,1.0,1.0,1.0
2017-11-29,2.0,2.0,1.0,1.0,3.0,3.0,2.0,2.0
2017-11-30,0.0,0.0,0.0,0.0,5.0,3.0,0.0,0.0
2017-12-01,1.0,1.0,0.0,0.0,2.0,2.0,2.0,2.0
2017-12-02,1.0,1.0,1.0,1.0,2.0,2.0,1.0,1.0
2017-12-03,0.0,0.0,0.0,0.0,3.0,3.0,2.0,2.0
2017-12-06,1.0,1.0,1.0,1.0,0.0,0.0,0.0,0.0
2017-12-23,0.0,0.0,0.0,0.0,1.0,1.0,1.0,1.0
2018-01-03,1.0,1.0,0.0,0.0,0.0,0.0,0.0,0.0
2018-01-06,2.0,2.0,2.0,2.0,2.0,2.0,0.0,0.0
2018-01-10,0.0,0.0,0.0,0.0,1.0,1.0,0.0,0.0
2018-01-11,0.0,0.0,0.0,0.0,2.0,2.0,2.0,2.0
2018-01-19,1.0,1.0,1.0,1.0,1.0,1.0,1.0,1.0
2018-01-20,0.0,0.0,0.0,0.0,1.0,1.0,1.0,1.0
2018-01-23,2.0,2.0,0.0,0.0,1.0,1.0,0.0,0.0
2018-01-24,0.0,0.0,0.0,0.0,2.0,2.0,0.0,0.0
2018-02-13,1.0,1.0,1.0,1.0,2.0,2.0,0.0,0.0
2018-03-04,1.0,1.0,1.0,1.0,2.0,2.0,2.0,2.0
2018-03-20,1.0,1.0,0.0,0.0,0.0,0.0,0.0,0.0
2018-03-29,1.0,1.0,1.0,1.0,0.0,0.0,0.0,0.0
2018-07-10,1.0,1.0,0.0,0.0,1.0,1.0,0.0,0.0
2018-07-22,1.0,1.0,1.0,1.0,1.0,1.0,1.0,1.0
2018-07-23,2.0,2.0,1.0,1.0,1.0,1.0,1.0,1.0
2018-07-24,0.0,0.0,0.0,0.0,1.0,1.0,1.0,1.0
2018-08-04,1.0,1.0,0.0,0.0,1.0,1.0,0.0,0.0
2018-08-05,1.0,1.0,0.0,0.0,0.0,0.0,0.0,0.0
2018-08-06,0.0,0.0,0.0,0.0,1.0,1.0,0.0,0.0
2018-08-07,1.0,1.0,0.0,0.0,5.0,3.0,0.0,0.0
2018-09-28,1.0,1.0,0.0,0.0,0.0,0.0,0.0,0.0
2018-10-10,1.0,1.0,1.0,1.0,1.0,1.0,0.0,0.0
2018-10-21,1.0,1.0,0.0,0.0,1.0,1.0,0.0,0.0
2018-11-13,1.0,1.0,0.0,0.0,3.0,3.0,0.0,0.0
2018-11-23,1.0,1.0,0.0,0.0,0.0,0.0,0.0,0.0
2018-11-30,1.0,1.0,0.0,0.0,1.0,1.0,0.0,0.0
2018-12-02,0.0,0.0,0.0,0.0,3.0,3.0,0.0,0.0
2018-12-06,1.0,1.0,1.0,1.0,5.0,3.0,5.0,3.0
2018-12-25,0.0,0.0,0.0,0.0,1.0,1.0,0.0,0.0
2019-01-01,1.0,1.0,0.0,0.0,0.0,0.0,0.0,0.0
2019-01-09,1.0,1.0,1.0,1.0,1.0,1.0,1.0,1.0
2019-01-14,1.0,1.0,1.0,1.0,2.0,1.0,0.0,0.0
2019-01-21,1.0,1.0,0.0,0.0,0.0,0.0,0.0,0.0
2019-01-22,0.0,0.0,0.0,0.0,1.0,1.0,1.0,1.0
2019-01-23,1.0,1.0,0.0,0.0,1.0,1.0,0.0,0.0
2019-02-07,1.0,1.0,0.0,0.0,2.0,2.0,0.0,0.0
2019-02-08,1.0,1.0,0.0,0.0,2.0,1.0,1.0,1.0
2019-02-09,0.0,0.0,0.0,0.0,1.0,1.0,1.0,1.0
2019-02-15,1.0,1.0,0.0,0.0,1.0,1.0,0.0,0.0
2019-02-16,0.0,0.0,0.0,0.0,3.0,3.0,1.0,1.0
2019-02-17,0.0,0.0,0.0,0.0,3.0,3.0,1.0,1.0
2019-02-18,0.0,0.0,0.0,0.0,1.0,1.0,1.0,1.0
2019-02-19,0.0,0.0,0.0,0.0,3.0,2.0,0.0,0.0
2019-03-03,1.0,1.0,0.0,0.0,0.0,0.0,0.0,0.0
2019-03-16,1.0,1.0,0.0,0.0,0.0,0.0,0.0,0.0
2019-03-17,0.0,0.0,0.0,0.0,2.0,2.0,2.0,2.0
2019-03-19,0.0,0.0,0.0,0.0,1.0,1.0,0.0,0.0
2019-03-23,1.0,1.0,0.0,0.0,0.0,0.0,0.0,0.0
2019-03-26,1.0,1.0,1.0,1.0,0.0,0.0,0.0,0.0
2019-03-27,0.0,0.0,0.0,0.0,1.0,1.0,0.0,0.0
2019-04-14,1.0,1.0,0.0,0.0,0.0,0.0,0.0,0.0
2019-04-15,0.0,0.0,0.0,0.0,6.0,5.0,4.0,3.0
2019-04-16,0.0,0.0,0.0,0.0,2.0,2.0,1.0,1.0
2019-04-25,1.0,1.0,1.0,1.0,1.0,1.0,0.0,0.0
2019-04-27,0.0,0.0,0.0,0.0,1.0,1.0,1.0,1.0
2019-05-15,1.0,1.0,1.0,1.0,0.0,0.0,0.0,0.0
2019-05-31,3.0,1.0,3.0,1.0,0.0,0.0,0.0,0.0
2019-07-02,0.0,0.0,0.0,0.0,1.0,1.0,0.0,0.0
2019-07-04,1.0,1.0,0.0,0.0,0.0,0.0,0.0,0.0
2019-07-05,1.0,1.0,0.0,0.0,5.0,3.0,1.0,1.0
2019-07-06,0.0,0.0,0.0,0.0,5.0,2.0,5.0,2.0
2019-07-09,0.0,0.0,0.0,0.0,1.0,1.0,0.0,0.0
2019-07-13,1.0,1.0,1.0,1.0,0.0,0.0,0.0,0.0
2019-07-16,1.0,1.0,1.0,1.0,2.0,2.0,2.0,2.0
2019-07-17,0.0,0.0,0.0,0.0,1.0,1.0,1.0,1.0
2019-07-18,0.0,0.0,0.0,0.0,2.0,1.0,0.0,0.0
2019-07-25,1.0,1.0,1.0,1.0,1.0,1.0,1.0,1.0
2019-08-01,1.0,1.0,1.0,1.0,2.0,2.0,2.0,2.0
2019-08-03,1.0,1.0,1.0,1.0,1.0,1.0,0.0,0.0
2019-08-04,0.0,0.0,0.0,0.0,4.0,2.0,2.0,2.0
2019-08-21,1.0,1.0,0.0,0.0,0.0,0.0,0.0,0.0
2019-09-06,1.0,1.0,0.0,0.0,0.0,0.0,0.0,0.0
2019-09-07,2.0,1.0,0.0,0.0,5.0,2.0,0.0,0.0
2019-09-08,1.0,1.0,0.0,0.0,1.0,1.0,0.0,0.0
2019-09-09,0.0,0.0,0.0,0.0,1.0,1.0,1.0,1.0
2019-09-10,2.0,1.0,0.0,0.0,1.0,1.0,0.0,0.0
2019-09-11,0.0,0.0,0.0,0.0,4.0,3.0,3.0,2.0
2019-09-24,0.0,0.0,0.0,0.0,2.0,2.0,0.0,0.0
2019-09-26,1.0,1.0,0.0,0.0,2.0,2.0,0.0,0.0
2019-10-05,0.0,0.0,0.0,0.0,1.0,1.0,0.0,0.0
2019-10-12,1.0,1.0,0.0,0.0,0.0,0.0,0.0,0.0
2019-10-13,0.0,0.0,0.0,0.0,1.0,1.0,1.0,1.0
2019-10-16,1.0,1.0,0.0,0.0,0.0,0.0,0.0,0.0
2019-12-21,0.0,0.0,0.0,0.0,1.0,1.0,1.0,1.0
2019-12-30,1.0,1.0,0.0,0.0,0.0,0.0,0.0,0.0
2020-01-17,1.0,1.0,0.0,0.0,0.0,0.0,0.0,0.0
2020-02-26,0.0,0.0,0.0,0.0,2.0,2.0,2.0,2.0
2020-03-03,1.0,1.0,0.0,0.0,0.0,0.0,0.0,0.0
2020-03-04,0.0,0.0,0.0,0.0,1.0,1.0,1.0,1.0
2020-03-05,1.0,1.0,0.0,0.0,1.0,1.0,0.0,0.0
2020-03-06,1.0,1.0,1.0,1.0,6.0,5.0,1.0,1.0
2020-03-07,0.0,0.0,0.0,0.0,3.0,3.0,3.0,3.0
2020-03-09,1.0,1.0,1.0,1.0,2.0,2.0,0.0,0.0
2020-03-17,1.0,1.0,1.0,1.0,3.0,2.0,0.0,0.0
2020-03-20,1.0,1.0,1.0,1.0,3.0,3.0,3.0,3.0
2020-03-21,0.0,0.0,0.0,0.0,1.0,1.0,1.0,1.0
2020-03-30,1.0,1.0,1.0,1.0,2.0,2.0,0.0,0.0
2020-03-31,0.0,0.0,0.0,0.0,1.0,1.0,1.0,1.0
2020-04-08,3.0,1.0,3.0,1.0,1.0,1.0,1.0,1.0
2020-04-09,1.0,1.0,0.0,0.0,0.0,0.0,0.0,0.0
2020-04-10,0.0,0.0,0.0,0.0,3.0,2.0,2.0,2.0
2020-04-13,0.0,0.0,0.0,0.0,1.0,1.0,0.0,0.0
2020-04-16,1.0,1.0,1.0,1.0,0.0,0.0,0.0,0.0
2020-04-17,1.0,1.0,1.0,1.0,4.0,2.0,1.0,1.0
2020-04-18,2.0,2.0,2.0,2.0,6.0,4.0,2.0,2.0
2020-04-20,1.0,1.0,1.0,1.0,0.0,0.0,0.0,0.0
2020-04-24,1.0,1.0,1.0,1.0,2.0,2.0,2.0,2.0
2020-04-25,1.0,1.0,0.0,0.0,0.0,0.0,0.0,0.0
2020-05-07,1.0,1.0,1.0,1.0,0.0,0.0,0.0,0.0
2020-05-11,1.0,1.0,0.0,0.0,1.0,1.0,0.0,0.0
2020-05-12,1.0,1.0,1.0,1.0,0.0,0.0,0.0,0.0
2020-05-13,0.0,0.0,0.0,0.0,1.0,1.0,1.0,1.0
2020-05-17,1.0,1.0,1.0,1.0,3.0,3.0,1.0,1.0
2020-05-18,1.0,1.0,0.0,0.0,4.0,1.0,3.0,1.0
2020-05-19,1.0,1.0,1.0,1.0,6.0,6.0,2.0,2.0
2020-05-20,0.0,0.0,0.0,0.0,4.0,4.0,3.0,3.0
2020-06-03,2.0,2.0,1.0,1.0,1.0,1.0,0.0,0.0
2020-06-04,0.0,0.0,0.0,0.0,2.0,2.0,1.0,1.0
2020-06-09,0.0,0.0,0.0,0.0,1.0,1.0,1.0,1.0
2020-06-18,1.0,1.0,0.0,0.0,2.0,2.0,0.0,0.0
2020-06-24,3.0,3.0,0.0,0.0,3.0,3.0,0.0,0.0
2020-06-25,1.0,1.0,1.0,1.0,11.0,6.0,8.0,4.0
2020-06-26,0.0,0.0,0.0,0.0,8.0,3.0,8.0,3.0
2020-06-27,1.0,1.0,1.0,1.0,4.0,4.0,3.0,3.0
2020-06-28,2.0,2.0,0.0,0.0,1.0,1.0,0.0,0.0
2020-06-29,2.0,1.0,1.0,1.0,8.0,4.0,1.0,1.0
2020-06-30,2.0,2.0,1.0,1.0,11.0,4.0,0.0,0.0
2020-07-01,0.0,0.0,0.0,0.0,8.0,4.0,4.0,3.0
2020-07-02,1.0,1.0,1.0,1.0,4.0,3.0,1.0,1.0
2020-07-03,1.0,1.0,1.0,1.0,9.0,6.0,2.0,2.0
2020-07-04,1.0,1.0,1.0,1.0,4.0,3.0,1.0,1.0
2020-07-05,1.0,1.0,1.0,1.0,6.0,2.0,6.0,2.0
2020-07-08,2.0,1.0,1.0,1.0,5.0,2.0,0.0,0.0
2020-07-09,1.0,1.0,0.0,0.0,7.0,3.0,1.0,1.0
2020-07-10,0.0,0.0,0.0,0.0,2.0,1.0,2.0,1.0
2020-07-11,1.0,1.0,0.0,0.0,2.0,2.0,1.0,1.0
2020-07-12,6.0,4.0,3.0,2.0,19.0,7.0,9.0,5.0
2020-07-13,1.0,1.0,0.0,0.0,4.0,2.0,2.0,1.0
2020-07-14,2.0,2.0,2.0,2.0,10.0,5.0,4.0,3.0
2020-07-15,2.0,2.0,1.0,1.0,7.0,7.0,2.0,2.0
2020-07-16,4.0,3.0,2.0,2.0,11.0,4.0,5.0,3.0
2020-07-17,2.0,2.0,2.0,2.0,13.0,5.0,10.0,4.0
2020-07-18,9.0,8.0,3.0,3.0,36.0,9.0,12.0,5.0
2020-07-19,3.0,3.0,2.0,2.0,25.0,10.0,21.0,8.0
2020-07-20,2.0,2.0,2.0,2.0,9.0,3.0,7.0,3.0
2020-07-21,2.0,2.0,2.0,2.0,22.0,11.0,5.0,5.0
2020-07-22,4.0,4.0,3.0,3.0,22.0,11.0,5.0,3.0
2020-07-23,4.0,2.0,1.0,1.0,15.0,11.0,4.0,4.0
2020-07-24,1.0,1.0,0.0,0.0,11.0,4.0,2.0,2.0
2020-07-25,2.0,1.0,2.0,1.0,4.0,3.0,4.0,3.0
2020-07-26,3.0,2.0,3.0,2.0,15.0,9.0,7.0,4.0
2020-07-27,1.0,1.0,1.0,1.0,2.0,2.0,1.0,1.0
2020-07-28,3.0,3.0,2.0,2.0,4.0,3.0,3.0,2.0
2020-07-29,2.0,2.0,0.0,0.0,11.0,5.0,7.0,3.0
2020-07-30,6.0,4.0,3.0,2.0,27.0,10.0,9.0,5.0
2020-07-31,2.0,2.0,1.0,1.0,40.0,11.0,22.0,8.0
2020-08-01,2.0,2.0,2.0,2.0,14.0,8.0,12.0,7.0
2020-08-02,3.0,2.0,1.0,1.0,11.0,7.0,1.0,1.0
2020-08-03,4.0,4.0,4.0,4.0,17.0,9.0,8.0,4.0
2020-08-04,2.0,2.0,2.0,2.0,3.0,2.0,2.0,1.0
2020-08-05,3.0,2.0,2.0,2.0,16.0,9.0,4.0,4.0
2020-08-06,7.0,3.0,1.0,1.0,19.0,9.0,4.0,4.0
2020-08-07,2.0,2.0,2.0,2.0,22.0,10.0,12.0,5.0
2020-08-08,1.0,1.0,0.0,0.0,3.0,3.0,2.0,2.0
2020-08-09,4.0,1.0,1.0,1.0,4.0,3.0,2.0,1.0
2020-08-10,7.0,5.0,3.0,3.0,21.0,12.0,8.0,6.0
2020-08-11,6.0,3.0,3.0,1.0,25.0,9.0,20.0,6.0
2020-08-12,4.0,3.0,1.0,1.0,10.0,5.0,3.0,3.0
2020-08-13,3.0,3.0,3.0,3.0,25.0,11.0,11.0,7.0
2020-08-14,3.0,3.0,0.0,0.0,14.0,7.0,2.0,1.0
2020-08-15,4.0,3.0,1.0,1.0,18.0,11.0,6.0,5.0
2020-08-16,3.0,3.0,2.0,2.0,14.0,8.0,6.0,4.0
2020-08-17,4.0,2.0,3.0,1.0,26.0,6.0,13.0,6.0
2020-08-18,7.0,5.0,3.0,2.0,21.0,11.0,8.0,5.0
2020-08-19,4.0,4.0,1.0,1.0,11.0,7.0,4.0,4.0
2020-08-20,8.0,4.0,3.0,2.0,19.0,9.0,10.0,4.0
2020-08-21,8.0,4.0,7.0,3.0,35.0,19.0,15.0,9.0
2020-08-22,2.0,1.0,2.0,1.0,18.0,12.0,13.0,9.0
2020-08-23,4.0,2.0,2.0,2.0,18.0,7.0,2.0,2.0
2020-08-24,2.0,1.0,1.0,1.0,10.0,8.0,5.0,5.0
2020-08-25,4.0,4.0,1.0,1.0,6.0,3.0,3.0,2.0
2020-08-26,3.0,3.0,3.0,3.0,6.0,3.0,3.0,2.0
2020-08-27,1.0,1.0,0.0,0.0,3.0,2.0,2.0,2.0
2020-08-28,4.0,3.0,0.0,0.0,3.0,3.0,0.0,0.0
2020-08-29,1.0,1.0,0.0,0.0,5.0,4.0,3.0,2.0
2020-08-30,3.0,3.0,0.0,0.0,20.0,9.0,3.0,3.0
2020-08-31,7.0,5.0,1.0,1.0,26.0,11.0,4.0,3.0
2020-09-01,5.0,3.0,3.0,3.0,21.0,7.0,7.0,2.0
2020-09-02,4.0,3.0,2.0,2.0,16.0,4.0,8.0,2.0
2020-09-03,9.0,6.0,3.0,2.0,34.0,12.0,8.0,5.0
2020-09-04,4.0,3.0,2.0,2.0,22.0,7.0,4.0,3.0
2020-09-05,1.0,1.0,0.0,0.0,7.0,4.0,1.0,1.0
2020-09-06,9.0,4.0,2.0,2.0,14.0,7.0,1.0,1.0
2020-09-07,12.0,4.0,8.0,2.0,56.0,10.0,39.0,7.0
2020-09-08,5.0,5.0,2.0,2.0,37.0,15.0,10.0,5.0
2020-09-09,3.0,3.0,1.0,1.0,24.0,16.0,15.0,10.0
2020-09-10,3.0,2.0,1.0,1.0,8.0,6.0,3.0,3.0
2020-09-11,3.0,3.0,1.0,1.0,15.0,9.0,6.0,4.0
2020-09-12,2.0,2.0,0.0,0.0,2.0,2.0,0.0,0.0
2020-09-13,4.0,4.0,2.0,2.0,9.0,8.0,3.0,3.0
2020-09-14,8.0,5.0,3.0,3.0,21.0,14.0,2.0,1.0
2020-09-15,4.0,3.0,1.0,1.0,16.0,9.0,5.0,3.0
2020-09-16,4.0,3.0,2.0,2.0,27.0,14.0,13.0,7.0
2020-09-17,6.0,5.0,3.0,3.0,35.0,8.0,3.0,2.0
2020-09-18,4.0,3.0,1.0,1.0,14.0,10.0,3.0,2.0
2020-09-19,3.0,3.0,0.0,0.0,23.0,13.0,12.0,8.0
2020-09-20,2.0,2.0,2.0,2.0,10.0,6.0,8.0,4.0
2020-09-21,4.0,2.0,1.0,1.0,37.0,18.0,9.0,4.0
2020-09-22,8.0,6.0,1.0,1.0,14.0,10.0,6.0,5.0
2020-09-23,3.0,3.0,1.0,1.0,9.0,6.0,3.0,2.0
2020-09-24,3.0,3.0,1.0,1.0,12.0,7.0,5.0,2.0
2020-09-25,4.0,3.0,1.0,1.0,18.0,7.0,0.0,0.0
2020-09-26,1.0,1.0,0.0,0.0,7.0,6.0,3.0,3.0
2020-09-27,8.0,6.0,4.0,2.0,44.0,20.0,24.0,9.0
2020-09-28,4.0,2.0,3.0,1.0,11.0,8.0,5.0,4.0
2020-09-29,6.0,4.0,4.0,3.0,39.0,14.0,14.0,4.0
2020-09-30,4.0,4.0,3.0,3.0,26.0,13.0,13.0,8.0
2020-10-01,5.0,4.0,4.0,3.0,15.0,6.0,3.0,3.0
2020-10-02,5.0,4.0,1.0,1.0,18.0,10.0,10.0,5.0
2020-10-03,2.0,1.0,2.0,1.0,10.0,5.0,9.0,5.0
2020-10-04,7.0,6.0,3.0,3.0,10.0,8.0,1.0,1.0
2020-10-05,7.0,5.0,3.0,3.0,58.0,20.0,5.0,5.0
2020-10-06,4.0,4.0,1.0,1.0,21.0,15.0,8.0,8.0
2020-10-07,11.0,7.0,4.0,3.0,40.0,17.0,9.0,6.0
2020-10-08,7.0,6.0,3.0,3.0,37.0,17.0,15.0,7.0
2020-10-09,7.0,5.0,6.0,4.0,32.0,14.0,14.0,9.0
2020-10-10,3.0,2.0,3.0,2.0,6.0,4.0,6.0,4.0
2020-10-11,5.0,4.0,2.0,2.0,14.0,12.0,7.0,5.0
2020-10-12,8.0,5.0,5.0,5.0,22.0,12.0,9.0,8.0
2020-10-13,2.0,2.0,2.0,2.0,6.0,4.0,3.0,2.0
2020-10-14,4.0,3.0,1.0,1.0,26.0,11.0,5.0,4.0
2020-10-15,2.0,2.0,0.0,0.0,14.0,6.0,2.0,2.0
2020-10-16,8.0,3.0,7.0,2.0,29.0,14.0,16.0,6.0
2020-10-17,2.0,2.0,2.0,2.0,18.0,7.0,8.0,5.0
2020-10-18,1.0,1.0,1.0,1.0,16.0,6.0,14.0,5.0
2020-10-19,1.0,1.0,0.0,0.0,5.0,4.0,2.0,2.0
2020-10-20,3.0,3.0,2.0,2.0,10.0,10.0,3.0,3.0
2020-10-21,0.0,0.0,0.0,0.0,8.0,6.0,3.0,3.0
2020-10-22,1.0,1.0,1.0,1.0,2.0,2.0,1.0,1.0
2020-10-23,1.0,1.0,0.0,0.0,0.0,0.0,0.0,0.0
2020-10-24,2.0,2.0,1.0,1.0,7.0,3.0,1.0,1.0
2020-10-25,0.0,0.0,0.0,0.0,10.0,6.0,10.0,6.0
2020-10-26,1.0,1.0,0.0,0.0,2.0,2.0,0.0,0.0
2020-10-27,2.0,2.0,1.0,1.0,13.0,8.0,2.0,2.0
2020-10-28,2.0,2.0,1.0,1.0,7.0,7.0,4.0,4.0
2020-10-29,3.0,1.0,2.0,1.0,10.0,7.0,2.0,2.0
2020-10-30,4.0,4.0,0.0,0.0,8.0,4.0,0.0,0.0
2020-10-31,5.0,4.0,3.0,2.0,19.0,8.0,15.0,5.0
2020-11-01,5.0,3.0,3.0,1.0,24.0,16.0,13.0,8.0
2020-11-02,3.0,1.0,2.0,1.0,26.0,11.0,7.0,5.0
2020-11-03,2.0,2.0,2.0,2.0,5.0,5.0,1.0,1.0
2020-11-04,6.0,5.0,1.0,1.0,27.0,15.0,3.0,3.0
2020-11-05,9.0,7.0,5.0,5.0,37.0,18.0,10.0,9.0
2020-11-06,2.0,1.0,0.0,0.0,15.0,10.0,7.0,5.0
2020-11-07,4.0,2.0,0.0,0.0,16.0,10.0,4.0,4.0
2020-11-08,1.0,1.0,1.0,1.0,5.0,4.0,4.0,3.0
2020-11-09,7.0,6.0,2.0,2.0,22.0,14.0,3.0,3.0
2020-11-10,1.0,1.0,1.0,1.0,8.0,7.0,5.0,4.0
2020-11-11,6.0,5.0,4.0,4.0,15.0,12.0,6.0,5.0
2020-11-12,9.0,6.0,5.0,3.0,32.0,13.0,12.0,6.0
2020-11-13,3.0,3.0,2.0,2.0,17.0,11.0,7.0,4.0
2020-11-14,2.0,2.0,0.0,0.0,10.0,5.0,3.0,3.0
2020-11-15,3.0,2.0,2.0,1.0,11.0,7.0,4.0,3.0
2020-11-16,3.0,3.0,2.0,2.0,17.0,9.0,13.0,6.0
2020-11-17,4.0,3.0,2.0,2.0,27.0,11.0,6.0,4.0
2020-11-18,5.0,5.0,2.0,2.0,22.0,10.0,14.0,8.0
2020-11-19,17.0,11.0,6.0,4.0,52.0,20.0,18.0,11.0
2020-11-20,2.0,1.0,1.0,1.0,24.0,15.0,12.0,9.0
2020-11-21,9.0,8.0,4.0,4.0,34.0,21.0,7.0,6.0
2020-11-22,9.0,7.0,4.0,4.0,58.0,19.0,17.0,8.0
2020-11-23,6.0,4.0,4.0,3.0,30.0,14.0,15.0,8.0
2020-11-24,13.0,6.0,7.0,4.0,44.0,23.0,10.0,8.0
2020-11-25,10.0,8.0,4.0,4.0,52.0,27.0,14.0,10.0
2020-11-26,18.0,12.0,10.0,5.0,98.0,30.0,33.0,16.0
2020-11-27,13.0,11.0,7.0,5.0,81.0,29.0,26.0,14.0
2020-11-28,8.0,8.0,2.0,2.0,49.0,23.0,25.0,12.0
2020-11-29,10.0,5.0,6.0,4.0,33.0,17.0,22.0,13.0
2020-11-30,17.0,13.0,10.0,7.0,70.0,33.0,30.0,16.0
2020-12-01,9.0,9.0,4.0,4.0,50.0,20.0,15.0,8.0
2020-12-02,3.0,3.0,1.0,1.0,46.0,14.0,31.0,9.0
2020-12-03,6.0,6.0,3.0,3.0,43.0,20.0,16.0,6.0
2020-12-04,9.0,7.0,4.0,4.0,53.0,16.0,24.0,9.0
2020-12-05,8.0,6.0,3.0,3.0,41.0,16.0,24.0,9.0
2020-12-06,17.0,10.0,5.0,2.0,71.0,28.0,19.0,14.0
2020-12-07,7.0,6.0,3.0,3.0,73.0,28.0,33.0,13.0
2020-12-08,9.0,8.0,4.0,4.0,65.0,32.0,29.0,18.0
2020-12-09,7.0,5.0,3.0,3.0,39.0,25.0,16.0,13.0
2020-12-10,10.0,7.0,4.0,3.0,36.0,19.0,18.0,12.0
2020-12-11,10.0,6.0,3.0,3.0,41.0,18.0,10.0,7.0
2020-12-12,7.0,5.0,3.0,3.0,59.0,23.0,13.0,8.0
2020-12-13,4.0,4.0,2.0,2.0,60.0,24.0,28.0,14.0
2020-12-14,12.0,8.0,3.0,3.0,111.0,43.0,25.0,15.0
2020-12-15,7.0,7.0,4.0,4.0,40.0,22.0,12.0,10.0
2020-12-16,11.0,7.0,4.0,3.0,36.0,24.0,20.0,16.0
2020-12-17,8.0,6.0,4.0,3.0,48.0,25.0,17.0,9.0
2020-12-18,13.0,10.0,7.0,7.0,64.0,29.0,26.0,14.0
2020-12-19,6.0,4.0,4.0,4.0,44.0,21.0,18.0,8.0
2020-12-20,13.0,11.0,8.0,6.0,57.0,30.0,24.0,15.0
2020-12-21,12.0,9.0,3.0,3.0,53.0,23.0,15.0,9.0
2020-12-22,5.0,3.0,1.0,1.0,48.0,22.0,20.0,10.0
2020-12-23,9.0,5.0,6.0,3.0,45.0,28.0,24.0,14.0
2020-12-24,8.0,7.0,4.0,4.0,38.0,26.0,16.0,13.0
2020-12-25,10.0,7.0,3.0,3.0,44.0,22.0,16.0,11.0
2020-12-26,5.0,5.0,4.0,4.0,36.0,20.0,8.0,6.0
2020-12-27,9.0,9.0,4.0,4.0,65.0,35.0,20.0,15.0
2020-12-28,9.0,8.0,3.0,3.0,52.0,25.0,29.0,15.0
2020-12-29,9.0,6.0,2.0,2.0,50.0,24.0,11.0,8.0
2020-12-30,11.0,10.0,6.0,6.0,46.0,22.0,20.0,12.0
2020-12-31,13.0,9.0,6.0,4.0,54.0,25.0,21.0,10.0
2021-01-01,5.0,5.0,3.0,3.0,37.0,22.0,14.0,12.0
2021-01-02,5.0,5.0,2.0,2.0,15.0,10.0,3.0,3.0
2021-01-03,10.0,8.0,5.0,5.0,101.0,36.0,24.0,13.0
2021-01-04,15.0,14.0,9.0,8.0,61.0,35.0,36.0,18.0
2021-01-05,15.0,14.0,8.0,8.0,102.0,41.0,36.0,20.0
2021-01-06,8.0,6.0,1.0,1.0,46.0,20.0,5.0,4.0
2021-01-07,14.0,13.0,4.0,4.0,45.0,19.0,1.0,1.0
2021-01-08,9.0,7.0,4.0,4.0,50.0,26.0,23.0,18.0
2021-01-09,2.0,2.0,0.0,0.0,28.0,16.0,10.0,8.0
2021-01-10,9.0,9.0,2.0,2.0,41.0,20.0,7.0,6.0
2021-01-11,10.0,9.0,6.0,5.0,55.0,25.0,21.0,12.0
2021-01-12,13.0,10.0,2.0,2.0,47.0,25.0,10.0,10.0
2021-01-13,15.0,13.0,7.0,6.0,79.0,37.0,24.0,17.0
2021-01-14,11.0,9.0,3.0,3.0,102.0,31.0,45.0,16.0
2021-01-15,13.0,11.0,4.0,3.0,99.0,42.0,18.0,12.0
2021-01-16,9.0,8.0,2.0,2.0,94.0,42.0,38.0,22.0
2021-01-17,14.0,13.0,6.0,6.0,83.0,36.0,38.0,21.0
2021-01-18,18.0,13.0,10.0,10.0,97.0,51.0,46.0,31.0
2021-01-19,20.0,14.0,10.0,9.0,81.0,45.0,28.0,18.0
2021-01-20,11.0,8.0,2.0,2.0,57.0,33.0,18.0,10.0
2021-01-21,19.0,14.0,8.0,7.0,91.0,47.0,32.0,26.0
2021-01-22,15.0,11.0,7.0,7.0,66.0,39.0,35.0,26.0
2021-01-23,7.0,5.0,5.0,3.0,32.0,22.0,12.0,6.0
2021-01-24,18.0,7.0,8.0,2.0,93.0,40.0,43.0,16.0
2021-01-25,19.0,11.0,10.0,7.0,94.0,37.0,53.0,20.0
2021-01-26,16.0,12.0,7.0,7.0,114.0,41.0,43.0,20.0
2021-01-27,15.0,10.0,9.0,9.0,99.0,44.0,37.0,21.0
2021-01-28,24.0,16.0,11.0,10.0,192.0,62.0,74.0,28.0
2021-01-29,23.0,17.0,12.0,9.0,163.0,67.0,68.0,29.0
2021-01-30,19.0,9.0,6.0,4.0,88.0,47.0,65.0,32.0
2021-01-31,15.0,10.0,6.0,4.0,103.0,54.0,40.0,27.0
2021-02-01,26.0,22.0,12.0,12.0,187.0,63.0,66.0,29.0
2021-02-02,14.0,12.0,2.0,2.0,152.0,53.0,48.0,25.0
2021-02-03,8.0,7.0,1.0,1.0,131.0,59.0,35.0,25.0
2021-02-04,20.0,14.0,8.0,6.0,111.0,56.0,42.0,29.0
2021-02-05,14.0,10.0,9.0,7.0,114.0,55.0,41.0,26.0
2021-02-06,6.0,5.0,2.0,2.0,66.0,33.0,39.0,20.0
2021-02-07,18.0,12.0,11.0,8.0,132.0,57.0,45.0,24.0
2021-02-08,20.0,13.0,7.0,6.0,155.0,64.0,38.0,24.0
2021-02-09,33.0,18.0,17.0,11.0,142.0,68.0,69.0,40.0
2021-02-10,34.0,24.0,17.0,14.0,186.0,76.0,72.0,37.0
2021-02-11,20.0,16.0,8.0,7.0,132.0,65.0,70.0,38.0
2021-02-12,13.0,10.0,10.0,9.0,92.0,51.0,33.0,24.0
2021-02-13,15.0,12.0,2.0,2.0,96.0,44.0,31.0,16.0
2021-02-14,22.0,19.0,13.0,12.0,138.0,72.0,62.0,38.0
2021-02-15,22.0,16.0,9.0,7.0,154.0,67.0,65.0,34.0
2021-02-16,16.0,12.0,9.0,7.0,128.0,56.0,61.0,34.0
2021-02-17,25.0,20.0,12.0,10.0,117.0,67.0,40.0,30.0
2021-02-18,32.0,24.0,18.0,14.0,125.0,56.0,64.0,37.0
2021-02-19,12.0,8.0,5.0,5.0,114.0,46.0,43.0,25.0
2021-02-20,9.0,8.0,4.0,4.0,81.0,47.0,33.0,20.0
2021-02-21,13.0,12.0,8.0,7.0,123.0,61.0,49.0,30.0
2021-02-22,23.0,19.0,10.0,8.0,147.0,67.0,66.0,36.0
2021-02-23,48.0,32.0,24.0,20.0,305.0,93.0,142.0,58.0
2021-02-24,39.0,32.0,23.0,18.0,243.0,90.0,149.0,60.0
2021-02-25,16.0,12.0,6.0,4.0,127.0,58.0,50.0,33.0
2021-02-26,18.0,16.0,4.0,4.0,117.0,58.0,33.0,23.0
2021-02-27,14.0,11.0,6.0,5.0,84.0,42.0,41.0,23.0
2021-02-28,21.0,17.0,10.0,7.0,125.0,51.0,55.0,33.0
2021-03-01,14.0,11.0,5.0,5.0,77.0,46.0,44.0,29.0
2021-03-02,17.0,15.0,8.0,7.0,101.0,52.0,35.0,26.0
2021-03-03,13.0,11.0,7.0,7.0,86.0,48.0,54.0,30.0
2021-03-04,10.0,8.0,8.0,6.0,60.0,39.0,30.0,22.0
2021-03-05,9.0,7.0,3.0,2.0,43.0,26.0,20.0,15.0
2021-03-06,9.0,9.0,3.0,3.0,43.0,31.0,20.0,17.0
2021-03-07,13.0,11.0,6.0,6.0,78.0,41.0,34.0,19.0
2021-03-08,9.0,8.0,4.0,4.0,77.0,40.0,32.0,22.0
2021-03-09,21.0,12.0,8.0,7.0,54.0,30.0,29.0,19.0
2021-03-10,18.0,13.0,8.0,7.0,75.0,47.0,32.0,23.0
2021-03-11,8.0,6.0,4.0,4.0,43.0,34.0,31.0,24.0
2021-03-12,8.0,6.0,6.0,5.0,49.0,33.0,21.0,17.0
2021-03-13,5.0,5.0,0.0,0.0,17.0,17.0,4.0,4.0
2021-03-14,13.0,9.0,3.0,3.0,74.0,37.0,29.0,19.0
2021-03-15,11.0,10.0,3.0,3.0,61.0,35.0,20.0,14.0
2021-03-16,16.0,11.0,4.0,4.0,48.0,28.0,23.0,17.0
2021-03-17,9.0,9.0,6.0,6.0,89.0,46.0,42.0,26.0
2021-03-18,9.0,7.0,4.0,4.0,59.0,31.0,23.0,18.0
2021-03-19,20.0,14.0,4.0,4.0,58.0,36.0,18.0,15.0
2021-03-20,8.0,5.0,3.0,2.0,40.0,22.0,22.0,10.0
2021-03-21,22.0,15.0,8.0,8.0,100.0,52.0,45.0,30.0
2021-03-22,7.0,7.0,3.0,3.0,84.0,51.0,48.0,31.0
2021-03-23,22.0,16.0,10.0,7.0,99.0,51.0,55.0,32.0
2021-03-24,14.0,8.0,7.0,4.0,80.0,42.0,43.0,25.0
2021-03-25,19.0,15.0,9.0,8.0,72.0,42.0,28.0,18.0
2021-03-26,15.0,11.0,11.0,8.0,71.0,35.0,26.0,15.0
2021-03-27,12.0,9.0,6.0,5.0,74.0,40.0,53.0,30.0
2021-03-28,8.0,7.0,4.0,4.0,44.0,22.0,11.0,8.0
2021-03-29,11.0,7.0,6.0,4.0,86.0,46.0,48.0,30.0
2021-03-30,18.0,9.0,8.0,6.0,102.0,42.0,50.0,19.0
2021-03-31,28.0,19.0,19.0,16.0,153.0,65.0,97.0,44.0
2021-04-01,18.0,12.0,11.0,9.0,141.0,62.0,81.0,37.0
2021-04-02,17.0,12.0,14.0,10.0,86.0,47.0,36.0,24.0
2021-04-03,5.0,5.0,3.0,3.0,36.0,29.0,24.0,18.0
2021-04-04,19.0,12.0,8.0,8.0,90.0,43.0,33.0,24.0
2021-04-05,30.0,22.0,14.0,11.0,108.0,57.0,61.0,33.0
2021-04-06,20.0,18.0,12.0,12.0,124.0,59.0,84.0,42.0
2021-04-07,9.0,8.0,7.0,6.0,123.0,61.0,76.0,43.0
2021-04-08,11.0,7.0,9.0,6.0,52.0,37.0,30.0,22.0
2021-04-09,11.0,8.0,5.0,5.0,42.0,27.0,15.0,14.0
2021-04-10,12.0,10.0,3.0,3.0,50.0,28.0,14.0,10.0
2021-04-11,6.0,6.0,2.0,2.0,67.0,39.0,39.0,21.0
2021-04-12,8.0,8.0,3.0,3.0,66.0,32.0,32.0,23.0
2021-04-13,7.0,6.0,5.0,5.0,58.0,34.0,33.0,22.0
2021-04-14,5.0,4.0,2.0,2.0,21.0,14.0,15.0,9.0
2021-04-15,10.0,8.0,5.0,5.0,64.0,36.0,37.0,23.0
2021-04-16,7.0,7.0,0.0,0.0,53.0,28.0,20.0,13.0
2021-04-17,13.0,11.0,8.0,7.0,81.0,44.0,40.0,23.0
2021-04-18,17.0,13.0,7.0,7.0,65.0,47.0,43.0,35.0
2021-04-19,11.0,10.0,5.0,5.0,96.0,54.0,61.0,36.0
2021-04-20,12.0,5.0,3.0,3.0,82.0,44.0,53.0,29.0
2021-04-21,11.0,10.0,7.0,6.0,69.0,45.0,27.0,20.0
2021-04-22,18.0,14.0,9.0,8.0,102.0,54.0,69.0,38.0
2021-04-23,7.0,7.0,3.0,3.0,107.0,40.0,20.0,17.0
2021-04-24,5.0,4.0,2.0,2.0,44.0,22.0,18.0,10.0
2021-04-25,15.0,12.0,10.0,8.0,137.0,64.0,65.0,39.0
2021-04-26,18.0,14.0,10.0,8.0,118.0,45.0,73.0,32.0
2021-04-27,11.0,9.0,6.0,4.0,153.0,60.0,52.0,25.0
2021-04-28,16.0,14.0,10.0,9.0,115.0,48.0,66.0,28.0
2021-04-29,11.0,8.0,5.0,5.0,72.0,42.0,46.0,26.0
2021-04-30,8.0,8.0,6.0,6.0,53.0,32.0,25.0,16.0
2021-05-01,6.0,6.0,2.0,2.0,58.0,29.0,36.0,17.0
2021-05-02,13.0,6.0,8.0,4.0,122.0,45.0,82.0,33.0
2021-05-03,18.0,12.0,8.0,5.0,189.0,63.0,101.0,40.0
2021-05-04,23.0,15.0,11.0,8.0,137.0,62.0,71.0,37.0
2021-05-05,17.0,13.0,11.0,8.0,132.0,56.0,67.0,33.0
2021-05-06,16.0,13.0,9.0,8.0,110.0,57.0,58.0,32.0
2021-05-07,16.0,12.0,10.0,7.0,79.0,37.0,33.0,22.0
2021-05-08,5.0,5.0,5.0,5.0,33.0,24.0,25.0,19.0
2021-05-09,7.0,7.0,2.0,2.0,63.0,38.0,30.0,22.0
2021-05-10,12.0,12.0,6.0,6.0,60.0,33.0,42.0,24.0
2021-05-11,12.0,9.0,8.0,5.0,98.0,38.0,76.0,27.0
2021-05-12,12.0,11.0,4.0,4.0,72.0,47.0,33.0,28.0
2021-05-13,13.0,9.0,6.0,6.0,87.0,41.0,51.0,28.0
2021-05-14,9.0,8.0,1.0,1.0,46.0,23.0,26.0,13.0
2021-05-15,5.0,5.0,4.0,4.0,34.0,16.0,18.0,11.0
2021-05-16,12.0,9.0,12.0,9.0,106.0,44.0,66.0,31.0
2021-05-17,9.0,7.0,3.0,3.0,123.0,51.0,44.0,31.0
2021-05-18,21.0,17.0,6.0,6.0,129.0,64.0,61.0,36.0
2021-05-19,21.0,17.0,15.0,13.0,124.0,54.0,75.0,37.0
2021-05-20,13.0,12.0,5.0,5.0,218.0,86.0,111.0,51.0
2021-05-21,16.0,13.0,9.0,9.0,88.0,40.0,36.0,22.0
2021-05-22,8.0,6.0,2.0,2.0,176.0,53.0,30.0,16.0
2021-05-23,13.0,12.0,8.0,8.0,185.0,78.0,101.0,51.0
2021-05-24,16.0,15.0,6.0,6.0,224.0,78.0,139.0,55.0
2021-05-25,15.0,15.0,5.0,5.0,169.0,71.0,81.0,41.0
2021-05-26,9.0,7.0,4.0,4.0,116.0,57.0,68.0,37.0
2021-05-27,18.0,15.0,9.0,7.0,243.0,87.0,142.0,59.0
2021-05-28,10.0,9.0,5.0,5.0,85.0,41.0,45.0,25.0
2021-05-29,18.0,12.0,6.0,3.0,123.0,55.0,32.0,20.0
2021-05-30,20.0,14.0,11.0,10.0,170.0,74.0,106.0,48.0
2021-05-31,22.0,17.0,11.0,8.0,188.0,82.0,103.0,56.0
2021-06-01,13.0,12.0,9.0,8.0,121.0,57.0,86.0,38.0
2021-06-02,18.0,14.0,7.0,7.0,236.0,66.0,181.0,44.0
2021-06-03,19.0,15.0,7.0,6.0,175.0,77.0,103.0,47.0
2021-06-04,20.0,15.0,11.0,8.0,90.0,51.0,52.0,31.0
2021-06-05,10.0,10.0,7.0,7.0,113.0,35.0,62.0,23.0
2021-06-06,16.0,12.0,9.0,8.0,299.0,91.0,170.0,63.0
2021-06-07,18.0,16.0,10.0,10.0,225.0,100.0,133.0,66.0
2021-06-08,24.0,13.0,8.0,7.0,234.0,96.0,139.0,62.0
2021-06-09,20.0,15.0,13.0,11.0,240.0,94.0,162.0,74.0
2021-06-10,19.0,16.0,5.0,5.0,269.0,96.0,119.0,61.0
2021-06-11,5.0,5.0,3.0,3.0,65.0,51.0,35.0,29.0
2021-06-12,11.0,10.0,7.0,7.0,128.0,55.0,60.0,29.0
2021-06-13,19.0,15.0,10.0,10.0,163.0,67.0,96.0,44.0
2021-06-14,23.0,19.0,9.0,9.0,190.0,83.0,111.0,57.0
2021-06-15,27.0,20.0,13.0,11.0,266.0,105.0,111.0,65.0
2021-06-16,20.0,17.0,13.0,11.0,195.0,89.0,112.0,62.0
2021-06-17,18.0,15.0,11.0,9.0,156.0,74.0,89.0,48.0
2021-06-18,11.0,9.0,9.0,7.0,87.0,46.0,61.0,31.0
2021-06-19,7.0,7.0,6.0,6.0,66.0,35.0,34.0,22.0
2021-06-20,12.0,12.0,5.0,5.0,151.0,65.0,67.0,39.0
2021-06-21,10.0,9.0,5.0,5.0,172.0,77.0,86.0,42.0
2021-06-22,15.0,14.0,4.0,4.0,173.0,80.0,85.0,49.0
2021-06-23,18.0,13.0,7.0,6.0,112.0,50.0,72.0,36.0
2021-06-24,10.0,8.0,4.0,4.0,120.0,51.0,56.0,31.0
2021-06-25,17.0,14.0,4.0,4.0,104.0,58.0,41.0,26.0
2021-06-26,18.0,13.0,9.0,6.0,121.0,48.0,51.0,28.0
2021-06-27,19.0,15.0,8.0,7.0,180.0,84.0,93.0,50.0
2021-06-28,10.0,8.0,6.0,4.0,107.0,57.0,59.0,34.0
2021-06-29,20.0,16.0,16.0,12.0,121.0,61.0,63.0,38.0
2021-06-30,18.0,13.0,11.0,8.0,144.0,64.0,81.0,44.0
2021-07-01,18.0,14.0,10.0,8.0,166.0,62.0,98.0,43.0
2021-07-02,9.0,7.0,3.0,3.0,63.0,39.0,23.0,20.0
2021-07-03,8.0,4.0,4.0,1.0,62.0,26.0,20.0,10.0
2021-07-04,12.0,9.0,4.0,3.0,129.0,40.0,51.0,22.0
2021-07-05,7.0,7.0,3.0,3.0,85.0,41.0,42.0,28.0
2021-07-06,18.0,14.0,9.0,7.0,81.0,46.0,49.0,31.0
2021-07-07,10.0,6.0,5.0,4.0,88.0,48.0,54.0,32.0
2021-07-08,12.0,8.0,9.0,5.0,75.0,38.0,39.0,24.0
2021-07-09,8.0,8.0,3.0,3.0,48.0,26.0,9.0,9.0
2021-07-10,2.0,2.0,1.0,1.0,51.0,23.0,40.0,18.0
2021-07-11,11.0,10.0,3.0,3.0,58.0,33.0,30.0,20.0
2021-07-12,12.0,9.0,7.0,6.0,86.0,49.0,48.0,29.0
2021-07-13,10.0,9.0,5.0,5.0,75.0,37.0,30.0,19.0
2021-07-14,11.0,7.0,2.0,2.0,73.0,39.0,34.0,23.0
2021-07-15,7.0,7.0,4.0,4.0,84.0,44.0,37.0,26.0
2021-07-16,11.0,9.0,3.0,3.0,67.0,38.0,23.0,17.0
2021-07-17,5.0,4.0,2.0,2.0,62.0,36.0,36.0,22.0
2021-07-18,21.0,19.0,6.0,6.0,133.0,58.0,35.0,23.0
2021-07-19,22.0,12.0,11.0,7.0,171.0,66.0,87.0,45.0
2021-07-20,15.0,11.0,10.0,7.0,81.0,48.0,46.0,28.0
2021-07-21,16.0,9.0,11.0,6.0,95.0,43.0,42.0,21.0
2021-07-22,14.0,7.0,3.0,3.0,115.0,50.0,69.0,32.0
2021-07-23,9.0,7.0,6.0,4.0,57.0,29.0,24.0,15.0
2021-07-24,10.0,5.0,2.0,2.0,52.0,35.0,19.0,13.0
2021-07-25,9.0,8.0,3.0,3.0,114.0,59.0,43.0,29.0
2021-07-26,20.0,12.0,12.0,7.0,95.0,48.0,36.0,24.0
2021-07-27,17.0,6.0,7.0,3.0,103.0,52.0,55.0,29.0
2021-07-28,14.0,11.0,5.0,5.0,120.0,58.0,66.0,38.0
2021-07-29,15.0,12.0,4.0,4.0,99.0,60.0,49.0,34.0
2021-07-30,5.0,5.0,3.0,3.0,64.0,33.0,31.0,19.0
2021-07-31,2.0,2.0,1.0,1.0,43.0,29.0,10.0,10.0
2021-08-01,15.0,12.0,7.0,6.0,121.0,47.0,44.0,23.0
2021-08-02,10.0,6.0,4.0,3.0,75.0,45.0,39.0,24.0
2021-08-03,16.0,14.0,7.0,7.0,112.0,45.0,50.0,23.0
2021-08-04,22.0,12.0,7.0,5.0,131.0,66.0,65.0,37.0
2021-08-05,11.0,9.0,2.0,2.0,91.0,37.0,53.0,25.0
2021-08-06,6.0,6.0,3.0,3.0,55.0,32.0,32.0,23.0
2021-08-07,5.0,4.0,5.0,4.0,28.0,19.0,20.0,13.0
2021-08-08,12.0,10.0,5.0,5.0,66.0,27.0,28.0,14.0
2021-08-09,14.0,13.0,9.0,9.0,97.0,51.0,52.0,33.0
2021-08-10,19.0,16.0,8.0,6.0,116.0,54.0,52.0,25.0
2021-08-11,11.0,11.0,7.0,7.0,93.0,55.0,58.0,38.0
2021-08-12,13.0,9.0,5.0,2.0,117.0,52.0,65.0,33.0
2021-08-13,12.0,9.0,8.0,6.0,85.0,46.0,31.0,19.0
2021-08-14,12.0,12.0,4.0,4.0,113.0,54.0,32.0,19.0
2021-08-15,20.0,17.0,9.0,9.0,139.0,73.0,88.0,49.0
2021-08-16,16.0,11.0,7.0,7.0,124.0,58.0,72.0,36.0
2021-08-17,26.0,14.0,12.0,7.0,145.0,62.0,79.0,41.0
2021-08-18,32.0,22.0,10.0,10.0,181.0,78.0,106.0,53.0
2021-08-19,21.0,15.0,11.0,7.0,184.0,66.0,103.0,37.0
2021-08-20,9.0,8.0,5.0,5.0,90.0,47.0,38.0,23.0
2021-08-21,9.0,9.0,4.0,4.0,82.0,44.0,36.0,23.0
2021-08-22,13.0,9.0,4.0,4.0,74.0,32.0,33.0,16.0
2021-08-23,18.0,13.0,6.0,6.0,96.0,45.0,59.0,25.0
2021-08-24,16.0,13.0,7.0,7.0,144.0,70.0,79.0,44.0
2021-08-25,15.0,12.0,8.0,7.0,141.0,66.0,74.0,41.0
2021-08-26,19.0,14.0,10.0,7.0,116.0,56.0,58.0,33.0
2021-08-27,6.0,4.0,6.0,4.0,55.0,25.0,40.0,20.0
2021-08-28,1.0,1.0,0.0,0.0,11.0,8.0,5.0,5.0
2021-08-29,13.0,10.0,7.0,6.0,82.0,46.0,43.0,25.0
2021-08-30,9.0,8.0,5.0,5.0,84.0,43.0,36.0,26.0
2021-08-31,11.0,8.0,7.0,6.0,114.0,58.0,50.0,28.0
2021-09-01,14.0,11.0,6.0,6.0,116.0,54.0,59.0,41.0
2021-09-02,17.0,11.0,7.0,6.0,149.0,56.0,36.0,27.0
2021-09-03,2.0,2.0,2.0,2.0,41.0,24.0,35.0,21.0
2021-09-04,8.0,8.0,4.0,4.0,85.0,43.0,44.0,29.0
2021-09-05,25.0,19.0,10.0,9.0,175.0,88.0,80.0,51.0
2021-09-06,14.0,12.0,8.0,8.0,125.0,59.0,68.0,36.0
2021-09-07,14.0,11.0,8.0,7.0,85.0,48.0,53.0,33.0
2021-09-08,6.0,4.0,3.0,3.0,65.0,32.0,46.0,21.0
2021-09-09,11.0,9.0,6.0,6.0,84.0,48.0,44.0,30.0
2021-09-10,7.0,4.0,6.0,4.0,55.0,32.0,30.0,21.0
2021-09-11,5.0,4.0,2.0,2.0,62.0,28.0,17.0,15.0
2021-09-12,15.0,12.0,9.0,8.0,110.0,44.0,57.0,29.0
2021-09-13,7.0,5.0,3.0,3.0,105.0,55.0,45.0,23.0
2021-09-14,7.0,5.0,5.0,4.0,126.0,50.0,93.0,38.0
2021-09-15,5.0,4.0,2.0,2.0,43.0,28.0,27.0,17.0
2021-09-16,11.0,8.0,4.0,3.0,108.0,38.0,33.0,18.0
2021-09-17,6.0,5.0,1.0,1.0,46.0,25.0,23.0,14.0
2021-09-18,10.0,5.0,8.0,4.0,47.0,27.0,22.0,16.0
2021-09-19,5.0,5.0,2.0,2.0,42.0,29.0,21.0,18.0
2021-09-20,17.0,9.0,9.0,6.0,138.0,62.0,66.0,37.0
2021-09-21,12.0,10.0,6.0,6.0,100.0,58.0,56.0,36.0
2021-09-22,14.0,12.0,7.0,6.0,67.0,37.0,43.0,26.0
2021-09-23,8.0,6.0,5.0,4.0,103.0,40.0,67.0,27.0
2021-09-24,9.0,5.0,2.0,2.0,48.0,29.0,7.0,5.0
2021-09-25,8.0,6.0,4.0,3.0,82.0,44.0,29.0,20.0
2021-09-26,8.0,6.0,3.0,3.0,77.0,37.0,36.0,18.0
2021-09-27,7.0,6.0,5.0,4.0,62.0,32.0,28.0,19.0
2021-09-28,10.0,9.0,5.0,5.0,103.0,46.0,38.0,20.0
2021-09-29,8.0,6.0,5.0,4.0,95.0,46.0,66.0,31.0
2021-09-30,10.0,10.0,4.0,4.0,73.0,33.0,24.0,14.0
2021-10-01,4.0,4.0,3.0,3.0,57.0,34.0,31.0,20.0
2021-10-02,5.0,5.0,4.0,4.0,33.0,25.0,11.0,9.0
2021-10-03,9.0,7.0,3.0,3.0,100.0,50.0,29.0,25.0
2021-10-04,9.0,4.0,3.0,3.0,76.0,39.0,52.0,28.0
2021-10-05,9.0,6.0,4.0,4.0,40.0,29.0,18.0,15.0
2021-10-06,11.0,10.0,4.0,4.0,111.0,48.0,60.0,27.0
2021-10-07,3.0,3.0,2.0,2.0,50.0,31.0,31.0,20.0
2021-10-08,4.0,4.0,3.0,3.0,69.0,41.0,49.0,31.0
2021-10-09,5.0,4.0,2.0,1.0,48.0,25.0,31.0,17.0
2021-10-10,5.0,5.0,3.0,3.0,57.0,31.0,35.0,19.0
2021-10-11,9.0,9.0,4.0,4.0,92.0,32.0,50.0,21.0
2021-10-12,2.0,1.0,0.0,0.0,43.0,22.0,32.0,13.0
2021-10-13,2.0,2.0,2.0,2.0,4.0,4.0,3.0,3.0
2021-10-14,2.0,2.0,1.0,1.0,13.0,11.0,12.0,10.0
2021-10-15,1.0,1.0,0.0,0.0,26.0,19.0,12.0,8.0
2021-10-16,4.0,2.0,1.0,1.0,13.0,11.0,8.0,8.0
2021-10-17,4.0,4.0,2.0,2.0,48.0,22.0,32.0,16.0
2021-10-18,9.0,8.0,6.0,5.0,67.0,27.0,42.0,17.0
2021-10-19,7.0,7.0,5.0,5.0,103.0,37.0,38.0,13.0
2021-10-20,6.0,3.0,4.0,3.0,87.0,42.0,61.0,28.0
2021-10-21,5.0,4.0,3.0,3.0,61.0,35.0,40.0,26.0
2021-10-22,2.0,2.0,1.0,1.0,43.0,18.0,37.0,14.0
2021-10-23,3.0,2.0,3.0,2.0,31.0,20.0,14.0,11.0
2021-10-24,10.0,9.0,7.0,6.0,57.0,28.0,28.0,17.0
2021-10-25,5.0,4.0,2.0,2.0,97.0,42.0,42.0,23.0
2021-10-26,6.0,6.0,2.0,2.0,96.0,38.0,55.0,27.0
2021-10-27,7.0,5.0,4.0,4.0,77.0,35.0,39.0,21.0
2021-10-28,9.0,9.0,5.0,5.0,77.0,35.0,30.0,19.0
2021-10-29,4.0,4.0,2.0,2.0,35.0,24.0,14.0,10.0
2021-10-30,3.0,3.0,2.0,2.0,30.0,18.0,15.0,10.0
2021-10-31,13.0,11.0,7.0,7.0,83.0,40.0,48.0,24.0
2021-11-01,12.0,8.0,7.0,6.0,89.0,46.0,57.0,30.0
2021-11-02,7.0,6.0,2.0,2.0,61.0,28.0,20.0,14.0
2021-11-03,5.0,4.0,5.0,4.0,38.0,23.0,32.0,20.0
2021-11-04,9.0,7.0,5.0,4.0,46.0,29.0,31.0,19.0
2021-11-05,2.0,2.0,1.0,1.0,31.0,19.0,20.0,11.0
2021-11-06,4.0,4.0,0.0,0.0,22.0,10.0,9.0,4.0
2021-11-07,4.0,2.0,2.0,2.0,40.0,20.0,34.0,15.0
2021-11-08,5.0,4.0,3.0,3.0,39.0,26.0,26.0,15.0
2021-11-09,14.0,8.0,10.0,7.0,75.0,37.0,45.0,25.0
2021-11-10,6.0,3.0,5.0,3.0,33.0,18.0,18.0,11.0
2021-11-11,2.0,2.0,2.0,2.0,33.0,20.0,19.0,15.0
2021-11-12,1.0,1.0,1.0,1.0,19.0,13.0,17.0,11.0
2021-11-13,5.0,3.0,2.0,1.0,37.0,20.0,8.0,5.0
2021-11-14,5.0,5.0,2.0,2.0,70.0,27.0,32.0,16.0
2021-11-15,6.0,6.0,4.0,4.0,54.0,31.0,35.0,25.0
2021-11-16,9.0,5.0,4.0,4.0,78.0,36.0,54.0,26.0
2021-11-17,7.0,7.0,3.0,3.0,101.0,40.0,73.0,27.0
2021-11-18,5.0,5.0,1.0,1.0,58.0,34.0,18.0,11.0
2021-11-19,2.0,1.0,0.0,0.0,29.0,18.0,5.0,5.0
2021-11-20,2.0,2.0,0.0,0.0,24.0,14.0,12.0,8.0
2021-11-21,8.0,7.0,5.0,5.0,31.0,25.0,15.0,13.0
2021-11-22,6.0,5.0,4.0,4.0,24.0,14.0,9.0,6.0
2021-11-23,4.0,4.0,2.0,2.0,29.0,18.0,20.0,12.0
2021-11-24,3.0,3.0,2.0,2.0,28.0,20.0,20.0,14.0
2021-11-25,7.0,6.0,5.0,4.0,48.0,25.0,23.0,14.0
2021-11-26,3.0,3.0,0.0,0.0,23.0,15.0,11.0,6.0
2021-11-27,1.0,1.0,1.0,1.0,20.0,14.0,12.0,7.0
2021-11-28,7.0,6.0,3.0,3.0,77.0,34.0,24.0,12.0
2021-11-29,3.0,3.0,2.0,2.0,41.0,24.0,15.0,9.0
2021-11-30,4.0,3.0,2.0,2.0,26.0,15.0,23.0,12.0
2021-12-01,3.0,3.0,2.0,2.0,19.0,13.0,8.0,6.0
2021-12-02,9.0,7.0,1.0,1.0,57.0,28.0,20.0,15.0
2021-12-03,1.0,1.0,0.0,0.0,20.0,13.0,10.0,8.0
2021-12-04,0.0,0.0,0.0,0.0,2.0,2.0,2.0,2.0
2021-12-05,5.0,5.0,2.0,2.0,66.0,34.0,25.0,15.0
2021-12-06,4.0,4.0,2.0,2.0,74.0,27.0,50.0,20.0
2021-12-07,1.0,1.0,1.0,1.0,33.0,21.0,23.0,15.0
2021-12-08,3.0,3.0,2.0,2.0,55.0,25.0,31.0,19.0
2021-12-09,2.0,2.0,1.0,1.0,69.0,31.0,46.0,20.0
2021-12-10,2.0,2.0,2.0,2.0,24.0,17.0,11.0,9.0
2021-12-11,2.0,2.0,1.0,1.0,12.0,10.0,6.0,6.0
2021-12-12,10.0,9.0,6.0,6.0,90.0,39.0,42.0,17.0
2021-12-13,4.0,4.0,1.0,1.0,84.0,34.0,50.0,19.0
2021-12-14,8.0,7.0,5.0,5.0,148.0,40.0,79.0,25.0
2021-12-15,5.0,5.0,1.0,1.0,39.0,17.0,25.0,9.0
2021-12-16,2.0,2.0,1.0,1.0,21.0,15.0,11.0,9.0
2021-12-17,4.0,3.0,0.0,0.0,19.0,14.0,3.0,3.0
2021-12-18,0.0,0.0,0.0,0.0,9.0,6.0,9.0,6.0
2021-12-19,6.0,3.0,6.0,3.0,19.0,12.0,14.0,9.0
2021-12-20,5.0,5.0,3.0,3.0,63.0,33.0,30.0,19.0
2021-12-21,4.0,2.0,1.0,1.0,37.0,20.0,13.0,9.0
2021-12-22,5.0,5.0,1.0,1.0,28.0,17.0,20.0,11.0
2021-12-23,6.0,5.0,2.0,2.0,42.0,24.0,12.0,10.0
2021-12-24,3.0,3.0,2.0,2.0,70.0,24.0,41.0,20.0
2021-12-25,2.0,2.0,0.0,0.0,7.0,5.0,0.0,0.0
2021-12-26,4.0,4.0,2.0,2.0,47.0,25.0,23.0,15.0
2021-12-27,6.0,6.0,3.0,3.0,35.0,22.0,16.0,13.0
2021-12-28,6.0,4.0,2.0,2.0,29.0,20.0,14.0,10.0
2021-12-29,5.0,5.0,3.0,3.0,46.0,19.0,25.0,11.0
2021-12-30,4.0,4.0,3.0,3.0,30.0,15.0,22.0,12.0
2021-12-31,1.0,1.0,0.0,0.0,10.0,10.0,4.0,4.0
2022-01-01,3.0,1.0,2.0,1.0,8.0,7.0,2.0,2.0
2022-01-02,10.0,10.0,7.0,7.0,35.0,23.0,19.0,14.0
2022-01-03,7.0,7.0,5.0,5.0,45.0,26.0,27.0,17.0
2022-01-04,6.0,5.0,4.0,4.0,52.0,27.0,20.0,16.0
2022-01-05,6.0,3.0,2.0,2.0,50.0,26.0,21.0,13.0
2022-01-06,8.0,7.0,5.0,4.0,50.0,25.0,26.0,15.0
2022-01-07,1.0,1.0,1.0,1.0,27.0,14.0,13.0,9.0
2022-01-08,5.0,2.0,2.0,2.0,45.0,24.0,4.0,4.0
2022-01-09,6.0,6.0,3.0,3.0,56.0,31.0,24.0,14.0
2022-01-10,4.0,4.0,3.0,3.0,65.0,29.0,43.0,24.0
2022-01-11,8.0,7.0,2.0,2.0,46.0,28.0,34.0,19.0
2022-01-12,8.0,8.0,5.0,5.0,61.0,26.0,28.0,18.0
2022-01-13,8.0,5.0,5.0,3.0,43.0,23.0,14.0,9.0
2022-01-14,5.0,5.0,4.0,4.0,34.0,25.0,20.0,16.0
2022-01-15,4.0,4.0,3.0,3.0,32.0,21.0,14.0,11.0
2022-01-16,2.0,2.0,1.0,1.0,73.0,33.0,43.0,17.0
2022-01-17,7.0,7.0,1.0,1.0,71.0,30.0,44.0,16.0
2022-01-18,5.0,5.0,3.0,3.0,80.0,39.0,50.0,24.0
2022-01-19,4.0,4.0,1.0,1.0,28.0,16.0,16.0,9.0
2022-01-20,8.0,7.0,4.0,4.0,59.0,30.0,26.0,14.0
2022-01-21,0.0,0.0,0.0,0.0,22.0,17.0,16.0,13.0
2022-01-22,3.0,3.0,1.0,1.0,9.0,9.0,5.0,5.0
2022-01-23,9.0,6.0,6.0,4.0,86.0,41.0,36.0,25.0
2022-01-24,8.0,7.0,5.0,4.0,81.0,29.0,39.0,18.0
2022-01-25,5.0,5.0,3.0,3.0,56.0,31.0,28.0,19.0
2022-01-26,3.0,3.0,2.0,2.0,60.0,27.0,38.0,20.0
2022-01-27,4.0,4.0,1.0,1.0,18.0,15.0,12.0,12.0
2022-01-28,1.0,1.0,0.0,0.0,6.0,3.0,2.0,1.0
2022-01-29,1.0,1.0,1.0,1.0,9.0,5.0,2.0,2.0
2022-01-30,7.0,6.0,3.0,3.0,46.0,34.0,22.0,18.0
2022-01-31,5.0,5.0,1.0,1.0,51.0,33.0,15.0,13.0
2022-02-01,4.0,4.0,2.0,2.0,51.0,27.0,28.0,14.0
2022-02-02,9.0,9.0,1.0,1.0,48.0,26.0,6.0,5.0
2022-02-03,4.0,4.0,3.0,3.0,64.0,29.0,39.0,20.0
2022-02-04,6.0,5.0,1.0,1.0,18.0,14.0,4.0,4.0
2022-02-05,5.0,3.0,3.0,3.0,28.0,23.0,3.0,3.0
2022-02-06,4.0,3.0,1.0,1.0,58.0,22.0,25.0,10.0
2022-02-07,8.0,7.0,3.0,3.0,74.0,34.0,28.0,14.0
2022-02-08,7.0,6.0,3.0,3.0,59.0,22.0,33.0,15.0
2022-02-09,10.0,8.0,6.0,5.0,56.0,27.0,39.0,17.0
2022-02-10,8.0,8.0,6.0,6.0,69.0,32.0,42.0,19.0
2022-02-11,2.0,2.0,1.0,1.0,26.0,16.0,10.0,7.0
2022-02-12,2.0,2.0,1.0,1.0,37.0,17.0,24.0,13.0
2022-02-13,9.0,9.0,3.0,3.0,82.0,38.0,27.0,16.0
2022-02-14,3.0,3.0,2.0,2.0,31.0,20.0,17.0,15.0
2022-02-15,5.0,5.0,1.0,1.0,42.0,22.0,23.0,11.0
2022-02-16,7.0,7.0,4.0,4.0,63.0,33.0,35.0,17.0
2022-02-17,9.0,8.0,2.0,2.0,78.0,42.0,35.0,18.0
2022-02-18,6.0,5.0,2.0,2.0,79.0,33.0,50.0,24.0
2022-02-19,3.0,3.0,2.0,2.0,19.0,10.0,7.0,6.0
2022-02-20,3.0,3.0,2.0,2.0,29.0,19.0,20.0,14.0
2022-02-21,4.0,4.0,3.0,3.0,30.0,18.0,12.0,6.0
2022-02-22,5.0,4.0,1.0,1.0,27.0,19.0,4.0,4.0
2022-02-23,8.0,7.0,4.0,4.0,60.0,29.0,42.0,19.0
2022-02-24,4.0,4.0,1.0,1.0,36.0,22.0,11.0,8.0
2022-02-25,0.0,0.0,0.0,0.0,1.0,1.0,1.0,1.0
2022-02-26,4.0,4.0,2.0,2.0,15.0,11.0,1.0,1.0
2022-02-27,5.0,5.0,3.0,3.0,32.0,21.0,17.0,12.0
2022-02-28,3.0,3.0,2.0,2.0,45.0,24.0,21.0,13.0
2022-03-01,6.0,4.0,3.0,3.0,31.0,21.0,11.0,10.0
2022-03-02,10.0,9.0,5.0,5.0,79.0,32.0,29.0,18.0
2022-03-03,2.0,2.0,2.0,2.0,29.0,16.0,26.0,14.0
2022-03-04,1.0,1.0,0.0,0.0,1.0,1.0,0.0,0.0
2022-03-05,5.0,4.0,1.0,1.0,18.0,15.0,4.0,4.0
2022-03-06,7.0,7.0,2.0,2.0,38.0,22.0,16.0,10.0
2022-03-07,11.0,10.0,4.0,4.0,59.0,31.0,18.0,12.0
2022-03-08,5.0,3.0,1.0,1.0,36.0,24.0,15.0,12.0
2022-03-09,5.0,5.0,4.0,4.0,40.0,28.0,19.0,13.0
2022-03-10,5.0,5.0,2.0,2.0,17.0,14.0,8.0,8.0
2022-03-11,1.0,1.0,1.0,1.0,6.0,3.0,6.0,3.0
2022-03-12,4.0,3.0,1.0,1.0,22.0,17.0,2.0,2.0
2022-03-13,3.0,3.0,1.0,1.0,30.0,21.0,13.0,9.0
2022-03-14,4.0,4.0,2.0,2.0,50.0,23.0,18.0,9.0
2022-03-15,4.0,3.0,1.0,1.0,65.0,40.0,22.0,13.0
2022-03-16,4.0,4.0,1.0,1.0,82.0,25.0,19.0,10.0
2022-03-17,1.0,1.0,1.0,1.0,11.0,11.0,8.0,8.0
2022-03-18,0.0,0.0,0.0,0.0,11.0,8.0,5.0,3.0
2022-03-19,1.0,1.0,0.0,0.0,6.0,5.0,0.0,0.0
2022-03-20,5.0,5.0,3.0,3.0,36.0,29.0,17.0,16.0
2022-03-21,6.0,4.0,3.0,3.0,22.0,18.0,6.0,6.0
2022-03-22,4.0,4.0,2.0,2.0,17.0,10.0,9.0,7.0
2022-03-23,3.0,2.0,1.0,1.0,33.0,14.0,7.0,6.0
2022-03-24,5.0,5.0,3.0,3.0,43.0,18.0,24.0,14.0
2022-03-25,2.0,2.0,2.0,2.0,31.0,23.0,21.0,15.0
2022-03-26,0.0,0.0,0.0,0.0,5.0,3.0,4.0,3.0
2022-03-27,4.0,4.0,2.0,2.0,28.0,21.0,10.0,9.0
2022-03-28,4.0,3.0,4.0,3.0,30.0,16.0,16.0,10.0
2022-03-29,3.0,3.0,2.0,2.0,11.0,10.0,6.0,6.0
2022-03-30,3.0,3.0,1.0,1.0,18.0,10.0,8.0,4.0
2022-03-31,3.0,3.0,3.0,3.0,27.0,21.0,11.0,10.0
2022-04-01,6.0,6.0,2.0,2.0,18.0,11.0,8.0,4.0
2022-04-02,1.0,1.0,0.0,0.0,4.0,4.0,2.0,2.0
2022-04-03,7.0,5.0,5.0,4.0,26.0,15.0,12.0,8.0
2022-04-04,6.0,5.0,6.0,5.0,44.0,32.0,22.0,17.0
2022-04-05,5.0,3.0,4.0,3.0,37.0,16.0,16.0,10.0
2022-04-06,7.0,7.0,3.0,3.0,41.0,28.0,23.0,18.0
2022-04-07,2.0,2.0,2.0,2.0,40.0,15.0,29.0,13.0
2022-04-08,6.0,6.0,4.0,4.0,46.0,24.0,21.0,10.0
2022-04-09,0.0,0.0,0.0,0.0,16.0,10.0,8.0,5.0
2022-04-10,4.0,4.0,2.0,2.0,25.0,18.0,10.0,9.0
2022-04-11,17.0,10.0,4.0,4.0,36.0,21.0,18.0,10.0
2022-04-12,5.0,4.0,3.0,3.0,76.0,26.0,34.0,21.0
2022-04-13,8.0,6.0,7.0,5.0,32.0,17.0,18.0,10.0
2022-04-14,2.0,1.0,1.0,1.0,9.0,6.0,1.0,1.0
2022-04-15,3.0,3.0,2.0,2.0,45.0,29.0,10.0,8.0
2022-04-16,1.0,1.0,0.0,0.0,8.0,8.0,4.0,4.0
2022-04-17,8.0,8.0,5.0,5.0,64.0,29.0,46.0,18.0
2022-04-18,8.0,7.0,5.0,5.0,71.0,34.0,39.0,20.0
2022-04-19,5.0,4.0,5.0,4.0,50.0,24.0,29.0,17.0
2022-04-20,6.0,6.0,3.0,3.0,88.0,37.0,30.0,12.0
2022-04-21,6.0,4.0,2.0,2.0,40.0,31.0,25.0,21.0
2022-04-22,2.0,2.0,2.0,2.0,29.0,18.0,15.0,9.0
2022-04-23,1.0,1.0,0.0,0.0,3.0,3.0,1.0,1.0
2022-04-24,6.0,6.0,3.0,3.0,54.0,35.0,18.0,15.0
2022-04-25,2.0,2.0,1.0,1.0,19.0,17.0,16.0,14.0
2022-04-26,4.0,4.0,2.0,2.0,27.0,19.0,15.0,11.0
2022-04-27,4.0,4.0,2.0,2.0,39.0,21.0,18.0,13.0
2022-04-28,5.0,5.0,2.0,2.0,14.0,9.0,3.0,3.0
2022-04-29,1.0,1.0,0.0,0.0,15.0,10.0,4.0,2.0
2022-04-30,3.0,3.0,1.0,1.0,18.0,12.0,6.0,5.0
2022-05-01,2.0,2.0,2.0,2.0,5.0,3.0,3.0,1.0
2022-05-02,1.0,1.0,1.0,1.0,10.0,8.0,7.0,5.0
2022-05-03,3.0,2.0,3.0,2.0,12.0,11.0,11.0,10.0
2022-05-04,5.0,5.0,4.0,4.0,21.0,14.0,6.0,5.0
2022-05-05,6.0,5.0,3.0,2.0,34.0,25.0,9.0,8.0
2022-05-06,0.0,0.0,0.0,0.0,21.0,8.0,13.0,6.0
2022-05-07,0.0,0.0,0.0,0.0,3.0,2.0,2.0,1.0
2022-05-08,2.0,2.0,1.0,1.0,8.0,7.0,2.0,2.0
2022-05-09,2.0,2.0,2.0,2.0,2.0,2.0,2.0,2.0
2022-05-10,4.0,4.0,2.0,2.0,5.0,5.0,3.0,3.0
2022-05-11,9.0,8.0,7.0,6.0,53.0,30.0,27.0,19.0
2022-05-12,4.0,4.0,3.0,3.0,18.0,16.0,10.0,8.0
2022-05-13,1.0,1.0,0.0,0.0,9.0,6.0,7.0,5.0
2022-05-14,0.0,0.0,0.0,0.0,3.0,3.0,1.0,1.0
2022-05-15,1.0,1.0,1.0,1.0,5.0,4.0,5.0,4.0
2022-05-16,2.0,2.0,2.0,2.0,14.0,8.0,5.0,4.0
2022-05-17,2.0,2.0,2.0,2.0,24.0,17.0,13.0,11.0
2022-05-18,5.0,5.0,4.0,4.0,10.0,5.0,5.0,3.0
2022-05-19,7.0,7.0,1.0,1.0,26.0,18.0,7.0,5.0
2022-05-20,2.0,2.0,1.0,1.0,10.0,9.0,4.0,4.0
2022-05-21,2.0,2.0,1.0,1.0,6.0,5.0,1.0,1.0
2022-05-22,3.0,3.0,2.0,2.0,11.0,8.0,4.0,4.0
2022-05-23,2.0,2.0,2.0,2.0,4.0,3.0,3.0,2.0
2022-05-24,6.0,6.0,4.0,4.0,17.0,14.0,6.0,6.0
2022-05-25,2.0,2.0,2.0,2.0,20.0,3.0,20.0,3.0
2022-05-26,6.0,6.0,3.0,3.0,25.0,14.0,8.0,6.0
2022-05-27,5.0,5.0,4.0,4.0,18.0,14.0,13.0,9.0
2022-05-28,0.0,0.0,0.0,0.0,14.0,8.0,11.0,6.0
2022-05-29,2.0,2.0,0.0,0.0,22.0,10.0,9.0,4.0
2022-05-30,2.0,2.0,1.0,1.0,8.0,7.0,3.0,2.0
2022-05-31,2.0,2.0,1.0,1.0,21.0,14.0,6.0,6.0
2022-06-01,1.0,1.0,0.0,0.0,24.0,15.0,17.0,10.0
2022-06-02,4.0,4.0,3.0,3.0,8.0,7.0,3.0,3.0
2022-06-03,4.0,4.0,2.0,2.0,23.0,12.0,3.0,2.0
2022-06-04,1.0,1.0,0.0,0.0,14.0,10.0,9.0,5.0
2022-06-05,0.0,0.0,0.0,0.0,5.0,5.0,3.0,3.0
2022-06-06,4.0,4.0,2.0,2.0,9.0,9.0,4.0,4.0
2022-06-07,3.0,3.0,2.0,2.0,7.0,6.0,3.0,3.0
2022-06-08,4.0,4.0,1.0,1.0,10.0,8.0,3.0,3.0
2022-06-09,2.0,2.0,1.0,1.0,21.0,17.0,9.0,7.0
2022-06-10,2.0,2.0,1.0,1.0,11.0,8.0,6.0,4.0
2022-06-11,0.0,0.0,0.0,0.0,2.0,2.0,2.0,2.0
2022-06-13,6.0,4.0,2.0,2.0,25.0,17.0,8.0,7.0
2022-06-14,5.0,5.0,4.0,4.0,34.0,24.0,11.0,9.0
2022-06-15,2.0,2.0,1.0,1.0,17.0,14.0,1.0,1.0
2022-06-16,10.0,8.0,6.0,6.0,27.0,19.0,8.0,8.0
2022-06-17,3.0,3.0,2.0,2.0,33.0,17.0,12.0,8.0
2022-06-18,2.0,2.0,0.0,0.0,18.0,9.0,1.0,1.0
2022-06-19,2.0,2.0,1.0,1.0,21.0,10.0,10.0,6.0
2022-06-20,7.0,7.0,3.0,3.0,35.0,20.0,7.0,4.0
2022-06-21,2.0,2.0,2.0,2.0,18.0,8.0,5.0,5.0
2022-06-22,5.0,5.0,2.0,2.0,21.0,15.0,5.0,4.0
2022-06-23,7.0,6.0,3.0,3.0,61.0,28.0,31.0,20.0
2022-06-24,1.0,1.0,1.0,1.0,9.0,8.0,4.0,4.0
2022-06-25,3.0,3.0,0.0,0.0,12.0,11.0,0.0,0.0
2022-06-26,6.0,4.0,4.0,2.0,6.0,5.0,2.0,2.0
2022-06-27,5.0,5.0,4.0,4.0,48.0,21.0,22.0,11.0
2022-06-28,10.0,8.0,5.0,5.0,19.0,11.0,11.0,7.0
2022-06-29,5.0,5.0,4.0,4.0,15.0,12.0,7.0,5.0
2022-06-30,5.0,5.0,3.0,3.0,19.0,12.0,8.0,5.0
2022-07-01,4.0,3.0,2.0,2.0,13.0,10.0,4.0,4.0
2022-07-02,2.0,2.0,2.0,2.0,21.0,11.0,7.0,7.0
2022-07-03,7.0,5.0,0.0,0.0,19.0,13.0,4.0,2.0
2022-07-04,3.0,3.0,2.0,2.0,23.0,17.0,15.0,11.0
2022-07-05,2.0,2.0,2.0,2.0,8.0,4.0,7.0,3.0
2022-07-06,3.0,3.0,3.0,3.0,19.0,14.0,4.0,4.0
2022-07-07,5.0,5.0,4.0,4.0,21.0,18.0,11.0,9.0
2022-07-08,2.0,2.0,2.0,2.0,9.0,8.0,6.0,5.0
2022-07-09,2.0,2.0,1.0,1.0,11.0,8.0,4.0,4.0
2022-07-10,1.0,1.0,1.0,1.0,10.0,6.0,5.0,4.0
2022-07-11,2.0,2.0,1.0,1.0,6.0,4.0,1.0,1.0
2022-07-12,2.0,2.0,1.0,1.0,6.0,6.0,4.0,4.0
2022-07-13,3.0,3.0,1.0,1.0,17.0,11.0,4.0,4.0
2022-07-14,3.0,3.0,3.0,3.0,14.0,9.0,8.0,6.0
2022-07-15,5.0,4.0,3.0,3.0,29.0,15.0,16.0,8.0
2022-07-16,1.0,1.0,0.0,0.0,7.0,6.0,1.0,1.0
2022-07-17,5.0,5.0,1.0,1.0,10.0,10.0,0.0,0.0
2022-07-18,2.0,2.0,2.0,2.0,10.0,9.0,5.0,5.0
2022-07-19,4.0,4.0,2.0,2.0,13.0,9.0,3.0,3.0
2022-07-20,5.0,3.0,4.0,3.0,16.0,10.0,11.0,7.0
2022-07-21,1.0,1.0,1.0,1.0,11.0,9.0,8.0,6.0
2022-07-22,4.0,4.0,3.0,3.0,13.0,11.0,8.0,7.0
2022-07-23,1.0,1.0,0.0,0.0,3.0,3.0,2.0,2.0
2022-07-24,4.0,3.0,3.0,2.0,8.0,6.0,6.0,4.0
2022-07-25,2.0,2.0,1.0,1.0,12.0,10.0,8.0,7.0
2022-07-26,6.0,5.0,2.0,2.0,26.0,17.0,9.0,7.0
2022-07-27,3.0,3.0,3.0,3.0,13.0,9.0,13.0,9.0
2022-07-28,1.0,1.0,1.0,1.0,2.0,2.0,2.0,2.0
2022-07-29,3.0,3.0,1.0,1.0,10.0,9.0,0.0,0.0
2022-07-30,3.0,3.0,2.0,2.0,26.0,16.0,17.0,10.0
2022-07-31,4.0,4.0,2.0,2.0,18.0,13.0,6.0,6.0
2022-08-01,2.0,2.0,1.0,1.0,14.0,9.0,5.0,5.0
2022-08-02,5.0,4.0,3.0,2.0,24.0,16.0,5.0,5.0
2022-08-03,5.0,4.0,4.0,4.0,36.0,22.0,22.0,14.0
2022-08-04,5.0,5.0,4.0,4.0,29.0,19.0,12.0,8.0
2022-08-05,5.0,5.0,3.0,3.0,37.0,21.0,17.0,10.0
2022-08-06,0.0,0.0,0.0,0.0,17.0,9.0,14.0,8.0
2022-08-07,6.0,5.0,4.0,4.0,34.0,18.0,15.0,8.0
2022-08-08,6.0,4.0,4.0,4.0,44.0,27.0,19.0,13.0
2022-08-09,3.0,3.0,2.0,2.0,29.0,19.0,12.0,12.0
2022-08-10,5.0,5.0,4.0,4.0,45.0,21.0,11.0,9.0
2022-08-11,4.0,4.0,2.0,2.0,23.0,14.0,15.0,11.0
2022-08-12,2.0,2.0,2.0,2.0,11.0,10.0,10.0,9.0
2022-08-13,0.0,0.0,0.0,0.0,1.0,1.0,1.0,1.0
2022-08-14,5.0,5.0,2.0,2.0,23.0,16.0,5.0,5.0
2022-08-15,10.0,7.0,8.0,6.0,54.0,21.0,31.0,17.0
2022-08-16,2.0,2.0,1.0,1.0,15.0,12.0,11.0,8.0
2022-08-17,7.0,6.0,4.0,4.0,59.0,24.0,24.0,12.0
2022-08-18,9.0,9.0,3.0,3.0,40.0,25.0,21.0,15.0
2022-08-19,3.0,3.0,2.0,2.0,26.0,17.0,11.0,6.0
2022-08-20,0.0,0.0,0.0,0.0,3.0,3.0,1.0,1.0
2022-08-21,3.0,3.0,2.0,2.0,6.0,6.0,2.0,2.0
2022-08-22,3.0,3.0,3.0,3.0,8.0,7.0,6.0,5.0
2022-08-23,4.0,4.0,2.0,2.0,8.0,7.0,2.0,2.0
2022-08-24,2.0,2.0,2.0,2.0,9.0,4.0,3.0,3.0
2022-08-25,1.0,1.0,1.0,1.0,5.0,4.0,4.0,3.0
2022-08-26,5.0,4.0,2.0,2.0,19.0,10.0,3.0,3.0
2022-08-27,0.0,0.0,0.0,0.0,7.0,7.0,5.0,5.0
2022-08-28,4.0,4.0,4.0,4.0,6.0,5.0,4.0,3.0
2022-08-29,5.0,4.0,3.0,3.0,12.0,10.0,8.0,7.0
2022-08-30,2.0,2.0,2.0,2.0,8.0,5.0,2.0,2.0
2022-08-31,4.0,4.0,3.0,3.0,5.0,5.0,1.0,1.0
2022-09-01,5.0,4.0,4.0,3.0,16.0,8.0,10.0,5.0
2022-09-02,3.0,3.0,3.0,3.0,19.0,14.0,8.0,8.0
2022-09-03,1.0,1.0,0.0,0.0,1.0,1.0,1.0,1.0
2022-09-04,7.0,5.0,7.0,5.0,17.0,14.0,12.0,9.0
2022-09-05,6.0,6.0,2.0,2.0,17.0,9.0,5.0,4.0
2022-09-06,1.0,1.0,1.0,1.0,6.0,6.0,3.0,3.0
2022-09-07,9.0,7.0,5.0,4.0,30.0,20.0,9.0,9.0
2022-09-08,4.0,4.0,3.0,3.0,14.0,9.0,6.0,5.0
2022-09-09,2.0,2.0,1.0,1.0,1.0,1.0,1.0,1.0
2022-09-10,5.0,5.0,3.0,3.0,12.0,9.0,1.0,1.0
2022-09-11,5.0,5.0,4.0,4.0,11.0,11.0,5.0,5.0
2022-09-12,4.0,4.0,3.0,3.0,7.0,6.0,5.0,4.0
2022-09-13,4.0,4.0,3.0,3.0,22.0,13.0,11.0,8.0
2022-09-14,4.0,4.0,1.0,1.0,7.0,5.0,3.0,3.0
2022-09-15,6.0,5.0,6.0,5.0,19.0,11.0,13.0,8.0
2022-09-16,1.0,1.0,1.0,1.0,12.0,5.0,6.0,4.0
2022-09-17,3.0,3.0,1.0,1.0,20.0,12.0,0.0,0.0
2022-09-18,2.0,2.0,2.0,2.0,13.0,10.0,12.0,9.0
2022-09-19,4.0,4.0,2.0,2.0,15.0,9.0,6.0,6.0
2022-09-20,3.0,2.0,1.0,1.0,13.0,10.0,3.0,2.0
2022-09-21,2.0,2.0,1.0,1.0,1.0,1.0,1.0,1.0
2022-09-22,3.0,3.0,3.0,3.0,21.0,9.0,13.0,6.0
2022-09-23,3.0,3.0,3.0,3.0,19.0,12.0,14.0,7.0
2022-09-24,2.0,2.0,1.0,1.0,28.0,13.0,4.0,4.0
2022-09-25,1.0,1.0,1.0,1.0,22.0,7.0,18.0,5.0
2022-09-26,3.0,3.0,2.0,2.0,11.0,8.0,7.0,4.0
2022-09-27,4.0,4.0,4.0,4.0,11.0,8.0,6.0,4.0
2022-09-28,1.0,1.0,1.0,1.0,2.0,2.0,2.0,2.0
2022-09-29,4.0,4.0,3.0,3.0,5.0,5.0,5.0,5.0
2022-09-30,1.0,1.0,1.0,1.0,8.0,3.0,5.0,2.0
2022-10-01,1.0,1.0,0.0,0.0,4.0,3.0,0.0,0.0
2022-10-02,1.0,1.0,1.0,1.0,12.0,7.0,12.0,7.0
2022-10-03,5.0,2.0,0.0,0.0,15.0,10.0,1.0,1.0
2022-10-04,2.0,2.0,2.0,2.0,16.0,12.0,6.0,3.0
2022-10-05,2.0,2.0,1.0,1.0,8.0,7.0,5.0,4.0
2022-10-06,2.0,2.0,1.0,1.0,8.0,7.0,7.0,6.0
2022-10-07,4.0,4.0,3.0,3.0,28.0,17.0,20.0,10.0
2022-10-08,0.0,0.0,0.0,0.0,8.0,8.0,6.0,6.0
2022-10-09,7.0,7.0,2.0,2.0,25.0,18.0,2.0,2.0
2022-10-10,7.0,5.0,4.0,4.0,32.0,22.0,17.0,15.0
2022-10-11,3.0,3.0,3.0,3.0,19.0,12.0,11.0,7.0
2022-10-12,5.0,4.0,4.0,3.0,16.0,16.0,5.0,5.0
2022-10-13,1.0,1.0,1.0,1.0,7.0,4.0,3.0,3.0
2022-10-14,1.0,1.0,1.0,1.0,5.0,5.0,4.0,4.0
2022-10-15,5.0,5.0,4.0,4.0,11.0,9.0,5.0,5.0
2022-10-16,3.0,3.0,2.0,2.0,15.0,10.0,12.0,8.0
2022-10-17,5.0,5.0,4.0,4.0,20.0,15.0,11.0,8.0
2022-10-18,1.0,1.0,1.0,1.0,5.0,4.0,1.0,1.0
2022-10-19,3.0,3.0,3.0,3.0,14.0,12.0,10.0,10.0
2022-10-20,3.0,3.0,2.0,2.0,6.0,6.0,3.0,3.0
2022-10-21,2.0,2.0,1.0,1.0,8.0,8.0,6.0,6.0
2022-10-22,2.0,2.0,1.0,1.0,6.0,6.0,3.0,3.0
2022-10-23,3.0,3.0,3.0,3.0,12.0,8.0,8.0,6.0
2022-10-24,2.0,2.0,0.0,0.0,4.0,4.0,1.0,1.0
2022-10-25,1.0,1.0,0.0,0.0,4.0,3.0,0.0,0.0
2022-10-26,4.0,2.0,0.0,0.0,25.0,14.0,2.0,2.0
2022-10-27,0.0,0.0,0.0,0.0,5.0,3.0,5.0,3.0
2022-10-28,2.0,2.0,0.0,0.0,11.0,7.0,0.0,0.0
2022-10-29,2.0,2.0,2.0,2.0,10.0,6.0,8.0,4.0
2022-10-30,3.0,3.0,2.0,2.0,14.0,11.0,6.0,5.0
2022-10-31,2.0,2.0,1.0,1.0,8.0,5.0,4.0,3.0
2022-11-01,2.0,2.0,2.0,2.0,6.0,6.0,4.0,4.0
2022-11-02,7.0,6.0,3.0,3.0,8.0,6.0,6.0,5.0
2022-11-03,2.0,2.0,2.0,2.0,4.0,4.0,2.0,2.0
2022-11-04,0.0,0.0,0.0,0.0,1.0,1.0,0.0,0.0
2022-11-05,1.0,1.0,0.0,0.0,6.0,5.0,0.0,0.0
2022-11-06,2.0,2.0,1.0,1.0,10.0,8.0,4.0,2.0
2022-11-07,2.0,2.0,2.0,2.0,8.0,8.0,6.0,6.0
2022-11-08,1.0,1.0,1.0,1.0,0.0,0.0,0.0,0.0
2022-11-09,3.0,3.0,2.0,2.0,4.0,4.0,1.0,1.0
2022-11-10,3.0,3.0,2.0,2.0,11.0,10.0,1.0,1.0
2022-11-11,3.0,3.0,1.0,1.0,15.0,13.0,11.0,10.0
2022-11-12,2.0,2.0,2.0,2.0,19.0,12.0,6.0,4.0
2022-11-13,4.0,4.0,2.0,2.0,24.0,16.0,9.0,8.0
2022-11-14,5.0,5.0,3.0,3.0,8.0,6.0,2.0,2.0
2022-11-15,6.0,5.0,6.0,5.0,18.0,10.0,12.0,5.0
2022-11-16,1.0,1.0,1.0,1.0,5.0,4.0,3.0,3.0
2022-11-17,4.0,3.0,2.0,2.0,6.0,5.0,4.0,3.0
2022-11-18,2.0,2.0,1.0,1.0,5.0,5.0,4.0,4.0
2022-11-19,0.0,0.0,0.0,0.0,4.0,3.0,4.0,3.0
2022-11-20,3.0,3.0,3.0,3.0,6.0,6.0,4.0,4.0
2022-11-21,1.0,1.0,1.0,1.0,11.0,7.0,9.0,5.0
2022-11-22,1.0,1.0,1.0,1.0,0.0,0.0,0.0,0.0
2022-11-23,2.0,2.0,2.0,2.0,1.0,1.0,1.0,1.0
2022-11-24,2.0,2.0,1.0,1.0,3.0,3.0,0.0,0.0
2022-11-25,1.0,1.0,0.0,0.0,9.0,7.0,0.0,0.0
2022-11-26,1.0,1.0,1.0,1.0,6.0,6.0,5.0,5.0
2022-11-27,3.0,3.0,2.0,2.0,11.0,8.0,6.0,4.0
2022-11-28,4.0,4.0,4.0,4.0,13.0,11.0,7.0,7.0
2022-11-29,3.0,3.0,2.0,2.0,4.0,3.0,0.0,0.0
2022-11-30,6.0,6.0,2.0,2.0,17.0,12.0,4.0,4.0
2022-12-01,3.0,3.0,1.0,1.0,3.0,2.0,1.0,1.0
2022-12-02,0.0,0.0,0.0,0.0,6.0,3.0,5.0,2.0
2022-12-03,0.0,0.0,0.0,0.0,4.0,4.0,0.0,0.0
2022-12-04,1.0,1.0,1.0,1.0,4.0,4.0,0.0,0.0
2022-12-05,1.0,1.0,1.0,1.0,1.0,1.0,0.0,0.0
2022-12-06,2.0,2.0,2.0,2.0,3.0,2.0,1.0,1.0
2022-12-07,5.0,5.0,4.0,4.0,10.0,7.0,6.0,4.0
2022-12-08,3.0,3.0,2.0,2.0,0.0,0.0,0.0,0.0
2022-12-09,2.0,2.0,1.0,1.0,10.0,9.0,4.0,4.0
2022-12-10,0.0,0.0,0.0,0.0,7.0,5.0,7.0,5.0
2022-12-11,5.0,4.0,2.0,2.0,11.0,8.0,1.0,1.0
2022-12-12,5.0,4.0,3.0,3.0,19.0,11.0,11.0,7.0
2022-12-13,3.0,3.0,2.0,2.0,8.0,6.0,5.0,4.0
2022-12-14,2.0,2.0,2.0,2.0,8.0,7.0,4.0,3.0
2022-12-15,2.0,2.0,1.0,1.0,0.0,0.0,0.0,0.0
2022-12-16,4.0,4.0,2.0,2.0,25.0,18.0,5.0,4.0
2022-12-17,2.0,2.0,0.0,0.0,10.0,7.0,6.0,6.0
2022-12-18,4.0,4.0,2.0,2.0,19.0,11.0,9.0,5.0
2022-12-19,4.0,4.0,2.0,2.0,7.0,5.0,1.0,1.0
2022-12-20,5.0,5.0,3.0,3.0,9.0,6.0,5.0,4.0
2022-12-21,1.0,1.0,1.0,1.0,11.0,10.0,9.0,8.0
2022-12-22,2.0,2.0,1.0,1.0,2.0,2.0,0.0,0.0
2022-12-23,0.0,0.0,0.0,0.0,11.0,6.0,7.0,5.0
2022-12-24,2.0,2.0,0.0,0.0,9.0,7.0,4.0,3.0
2022-12-25,1.0,1.0,1.0,1.0,0.0,0.0,0.0,0.0
2022-12-26,3.0,3.0,2.0,2.0,9.0,8.0,2.0,2.0
2022-12-27,13.0,11.0,8.0,7.0,36.0,22.0,15.0,11.0
2022-12-28,7.0,7.0,4.0,4.0,19.0,14.0,9.0,8.0
2022-12-29,5.0,5.0,2.0,2.0,16.0,12.0,8.0,6.0
2022-12-30,4.0,4.0,3.0,3.0,10.0,10.0,10.0,10.0
2022-12-31,4.0,4.0,1.0,1.0,19.0,9.0,4.0,2.0
2023-01-01,4.0,4.0,2.0,2.0,20.0,13.0,4.0,3.0
2023-01-02,4.0,4.0,1.0,1.0,14.0,12.0,1.0,1.0
2023-01-03,3.0,3.0,1.0,1.0,18.0,10.0,4.0,3.0
2023-01-04,8.0,6.0,2.0,2.0,24.0,18.0,5.0,5.0
2023-01-05,4.0,3.0,2.0,2.0,28.0,21.0,17.0,11.0
2023-01-06,4.0,4.0,1.0,1.0,29.0,21.0,9.0,8.0
2023-01-07,2.0,2.0,1.0,1.0,18.0,12.0,17.0,12.0
2023-01-08,2.0,2.0,2.0,2.0,17.0,13.0,6.0,6.0
2023-01-09,4.0,4.0,2.0,2.0,34.0,21.0,14.0,8.0
2023-01-10,3.0,3.0,3.0,3.0,20.0,15.0,9.0,8.0
2023-01-11,12.0,8.0,5.0,5.0,29.0,18.0,11.0,10.0
2023-01-12,12.0,8.0,9.0,6.0,32.0,21.0,15.0,11.0
2023-01-13,0.0,0.0,0.0,0.0,12.0,9.0,6.0,5.0
2023-01-14,1.0,1.0,1.0,1.0,1.0,1.0,1.0,1.0
2023-01-15,6.0,4.0,4.0,3.0,9.0,8.0,6.0,6.0
2023-01-16,1.0,1.0,1.0,1.0,2.0,2.0,2.0,2.0
2023-01-17,6.0,6.0,3.0,3.0,30.0,22.0,8.0,7.0
2023-01-18,3.0,3.0,1.0,1.0,11.0,8.0,9.0,6.0
2023-01-19,4.0,4.0,4.0,4.0,16.0,14.0,9.0,8.0
2023-01-20,0.0,0.0,0.0,0.0,4.0,4.0,3.0,3.0
2023-01-21,3.0,2.0,3.0,2.0,16.0,13.0,10.0,9.0
2023-01-22,1.0,1.0,1.0,1.0,13.0,10.0,12.0,9.0
2023-01-23,4.0,4.0,2.0,2.0,7.0,6.0,1.0,1.0
2023-01-24,7.0,6.0,4.0,3.0,19.0,10.0,8.0,5.0
2023-01-25,3.0,3.0,1.0,1.0,14.0,12.0,9.0,7.0
2023-01-26,3.0,3.0,2.0,2.0,10.0,8.0,5.0,5.0
2023-01-27,0.0,0.0,0.0,0.0,5.0,3.0,5.0,3.0
2023-01-28,4.0,3.0,3.0,3.0,13.0,10.0,2.0,2.0
2023-01-29,7.0,5.0,2.0,2.0,54.0,20.0,3.0,3.0
2023-01-30,4.0,4.0,4.0,4.0,31.0,17.0,23.0,11.0
2023-01-31,3.0,3.0,2.0,2.0,14.0,12.0,9.0,8.0
2023-02-01,2.0,2.0,2.0,2.0,5.0,3.0,0.0,0.0
2023-02-02,5.0,5.0,2.0,2.0,18.0,9.0,5.0,5.0
2023-02-03,3.0,3.0,2.0,2.0,8.0,7.0,6.0,5.0
2023-02-04,4.0,4.0,3.0,3.0,11.0,8.0,3.0,3.0
2023-02-05,2.0,2.0,1.0,1.0,15.0,10.0,6.0,4.0
2023-02-06,1.0,1.0,1.0,1.0,7.0,6.0,4.0,3.0
2023-02-07,1.0,1.0,1.0,1.0,1.0,1.0,0.0,0.0
2023-02-08,7.0,7.0,5.0,5.0,17.0,14.0,10.0,9.0
2023-02-09,4.0,3.0,1.0,1.0,13.0,12.0,5.0,5.0
2023-02-10,1.0,1.0,0.0,0.0,6.0,5.0,3.0,3.0
2023-02-11,1.0,1.0,0.0,0.0,5.0,4.0,4.0,3.0
2023-02-12,2.0,2.0,1.0,1.0,8.0,6.0,1.0,1.0
2023-02-13,2.0,2.0,2.0,2.0,9.0,8.0,2.0,1.0
2023-02-14,3.0,3.0,3.0,3.0,16.0,9.0,5.0,4.0
2023-02-15,3.0,3.0,3.0,3.0,18.0,10.0,6.0,5.0
2023-02-16,2.0,2.0,2.0,2.0,13.0,7.0,8.0,4.0
2023-02-17,3.0,3.0,2.0,2.0,6.0,5.0,3.0,3.0
2023-02-18,2.0,1.0,2.0,1.0,8.0,8.0,3.0,3.0
2023-02-19,1.0,1.0,1.0,1.0,1.0,1.0,1.0,1.0
2023-02-20,2.0,2.0,2.0,2.0,12.0,8.0,9.0,5.0
2023-02-21,0.0,0.0,0.0,0.0,4.0,3.0,3.0,2.0
2023-02-22,4.0,4.0,2.0,2.0,6.0,5.0,2.0,2.0
2023-02-23,7.0,6.0,4.0,4.0,26.0,15.0,8.0,7.0
2023-02-24,3.0,3.0,1.0,1.0,23.0,12.0,7.0,4.0
2023-02-25,1.0,1.0,0.0,0.0,21.0,15.0,12.0,9.0
2023-02-26,4.0,4.0,3.0,3.0,29.0,16.0,8.0,7.0
2023-02-27,4.0,4.0,1.0,1.0,21.0,18.0,4.0,4.0
2023-02-28,2.0,2.0,1.0,1.0,6.0,5.0,2.0,2.0
2023-03-01,3.0,3.0,2.0,2.0,4.0,3.0,2.0,2.0
2023-03-02,2.0,2.0,2.0,2.0,8.0,5.0,1.0,1.0
2023-03-03,1.0,1.0,1.0,1.0,7.0,6.0,5.0,5.0
2023-03-05,3.0,3.0,3.0,3.0,9.0,8.0,1.0,1.0
2023-03-06,1.0,1.0,1.0,1.0,5.0,4.0,5.0,4.0
2023-03-07,1.0,1.0,1.0,1.0,3.0,3.0,2.0,2.0
2023-03-08,1.0,1.0,1.0,1.0,3.0,3.0,2.0,2.0
2023-03-09,3.0,3.0,2.0,2.0,12.0,7.0,12.0,7.0
2023-03-10,1.0,1.0,0.0,0.0,10.0,10.0,6.0,6.0
2023-03-11,2.0,2.0,1.0,1.0,18.0,10.0,7.0,5.0
2023-03-12,2.0,2.0,2.0,2.0,7.0,3.0,5.0,3.0
2023-03-13,1.0,1.0,1.0,1.0,1.0,1.0,1.0,1.0
2023-03-14,3.0,3.0,1.0,1.0,9.0,8.0,4.0,4.0
2023-03-15,2.0,2.0,2.0,2.0,21.0,14.0,14.0,11.0
2023-03-16,3.0,3.0,2.0,2.0,8.0,7.0,2.0,2.0
2023-03-17,1.0,1.0,1.0,1.0,11.0,10.0,9.0,8.0
2023-03-18,3.0,1.0,0.0,0.0,22.0,16.0,1.0,1.0
2023-03-19,3.0,3.0,2.0,2.0,16.0,10.0,10.0,6.0
2023-03-20,3.0,3.0,2.0,2.0,7.0,5.0,2.0,2.0
2023-03-21,1.0,1.0,1.0,1.0,11.0,8.0,3.0,3.0
2023-03-22,3.0,3.0,1.0,1.0,5.0,5.0,0.0,0.0
2023-03-23,2.0,2.0,2.0,2.0,12.0,9.0,8.0,5.0
2023-03-24,0.0,0.0,0.0,0.0,2.0,2.0,1.0,1.0
2023-03-25,0.0,0.0,0.0,0.0,3.0,3.0,2.0,2.0
2023-03-26,1.0,1.0,1.0,1.0,2.0,2.0,1.0,1.0
2023-03-27,2.0,2.0,1.0,1.0,4.0,4.0,3.0,3.0
2023-03-28,4.0,4.0,3.0,3.0,14.0,13.0,3.0,3.0
2023-03-29,1.0,1.0,1.0,1.0,6.0,6.0,5.0,5.0
2023-03-30,3.0,3.0,3.0,3.0,6.0,4.0,5.0,3.0
2023-03-31,2.0,2.0,1.0,1.0,9.0,7.0,6.0,4.0
2023-04-01,2.0,2.0,1.0,1.0,18.0,11.0,11.0,6.0
2023-04-02,3.0,3.0,3.0,3.0,18.0,14.0,15.0,11.0
2023-04-03,2.0,2.0,1.0,1.0,19.0,11.0,15.0,9.0
2023-04-04,3.0,2.0,1.0,1.0,20.0,11.0,7.0,6.0
2023-04-05,2.0,2.0,2.0,2.0,19.0,9.0,5.0,5.0
2023-04-06,4.0,4.0,2.0,2.0,10.0,10.0,4.0,4.0
2023-04-07,0.0,0.0,0.0,0.0,13.0,11.0,6.0,6.0
2023-04-08,0.0,0.0,0.0,0.0,6.0,4.0,2.0,1.0
2023-04-09,3.0,3.0,2.0,2.0,16.0,9.0,4.0,4.0
2023-04-10,2.0,2.0,1.0,1.0,25.0,16.0,9.0,6.0
2023-04-11,1.0,1.0,1.0,1.0,5.0,4.0,3.0,3.0
2023-04-12,3.0,3.0,2.0,2.0,21.0,10.0,9.0,7.0
2023-04-13,2.0,2.0,2.0,2.0,10.0,8.0,4.0,4.0
2023-04-14,0.0,0.0,0.0,0.0,5.0,4.0,0.0,0.0
2023-04-15,0.0,0.0,0.0,0.0,1.0,1.0,1.0,1.0
2023-04-16,3.0,3.0,1.0,1.0,9.0,7.0,4.0,4.0
2023-04-17,2.0,2.0,1.0,1.0,7.0,7.0,6.0,6.0
2023-04-18,5.0,5.0,2.0,2.0,16.0,13.0,7.0,4.0
2023-04-19,6.0,6.0,6.0,6.0,32.0,17.0,8.0,5.0
2023-04-20,5.0,4.0,2.0,2.0,13.0,11.0,7.0,6.0
2023-04-21,4.0,4.0,2.0,2.0,19.0,10.0,12.0,8.0
2023-04-22,2.0,2.0,1.0,1.0,31.0,18.0,20.0,13.0
2023-04-23,6.0,6.0,3.0,3.0,30.0,18.0,10.0,9.0
2023-04-24,2.0,2.0,1.0,1.0,13.0,10.0,5.0,5.0
2023-04-25,5.0,5.0,1.0,1.0,20.0,13.0,10.0,6.0
2023-04-26,6.0,5.0,6.0,5.0,23.0,15.0,10.0,9.0
2023-04-27,2.0,2.0,2.0,2.0,14.0,5.0,9.0,3.0
2023-04-28,5.0,5.0,3.0,3.0,14.0,10.0,5.0,4.0
2023-04-29,2.0,2.0,1.0,1.0,27.0,19.0,7.0,6.0
2023-04-30,3.0,3.0,2.0,2.0,17.0,13.0,10.0,9.0
2023-05-01,3.0,3.0,2.0,2.0,33.0,19.0,21.0,14.0
2023-05-02,1.0,1.0,1.0,1.0,1.0,1.0,0.0,0.0
2023-05-03,1.0,1.0,1.0,1.0,1.0,1.0,0.0,0.0
2023-05-04,3.0,3.0,2.0,2.0,7.0,5.0,0.0,0.0
2023-05-05,1.0,1.0,1.0,1.0,7.0,7.0,1.0,1.0
2023-05-06,0.0,0.0,0.0,0.0,2.0,1.0,2.0,1.0
2023-05-07,3.0,3.0,2.0,2.0,14.0,8.0,4.0,3.0
2023-05-08,3.0,3.0,3.0,3.0,17.0,15.0,13.0,11.0
2023-05-09,2.0,2.0,1.0,1.0,20.0,11.0,8.0,3.0
2023-05-10,2.0,2.0,1.0,1.0,25.0,15.0,12.0,8.0
2023-05-11,4.0,4.0,1.0,1.0,20.0,16.0,9.0,7.0
2023-05-12,0.0,0.0,0.0,0.0,16.0,13.0,9.0,8.0
2023-05-13,2.0,2.0,0.0,0.0,4.0,4.0,0.0,0.0
2023-05-14,3.0,2.0,1.0,1.0,16.0,11.0,4.0,4.0
2023-05-15,1.0,1.0,1.0,1.0,16.0,10.0,8.0,6.0
2023-05-16,3.0,2.0,2.0,2.0,12.0,8.0,6.0,5.0
2023-05-17,3.0,3.0,2.0,2.0,19.0,15.0,12.0,10.0
2023-05-18,3.0,3.0,3.0,3.0,12.0,10.0,12.0,10.0
2023-05-19,7.0,6.0,5.0,4.0,31.0,22.0,18.0,13.0
2023-05-20,4.0,4.0,3.0,3.0,5.0,5.0,4.0,4.0
2023-05-21,3.0,3.0,3.0,3.0,4.0,4.0,2.0,2.0
2023-05-22,7.0,5.0,4.0,3.0,31.0,16.0,13.0,9.0
2023-05-23,4.0,4.0,2.0,2.0,18.0,16.0,11.0,9.0
2023-05-24,3.0,3.0,1.0,1.0,28.0,13.0,15.0,5.0
2023-05-25,5.0,4.0,2.0,2.0,15.0,11.0,7.0,6.0
2023-05-26,1.0,1.0,1.0,1.0,4.0,4.0,2.0,2.0
2023-05-27,1.0,1.0,0.0,0.0,4.0,4.0,2.0,2.0
2023-05-28,6.0,5.0,4.0,4.0,21.0,13.0,13.0,8.0
2023-05-29,3.0,3.0,3.0,3.0,11.0,11.0,9.0,9.0
2023-05-30,1.0,1.0,1.0,1.0,4.0,3.0,4.0,3.0
2023-05-31,8.0,5.0,4.0,3.0,22.0,13.0,9.0,7.0
2023-06-01,3.0,3.0,3.0,3.0,30.0,18.0,16.0,9.0
2023-06-02,2.0,2.0,2.0,2.0,14.0,11.0,10.0,8.0
2023-06-03,0.0,0.0,0.0,0.0,4.0,4.0,0.0,0.0
2023-06-04,2.0,2.0,1.0,1.0,5.0,5.0,2.0,2.0
2023-06-05,2.0,2.0,1.0,1.0,11.0,8.0,6.0,4.0
2023-06-06,3.0,3.0,1.0,1.0,9.0,6.0,6.0,4.0
2023-06-07,6.0,4.0,4.0,3.0,34.0,17.0,13.0,8.0
2023-06-08,5.0,5.0,3.0,3.0,20.0,14.0,6.0,4.0
2023-06-09,3.0,3.0,1.0,1.0,21.0,15.0,7.0,5.0
2023-06-10,1.0,1.0,0.0,0.0,10.0,9.0,8.0,7.0
2023-06-11,5.0,5.0,2.0,2.0,45.0,17.0,12.0,6.0
2023-06-12,4.0,4.0,1.0,1.0,26.0,17.0,7.0,7.0
2023-06-13,9.0,9.0,4.0,4.0,60.0,30.0,16.0,12.0
2023-06-14,7.0,6.0,5.0,5.0,58.0,28.0,30.0,15.0
2023-06-15,10.0,8.0,2.0,2.0,43.0,24.0,4.0,4.0
2023-06-16,3.0,2.0,3.0,2.0,52.0,24.0,41.0,21.0
2023-06-17,6.0,5.0,2.0,2.0,26.0,16.0,6.0,6.0
2023-06-18,11.0,6.0,8.0,5.0,58.0,32.0,26.0,15.0
2023-06-19,15.0,12.0,10.0,8.0,91.0,40.0,36.0,18.0
2023-06-20,9.0,8.0,5.0,5.0,38.0,28.0,14.0,14.0
2023-06-21,7.0,5.0,2.0,2.0,23.0,16.0,9.0,7.0
2023-06-22,3.0,3.0,2.0,2.0,29.0,19.0,7.0,7.0
2023-06-23,5.0,5.0,3.0,3.0,25.0,18.0,10.0,9.0
2023-06-24,1.0,1.0,0.0,0.0,6.0,5.0,2.0,2.0
2023-06-25,4.0,4.0,3.0,3.0,26.0,22.0,9.0,8.0
2023-06-26,5.0,5.0,1.0,1.0,18.0,12.0,6.0,5.0
2023-06-27,5.0,5.0,3.0,3.0,48.0,28.0,20.0,11.0
2023-06-28,6.0,5.0,3.0,3.0,38.0,28.0,9.0,9.0
2023-06-29,5.0,5.0,4.0,4.0,35.0,18.0,13.0,7.0
2023-06-30,4.0,4.0,0.0,0.0,11.0,9.0,3.0,2.0
2023-07-01,5.0,5.0,3.0,3.0,15.0,9.0,2.0,2.0
2023-07-02,4.0,4.0,1.0,1.0,22.0,13.0,9.0,5.0
2023-07-03,7.0,7.0,3.0,3.0,20.0,14.0,13.0,8.0
2023-07-04,5.0,5.0,3.0,3.0,33.0,24.0,14.0,11.0
2023-07-05,10.0,10.0,4.0,4.0,58.0,29.0,21.0,14.0
2023-07-06,11.0,9.0,8.0,7.0,48.0,29.0,27.0,20.0
2023-07-07,8.0,7.0,5.0,4.0,64.0,33.0,34.0,16.0
2023-07-08,7.0,7.0,2.0,2.0,66.0,34.0,19.0,16.0
2023-07-09,11.0,9.0,5.0,4.0,66.0,30.0,28.0,20.0
2023-07-10,10.0,7.0,4.0,4.0,68.0,37.0,37.0,22.0
2023-07-11,7.0,6.0,4.0,3.0,32.0,22.0,11.0,11.0
2023-07-12,4.0,3.0,3.0,2.0,28.0,19.0,20.0,14.0
2023-07-13,8.0,6.0,7.0,5.0,21.0,17.0,14.0,12.0
2023-07-14,0.0,0.0,0.0,0.0,8.0,5.0,3.0,3.0
2023-07-15,0.0,0.0,0.0,0.0,4.0,4.0,4.0,4.0
2023-07-16,7.0,6.0,4.0,3.0,27.0,19.0,10.0,9.0
2023-07-17,6.0,6.0,3.0,3.0,45.0,25.0,19.0,10.0
2023-07-18,4.0,4.0,3.0,3.0,26.0,18.0,10.0,10.0
2023-07-19,7.0,6.0,4.0,3.0,41.0,30.0,19.0,14.0
2023-07-20,7.0,6.0,4.0,3.0,28.0,21.0,17.0,13.0
2023-07-21,4.0,4.0,4.0,4.0,26.0,19.0,15.0,11.0
2023-07-22,0.0,0.0,0.0,0.0,9.0,7.0,4.0,4.0
2023-07-23,3.0,3.0,1.0,1.0,23.0,16.0,8.0,6.0
2023-07-24,5.0,4.0,2.0,2.0,21.0,19.0,14.0,12.0
2023-07-25,9.0,7.0,7.0,5.0,35.0,21.0,17.0,10.0
2023-07-26,6.0,6.0,2.0,2.0,13.0,11.0,4.0,4.0
2023-07-27,3.0,3.0,2.0,2.0,8.0,7.0,5.0,4.0
2023-07-28,2.0,2.0,0.0,0.0,10.0,9.0,6.0,6.0
2023-07-29,3.0,3.0,2.0,2.0,6.0,6.0,3.0,3.0
2023-07-30,4.0,4.0,3.0,3.0,15.0,12.0,4.0,4.0
2023-07-31,6.0,6.0,5.0,5.0,36.0,20.0,20.0,12.0
2023-08-01,8.0,7.0,4.0,4.0,23.0,18.0,10.0,8.0
2023-08-02,5.0,5.0,2.0,2.0,38.0,24.0,12.0,10.0
2023-08-03,3.0,3.0,1.0,1.0,24.0,10.0,18.0,7.0
2023-08-04,3.0,3.0,1.0,1.0,26.0,16.0,12.0,7.0
2023-08-05,1.0,1.0,1.0,1.0,8.0,5.0,5.0,3.0
2023-08-06,5.0,5.0,2.0,2.0,25.0,13.0,1.0,1.0
2023-08-07,8.0,8.0,5.0,5.0,36.0,22.0,19.0,13.0
2023-08-08,5.0,5.0,3.0,3.0,19.0,14.0,7.0,6.0
2023-08-09,13.0,12.0,7.0,7.0,62.0,34.0,30.0,20.0
2023-08-10,5.0,4.0,4.0,3.0,47.0,25.0,34.0,20.0
2023-08-11,7.0,6.0,4.0,3.0,26.0,19.0,14.0,9.0
2023-08-12,4.0,4.0,2.0,2.0,27.0,18.0,16.0,8.0
2023-08-13,14.0,10.0,11.0,8.0,63.0,24.0,27.0,12.0
2023-08-14,2.0,2.0,1.0,1.0,9.0,8.0,5.0,4.0
2023-08-15,8.0,8.0,3.0,3.0,27.0,19.0,7.0,6.0
2023-08-16,8.0,7.0,3.0,3.0,52.0,25.0,15.0,10.0
2023-08-17,7.0,7.0,4.0,4.0,41.0,22.0,10.0,7.0
2023-08-18,3.0,3.0,2.0,2.0,33.0,20.0,20.0,11.0
2023-08-19,3.0,3.0,2.0,2.0,18.0,14.0,9.0,7.0
2023-08-20,11.0,11.0,4.0,4.0,37.0,26.0,9.0,7.0
2023-08-21,8.0,8.0,5.0,5.0,43.0,31.0,28.0,21.0
2023-08-22,6.0,6.0,4.0,4.0,37.0,21.0,14.0,10.0
2023-08-23,4.0,4.0,2.0,2.0,32.0,22.0,20.0,14.0
2023-08-24,8.0,8.0,4.0,4.0,28.0,20.0,11.0,9.0
2023-08-25,2.0,2.0,1.0,1.0,35.0,21.0,20.0,13.0
2023-08-26,1.0,1.0,1.0,1.0,4.0,4.0,2.0,2.0
2023-08-27,2.0,2.0,1.0,1.0,4.0,4.0,1.0,1.0
2023-08-28,4.0,3.0,3.0,2.0,9.0,7.0,7.0,5.0
2023-08-29,3.0,3.0,2.0,2.0,7.0,7.0,1.0,1.0
2023-08-30,5.0,4.0,2.0,2.0,10.0,6.0,2.0,2.0
2023-08-31,2.0,2.0,0.0,0.0,9.0,7.0,3.0,3.0
2023-09-01,2.0,2.0,1.0,1.0,2.0,2.0,1.0,1.0
2023-09-02,4.0,4.0,2.0,2.0,4.0,4.0,0.0,0.0
2023-09-03,3.0,3.0,1.0,1.0,18.0,13.0,4.0,4.0
2023-09-04,9.0,8.0,7.0,6.0,41.0,22.0,12.0,8.0
2023-09-05,8.0,8.0,4.0,4.0,40.0,28.0,16.0,12.0
2023-09-06,2.0,2.0,1.0,1.0,20.0,12.0,9.0,6.0
2023-09-07,11.0,11.0,5.0,5.0,43.0,30.0,15.0,11.0
2023-09-08,6.0,5.0,4.0,3.0,30.0,25.0,23.0,21.0
2023-09-09,1.0,1.0,1.0,1.0,14.0,10.0,10.0,7.0
2023-09-10,4.0,4.0,3.0,3.0,21.0,11.0,0.0,0.0
2023-09-11,4.0,4.0,1.0,1.0,18.0,15.0,8.0,7.0
2023-09-12,5.0,5.0,5.0,5.0,30.0,19.0,19.0,14.0
2023-09-13,1.0,1.0,1.0,1.0,6.0,4.0,1.0,1.0
2023-09-14,5.0,5.0,2.0,2.0,18.0,15.0,0.0,0.0
2023-09-15,6.0,6.0,3.0,3.0,31.0,24.0,14.0,13.0
2023-09-16,3.0,3.0,2.0,2.0,13.0,13.0,7.0,7.0
2023-09-17,7.0,7.0,2.0,2.0,28.0,18.0,11.0,10.0
2023-09-18,4.0,4.0,3.0,3.0,13.0,11.0,6.0,6.0
2023-09-19,12.0,10.0,7.0,6.0,49.0,25.0,8.0,7.0
2023-09-20,6.0,5.0,2.0,2.0,18.0,16.0,7.0,7.0
2023-09-21,2.0,2.0,1.0,1.0,28.0,14.0,20.0,10.0
2023-09-22,1.0,1.0,1.0,1.0,4.0,3.0,0.0,0.0
2023-09-23,3.0,3.0,1.0,1.0,5.0,5.0,0.0,0.0
2023-09-24,11.0,9.0,6.0,5.0,24.0,20.0,7.0,7.0
2023-09-25,5.0,5.0,2.0,2.0,68.0,28.0,37.0,16.0
2023-09-26,5.0,5.0,1.0,1.0,19.0,8.0,13.0,5.0
2023-09-27,5.0,5.0,4.0,4.0,17.0,15.0,9.0,8.0
2023-09-28,5.0,5.0,2.0,2.0,15.0,14.0,9.0,8.0
2023-09-29,3.0,3.0,0.0,0.0,10.0,7.0,9.0,6.0
2023-09-30,2.0,2.0,2.0,2.0,23.0,13.0,8.0,5.0
2023-10-01,7.0,6.0,5.0,4.0,26.0,18.0,11.0,9.0
2023-10-02,10.0,10.0,3.0,3.0,27.0,19.0,5.0,5.0
2023-10-03,3.0,3.0,1.0,1.0,22.0,17.0,12.0,10.0
2023-10-04,9.0,9.0,5.0,5.0,38.0,22.0,7.0,7.0
2023-10-05,5.0,4.0,3.0,3.0,15.0,13.0,11.0,9.0
2023-10-06,1.0,1.0,1.0,1.0,12.0,9.0,9.0,7.0
2023-10-07,3.0,3.0,2.0,2.0,13.0,9.0,6.0,6.0
2023-10-08,3.0,3.0,1.0,1.0,16.0,13.0,3.0,3.0
2023-10-09,7.0,6.0,3.0,3.0,31.0,24.0,14.0,14.0
2023-10-10,7.0,6.0,2.0,2.0,20.0,13.0,12.0,7.0
2023-10-11,4.0,4.0,2.0,2.0,43.0,26.0,13.0,10.0
2023-10-12,2.0,2.0,1.0,1.0,16.0,15.0,10.0,10.0
2023-10-13,3.0,2.0,3.0,2.0,16.0,10.0,14.0,9.0
2023-10-14,1.0,1.0,0.0,0.0,11.0,7.0,3.0,3.0
2023-10-15,2.0,2.0,0.0,0.0,10.0,9.0,6.0,5.0
2023-10-16,8.0,8.0,4.0,4.0,53.0,30.0,24.0,13.0
2023-10-17,5.0,5.0,3.0,3.0,29.0,21.0,10.0,9.0
2023-10-18,5.0,5.0,4.0,4.0,26.0,16.0,12.0,9.0
2023-10-19,8.0,8.0,6.0,6.0,39.0,23.0,9.0,9.0
2023-10-20,5.0,5.0,2.0,2.0,15.0,9.0,10.0,6.0
2023-10-21,1.0,1.0,0.0,0.0,19.0,13.0,5.0,5.0
2023-10-22,1.0,1.0,0.0,0.0,10.0,9.0,7.0,6.0
2023-10-23,0.0,0.0,0.0,0.0,5.0,5.0,4.0,4.0
2023-10-24,2.0,2.0,0.0,0.0,3.0,3.0,1.0,1.0
2023-10-25,1.0,1.0,0.0,0.0,1.0,1.0,1.0,1.0
2023-10-26,0.0,0.0,0.0,0.0,1.0,1.0,1.0,1.0
2023-10-27,4.0,4.0,2.0,2.0,5.0,5.0,4.0,4.0
2023-10-28,2.0,2.0,1.0,1.0,13.0,8.0,7.0,5.0
2023-10-29,5.0,5.0,3.0,3.0,14.0,10.0,5.0,3.0
2023-10-30,6.0,5.0,4.0,3.0,15.0,11.0,5.0,3.0
2023-10-31,2.0,2.0,1.0,1.0,20.0,17.0,9.0,6.0
2023-11-01,2.0,2.0,1.0,1.0,17.0,15.0,11.0,11.0
2023-11-02,4.0,3.0,1.0,1.0,23.0,12.0,3.0,3.0
2023-11-03,1.0,1.0,1.0,1.0,3.0,3.0,2.0,2.0
2023-11-04,2.0,2.0,0.0,0.0,14.0,12.0,0.0,0.0
2023-11-05,4.0,4.0,3.0,3.0,24.0,16.0,9.0,7.0
2023-11-06,4.0,4.0,4.0,4.0,54.0,29.0,30.0,15.0
2023-11-07,5.0,4.0,1.0,1.0,30.0,14.0,5.0,5.0
2023-11-08,5.0,5.0,2.0,2.0,17.0,12.0,14.0,9.0
2023-11-09,4.0,4.0,3.0,3.0,26.0,14.0,14.0,8.0
2023-11-10,2.0,2.0,0.0,0.0,9.0,7.0,2.0,2.0
2023-11-11,2.0,2.0,1.0,1.0,3.0,3.0,1.0,1.0
2023-11-12,3.0,3.0,3.0,3.0,4.0,4.0,3.0,3.0
2023-11-13,1.0,1.0,1.0,1.0,1.0,1.0,1.0,1.0
2023-11-14,2.0,2.0,2.0,2.0,6.0,5.0,2.0,2.0
2023-11-15,1.0,1.0,1.0,1.0,6.0,3.0,6.0,3.0
2023-11-16,2.0,2.0,1.0,1.0,4.0,3.0,2.0,1.0
2023-11-17,1.0,1.0,0.0,0.0,6.0,6.0,1.0,1.0
2023-11-18,1.0,1.0,0.0,0.0,10.0,8.0,2.0,2.0
2023-11-19,1.0,1.0,1.0,1.0,0.0,0.0,0.0,0.0
2023-11-20,2.0,2.0,1.0,1.0,17.0,10.0,2.0,2.0
2023-11-21,9.0,8.0,7.0,6.0,37.0,18.0,14.0,9.0
2023-11-22,4.0,4.0,3.0,3.0,17.0,12.0,14.0,11.0
2023-11-23,10.0,7.0,4.0,3.0,51.0,27.0,6.0,5.0
2023-11-24,7.0,7.0,3.0,3.0,28.0,20.0,18.0,12.0
2023-11-25,4.0,4.0,2.0,2.0,14.0,10.0,10.0,8.0
2023-11-26,3.0,3.0,2.0,2.0,40.0,18.0,13.0,7.0
2023-11-27,2.0,2.0,1.0,1.0,32.0,18.0,21.0,11.0
2023-11-28,4.0,4.0,4.0,4.0,28.0,21.0,14.0,11.0
2023-11-29,5.0,5.0,3.0,3.0,27.0,15.0,8.0,5.0
2023-11-30,3.0,3.0,2.0,2.0,30.0,15.0,16.0,11.0
2023-12-01,0.0,0.0,0.0,0.0,10.0,7.0,9.0,7.0
2023-12-02,1.0,1.0,1.0,1.0,4.0,4.0,2.0,2.0
2023-12-03,2.0,2.0,2.0,2.0,8.0,8.0,6.0,6.0
2023-12-04,3.0,3.0,2.0,2.0,5.0,5.0,4.0,4.0
2023-12-05,2.0,2.0,2.0,2.0,5.0,5.0,4.0,4.0
2023-12-06,6.0,5.0,2.0,2.0,5.0,5.0,4.0,4.0
2023-12-07,5.0,5.0,3.0,3.0,15.0,12.0,10.0,7.0
2023-12-08,0.0,0.0,0.0,0.0,11.0,7.0,11.0,7.0
2023-12-09,3.0,3.0,2.0,2.0,9.0,7.0,3.0,3.0
2023-12-10,8.0,8.0,3.0,3.0,77.0,49.0,25.0,16.0
2023-12-11,7.0,6.0,1.0,1.0,66.0,34.0,30.0,12.0
2023-12-12,2.0,2.0,1.0,1.0,29.0,20.0,11.0,10.0
2023-12-13,5.0,5.0,3.0,3.0,38.0,25.0,11.0,8.0
2023-12-14,10.0,10.0,5.0,5.0,30.0,21.0,16.0,13.0
2023-12-15,4.0,4.0,2.0,2.0,43.0,20.0,16.0,11.0
2023-12-16,3.0,3.0,1.0,1.0,19.0,11.0,5.0,4.0
2023-12-17,10.0,8.0,6.0,5.0,64.0,44.0,21.0,15.0
2023-12-18,17.0,15.0,11.0,9.0,82.0,44.0,33.0,21.0
2023-12-19,11.0,11.0,4.0,4.0,124.0,60.0,40.0,27.0
2023-12-20,20.0,17.0,8.0,6.0,159.0,69.0,42.0,27.0
2023-12-21,11.0,9.0,3.0,3.0,98.0,55.0,45.0,30.0
2023-12-22,8.0,8.0,6.0,6.0,53.0,31.0,45.0,25.0
2023-12-23,5.0,5.0,4.0,4.0,37.0,21.0,28.0,16.0
2023-12-24,5.0,5.0,4.0,4.0,51.0,29.0,29.0,15.0
2023-12-25,12.0,11.0,7.0,7.0,69.0,35.0,41.0,23.0
2023-12-26,4.0,4.0,3.0,3.0,30.0,22.0,17.0,13.0
2023-12-27,8.0,6.0,1.0,1.0,35.0,21.0,17.0,9.0
2023-12-28,6.0,6.0,3.0,3.0,49.0,25.0,31.0,19.0
2023-12-29,3.0,3.0,1.0,1.0,15.0,13.0,5.0,5.0
2023-12-30,0.0,0.0,0.0,0.0,12.0,7.0,7.0,6.0
2023-12-31,7.0,7.0,3.0,3.0,53.0,29.0,11.0,8.0
2024-01-01,11.0,8.0,3.0,3.0,61.0,39.0,27.0,17.0
2024-01-02,6.0,6.0,3.0,3.0,35.0,27.0,20.0,17.0
2024-01-03,13.0,13.0,6.0,6.0,70.0,42.0,30.0,21.0
2024-01-04,8.0,8.0,4.0,4.0,34.0,26.0,17.0,13.0
2024-01-05,7.0,4.0,7.0,4.0,41.0,24.0,25.0,17.0
2024-01-06,4.0,4.0,1.0,1.0,27.0,22.0,8.0,7.0
2024-01-07,12.0,11.0,3.0,3.0,56.0,35.0,18.0,14.0
2024-01-08,8.0,8.0,5.0,5.0,35.0,24.0,9.0,7.0
2024-01-09,9.0,8.0,7.0,6.0,70.0,36.0,49.0,27.0
2024-01-10,9.0,9.0,5.0,5.0,82.0,40.0,29.0,16.0
2024-01-11,14.0,14.0,7.0,7.0,100.0,51.0,28.0,17.0
2024-01-12,2.0,2.0,2.0,2.0,39.0,28.0,20.0,12.0
2024-01-13,7.0,7.0,4.0,4.0,86.0,44.0,21.0,13.0
2024-01-14,8.0,8.0,3.0,3.0,104.0,53.0,37.0,21.0
2024-01-15,6.0,6.0,3.0,3.0,82.0,46.0,28.0,19.0
2024-01-16,10.0,10.0,7.0,7.0,117.0,60.0,57.0,31.0
2024-01-17,17.0,16.0,13.0,13.0,98.0,49.0,59.0,32.0
2024-01-18,12.0,12.0,6.0,6.0,125.0,64.0,83.0,46.0
2024-01-19,10.0,10.0,6.0,6.0,63.0,36.0,35.0,23.0
2024-01-20,13.0,12.0,5.0,5.0,90.0,46.0,17.0,16.0
2024-01-21,13.0,12.0,3.0,3.0,114.0,49.0,32.0,20.0
2024-01-22,16.0,14.0,7.0,7.0,104.0,45.0,33.0,21.0
2024-01-23,20.0,15.0,8.0,7.0,139.0,54.0,44.0,22.0
2024-01-24,10.0,9.0,2.0,2.0,96.0,38.0,14.0,11.0
2024-01-25,14.0,12.0,6.0,5.0,141.0,60.0,54.0,29.0
2024-01-26,2.0,2.0,1.0,1.0,52.0,29.0,32.0,17.0
2024-01-27,8.0,7.0,6.0,6.0,57.0,32.0,30.0,21.0
2024-01-28,7.0,7.0,5.0,5.0,52.0,30.0,14.0,13.0
2024-01-29,13.0,13.0,6.0,6.0,69.0,36.0,25.0,16.0
2024-01-30,2.0,2.0,2.0,2.0,30.0,21.0,14.0,11.0
2024-01-31,6.0,6.0,3.0,3.0,41.0,22.0,12.0,9.0
2024-02-01,6.0,5.0,5.0,4.0,35.0,26.0,12.0,12.0
2024-02-02,4.0,4.0,2.0,2.0,20.0,19.0,7.0,7.0
2024-02-03,2.0,2.0,1.0,1.0,5.0,4.0,4.0,3.0
2024-02-04,8.0,8.0,2.0,2.0,42.0,27.0,11.0,4.0
2024-02-05,11.0,11.0,6.0,6.0,83.0,50.0,14.0,12.0
2024-02-06,7.0,7.0,3.0,3.0,85.0,49.0,18.0,14.0
2024-02-07,8.0,8.0,3.0,3.0,64.0,39.0,11.0,9.0
2024-02-08,10.0,10.0,3.0,3.0,111.0,49.0,26.0,18.0
2024-02-09,4.0,4.0,2.0,2.0,62.0,27.0,31.0,13.0
2024-02-10,7.0,7.0,2.0,2.0,47.0,29.0,30.0,18.0
2024-02-11,6.0,5.0,4.0,3.0,30.0,23.0,13.0,12.0
2024-02-12,10.0,8.0,4.0,4.0,57.0,38.0,26.0,19.0
2024-02-13,10.0,10.0,6.0,6.0,44.0,34.0,18.0,15.0
2024-02-14,10.0,9.0,4.0,4.0,40.0,28.0,14.0,11.0
2024-02-15,7.0,6.0,3.0,3.0,59.0,42.0,31.0,23.0
2024-02-16,7.0,6.0,3.0,2.0,55.0,30.0,24.0,19.0
2024-02-17,5.0,5.0,0.0,0.0,30.0,20.0,3.0,3.0
2024-02-18,8.0,8.0,3.0,3.0,51.0,27.0,10.0,9.0
2024-02-19,3.0,3.0,2.0,2.0,32.0,23.0,10.0,9.0
2024-02-20,9.0,9.0,3.0,3.0,31.0,26.0,10.0,9.0
2024-02-21,2.0,2.0,1.0,1.0,18.0,13.0,12.0,9.0
2024-02-22,2.0,2.0,1.0,1.0,23.0,16.0,8.0,6.0
2024-02-23,6.0,4.0,1.0,1.0,44.0,33.0,3.0,3.0
2024-02-24,3.0,3.0,1.0,1.0,50.0,35.0,18.0,13.0
2024-02-25,11.0,7.0,10.0,6.0,71.0,37.0,30.0,22.0
2024-02-26,3.0,3.0,3.0,3.0,34.0,26.0,16.0,13.0
2024-02-27,7.0,6.0,3.0,3.0,26.0,18.0,15.0,10.0
2024-02-28,2.0,2.0,1.0,1.0,12.0,11.0,5.0,5.0
2024-02-29,5.0,4.0,1.0,1.0,49.0,27.0,13.0,12.0
2024-03-01,3.0,3.0,2.0,2.0,16.0,16.0,6.0,6.0
2024-03-02,3.0,3.0,0.0,0.0,19.0,14.0,5.0,4.0
2024-03-03,8.0,8.0,4.0,4.0,40.0,23.0,8.0,7.0
2024-03-04,17.0,14.0,7.0,6.0,141.0,71.0,53.0,30.0
2024-03-05,4.0,4.0,3.0,3.0,44.0,29.0,22.0,17.0
2024-03-06,12.0,9.0,6.0,5.0,51.0,31.0,16.0,11.0
2024-03-07,3.0,3.0,1.0,1.0,12.0,11.0,6.0,5.0
2024-03-08,8.0,8.0,4.0,4.0,73.0,41.0,26.0,19.0
2024-03-09,3.0,3.0,1.0,1.0,20.0,18.0,12.0,11.0
2024-03-10,7.0,6.0,4.0,4.0,47.0,33.0,18.0,12.0
2024-03-11,8.0,7.0,4.0,4.0,47.0,30.0,9.0,9.0
2024-03-12,7.0,7.0,2.0,2.0,32.0,21.0,10.0,7.0
2024-03-13,11.0,10.0,5.0,4.0,45.0,34.0,24.0,16.0
2024-03-14,4.0,4.0,3.0,3.0,55.0,28.0,41.0,22.0
2024-03-15,4.0,3.0,0.0,0.0,22.0,17.0,7.0,6.0
2024-03-16,2.0,2.0,1.0,1.0,13.0,11.0,7.0,7.0
2024-03-17,6.0,6.0,2.0,2.0,31.0,19.0,19.0,13.0
2024-03-18,9.0,7.0,1.0,1.0,66.0,37.0,9.0,6.0
2024-03-19,9.0,9.0,3.0,3.0,59.0,27.0,11.0,7.0
2024-03-20,5.0,5.0,2.0,2.0,43.0,23.0,16.0,9.0
2024-03-21,4.0,3.0,2.0,2.0,19.0,16.0,7.0,7.0
2024-03-22,2.0,2.0,1.0,1.0,21.0,16.0,6.0,5.0
2024-03-23,1.0,1.0,1.0,1.0,9.0,8.0,6.0,5.0
2024-03-24,3.0,3.0,3.0,3.0,20.0,15.0,16.0,11.0
2024-03-25,4.0,4.0,2.0,2.0,18.0,15.0,4.0,4.0
2024-03-26,4.0,4.0,2.0,2.0,19.0,13.0,1.0,1.0
2024-03-27,6.0,5.0,3.0,3.0,24.0,18.0,14.0,11.0
2024-03-28,7.0,7.0,2.0,2.0,52.0,35.0,7.0,7.0
2024-03-29,2.0,2.0,2.0,2.0,27.0,18.0,18.0,13.0
2024-03-30,2.0,2.0,1.0,1.0,14.0,10.0,3.0,3.0
2024-03-31,11.0,10.0,5.0,5.0,76.0,40.0,19.0,14.0
2024-04-01,7.0,7.0,5.0,5.0,58.0,29.0,43.0,22.0
2024-04-02,2.0,2.0,2.0,2.0,18.0,14.0,11.0,8.0
2024-04-03,6.0,6.0,3.0,3.0,37.0,27.0,4.0,4.0
2024-04-04,12.0,12.0,9.0,9.0,74.0,42.0,36.0,20.0
2024-04-05,3.0,3.0,0.0,0.0,34.0,23.0,14.0,9.0
2024-04-06,9.0,8.0,2.0,2.0,32.0,20.0,6.0,5.0
2024-04-07,6.0,6.0,3.0,3.0,29.0,17.0,13.0,7.0
2024-04-08,7.0,6.0,3.0,3.0,56.0,37.0,14.0,12.0
2024-04-09,5.0,5.0,1.0,1.0,34.0,23.0,14.0,11.0
2024-04-10,7.0,7.0,4.0,4.0,22.0,11.0,9.0,7.0
2024-04-11,6.0,6.0,5.0,5.0,82.0,46.0,37.0,22.0
2024-04-12,1.0,1.0,1.0,1.0,15.0,9.0,9.0,4.0
2024-04-13,2.0,2.0,1.0,1.0,28.0,19.0,11.0,10.0
2024-04-14,5.0,4.0,1.0,1.0,23.0,19.0,11.0,10.0
2024-04-15,2.0,2.0,1.0,1.0,9.0,6.0,5.0,4.0
2024-04-16,5.0,5.0,2.0,2.0,32.0,22.0,8.0,7.0
2024-04-17,5.0,4.0,4.0,3.0,43.0,29.0,29.0,18.0
2024-04-18,4.0,4.0,2.0,2.0,34.0,24.0,8.0,8.0
2024-04-19,7.0,4.0,2.0,1.0,46.0,26.0,11.0,9.0
2024-04-20,2.0,2.0,0.0,0.0,25.0,18.0,10.0,8.0
2024-04-21,3.0,3.0,2.0,2.0,14.0,13.0,4.0,4.0
2024-04-22,5.0,5.0,4.0,4.0,35.0,20.0,21.0,11.0
2024-04-23,2.0,2.0,2.0,2.0,4.0,2.0,4.0,2.0
2024-04-24,6.0,5.0,6.0,5.0,10.0,7.0,6.0,6.0
2024-04-25,2.0,2.0,2.0,2.0,7.0,7.0,6.0,6.0
2024-04-26,2.0,2.0,0.0,0.0,3.0,3.0,1.0,1.0
2024-04-27,2.0,1.0,0.0,0.0,9.0,7.0,5.0,3.0
2024-04-28,4.0,4.0,1.0,1.0,18.0,9.0,1.0,1.0
2024-04-29,10.0,10.0,5.0,5.0,69.0,39.0,26.0,20.0
2024-04-30,8.0,8.0,4.0,4.0,58.0,33.0,34.0,20.0
2024-05-01,5.0,5.0,3.0,3.0,22.0,15.0,7.0,6.0
2024-05-02,5.0,5.0,2.0,2.0,7.0,7.0,4.0,4.0
2024-05-03,3.0,3.0,0.0,0.0,41.0,25.0,14.0,11.0
2024-05-04,4.0,4.0,1.0,1.0,26.0,21.0,16.0,14.0
2024-05-05,7.0,6.0,2.0,2.0,51.0,27.0,14.0,12.0
2024-05-06,4.0,4.0,2.0,2.0,36.0,25.0,19.0,14.0
2024-05-07,8.0,7.0,4.0,3.0,43.0,20.0,19.0,10.0
2024-05-08,11.0,10.0,5.0,5.0,54.0,29.0,20.0,16.0
2024-05-09,4.0,3.0,3.0,2.0,17.0,15.0,6.0,5.0
2024-05-10,3.0,3.0,3.0,3.0,12.0,9.0,12.0,9.0
2024-05-11,1.0,1.0,0.0,0.0,4.0,4.0,1.0,1.0
2024-05-12,7.0,6.0,1.0,1.0,28.0,20.0,3.0,3.0
2024-05-13,5.0,5.0,3.0,3.0,29.0,19.0,18.0,13.0
2024-05-14,4.0,4.0,2.0,2.0,29.0,17.0,10.0,9.0
2024-05-15,6.0,6.0,3.0,3.0,15.0,13.0,6.0,6.0
2024-05-16,3.0,3.0,1.0,1.0,4.0,4.0,0.0,0.0
2024-05-17,2.0,2.0,2.0,2.0,9.0,6.0,8.0,5.0
2024-05-18,5.0,4.0,0.0,0.0,19.0,13.0,3.0,2.0
2024-05-19,4.0,4.0,1.0,1.0,8.0,7.0,3.0,3.0
2024-05-20,5.0,5.0,4.0,4.0,18.0,15.0,14.0,11.0
2024-05-21,4.0,4.0,2.0,2.0,9.0,9.0,3.0,3.0
2024-05-22,2.0,2.0,1.0,1.0,9.0,7.0,5.0,3.0
2024-05-23,1.0,1.0,1.0,1.0,7.0,6.0,4.0,3.0
2024-05-24,2.0,2.0,0.0,0.0,5.0,5.0,1.0,1.0
2024-05-25,4.0,3.0,3.0,3.0,29.0,18.0,11.0,7.0
2024-05-26,7.0,5.0,2.0,2.0,37.0,24.0,20.0,12.0
2024-05-27,5.0,4.0,2.0,2.0,58.0,26.0,5.0,4.0
2024-05-28,5.0,5.0,3.0,3.0,48.0,27.0,25.0,16.0
2024-05-29,8.0,6.0,4.0,4.0,57.0,35.0,28.0,24.0
2024-05-30,4.0,4.0,2.0,2.0,38.0,29.0,8.0,7.0
2024-05-31,0.0,0.0,0.0,0.0,24.0,12.0,21.0,10.0
2024-06-01,5.0,4.0,1.0,1.0,12.0,10.0,7.0,6.0
2024-06-02,5.0,5.0,2.0,2.0,31.0,17.0,10.0,8.0
2024-06-03,4.0,4.0,2.0,2.0,12.0,8.0,8.0,4.0
2024-06-04,6.0,6.0,3.0,3.0,23.0,15.0,7.0,7.0
2024-06-05,3.0,3.0,2.0,2.0,10.0,7.0,10.0,7.0
2024-06-06,8.0,8.0,6.0,6.0,42.0,25.0,12.0,9.0
2024-06-07,1.0,1.0,1.0,1.0,37.0,23.0,27.0,18.0
2024-06-08,3.0,3.0,1.0,1.0,23.0,19.0,10.0,9.0
2024-06-09,8.0,8.0,2.0,2.0,54.0,37.0,15.0,14.0
2024-06-10,5.0,5.0,1.0,1.0,42.0,27.0,15.0,13.0
2024-06-11,2.0,2.0,2.0,2.0,14.0,12.0,6.0,5.0
2024-06-12,5.0,5.0,3.0,3.0,15.0,12.0,8.0,8.0
2024-06-13,6.0,6.0,2.0,2.0,33.0,20.0,5.0,4.0
2024-06-14,2.0,2.0,1.0,1.0,39.0,24.0,18.0,12.0
2024-06-15,0.0,0.0,0.0,0.0,4.0,4.0,1.0,1.0
2024-06-16,4.0,4.0,2.0,2.0,4.0,4.0,4.0,4.0
2024-06-17,7.0,5.0,5.0,4.0,39.0,22.0,28.0,15.0
2024-06-18,5.0,5.0,2.0,2.0,40.0,20.0,9.0,7.0
2024-06-19,5.0,5.0,3.0,3.0,25.0,21.0,12.0,10.0
2024-06-20,2.0,2.0,1.0,1.0,19.0,16.0,11.0,9.0
2024-06-21,1.0,1.0,1.0,1.0,4.0,4.0,2.0,2.0
2024-06-22,1.0,1.0,1.0,1.0,4.0,4.0,2.0,2.0
2024-06-23,6.0,6.0,1.0,1.0,52.0,21.0,0.0,0.0
2024-06-24,6.0,6.0,5.0,5.0,29.0,22.0,16.0,15.0
2024-06-25,3.0,3.0,2.0,2.0,29.0,16.0,7.0,6.0
2024-06-26,4.0,4.0,2.0,2.0,28.0,17.0,9.0,9.0
2024-06-27,5.0,5.0,2.0,2.0,17.0,10.0,5.0,4.0
2024-06-28,1.0,1.0,1.0,1.0,6.0,4.0,5.0,4.0
2024-06-30,6.0,6.0,3.0,3.0,18.0,15.0,6.0,6.0
2024-07-01,9.0,8.0,8.0,7.0,39.0,24.0,24.0,14.0
2024-07-02,6.0,6.0,3.0,3.0,23.0,15.0,10.0,6.0
2024-07-03,4.0,4.0,2.0,2.0,28.0,22.0,2.0,2.0
2024-07-04,5.0,4.0,5.0,4.0,21.0,17.0,9.0,8.0
2024-07-05,1.0,1.0,1.0,1.0,8.0,6.0,1.0,1.0
2024-07-06,0.0,0.0,0.0,0.0,10.0,8.0,5.0,4.0
2024-07-07,6.0,6.0,2.0,2.0,11.0,9.0,4.0,4.0
2024-07-08,7.0,6.0,3.0,2.0,11.0,10.0,1.0,1.0
2024-07-09,3.0,3.0,3.0,3.0,12.0,11.0,7.0,6.0
2024-07-10,5.0,5.0,2.0,2.0,28.0,14.0,7.0,3.0
2024-07-11,12.0,12.0,5.0,5.0,44.0,28.0,28.0,14.0
2024-07-12,1.0,1.0,0.0,0.0,17.0,15.0,3.0,3.0
2024-07-13,1.0,1.0,1.0,1.0,11.0,9.0,8.0,6.0
2024-07-14,6.0,6.0,3.0,3.0,29.0,20.0,9.0,8.0
2024-07-15,5.0,5.0,2.0,2.0,17.0,16.0,7.0,7.0
2024-07-16,6.0,6.0,1.0,1.0,30.0,16.0,2.0,2.0
2024-07-17,10.0,10.0,3.0,3.0,47.0,32.0,23.0,17.0
2024-07-18,16.0,14.0,10.0,8.0,112.0,64.0,45.0,28.0
2024-07-19,13.0,11.0,10.0,8.0,65.0,42.0,25.0,19.0
2024-07-20,3.0,3.0,1.0,1.0,19.0,16.0,7.0,6.0
2024-07-21,18.0,17.0,10.0,10.0,70.0,47.0,27.0,23.0
2024-07-22,13.0,12.0,5.0,5.0,67.0,42.0,25.0,18.0
2024-07-23,16.0,14.0,9.0,8.0,77.0,46.0,31.0,21.0
2024-07-24,17.0,12.0,4.0,4.0,58.0,39.0,22.0,17.0
2024-07-25,11.0,10.0,3.0,3.0,59.0,38.0,21.0,16.0
2024-07-26,12.0,12.0,4.0,4.0,100.0,53.0,33.0,21.0
2024-07-27,12.0,12.0,5.0,5.0,80.0,52.0,43.0,31.0
2024-07-28,10.0,10.0,4.0,4.0,84.0,53.0,40.0,29.0
2024-07-29,5.0,5.0,2.0,2.0,50.0,26.0,37.0,19.0
2024-07-30,7.0,7.0,4.0,4.0,48.0,39.0,19.0,18.0
2024-07-31,17.0,16.0,13.0,12.0,112.0,62.0,55.0,35.0
2024-08-01,25.0,24.0,14.0,13.0,122.0,73.0,46.0,34.0
2024-08-02,8.0,8.0,5.0,5.0,75.0,39.0,51.0,30.0
2024-08-03,8.0,8.0,6.0,6.0,62.0,46.0,31.0,27.0
2024-08-04,5.0,5.0,4.0,4.0,55.0,34.0,28.0,17.0
2024-08-05,14.0,13.0,5.0,5.0,86.0,51.0,19.0,17.0
2024-08-06,16.0,15.0,8.0,8.0,122.0,67.0,63.0,38.0
2024-08-07,11.0,11.0,7.0,7.0,77.0,45.0,37.0,22.0
2024-08-08,22.0,19.0,9.0,9.0,150.0,57.0,39.0,23.0
2024-08-09,14.0,12.0,7.0,6.0,61.0,38.0,23.0,19.0
2024-08-10,13.0,12.0,6.0,5.0,97.0,54.0,43.0,30.0
2024-08-11,34.0,22.0,17.0,13.0,154.0,77.0,50.0,26.0
2024-08-12,20.0,19.0,12.0,11.0,136.0,87.0,56.0,46.0
2024-08-13,19.0,18.0,10.0,10.0,130.0,71.0,43.0,34.0
2024-08-14,24.0,21.0,9.0,8.0,215.0,108.0,41.0,30.0
2024-08-15,29.0,24.0,17.0,13.0,141.0,85.0,66.0,40.0
2024-08-16,15.0,13.0,8.0,6.0,105.0,59.0,21.0,17.0
2024-08-17,8.0,8.0,3.0,3.0,68.0,48.0,20.0,16.0
2024-08-18,28.0,23.0,7.0,7.0,146.0,75.0,51.0,29.0
2024-08-19,6.0,6.0,2.0,2.0,64.0,42.0,22.0,19.0
2024-08-20,7.0,6.0,3.0,2.0,35.0,28.0,24.0,20.0
2024-08-21,11.0,9.0,7.0,6.0,60.0,39.0,19.0,17.0
2024-08-22,24.0,18.0,10.0,8.0,147.0,80.0,56.0,30.0
2024-08-23,6.0,6.0,3.0,3.0,59.0,41.0,26.0,20.0
2024-08-24,5.0,4.0,3.0,3.0,29.0,19.0,15.0,13.0
2024-08-25,15.0,14.0,6.0,6.0,75.0,44.0,35.0,24.0
2024-08-26,8.0,8.0,6.0,6.0,118.0,50.0,88.0,36.0
2024-08-27,13.0,12.0,9.0,8.0,111.0,64.0,57.0,39.0
2024-08-28,11.0,11.0,4.0,4.0,64.0,41.0,38.0,28.0
2024-08-29,12.0,12.0,5.0,5.0,73.0,54.0,31.0,26.0
2024-08-30,9.0,9.0,3.0,3.0,42.0,32.0,19.0,16.0
2024-08-31,9.0,8.0,5.0,4.0,55.0,26.0,37.0,16.0
2024-09-01,11.0,11.0,3.0,3.0,46.0,30.0,12.0,12.0
2024-09-02,9.0,9.0,2.0,2.0,54.0,39.0,14.0,14.0
2024-09-03,13.0,11.0,4.0,4.0,87.0,58.0,32.0,25.0
2024-09-04,4.0,4.0,3.0,3.0,46.0,32.0,30.0,21.0
2024-09-05,14.0,14.0,8.0,8.0,62.0,39.0,29.0,22.0
2024-09-06,6.0,6.0,3.0,3.0,38.0,30.0,10.0,9.0
2024-09-07,4.0,4.0,2.0,2.0,24.0,23.0,13.0,12.0
2024-09-08,14.0,13.0,6.0,6.0,94.0,50.0,15.0,15.0
2024-09-09,15.0,14.0,8.0,8.0,87.0,50.0,48.0,30.0
2024-09-10,10.0,9.0,4.0,3.0,56.0,40.0,28.0,20.0
2024-09-11,17.0,15.0,7.0,6.0,91.0,52.0,19.0,12.0
2024-09-12,13.0,13.0,3.0,3.0,62.0,46.0,28.0,25.0
2024-09-13,8.0,7.0,1.0,1.0,34.0,24.0,6.0,6.0
2024-09-14,8.0,8.0,2.0,2.0,50.0,37.0,15.0,13.0
2024-09-15,11.0,11.0,6.0,6.0,103.0,49.0,57.0,31.0
2024-09-16,10.0,10.0,2.0,2.0,68.0,42.0,28.0,18.0
2024-09-17,9.0,8.0,6.0,5.0,63.0,38.0,27.0,23.0
2024-09-18,12.0,12.0,2.0,2.0,81.0,52.0,29.0,18.0
2024-09-19,8.0,8.0,3.0,3.0,44.0,36.0,22.0,18.0
2024-09-20,9.0,9.0,1.0,1.0,88.0,48.0,14.0,11.0
2024-09-21,2.0,2.0,1.0,1.0,46.0,21.0,42.0,17.0
2024-09-22,8.0,8.0,4.0,4.0,32.0,23.0,13.0,11.0
2024-09-23,2.0,2.0,2.0,2.0,53.0,31.0,18.0,12.0
2024-09-24,4.0,4.0,1.0,1.0,36.0,25.0,8.0,4.0
2024-09-25,4.0,4.0,4.0,4.0,42.0,25.0,28.0,18.0
2024-09-26,10.0,9.0,5.0,5.0,38.0,25.0,10.0,8.0
2024-09-27,5.0,4.0,1.0,1.0,39.0,27.0,26.0,19.0
2024-09-28,6.0,6.0,2.0,2.0,19.0,15.0,10.0,9.0
2024-09-29,8.0,8.0,3.0,3.0,35.0,19.0,9.0,7.0
2024-09-30,6.0,5.0,3.0,3.0,25.0,18.0,14.0,10.0
2024-10-01,10.0,7.0,7.0,4.0,51.0,37.0,23.0,17.0
2024-10-02,10.0,9.0,4.0,4.0,41.0,29.0,23.0,17.0
2024-10-03,7.0,7.0,4.0,4.0,46.0,26.0,26.0,17.0
2024-10-04,6.0,6.0,4.0,4.0,42.0,29.0,24.0,19.0
2024-10-05,4.0,4.0,0.0,0.0,7.0,6.0,2.0,1.0
2024-10-06,11.0,10.0,8.0,8.0,51.0,30.0,21.0,15.0
2024-10-07,13.0,13.0,4.0,4.0,51.0,33.0,21.0,16.0
2024-10-08,14.0,14.0,6.0,6.0,76.0,49.0,41.0,29.0
2024-10-09,7.0,7.0,5.0,5.0,26.0,17.0,16.0,10.0
2024-10-10,4.0,4.0,1.0,1.0,23.0,15.0,15.0,7.0
2024-10-11,2.0,2.0,1.0,1.0,17.0,13.0,6.0,5.0
2024-10-12,4.0,4.0,1.0,1.0,41.0,29.0,16.0,13.0
2024-10-13,2.0,2.0,2.0,2.0,34.0,22.0,10.0,9.0
2024-10-14,4.0,4.0,1.0,1.0,24.0,16.0,5.0,4.0
2024-10-15,7.0,7.0,4.0,4.0,80.0,46.0,18.0,15.0
2024-10-16,13.0,13.0,7.0,7.0,60.0,35.0,30.0,19.0
2024-10-17,9.0,9.0,6.0,6.0,61.0,45.0,30.0,24.0
2024-10-18,6.0,5.0,3.0,3.0,73.0,45.0,50.0,32.0
2024-10-19,8.0,7.0,2.0,1.0,50.0,33.0,22.0,13.0
2024-10-20,11.0,11.0,5.0,5.0,62.0,38.0,27.0,18.0
2024-10-21,13.0,11.0,3.0,3.0,70.0,40.0,24.0,16.0
2024-10-22,10.0,10.0,6.0,6.0,61.0,42.0,19.0,18.0
2024-10-23,9.0,9.0,6.0,6.0,40.0,31.0,17.0,16.0
2024-10-24,6.0,6.0,3.0,3.0,43.0,25.0,17.0,12.0
2024-10-25,7.0,7.0,2.0,2.0,66.0,37.0,34.0,20.0
2024-10-26,3.0,3.0,2.0,2.0,24.0,14.0,12.0,9.0
2024-10-27,8.0,7.0,2.0,2.0,35.0,23.0,6.0,5.0
2024-10-28,12.0,10.0,6.0,4.0,63.0,41.0,30.0,21.0
2024-10-29,8.0,7.0,7.0,6.0,57.0,34.0,22.0,18.0
2024-10-30,13.0,13.0,6.0,6.0,52.0,39.0,35.0,26.0
2024-10-31,5.0,5.0,4.0,4.0,58.0,32.0,27.0,19.0
2024-11-01,7.0,6.0,2.0,2.0,44.0,23.0,24.0,11.0
2024-11-02,2.0,1.0,0.0,0.0,25.0,15.0,20.0,11.0
2024-11-03,6.0,6.0,1.0,1.0,23.0,13.0,5.0,3.0
2024-11-04,7.0,7.0,2.0,2.0,29.0,18.0,9.0,5.0
2024-11-05,5.0,5.0,3.0,3.0,12.0,8.0,6.0,4.0
2024-11-06,9.0,9.0,6.0,6.0,23.0,19.0,8.0,7.0
2024-11-07,5.0,5.0,4.0,4.0,70.0,31.0,18.0,14.0
2024-11-08,7.0,6.0,2.0,2.0,33.0,24.0,16.0,14.0
2024-11-09,9.0,9.0,6.0,6.0,74.0,48.0,31.0,20.0
2024-11-10,9.0,7.0,2.0,2.0,40.0,29.0,8.0,8.0
2024-11-11,8.0,8.0,3.0,3.0,50.0,36.0,23.0,18.0
2024-11-12,7.0,7.0,3.0,3.0,53.0,31.0,31.0,21.0
2024-11-13,9.0,8.0,2.0,2.0,39.0,25.0,6.0,5.0
2024-11-14,8.0,8.0,3.0,3.0,40.0,31.0,13.0,11.0
2024-11-15,4.0,4.0,1.0,1.0,22.0,16.0,10.0,6.0
2024-11-16,8.0,6.0,3.0,3.0,28.0,20.0,9.0,7.0
2024-11-17,12.0,12.0,7.0,7.0,31.0,25.0,16.0,12.0
2024-11-18,6.0,5.0,5.0,4.0,35.0,26.0,28.0,20.0
2024-11-19,8.0,8.0,5.0,5.0,46.0,30.0,13.0,11.0
2024-11-20,6.0,6.0,5.0,5.0,31.0,22.0,18.0,13.0
2024-11-21,8.0,8.0,6.0,6.0,54.0,27.0,33.0,19.0
2024-11-22,9.0,9.0,2.0,2.0,73.0,43.0,26.0,21.0
2024-11-23,4.0,4.0,1.0,1.0,40.0,31.0,25.0,19.0
2024-11-24,7.0,7.0,5.0,5.0,27.0,17.0,14.0,9.0
2024-11-25,13.0,12.0,5.0,5.0,49.0,31.0,13.0,13.0
2024-11-26,6.0,6.0,4.0,4.0,32.0,23.0,22.0,17.0
2024-11-27,4.0,4.0,3.0,3.0,24.0,18.0,7.0,6.0
2024-11-28,16.0,12.0,9.0,8.0,69.0,42.0,16.0,11.0
2024-11-29,3.0,3.0,3.0,3.0,22.0,20.0,15.0,13.0
2024-11-30,1.0,1.0,1.0,1.0,6.0,5.0,4.0,3.0
2024-12-01,2.0,2.0,1.0,1.0,8.0,7.0,3.0,3.0
2024-12-02,4.0,4.0,2.0,2.0,30.0,17.0,6.0,4.0
2024-12-03,9.0,9.0,4.0,4.0,46.0,30.0,27.0,24.0
2024-12-04,5.0,5.0,4.0,4.0,31.0,20.0,25.0,16.0
2024-12-05,8.0,8.0,4.0,4.0,25.0,19.0,7.0,6.0
2024-12-06,3.0,3.0,0.0,0.0,23.0,16.0,4.0,4.0
2024-12-07,1.0,1.0,0.0,0.0,23.0,14.0,2.0,2.0
2024-12-08,5.0,5.0,3.0,3.0,33.0,16.0,13.0,9.0
2024-12-09,3.0,3.0,1.0,1.0,29.0,21.0,9.0,7.0
2024-12-10,11.0,11.0,5.0,5.0,64.0,37.0,25.0,19.0
2024-12-11,6.0,6.0,4.0,4.0,58.0,32.0,29.0,18.0
2024-12-12,10.0,9.0,6.0,5.0,25.0,20.0,8.0,8.0
2024-12-13,5.0,5.0,3.0,3.0,55.0,29.0,46.0,20.0
2024-12-14,7.0,6.0,5.0,4.0,28.0,24.0,15.0,14.0
2024-12-15,7.0,7.0,4.0,4.0,48.0,38.0,27.0,18.0
2024-12-16,10.0,10.0,3.0,3.0,40.0,33.0,12.0,12.0
2024-12-17,8.0,7.0,5.0,4.0,25.0,21.0,10.0,8.0
2024-12-18,2.0,2.0,2.0,2.0,34.0,23.0,25.0,17.0
2024-12-19,11.0,10.0,4.0,4.0,32.0,21.0,7.0,5.0
2024-12-20,6.0,4.0,2.0,1.0,41.0,26.0,12.0,9.0
2024-12-21,10.0,10.0,3.0,3.0,57.0,32.0,14.0,12.0
2024-12-22,12.0,11.0,4.0,4.0,39.0,18.0,12.0,10.0
2024-12-23,8.0,7.0,3.0,3.0,27.0,17.0,17.0,10.0
2024-12-24,9.0,9.0,5.0,5.0,43.0,19.0,26.0,15.0
2024-12-25,14.0,14.0,6.0,6.0,29.0,14.0,14.0,7.0
2024-12-26,12.0,11.0,5.0,5.0,48.0,24.0,25.0,13.0
2024-12-27,6.0,6.0,3.0,3.0,21.0,17.0,8.0,8.0
2024-12-28,6.0,5.0,4.0,3.0,47.0,26.0,27.0,14.0
2024-12-29,7.0,7.0,3.0,3.0,23.0,14.0,16.0,10.0
2024-12-30,7.0,7.0,4.0,4.0,35.0,25.0,27.0,19.0
2024-12-31,7.0,7.0,4.0,4.0,57.0,30.0,22.0,13.0
2025-01-01,11.0,11.0,5.0,5.0,44.0,25.0,23.0,14.0
2025-01-02,10.0,10.0,3.0,3.0,52.0,41.0,14.0,13.0
2025-01-03,2.0,2.0,1.0,1.0,53.0,35.0,35.0,23.0
2025-01-04,18.0,10.0,4.0,4.0,53.0,28.0,23.0,13.0
2025-01-05,10.0,10.0,6.0,6.0,47.0,33.0,16.0,13.0
2025-01-06,7.0,5.0,3.0,2.0,65.0,52.0,31.0,27.0
2025-01-07,10.0,10.0,5.0,5.0,53.0,46.0,19.0,17.0
2025-01-08,6.0,6.0,5.0,5.0,40.0,24.0,15.0,13.0
2025-01-09,8.0,8.0,5.0,5.0,48.0,28.0,13.0,12.0
2025-01-10,5.0,5.0,3.0,3.0,37.0,19.0,21.0,14.0
2025-01-11,2.0,2.0,1.0,1.0,18.0,14.0,10.0,9.0
2025-01-12,10.0,9.0,4.0,4.0,32.0,20.0,13.0,10.0
2025-01-13,9.0,8.0,5.0,4.0,48.0,29.0,8.0,6.0
2025-01-14,5.0,5.0,3.0,3.0,20.0,16.0,11.0,9.0
2025-01-15,12.0,12.0,5.0,5.0,36.0,24.0,11.0,9.0
2025-01-16,5.0,4.0,1.0,1.0,23.0,18.0,9.0,8.0
2025-01-17,4.0,3.0,3.0,2.0,23.0,14.0,11.0,6.0
2025-01-18,3.0,2.0,2.0,1.0,30.0,19.0,4.0,4.0
2025-01-19,5.0,5.0,5.0,5.0,47.0,31.0,39.0,24.0
2025-01-20,5.0,5.0,3.0,3.0,11.0,9.0,5.0,5.0
2025-01-21,6.0,6.0,4.0,4.0,16.0,12.0,10.0,8.0
2025-01-22,9.0,5.0,8.0,5.0,35.0,23.0,13.0,10.0
2025-01-23,5.0,5.0,2.0,2.0,22.0,12.0,7.0,4.0
2025-01-24,7.0,7.0,2.0,2.0,36.0,28.0,14.0,13.0
2025-01-25,5.0,5.0,1.0,1.0,46.0,24.0,29.0,14.0
2025-01-26,7.0,7.0,4.0,4.0,25.0,20.0,13.0,12.0
2025-01-27,11.0,10.0,3.0,3.0,43.0,32.0,13.0,11.0
2025-01-28,5.0,5.0,3.0,3.0,42.0,25.0,22.0,15.0
2025-01-29,5.0,5.0,2.0,2.0,38.0,23.0,18.0,11.0
2025-01-30,3.0,3.0,1.0,1.0,32.0,19.0,19.0,11.0
2025-01-31,2.0,2.0,0.0,0.0,19.0,16.0,2.0,2.0
2025-02-01,3.0,3.0,1.0,1.0,11.0,11.0,5.0,5.0
2025-02-02,6.0,6.0,4.0,4.0,16.0,14.0,8.0,6.0
2025-02-03,7.0,7.0,3.0,3.0,32.0,24.0,4.0,4.0
2025-02-04,8.0,7.0,4.0,4.0,35.0,26.0,19.0,16.0
2025-02-05,7.0,6.0,2.0,2.0,29.0,18.0,4.0,3.0
2025-02-06,11.0,10.0,6.0,5.0,31.0,24.0,11.0,9.0
2025-02-07,2.0,2.0,1.0,1.0,18.0,16.0,13.0,11.0
2025-02-08,1.0,1.0,0.0,0.0,15.0,14.0,6.0,6.0
2025-02-09,5.0,5.0,3.0,3.0,43.0,23.0,6.0,6.0
2025-02-10,11.0,9.0,8.0,6.0,63.0,39.0,41.0,26.0
2025-02-11,8.0,8.0,3.0,3.0,53.0,33.0,23.0,17.0
2025-02-12,6.0,5.0,5.0,4.0,35.0,25.0,16.0,14.0
2025-02-13,4.0,4.0,2.0,2.0,53.0,35.0,19.0,18.0
2025-02-14,6.0,6.0,4.0,4.0,54.0,30.0,38.0,22.0
2025-02-15,4.0,4.0,1.0,1.0,24.0,14.0,7.0,7.0
2025-02-16,5.0,5.0,2.0,2.0,24.0,13.0,5.0,5.0
2025-02-17,8.0,8.0,4.0,4.0,29.0,25.0,15.0,12.0
2025-02-18,7.0,6.0,3.0,3.0,76.0,30.0,25.0,13.0
2025-02-19,6.0,5.0,4.0,3.0,87.0,53.0,46.0,35.0
2025-02-20,5.0,5.0,2.0,2.0,40.0,23.0,5.0,5.0
2025-02-21,5.0,4.0,3.0,2.0,48.0,29.0,17.0,12.0
2025-02-22,2.0,1.0,2.0,1.0,19.0,13.0,13.0,10.0
2025-02-23,11.0,11.0,4.0,4.0,62.0,31.0,22.0,16.0
2025-02-24,10.0,9.0,4.0,4.0,42.0,20.0,26.0,10.0
2025-02-25,7.0,7.0,2.0,2.0,35.0,23.0,16.0,10.0
2025-02-26,8.0,7.0,3.0,3.0,33.0,26.0,12.0,10.0
2025-02-27,16.0,14.0,10.0,10.0,64.0,40.0,31.0,24.0
2025-02-28,4.0,4.0,2.0,2.0,30.0,24.0,18.0,14.0
2025-03-01,6.0,5.0,3.0,3.0,62.0,34.0,19.0,15.0
2025-03-02,18.0,18.0,6.0,6.0,95.0,55.0,21.0,16.0
2025-03-03,11.0,11.0,8.0,8.0,73.0,47.0,51.0,35.0
2025-03-04,8.0,8.0,4.0,4.0,53.0,39.0,28.0,22.0
2025-03-05,7.0,6.0,4.0,4.0,23.0,20.0,9.0,8.0
2025-03-06,10.0,10.0,5.0,5.0,36.0,22.0,15.0,9.0
2025-03-07,7.0,7.0,2.0,2.0,52.0,29.0,17.0,9.0
2025-03-08,10.0,6.0,3.0,3.0,54.0,26.0,15.0,11.0
2025-03-09,8.0,8.0,5.0,5.0,27.0,22.0,12.0,12.0
2025-03-10,8.0,7.0,6.0,5.0,26.0,25.0,15.0,15.0
2025-03-11,14.0,14.0,9.0,9.0,61.0,40.0,36.0,27.0
2025-03-12,12.0,10.0,7.0,5.0,59.0,38.0,20.0,16.0
2025-03-13,8.0,8.0,6.0,6.0,37.0,22.0,24.0,13.0
2025-03-14,7.0,6.0,3.0,3.0,57.0,29.0,13.0,12.0
2025-03-15,6.0,6.0,3.0,3.0,45.0,28.0,18.0,13.0
2025-03-16,13.0,11.0,3.0,3.0,49.0,26.0,11.0,6.0
2025-03-17,10.0,10.0,6.0,6.0,48.0,33.0,23.0,18.0
2025-03-18,8.0,8.0,3.0,3.0,56.0,36.0,16.0,13.0
2025-03-19,11.0,6.0,6.0,4.0,66.0,37.0,38.0,22.0
2025-03-20,10.0,9.0,5.0,4.0,54.0,35.0,16.0,12.0
2025-03-21,8.0,6.0,5.0,4.0,61.0,38.0,23.0,17.0
2025-03-22,5.0,5.0,3.0,3.0,79.0,42.0,49.0,27.0
2025-03-23,5.0,5.0,4.0,4.0,18.0,14.0,11.0,8.0
2025-03-24,4.0,3.0,1.0,1.0,18.0,13.0,10.0,5.0
2025-03-25,6.0,6.0,4.0,4.0,62.0,35.0,16.0,13.0
2025-03-26,5.0,5.0,3.0,3.0,64.0,28.0,29.0,18.0
2025-03-27,4.0,4.0,3.0,3.0,23.0,13.0,14.0,10.0
2025-03-28,2.0,2.0,1.0,1.0,8.0,6.0,4.0,4.0
2025-03-29,2.0,2.0,0.0,0.0,16.0,13.0,3.0,3.0
2025-03-30,2.0,2.0,1.0,1.0,8.0,8.0,2.0,2.0
2025-03-31,2.0,2.0,2.0,2.0,3.0,3.0,2.0,2.0
2025-04-01,4.0,4.0,2.0,2.0,14.0,13.0,5.0,5.0
2025-04-02,10.0,9.0,5.0,5.0,21.0,12.0,6.0,5.0
2025-04-03,8.0,8.0,4.0,4.0,31.0,22.0,7.0,6.0
2025-04-04,6.0,6.0,3.0,3.0,49.0,26.0,20.0,10.0
2025-04-05,3.0,2.0,3.0,2.0,10.0,10.0,3.0,3.0
2025-04-06,2.0,2.0,1.0,1.0,3.0,3.0,1.0,1.0
2025-04-07,6.0,5.0,3.0,3.0,41.0,21.0,10.0,8.0
2025-04-08,14.0,12.0,3.0,3.0,58.0,33.0,6.0,5.0
2025-04-09,11.0,10.0,5.0,5.0,41.0,31.0,22.0,16.0
2025-04-10,10.0,10.0,8.0,8.0,60.0,32.0,23.0,14.0
2025-04-11,5.0,4.0,3.0,2.0,42.0,30.0,12.0,10.0
2025-04-12,3.0,3.0,0.0,0.0,32.0,22.0,11.0,9.0
2025-04-13,8.0,6.0,5.0,3.0,24.0,18.0,9.0,9.0
2025-04-14,2.0,2.0,2.0,2.0,7.0,6.0,4.0,4.0
2025-04-15,6.0,6.0,3.0,3.0,34.0,27.0,13.0,11.0
2025-04-16,8.0,8.0,4.0,4.0,26.0,17.0,8.0,6.0
2025-04-17,6.0,4.0,1.0,1.0,47.0,35.0,10.0,8.0
2025-04-18,7.0,6.0,3.0,2.0,45.0,29.0,20.0,17.0
2025-04-19,3.0,2.0,1.0,1.0,13.0,10.0,6.0,5.0
2025-04-20,11.0,9.0,4.0,3.0,67.0,34.0,9.0,9.0
2025-04-21,7.0,7.0,2.0,2.0,46.0,35.0,12.0,11.0
2025-04-22,4.0,4.0,2.0,2.0,24.0,20.0,18.0,15.0
2025-04-23,6.0,6.0,4.0,4.0,59.0,31.0,29.0,19.0
2025-04-24,6.0,6.0,5.0,5.0,40.0,25.0,31.0,19.0
2025-04-25,8.0,5.0,2.0,2.0,22.0,10.0,9.0,5.0
2025-04-26,3.0,3.0,2.0,2.0,23.0,17.0,10.0,6.0
2025-04-27,4.0,4.0,3.0,3.0,34.0,21.0,13.0,11.0
2025-04-28,8.0,6.0,2.0,2.0,57.0,32.0,22.0,14.0
2025-04-29,9.0,8.0,5.0,4.0,36.0,27.0,20.0,14.0
2025-04-30,7.0,7.0,2.0,2.0,48.0,33.0,13.0,11.0
2025-05-01,5.0,5.0,2.0,2.0,28.0,16.0,7.0,6.0
2025-05-02,2.0,2.0,0.0,0.0,22.0,19.0,10.0,8.0
2025-05-03,2.0,2.0,0.0,0.0,8.0,6.0,7.0,5.0
2025-05-04,13.0,10.0,6.0,6.0,48.0,28.0,31.0,16.0
2025-05-05,10.0,8.0,7.0,7.0,57.0,29.0,39.0,21.0
2025-05-06,6.0,6.0,2.0,2.0,74.0,33.0,10.0,9.0
2025-05-07,13.0,10.0,10.0,7.0,63.0,38.0,24.0,17.0
2025-05-08,14.0,11.0,4.0,4.0,85.0,36.0,12.0,10.0
2025-05-09,5.0,4.0,2.0,2.0,17.0,14.0,8.0,8.0
2025-05-10,10.0,9.0,3.0,3.0,82.0,29.0,9.0,8.0
2025-05-11,8.0,8.0,6.0,6.0,67.0,37.0,29.0,16.0
2025-05-12,10.0,9.0,3.0,3.0,62.0,38.0,15.0,14.0
2025-05-13,11.0,10.0,7.0,6.0,85.0,57.0,42.0,30.0
2025-05-14,8.0,7.0,4.0,4.0,68.0,36.0,24.0,15.0
2025-05-15,7.0,7.0,4.0,4.0,38.0,24.0,23.0,16.0
2025-05-16,5.0,4.0,0.0,0.0,19.0,15.0,8.0,7.0
2025-05-17,7.0,7.0,3.0,3.0,42.0,29.0,26.0,20.0
2025-05-18,6.0,6.0,5.0,5.0,33.0,23.0,26.0,18.0
2025-05-19,16.0,12.0,10.0,7.0,57.0,32.0,24.0,17.0
2025-05-20,10.0,10.0,5.0,5.0,72.0,38.0,39.0,20.0
2025-05-21,18.0,16.0,9.0,9.0,120.0,65.0,41.0,29.0
2025-05-22,7.0,7.0,3.0,3.0,37.0,25.0,17.0,13.0
2025-05-23,4.0,4.0,1.0,1.0,40.0,22.0,19.0,8.0
2025-05-24,10.0,7.0,3.0,3.0,28.0,21.0,14.0,10.0
2025-05-25,17.0,16.0,8.0,8.0,72.0,42.0,37.0,23.0
2025-05-26,10.0,8.0,2.0,2.0,43.0,27.0,19.0,14.0
2025-05-27,11.0,9.0,7.0,5.0,55.0,42.0,24.0,18.0
2025-05-28,9.0,7.0,5.0,3.0,37.0,31.0,21.0,18.0
2025-05-29,4.0,4.0,3.0,3.0,33.0,25.0,22.0,17.0
2025-05-30,10.0,10.0,2.0,2.0,68.0,48.0,34.0,25.0
2025-05-31,3.0,3.0,2.0,2.0,20.0,17.0,9.0,9.0
2025-06-01,10.0,10.0,7.0,7.0,39.0,26.0,20.0,14.0
2025-06-02,6.0,6.0,5.0,5.0,45.0,23.0,34.0,18.0
2025-06-03,13.0,9.0,7.0,5.0,40.0,24.0,9.0,7.0
2025-06-04,6.0,5.0,5.0,4.0,17.0,13.0,12.0,10.0
2025-06-05,7.0,6.0,6.0,5.0,33.0,22.0,19.0,15.0
2025-06-06,6.0,5.0,3.0,2.0,57.0,33.0,12.0,11.0
2025-06-07,7.0,6.0,1.0,1.0,92.0,41.0,25.0,18.0
2025-06-08,19.0,17.0,9.0,8.0,85.0,37.0,42.0,15.0
2025-06-09,11.0,8.0,2.0,2.0,57.0,35.0,20.0,15.0
2025-06-10,11.0,10.0,8.0,7.0,76.0,41.0,36.0,21.0
2025-06-11,5.0,5.0,2.0,2.0,19.0,16.0,8.0,7.0
2025-06-12,15.0,13.0,11.0,10.0,75.0,41.0,48.0,27.0
2025-06-13,7.0,5.0,2.0,2.0,33.0,27.0,18.0,16.0
2025-06-14,1.0,1.0,1.0,1.0,7.0,6.0,5.0,4.0
2025-06-15,15.0,13.0,7.0,6.0,51.0,29.0,26.0,17.0
2025-06-16,7.0,7.0,5.0,5.0,99.0,35.0,36.0,24.0
2025-06-17,15.0,14.0,12.0,11.0,116.0,64.0,67.0,40.0
2025-06-18,11.0,11.0,4.0,4.0,129.0,70.0,52.0,31.0
2025-06-19,7.0,4.0,3.0,2.0,56.0,37.0,30.0,20.0
2025-06-20,6.0,6.0,5.0,5.0,60.0,27.0,27.0,20.0
2025-06-21,5.0,5.0,3.0,3.0,24.0,17.0,13.0,10.0
2025-06-22,5.0,5.0,4.0,4.0,16.0,14.0,3.0,3.0
2025-06-23,9.0,9.0,3.0,3.0,32.0,22.0,4.0,3.0
2025-06-24,7.0,7.0,4.0,4.0,39.0,28.0,17.0,14.0
2025-06-25,4.0,4.0,2.0,2.0,27.0,22.0,16.0,14.0
2025-06-26,3.0,2.0,2.0,2.0,19.0,14.0,13.0,10.0
2025-06-27,5.0,5.0,3.0,3.0,73.0,35.0,34.0,19.0
2025-06-28,9.0,7.0,4.0,4.0,43.0,33.0,18.0,16.0
2025-06-29,10.0,9.0,7.0,7.0,62.0,38.0,25.0,21.0
2025-06-30,11.0,10.0,4.0,4.0,104.0,42.0,41.0,22.0
2025-07-01,10.0,10.0,4.0,4.0,66.0,31.0,28.0,12.0
2025-07-02,8.0,8.0,3.0,3.0,97.0,28.0,44.0,13.0
2025-07-03,7.0,7.0,4.0,4.0,72.0,42.0,38.0,22.0
2025-07-04,1.0,1.0,1.0,1.0,24.0,15.0,8.0,4.0
2025-07-05,6.0,6.0,2.0,2.0,26.0,18.0,6.0,4.0
2025-07-06,15.0,13.0,10.0,8.0,79.0,39.0,44.0,27.0
2025-07-07,13.0,10.0,10.0,8.0,78.0,44.0,36.0,22.0
2025-07-08,6.0,6.0,3.0,3.0,53.0,28.0,16.0,11.0
2025-07-09,5.0,5.0,1.0,1.0,70.0,37.0,11.0,10.0
2025-07-10,6.0,6.0,5.0,5.0,56.0,30.0,20.0,14.0
2025-07-11,11.0,10.0,7.0,6.0,108.0,45.0,49.0,28.0
2025-07-12,8.0,8.0,0.0,0.0,75.0,25.0,14.0,10.0
2025-07-13,10.0,9.0,7.0,6.0,121.0,57.0,58.0,32.0
2025-07-14,20.0,5.0,5.0,4.0,23.0,21.0,12.0,11.0
2025-07-15,11.0,7.0,9.0,5.0,34.0,23.0,18.0,16.0
2025-07-16,12.0,12.0,4.0,4.0,96.0,49.0,31.0,21.0
2025-07-17,11.0,11.0,6.0,6.0,93.0,60.0,43.0,34.0
2025-07-18,14.0,14.0,10.0,10.0,126.0,65.0,84.0,45.0
2025-07-19,11.0,8.0,3.0,3.0,50.0,27.0,16.0,13.0
2025-07-20,14.0,11.0,6.0,5.0,122.0,58.0,34.0,22.0
2025-07-21,22.0,18.0,8.0,6.0,176.0,80.0,67.0,45.0
2025-07-22,22.0,18.0,11.0,9.0,185.0,71.0,90.0,40.0
2025-07-23,21.0,20.0,6.0,6.0,179.0,81.0,58.0,28.0
2025-07-24,12.0,11.0,4.0,4.0,138.0,73.0,69.0,44.0
2025-07-25,5.0,5.0,2.0,2.0,93.0,48.0,33.0,22.0
2025-07-26,15.0,12.0,2.0,2.0,94.0,54.0,45.0,29.0
2025-07-27,15.0,14.0,10.0,10.0,164.0,70.0,78.0,43.0
2025-07-28,20.0,19.0,9.0,9.0,177.0,84.0,56.0,36.0
2025-07-29,22.0,22.0,13.0,13.0,144.0,81.0,95.0,50.0
2025-07-30,16.0,16.0,9.0,9.0,97.0,61.0,54.0,40.0
2025-07-31,12.0,11.0,4.0,4.0,63.0,46.0,29.0,20.0
2025-08-01,10.0,10.0,5.0,5.0,64.0,45.0,27.0,21.0
2025-08-02,11.0,11.0,5.0,5.0,62.0,35.0,22.0,17.0
2025-08-03,14.0,14.0,7.0,7.0,119.0,62.0,44.0,26.0
2025-08-04,15.0,15.0,10.0,10.0,93.0,51.0,52.0,30.0
2025-08-05,19.0,18.0,13.0,12.0,90.0,57.0,40.0,26.0
2025-08-06,6.0,6.0,2.0,2.0,48.0,26.0,19.0,16.0
2025-08-07,15.0,15.0,7.0,7.0,89.0,44.0,25.0,19.0
2025-08-08,2.0,2.0,1.0,1.0,49.0,29.0,31.0,19.0
2025-08-09,7.0,5.0,3.0,1.0,35.0,23.0,21.0,15.0
2025-08-10,13.0,12.0,4.0,4.0,85.0,57.0,46.0,32.0
2025-08-11,12.0,11.0,5.0,5.0,30.0,25.0,20.0,16.0
2025-08-12,7.0,7.0,2.0,2.0,51.0,28.0,17.0,9.0
2025-08-13,10.0,7.0,3.0,3.0,59.0,34.0,27.0,15.0
2025-08-14,15.0,15.0,8.0,8.0,98.0,54.0,52.0,32.0
2025-08-15,7.0,7.0,4.0,4.0,128.0,63.0,70.0,40.0
2025-08-16,5.0,5.0,2.0,2.0,35.0,27.0,14.0,12.0
2025-08-17,12.0,12.0,7.0,7.0,63.0,37.0,33.0,18.0
2025-08-18,12.0,11.0,3.0,3.0,76.0,49.0,30.0,20.0
2025-08-19,16.0,14.0,8.0,7.0,114.0,53.0,58.0,24.0
2025-08-20,8.0,8.0,3.0,3.0,69.0,46.0,35.0,25.0
2025-08-21,7.0,6.0,4.0,4.0,48.0,30.0,29.0,20.0
2025-08-22,4.0,4.0,3.0,3.0,33.0,28.0,21.0,19.0
2025-08-23,1.0,1.0,1.0,1.0,20.0,17.0,15.0,13.0
2025-08-24,14.0,12.0,5.0,5.0,67.0,38.0,28.0,22.0
2025-08-25,8.0,8.0,4.0,4.0,97.0,54.0,26.0,20.0
2025-08-26,6.0,6.0,3.0,3.0,68.0,40.0,34.0,28.0
2025-08-27,10.0,9.0,2.0,2.0,125.0,70.0,33.0,25.0
2025-08-28,6.0,6.0,5.0,5.0,76.0,41.0,38.0,26.0
2025-08-29,13.0,11.0,4.0,3.0,46.0,28.0,14.0,10.0
2025-08-30,5.0,5.0,1.0,1.0,53.0,34.0,20.0,14.0
2025-08-31,9.0,9.0,5.0,5.0,41.0,34.0,18.0,17.0
2025-09-01,14.0,11.0,5.0,5.0,145.0,62.0,21.0,13.0
2025-09-02,15.0,14.0,8.0,7.0,139.0,72.0,80.0,46.0
2025-09-03,3.0,3.0,2.0,2.0,36.0,24.0,22.0,16.0
2025-09-04,11.0,8.0,6.0,4.0,31.0,25.0,28.0,23.0
2025-09-05,4.0,4.0,3.0,3.0,50.0,23.0,32.0,16.0
2025-09-06,2.0,2.0,2.0,2.0,17.0,13.0,13.0,10.0
2025-09-07,4.0,4.0,2.0,2.0,36.0,19.0,14.0,7.0
2025-09-08,2.0,2.0,1.0,1.0,1.0,1.0,1.0,1.0
2025-09-09,12.0,12.0,6.0,6.0,73.0,41.0,20.0,13.0
2025-09-10,16.0,11.0,11.0,7.0,77.0,52.0,38.0,28.0
2025-09-11,4.0,4.0,3.0,3.0,60.0,39.0,35.0,21.0
2025-09-12,8.0,8.0,2.0,2.0,79.0,51.0,32.0,23.0
2025-09-13,6.0,6.0,5.0,5.0,61.0,43.0,47.0,36.0
2025-09-14,7.0,5.0,5.0,3.0,70.0,44.0,32.0,25.0
2025-09-15,11.0,10.0,4.0,4.0,60.0,34.0,26.0,19.0
2025-09-16,8.0,6.0,3.0,3.0,38.0,25.0,11.0,9.0
2025-09-17,21.0,16.0,8.0,6.0,76.0,48.0,26.0,21.0
2025-09-18,22.0,22.0,12.0,12.0,169.0,97.0,100.0,53.0
2025-09-19,10.0,10.0,4.0,4.0,89.0,53.0,33.0,27.0
2025-09-20,12.0,10.0,6.0,5.0,71.0,42.0,22.0,16.0
2025-09-21,12.0,9.0,6.0,5.0,96.0,53.0,47.0,26.0
2025-09-22,9.0,6.0,7.0,4.0,45.0,32.0,23.0,12.0
2025-09-23,7.0,6.0,4.0,4.0,64.0,44.0,22.0,18.0
2025-09-24,8.0,7.0,2.0,2.0,95.0,56.0,38.0,22.0
2025-09-25,8.0,8.0,2.0,2.0,31.0,24.0,4.0,4.0
2025-09-26,7.0,7.0,2.0,2.0,22.0,12.0,2.0,2.0
2025-09-27,3.0,3.0,0.0,0.0,13.0,13.0,3.0,3.0
2025-09-28,4.0,4.0,3.0,3.0,13.0,13.0,5.0,5.0
2025-09-29,5.0,5.0,2.0,2.0,36.0,24.0,12.0,11.0
2025-09-30,6.0,6.0,3.0,3.0,28.0,24.0,6.0,6.0
2025-10-01,6.0,6.0,2.0,2.0,47.0,24.0,24.0,15.0
2025-10-02,8.0,6.0,4.0,4.0,10.0,8.0,7.0,5.0
2025-10-03,4.0,4.0,3.0,3.0,29.0,17.0,21.0,11.0
2025-10-04,5.0,4.0,0.0,0.0,20.0,17.0,3.0,3.0
2025-10-05,6.0,5.0,3.0,3.0,48.0,26.0,28.0,9.0
2025-10-06,7.0,7.0,5.0,5.0,32.0,22.0,19.0,13.0
2025-10-07,4.0,4.0,2.0,2.0,9.0,8.0,0.0,0.0
2025-10-08,12.0,11.0,2.0,2.0,90.0,61.0,4.0,4.0
2025-10-09,6.0,5.0,3.0,3.0,42.0,32.0,26.0,19.0
2025-10-10,8.0,8.0,4.0,4.0,57.0,39.0,30.0,23.0
2025-10-11,3.0,3.0,1.0,1.0,41.0,26.0,27.0,18.0
2025-10-12,10.0,10.0,2.0,2.0,108.0,45.0,28.0,16.0
2025-10-13,7.0,6.0,4.0,3.0,42.0,32.0,32.0,24.0
2025-10-14,8.0,8.0,4.0,4.0,23.0,21.0,10.0,9.0
2025-10-15,7.0,7.0,2.0,2.0,35.0,27.0,19.0,16.0
2025-10-16,7.0,7.0,5.0,5.0,69.0,42.0,51.0,34.0
2025-10-17,7.0,6.0,5.0,4.0,46.0,35.0,24.0,21.0
2025-10-18,7.0,5.0,3.0,2.0,60.0,35.0,36.0,24.0
2025-10-19,14.0,14.0,8.0,8.0,70.0,48.0,37.0,27.0
2025-10-20,5.0,5.0,3.0,3.0,18.0,16.0,13.0,11.0
2025-10-21,4.0,4.0,2.0,2.0,25.0,18.0,14.0,9.0
2025-10-22,7.0,7.0,4.0,4.0,135.0,68.0,63.0,39.0
2025-10-23,1.0,1.0,1.0,1.0,23.0,20.0,11.0,10.0
2025-10-24,5.0,4.0,4.0,4.0,16.0,15.0,8.0,8.0
2025-10-25,4.0,4.0,2.0,2.0,59.0,24.0,42.0,15.0
2025-10-26,9.0,9.0,6.0,6.0,111.0,49.0,47.0,32.0
2025-10-27,4.0,4.0,2.0,2.0,24.0,17.0,12.0,9.0
2025-10-28,13.0,11.0,8.0,7.0,102.0,60.0,37.0,27.0
2025-10-29,1.0,1.0,0.0,0.0,19.0,15.0,10.0,9.0
2025-10-30,5.0,5.0,1.0,1.0,30.0,21.0,9.0,6.0
2025-10-31,7.0,7.0,4.0,4.0,120.0,58.0,54.0,26.0
2025-11-01,7.0,7.0,4.0,4.0,51.0,35.0,20.0,18.0
2025-11-02,10.0,8.0,6.0,5.0,43.0,24.0,22.0,15.0
2025-11-03,13.0,11.0,10.0,8.0,49.0,31.0,22.0,14.0
2025-11-04,8.0,8.0,2.0,2.0,39.0,30.0,8.0,6.0
2025-11-05,8.0,8.0,2.0,2.0,32.0,21.0,12.0,9.0
2025-11-06,10.0,8.0,4.0,4.0,60.0,41.0,31.0,23.0
2025-11-07,5.0,5.0,2.0,2.0,47.0,35.0,21.0,18.0
2025-11-08,3.0,3.0,1.0,1.0,16.0,12.0,6.0,5.0
2025-11-09,8.0,8.0,5.0,5.0,64.0,34.0,18.0,14.0
2025-11-10,11.0,10.0,8.0,7.0,51.0,33.0,30.0,23.0
2025-11-11,5.0,5.0,2.0,2.0,44.0,35.0,25.0,21.0
2025-11-12,14.0,13.0,3.0,3.0,90.0,52.0,32.0,22.0
2025-11-13,7.0,6.0,1.0,1.0,73.0,39.0,28.0,21.0
2025-11-14,7.0,7.0,5.0,5.0,78.0,48.0,53.0,33.0
2025-11-15,6.0,6.0,2.0,2.0,33.0,20.0,7.0,5.0
2025-11-16,9.0,9.0,3.0,3.0,35.0,25.0,19.0,16.0
2025-11-17,8.0,7.0,3.0,3.0,73.0,39.0,23.0,15.0
2025-11-18,9.0,9.0,6.0,6.0,54.0,36.0,28.0,20.0
2025-11-19,9.0,7.0,3.0,3.0,43.0,32.0,19.0,16.0
2025-11-20,10.0,9.0,4.0,3.0,79.0,48.0,43.0,26.0
2025-11-21,4.0,4.0,2.0,2.0,38.0,27.0,17.0,12.0
2025-11-22,9.0,6.0,3.0,3.0,170.0,69.0,44.0,31.0
2025-11-23,13.0,11.0,8.0,6.0,87.0,38.0,58.0,27.0
2025-11-24,14.0,13.0,10.0,9.0,87.0,48.0,49.0,30.0
2025-11-25,8.0,7.0,6.0,5.0,50.0,36.0,32.0,24.0
2025-11-26,6.0,6.0,2.0,2.0,58.0,38.0,8.0,8.0
2025-11-27,8.0,8.0,3.0,3.0,39.0,32.0,19.0,19.0
2025-11-28,6.0,5.0,5.0,4.0,100.0,39.0,47.0,19.0
2025-11-29,6.0,6.0,5.0,5.0,50.0,33.0,20.0,17.0
2025-11-30,6.0,6.0,5.0,5.0,34.0,28.0,15.0,12.0
2025-12-01,11.0,11.0,5.0,5.0,64.0,39.0,22.0,15.0
2025-12-02,11.0,11.0,6.0,6.0,76.0,45.0,19.0,17.0
2025-12-03,15.0,13.0,6.0,5.0,43.0,36.0,24.0,23.0
2025-12-04,9.0,9.0,6.0,6.0,34.0,27.0,21.0,16.0
2025-12-05,7.0,7.0,1.0,1.0,44.0,34.0,5.0,5.0
2025-12-06,7.0,6.0,3.0,3.0,72.0,44.0,23.0,17.0
2025-12-07,6.0,6.0,3.0,3.0,82.0,47.0,50.0,29.0
2025-12-08,16.0,14.0,12.0,10.0,68.0,44.0,34.0,25.0
2025-12-09,13.0,12.0,5.0,5.0,60.0,40.0,23.0,18.0
2025-12-10,9.0,8.0,6.0,5.0,69.0,42.0,32.0,25.0
2025-12-11,9.0,9.0,7.0,7.0,58.0,34.0,24.0,19.0
2025-12-12,4.0,4.0,0.0,0.0,21.0,18.0,6.0,5.0
2025-12-13,4.0,4.0,1.0,1.0,55.0,29.0,14.0,13.0
2025-12-14,7.0,7.0,3.0,3.0,37.0,28.0,16.0,15.0
2025-12-15,9.0,9.0,3.0,3.0,85.0,36.0,35.0,18.0
2025-12-16,5.0,5.0,3.0,3.0,42.0,24.0,16.0,12.0
2025-12-17,7.0,6.0,3.0,3.0,57.0,35.0,17.0,15.0
2025-12-18,13.0,13.0,6.0,6.0,69.0,45.0,24.0,16.0
2025-12-19,7.0,7.0,1.0,1.0,44.0,33.0,8.0,8.0
2025-12-20,4.0,4.0,3.0,3.0,48.0,28.0,27.0,19.0
2025-12-21,4.0,4.0,2.0,2.0,29.0,21.0,12.0,10.0
2025-12-22,8.0,7.0,5.0,5.0,75.0,38.0,41.0,17.0
2025-12-23,6.0,6.0,3.0,3.0,56.0,42.0,20.0,17.0
2025-12-24,9.0,7.0,4.0,3.0,48.0,33.0,21.0,18.0
2025-12-25,7.0,7.0,3.0,3.0,39.0,29.0,14.0,13.0
2025-12-26,6.0,6.0,3.0,3.0,34.0,20.0,16.0,9.0
2025-12-27,3.0,3.0,1.0,1.0,24.0,16.0,19.0,11.0
2025-12-28,12.0,11.0,6.0,6.0,35.0,24.0,13.0,10.0
2025-12-29,9.0,9.0,3.0,3.0,40.0,27.0,14.0,8.0
2025-12-30,9.0,8.0,4.0,4.0,56.0,39.0,15.0,11.0
2025-12-31,8.0,8.0,3.0,3.0,91.0,50.0,21.0,17.0
2026-01-01,7.0,6.0,4.0,4.0,51.0,32.0,26.0,18.0
2026-01-02,7.0,4.0,1.0,1.0,13.0,13.0,7.0,7.0
2026-01-03,9.0,7.0,3.0,3.0,70.0,28.0,14.0,11.0
2026-01-04,16.0,15.0,6.0,6.0,53.0,39.0,20.0,15.0
2026-01-05,14.0,13.0,7.0,6.0,89.0,47.0,31.0,21.0
2026-01-06,20.0,20.0,13.0,13.0,136.0,62.0,44.0,32.0
2026-01-07,8.0,8.0,2.0,2.0,71.0,36.0,19.0,17.0
2026-01-08,11.0,10.0,6.0,5.0,50.0,31.0,16.0,12.0
2026-01-09,7.0,6.0,3.0,3.0,51.0,20.0,17.0,13.0
2026-01-10,4.0,4.0,0.0,0.0,48.0,24.0,32.0,10.0
2026-01-11,5.0,5.0,1.0,1.0,39.0,26.0,5.0,5.0
2026-01-12,5.0,5.0,2.0,2.0,21.0,15.0,11.0,8.0
2026-01-13,9.0,9.0,2.0,2.0,51.0,33.0,3.0,3.0
2026-01-14,4.0,4.0,1.0,1.0,26.0,23.0,15.0,15.0
2026-01-15,2.0,2.0,1.0,1.0,30.0,19.0,14.0,11.0
2026-01-16,2.0,1.0,0.0,0.0,20.0,15.0,18.0,14.0
2026-01-17,3.0,3.0,0.0,0.0,19.0,13.0,5.0,5.0
2026-01-18,14.0,10.0,6.0,5.0,102.0,44.0,33.0,15.0
2026-01-19,9.0,9.0,2.0,2.0,63.0,40.0,14.0,12.0
2026-01-20,9.0,9.0,5.0,5.0,82.0,44.0,29.0,21.0
2026-01-21,8.0,7.0,1.0,1.0,52.0,25.0,16.0,12.0
2026-01-22,10.0,9.0,3.0,3.0,74.0,41.0,17.0,11.0
2026-01-23,7.0,6.0,3.0,3.0,57.0,38.0,29.0,20.0
2026-01-24,7.0,6.0,3.0,2.0,71.0,32.0,25.0,14.0
2026-01-25,14.0,13.0,6.0,6.0,85.0,46.0,20.0,15.0
2026-01-26,14.0,13.0,5.0,5.0,71.0,43.0,14.0,11.0
2026-01-27,10.0,9.0,4.0,4.0,86.0,58.0,34.0,22.0
2026-01-28,15.0,13.0,5.0,4.0,115.0,51.0,35.0,21.0
2026-01-29,13.0,12.0,7.0,6.0,78.0,45.0,39.0,20.0
2026-01-30,10.0,7.0,2.0,2.0,92.0,42.0,35.0,22.0
2026-01-31,12.0,11.0,6.0,6.0,80.0,52.0,22.0,16.0
2026-02-01,22.0,18.0,9.0,9.0,133.0,64.0,56.0,36.0
2026-02-02,15.0,12.0,6.0,5.0,174.0,78.0,38.0,27.0
2026-02-03,12.0,11.0,8.0,7.0,59.0,35.0,25.0,15.0
2026-02-04,16.0,16.0,6.0,6.0,105.0,70.0,32.0,26.0
2026-02-05,14.0,11.0,10.0,7.0,58.0,38.0,40.0,25.0
2026-02-06,2.0,2.0,2.0,2.0,70.0,40.0,36.0,25.0
2026-02-07,4.0,4.0,0.0,0.0,23.0,13.0,4.0,3.0
2026-02-08,13.0,12.0,5.0,5.0,92.0,38.0,62.0,17.0
2026-02-09,8.0,8.0,4.0,4.0,52.0,32.0,36.0,20.0
2026-02-10,5.0,4.0,1.0,1.0,21.0,17.0,1.0,1.0
2026-02-11,8.0,8.0,7.0,7.0,60.0,30.0,54.0,24.0
2026-02-12,9.0,9.0,3.0,3.0,44.0,27.0,3.0,3.0
2026-02-13,7.0,7.0,1.0,1.0,45.0,32.0,12.0,11.0
2026-02-14,2.0,2.0,1.0,1.0,12.0,11.0,7.0,6.0
2026-02-15,3.0,3.0,1.0,1.0,20.0,15.0,5.0,5.0
2026-02-16,13.0,13.0,6.0,6.0,133.0,67.0,54.0,31.0
2026-02-17,16.0,15.0,8.0,8.0,93.0,59.0,35.0,28.0
2026-02-18,6.0,5.0,4.0,4.0,39.0,22.0,25.0,14.0
2026-02-19,7.0,7.0,4.0,4.0,31.0,25.0,18.0,15.0
2026-02-20,3.0,3.0,2.0,2.0,27.0,14.0,20.0,11.0
2026-02-21,9.0,9.0,1.0,1.0,34.0,21.0,4.0,3.0
2026-02-22,12.0,10.0,7.0,6.0,72.0,50.0,36.0,28.0
2026-02-23,13.0,11.0,6.0,5.0,64.0,39.0,24.0,15.0
2026-02-24,9.0,9.0,3.0,3.0,44.0,24.0,12.0,7.0
2026-02-25,6.0,6.0,4.0,4.0,30.0,25.0,24.0,21.0
2026-02-26,9.0,8.0,3.0,3.0,69.0,42.0,18.0,15.0
2026-02-27,5.0,3.0,2.0,1.0,27.0,23.0,11.0,11.0
2026-02-28,8.0,6.0,5.0,3.0,24.0,18.0,6.0,6.0
2026-03-01,11.0,9.0,5.0,3.0,61.0,40.0,20.0,18.0
2026-03-02,3.0,3.0,1.0,1.0,24.0,22.0,8.0,7.0
2026-03-03,4.0,4.0,1.0,1.0,16.0,12.0,3.0,3.0
2026-03-04,9.0,7.0,3.0,3.0,47.0,36.0,18.0,18.0
2026-03-05,3.0,3.0,3.0,3.0,14.0,12.0,10.0,10.0
2026-03-06,1.0,1.0,0.0,0.0,11.0,10.0,0.0,0.0
2026-03-07,6.0,6.0,2.0,2.0,41.0,28.0,12.0,10.0
2026-03-08,13.0,10.0,3.0,3.0,77.0,50.0,56.0,35.0
2026-03-09,46.0,36.0,30.0,25.0,294.0,130.0,156.0,81.0
2026-03-10,38.0,28.0,17.0,15.0,236.0,111.0,104.0,60.0
2026-03-11,14.0,11.0,5.0,5.0,94.0,51.0,36.0,25.0
2026-03-12,11.0,11.0,6.0,6.0,63.0,46.0,18.0,15.0
2026-03-13,12.0,12.0,3.0,3.0,112.0,60.0,40.0,24.0
2026-03-14,15.0,14.0,6.0,6.0,132.0,67.0,50.0,24.0
2026-03-15,26.0,23.0,8.0,6.0,187.0,74.0,40.0,29.0
2026-03-16,16.0,16.0,7.0,7.0,114.0,59.0,47.0,30.0
2026-03-17,34.0,21.0,11.0,11.0,130.0,73.0,48.0,36.0
2026-03-18,12.0,10.0,2.0,2.0,88.0,45.0,41.0,22.0
2026-03-19,21.0,19.0,12.0,12.0,139.0,65.0,54.0,29.0
2026-03-20,14.0,12.0,6.0,6.0,128.0,68.0,75.0,42.0
2026-03-21,10.0,8.0,4.0,3.0,105.0,56.0,55.0,35.0
2026-03-22,20.0,20.0,11.0,11.0,214.0,100.0,92.0,54.0
2026-03-23,20.0,19.0,6.0,6.0,182.0,104.0,57.0,42.0
2026-03-24,24.0,22.0,13.0,12.0,263.0,110.0,124.0,64.0
2026-03-25,37.0,32.0,15.0,13.0,245.0,118.0,105.0,52.0
2026-03-26,20.0,18.0,11.0,10.0,223.0,111.0,85.0,51.0
2026-03-27,17.0,14.0,9.0,8.0,140.0,83.0,62.0,46.0
2026-03-28,14.0,14.0,4.0,4.0,133.0,77.0,52.0,37.0
2026-03-29,37.0,30.0,21.0,19.0,280.0,123.0,103.0,54.0
2026-03-30,30.0,22.0,13.0,9.0,154.0,76.0,52.0,32.0
2026-03-31,31.0,26.0,16.0,13.0,275.0,125.0,129.0,60.0
2026-04-01,57.0,41.0,26.0,24.0,477.0,168.0,157.0,73.0
2026-04-02,26.0,22.0,15.0,13.0,196.0,105.0,112.0,69.0
2026-04-03,20.0,18.0,7.0,7.0,158.0,93.0,38.0,28.0
2026-04-04,16.0,14.0,5.0,5.0,191.0,85.0,72.0,47.0
2026-04-05,61.0,49.0,33.0,28.0,593.0,207.0,267.0,117.0
2026-04-06,49.0,36.0,38.0,28.0,394.0,154.0,232.0,103.0
2026-04-07,22.0,20.0,13.0,12.0,164.0,99.0,66.0,45.0
2026-04-08,12.0,11.0,8.0,8.0,79.0,58.0,36.0,32.0
2026-04-09,30.0,27.0,12.0,12.0,250.0,111.0,69.0,43.0
2026-04-10,27.0,26.0,14.0,14.0,201.0,110.0,114.0,64.0
2026-04-11,13.0,12.0,7.0,7.0,111.0,68.0,67.0,39.0
2026-04-12,17.0,15.0,5.0,4.0,73.0,61.0,19.0,17.0
2026-04-13,35.0,30.0,16.0,14.0,230.0,119.0,76.0,49.0
2026-04-14,26.0,20.0,22.0,16.0,162.0,88.0,108.0,61.0
2026-04-15,36.0,27.0,14.0,14.0,207.0,87.0,99.0,48.0
2026-04-16,28.0,25.0,11.0,10.0,115.0,71.0,42.0,37.0
2026-04-17,24.0,24.0,11.0,11.0,205.0,99.0,57.0,44.0
2026-04-18,14.0,14.0,7.0,7.0,183.0,89.0,76.0,39.0
2026-04-19,15.0,14.0,9.0,9.0,208.0,90.0,102.0,54.0
2026-04-20,37.0,34.0,15.0,14.0,244.0,119.0,68.0,47.0
2026-04-21,19.0,19.0,14.0,14.0,172.0,91.0,89.0,57.0
2026-04-22,32.0,29.0,15.0,14.0,150.0,80.0,78.0,54.0
2026-04-23,25.0,21.0,11.0,9.0,196.0,91.0,56.0,39.0
2026-04-24,20.0,18.0,10.0,10.0,224.0,113.0,94.0,62.0
2026-04-25,8.0,7.0,3.0,3.0,112.0,77.0,43.0,36.0
2026-04-26,15.0,15.0,5.0,5.0,115.0,76.0,44.0,34.0
2026-04-27,27.0,23.0,5.0,5.0,225.0,103.0,41.0,28.0
2026-04-28,33.0,29.0,20.0,18.0,317.0,138.0,163.0,78.0
2026-04-29,48.0,40.0,28.0,25.0,367.0,133.0,185.0,85.0
2026-04-30,33.0,31.0,12.0,12.0,287.0,130.0,99.0,55.0
2026-05-01,18.0,16.0,6.0,6.0,235.0,109.0,103.0,59.0
2026-05-02,25.0,21.0,13.0,11.0,233.0,102.0,92.0,46.0
2026-05-03,15.0,13.0,6.0,5.0,120.0,75.0,35.0,28.0
2026-05-04,31.0,28.0,18.0,16.0,180.0,100.0,77.0,44.0
2026-05-05,16.0,13.0,9.0,8.0,198.0,95.0,97.0,53.0
2026-05-06,20.0,18.0,9.0,8.0,116.0,68.0,56.0,35.0
2026-05-07,13.0,12.0,6.0,5.0,134.0,86.0,44.0,33.0
2026-05-08,13.0,12.0,4.0,4.0,125.0,79.0,43.0,32.0
2026-05-09,10.0,10.0,6.0,6.0,108.0,57.0,66.0,37.0
2026-05-10,3.0,3.0,2.0,2.0,50.0,32.0,34.0,23.0
2026-05-11,12.0,11.0,9.0,8.0,62.0,41.0,39.0,26.0
2026-05-12,12.0,12.0,7.0,7.0,147.0,62.0,53.0,29.0
2026-05-13,19.0,17.0,10.0,9.0,152.0,78.0,45.0,30.0
2026-05-14,10.0,10.0,9.0,9.0,139.0,72.0,78.0,47.0
2026-05-15,10.0,10.0,4.0,4.0,57.0,37.0,23.0,18.0
2026-05-16,6.0,5.0,6.0,5.0,72.0,41.0,40.0,28.0
2026-05-17,6.0,6.0,1.0,1.0,96.0,35.0,57.0,22.0
2026-05-18,13.0,12.0,3.0,3.0,69.0,45.0,31.0,25.0
2026-05-19,14.0,13.0,9.0,8.0,97.0,56.0,54.0,34.0
2026-05-20,24.0,23.0,13.0,13.0,124.0,59.0,52.0,31.0
2026-05-21,12.0,12.0,5.0,5.0,81.0,51.0,27.0,21.0
2026-05-22,16.0,14.0,6.0,5.0,116.0,69.0,48.0,30.0
2026-05-23,10.0,10.0,4.0,4.0,107.0,61.0,39.0,31.0
2026-05-24,10.0,9.0,3.0,3.0,80.0,49.0,44.0,30.0
2026-05-25,21.0,17.0,8.0,8.0,129.0,62.0,42.0,22.0
2026-05-26,10.0,10.0,4.0,4.0,103.0,59.0,32.0,23.0
2026-05-27,10.0,8.0,8.0,6.0,72.0,42.0,28.0,20.0
2026-05-28,10.0,10.0,6.0,6.0,76.0,45.0,25.0,20.0
2026-05-29,29.0,24.0,4.0,3.0,257.0,126.0,19.0,18.0
2026-05-30,14.0,9.0,8.0,6.0,141.0,81.0,79.0,49.0
2026-05-31,13.0,11.0,3.0,3.0,84.0,50.0,49.0,27.0
2026-06-01,21.0,19.0,11.0,10.0,138.0,72.0,57.0,34.0
2026-06-02,20.0,16.0,8.0,7.0,121.0,74.0,47.0,35.0
2026-06-03,18.0,14.0,6.0,6.0,117.0,66.0,51.0,30.0
2026-06-04,14.0,14.0,9.0,9.0,97.0,56.0,33.0,25.0
2026-06-05,18.0,15.0,8.0,7.0,144.0,77.0,51.0,35.0
2026-06-06,11.0,9.0,2.0,2.0,88.0,53.0,34.0,24.0
2026-06-07,6.0,5.0,4.0,4.0,79.0,37.0,27.0,21.0
2026-06-08,24.0,17.0,10.0,8.0,150.0,63.0,51.0,32.0
2026-06-09,18.0,18.0,9.0,9.0,153.0,73.0,89.0,54.0
2026-06-10,31.0,23.0,8.0,7.0,285.0,122.0,74.0,45.0
2026-06-11,12.0,12.0,6.0,6.0,108.0,66.0,60.0,43.0
2026-06-12,12.0,12.0,7.0,7.0,122.0,60.0,62.0,33.0
2026-06-13,5.0,5.0,5.0,5.0,63.0,45.0,34.0,23.0
2026-06-14,8.0,7.0,1.0,1.0,76.0,45.0,31.0,18.0
2026-06-15,19.0,16.0,8.0,7.0,140.0,68.0,40.0,29.0
2026-06-16,13.0,13.0,8.0,8.0,111.0,55.0,54.0,33.0
2026-06-17,15.0,13.0,10.0,8.0,102.0,61.0,39.0,32.0
2026-06-18,17.0,17.0,8.0,8.0,94.0,53.0,28.0,19.0
2026-06-19,23.0,19.0,15.0,12.0,136.0,77.0,62.0,42.0
2026-06-20,8.0,8.0,4.0,4.0,91.0,45.0,24.0,18.0
2026-06-21,10.0,9.0,5.0,5.0,72.0,41.0,44.0,26.0
2026-06-22,22.0,20.0,12.0,11.0,155.0,59.0,95.0,38.0
2026-06-23,30.0,25.0,13.0,12.0,163.0,77.0,40.0,28.0
2026-06-24,30.0,28.0,20.0,20.0,228.0,84.0,65.0,46.0
2026-06-25,16.0,11.0,6.0,6.0,77.0,50.0,36.0,25.0
2026-06-26,8.0,8.0,5.0,5.0,86.0,49.0,40.0,28.0
2026-06-27,6.0,6.0,3.0,3.0,62.0,32.0,26.0,16.0
2026-06-28,8.0,8.0,3.0,3.0,59.0,36.0,16.0,13.0
2026-06-29,13.0,13.0,4.0,4.0,130.0,65.0,57.0,28.0
2026-06-30,18.0,18.0,8.0,8.0,166.0,85.0,60.0,38.0
2026-07-01,20.0,20.0,11.0,11.0,154.0,78.0,65.0,41.0
2026-07-02,15.0,13.0,9.0,8.0,120.0,59.0,51.0,34.0
2026-07-03,9.0,9.0,2.0,2.0,43.0,30.0,11.0,11.0
2026-07-04,12.0,12.0,3.0,3.0,100.0,70.0,14.0,13.0
2026-07-05,11.0,11.0,3.0,3.0,107.0,59.0,52.0,28.0
2026-07-06,11.0,9.0,7.0,6.0,47.0,36.0,22.0,19.0
2026-07-07,15.0,14.0,9.0,9.0,87.0,46.0,53.0,29.0
2026-07-08,25.0,23.0,13.0,13.0,184.0,79.0,90.0,44.0
2026-07-09,10.0,9.0,7.0,6.0,103.0,49.0,66.0,33.0
2026-07-10,10.0,8.0,8.0,6.0,118.0,51.0,71.0,24.0
2026-07-11,5.0,5.0,1.0,1.0,39.0,35.0,21.0,18.0
2026-07-12,9.0,9.0,5.0,5.0,52.0,33.0,27.0,17.0
2026-07-13,16.0,14.0,10.0,10.0,204.0,87.0,58.0,31.0
2026-07-14,13.0,11.0,8.0,7.0,127.0,57.0,79.0,39.0
2026-07-15,7.0,6.0,5.0,4.0,51.0,24.0,23.0,12.0
2026-07-16,10.0,10.0,5.0,5.0,51.0,37.0,14.0,12.0
2026-07-17,11.0,11.0,4.0,4.0,133.0,78.0,45.0,33.0
2026-07-18,9.0,9.0,5.0,5.0,63.0,46.0,19.0,17.0
2026-07-19,6.0,6.0,4.0,4.0,73.0,47.0,42.0,29.0
2026-07-20,6.0,5.0,3.0,2.0,40.0,29.0,12.0,12.0
2026-07-21,18.0,15.0,6.0,5.0,159.0,89.0,48.0,34.0
2026-07-22,15.0,14.0,6.0,5.0,99.0,58.0,34.0,28.0
2026-07-23,8.0,8.0,3.0,3.0,59.0,47.0,28.0,22.0
2026-07-24,21.0,19.0,11.0,9.0,174.0,89.0,64.0,39.0
2026-07-25,2.0,2.0,2.0,2.0,31.0,20.0,30.0,19.0
