id,businessDate,exchangeIndexId,closingIndex,openIndex,highIndex,lowIndex,fiftyTwoWeekHigh,fiftyTwoWeekLow,turnoverValue,turnoverVolume,totalTransaction,absChange,percentageChange,indexCode
65056,2025-07-23,58,2978.88,2976.26,2992.26,2947.86,3000.81,2464.4,19105697326.85,38660261,166650,5.17,0.17,NEPSE
65073,2025-07-24,58,2982.64,2982.85,2990.45,2963.79,3000.81,2464.4,18132956969.55,34823956,151258,3.76,0.12,NEPSE
65090,2025-07-27,58,2964.2,2984.92,3013.17,2958.34,3000.81,2464.4,25958312446.94,49754772,200131,-18.44,-0.61,NEPSE
65107,2025-07-28,58,2971.31,2967.51,2976.92,2917.51,3000.81,2464.4,18749455439.15,35700112,167040,7.1,0.23,NEPSE
65124,2025-07-29,58,3002.07,2976.0,3028.79,2976.0,3002.07,2464.4,18241412673.7,34108296,153673,30.76,1.03,NEPSE
65134,2025-07-30,51,1533.25,1566.6,1576.33,1530.15,1712.18,1296.0,1350543478.1,4525274,12541,-24.21,-1.55,BANKSUBIND
65135,2025-07-30,52,7163.38,7317.77,7339.04,7150.97,7780.66,5963.95,330073775.4,421093,1879,-154.39,-2.1,HOTELIND
65136,2025-07-30,53,2774.99,2753.55,2829.29,2753.55,2774.99,1871.52,2087684054.9,1763440,13718,23.42,0.85,OTHERSIND
65137,2025-07-30,54,3842.53,3908.64,3927.14,3834.1,3941.95,2957.04,5863403964.0,13147126,52309,-63.87,-1.63,HYDPOWIND
65138,2025-07-30,55,6319.82,6528.87,6547.46,6297.59,6557.35,4843.53,1408538677.2,2491822,10171,-213.72,-3.27,DEVBANKIND
65139,2025-07-30,56,8082.56,8221.17,8248.33,8072.76,8328.6,6580.43,1700697396.2,1840095,12061,-108.37,-1.32,MANPROCIND
65140,2025-07-30,57,507.84,519.7,521.69,506.88,535.51,434.97,7619760453.58,13951841,57838,-10.75,-2.07,SENSIND
65141,2025-07-30,58,2954.14,3008.33,3020.17,2947.71,3002.07,2464.4,16180726185.48,28527839,138739,-47.93,-1.59,NEPSE
65142,2025-07-30,59,13295.96,13503.27,13571.22,13263.91,14430.52,11881.64,264170999.58,331214,3194,-208.68,-1.54,NONLIFIND
65143,2025-07-30,60,2640.95,2714.27,2737.49,2633.87,3975.49,2313.15,358986004.8,591912,4245,-73.32,-2.7,FININD
65144,2025-07-30,61,4400.57,4477.93,4513.84,4313.41,5362.34,3381.58,30715405.0,5507,180,-77.35,-1.72,TRDIND
65145,2025-07-30,62,202.61,206.67,207.52,202.22,206.88,170.03,16180726185.48,28527839,138739,-3.63,-1.76,FLOATIND
65146,2025-07-30,63,173.56,177.68,178.37,173.22,177.64,145.59,7619760453.58,13951841,57838,-3.74,-2.1,SENSFLTIND
65130,2025-07-30,64,5502.25,5692.37,5693.2,5478.48,5688.96,4608.92,1589857960.9,1489812,14640,-186.71,-3.28,MICRFININD
65131,2025-07-30,65,13972.79,14204.35,14355.61,13940.09,14838.88,12108.38,472663910.1,819111,8050,-250.94,-1.76,LIFINSIND
65132,2025-07-30,66,20.75,20.8,20.85,20.68,22.38,18.9,76598410.04,7166974,1626,-0.02,-0.1,MUTUALIND
65133,2025-07-30,67,119.44,122.11,123.34,119.22,122.74,97.68,723390559.3,1101433,5751,-2.01,-1.65,INVIDX
65151,2025-07-31,51,1511.05,1536.99,1538.01,1508.61,1712.18,1296.0,1258780047.1,4124295,11570,-22.19,-1.44,BANKSUBIND
65152,2025-07-31,52,7091.82,7098.42,7208.68,7062.3,7780.66,5963.95,263220087.6,316627,1797,-71.55,-0.99,HOTELIND
65153,2025-07-31,53,2766.63,2809.34,2823.67,2756.21,2774.99,1871.52,2242277565.9,1807574,15101,-8.36,-0.3,OTHERSIND
65154,2025-07-31,54,3797.97,3840.37,3858.99,3790.71,3941.95,2957.04,4807154719.3,11219027,75990,-44.55,-1.15,HYDPOWIND
65155,2025-07-31,55,6290.05,6331.27,6416.88,6270.09,6557.35,4843.53,1703803726.8,2854391,13180,-29.77,-0.47,DEVBANKIND
65156,2025-07-31,56,7990.21,8103.29,8119.8,7951.57,8328.6,6580.43,1678211533.9,1888524,11894,-92.35,-1.14,MANPROCIND
65157,2025-07-31,57,501.12,508.76,508.92,500.07,535.51,434.97,6939038762.8,12941170,53392,-6.71,-1.32,SENSIND
65158,2025-07-31,58,2922.63,2961.8,2967.03,2915.47,3002.07,2464.4,15363780722.4,26854864,165078,-31.5,-1.06,NEPSE
65159,2025-07-31,59,13201.72,13327.55,13349.85,13129.36,14430.52,11881.64,259592400.2,314336,3069,-94.24,-0.7,NONLIFIND
65160,2025-07-31,60,2672.2,2640.95,2738.15,2620.12,3975.49,2313.15,707030268.6,1108831,7011,31.24,1.18,FININD
65161,2025-07-31,61,4293.2,4400.57,4454.83,4253.12,5362.34,3381.58,16878696.3,3046,144,-107.37,-2.44,TRDIND
65162,2025-07-31,62,200.54,203.11,203.38,200.14,206.88,170.03,15363780722.4,26854864,165078,-2.07,-1.02,FLOATIND
65163,2025-07-31,63,171.19,173.92,174.03,170.81,177.64,145.59,6939038762.8,12941170,53392,-2.36,-1.36,SENSFLTIND
65147,2025-07-31,64,5474.4,5522.26,5554.06,5457.5,5688.96,4608.92,1242762336.9,1163960,11325,-27.84,-0.5,MICRFININD
65148,2025-07-31,65,13791.76,14005.39,14045.88,13754.32,14838.88,12108.38,474261781.7,839630,8517,-181.03,-1.29,LIFINSIND
65149,2025-07-31,66,20.62,20.74,20.79,20.57,22.38,18.9,71941539.5,6598373,1616,-0.12,-0.6,MUTUALIND
65150,2025-07-31,67,117.86,119.61,120.27,117.42,122.74,97.68,709807558.1,1214623,5480,-1.58,-1.32,INVIDX
65168,2025-08-03,51,1476.66,1514.43,1514.43,1475.41,1712.18,1296.0,1089527349.7,3658061,12808,-34.39,-2.27,BANKSUBIND
65169,2025-08-03,52,7008.68,7108.93,7142.02,6988.64,7780.66,5963.95,315717772.3,359184,2102,-83.14,-1.17,HOTELIND
65170,2025-08-03,53,2670.34,2772.83,2773.72,2656.67,2774.99,1871.52,1656924858.0,1338478,13761,-96.28,-3.48,OTHERSIND
65171,2025-08-03,54,3748.47,3792.72,3805.22,3743.02,3941.95,2957.04,4286733939.3,9790108,65719,-49.49,-1.3,HYDPOWIND
65172,2025-08-03,55,6185.22,6312.66,6312.68,6172.07,6557.35,4843.53,1205291219.3,2132531,9077,-104.82,-1.66,DEVBANKIND
65173,2025-08-03,56,7795.29,8007.96,8007.96,7781.22,8328.6,6580.43,1381943220.8,1591932,10953,-194.91,-2.43,MANPROCIND
65174,2025-08-03,57,490.75,501.39,501.73,490.6,535.51,434.97,6049374277.2,11305275,51523,-10.37,-2.07,SENSIND
65175,2025-08-03,58,2858.9,2923.87,2923.88,2856.95,3002.07,2464.4,12842567014.8,22782177,149560,-63.73,-2.18,NEPSE
65176,2025-08-03,59,12972.18,13178.47,13198.3,12955.07,14430.52,11881.64,218627602.8,276852,3041,-229.53,-1.73,NONLIFIND
65177,2025-08-03,60,2627.64,2667.76,2708.23,2625.49,3975.49,2313.15,508345282.3,775813,6212,-44.56,-1.66,FININD
65178,2025-08-03,61,4231.47,4293.2,4370.61,4213.83,5362.34,3381.58,31966806.0,5825,143,-61.72,-1.43,TRDIND
65179,2025-08-03,62,196.31,200.69,200.69,196.23,206.88,170.03,12842567014.8,22782177,149560,-4.22,-2.1,FLOATIND
65180,2025-08-03,63,167.67,171.37,171.52,167.63,177.64,145.59,6049374277.2,11305275,51523,-3.52,-2.05,SENSFLTIND
65164,2025-08-03,64,5307.27,5476.63,5476.88,5301.49,5688.96,4608.92,1122465287.8,1068827,10932,-167.12,-3.05,MICRFININD
65165,2025-08-03,65,13493.81,13797.05,13812.45,13490.49,14838.88,12108.38,480722425.2,873736,9543,-297.94,-2.16,LIFINSIND
65166,2025-08-03,66,20.42,20.68,20.7,20.39,22.38,18.9,95007645.19,8840327,1878,-0.2,-1.0,MUTUALIND
65167,2025-08-03,67,115.28,117.16,118.13,115.14,122.74,97.68,544301251.3,910830,5269,-2.58,-2.19,INVIDX
65185,2025-08-04,51,1501.26,1476.1,1513.92,1468.26,1712.18,1296.0,1097933468.8,3670540,11529,24.59,1.66,BANKSUBIND
65186,2025-08-04,52,6984.55,7008.68,7094.13,6932.78,7780.66,5963.95,216853176.0,264654,1450,-24.13,-0.34,HOTELIND
65187,2025-08-04,53,2658.32,2670.59,2703.29,2608.34,2774.99,1871.52,1270571024.0,1129820,34050,-12.02,-0.45,OTHERSIND
65188,2025-08-04,54,3757.86,3759.42,3776.51,3714.54,3941.95,2957.04,3908306066.4,9091007,56872,9.38,0.25,HYDPOWIND
65189,2025-08-04,55,6181.26,6163.93,6299.07,6099.24,6557.35,4843.53,981881990.7,1707423,7100,-3.96,-0.06,DEVBANKIND
65190,2025-08-04,56,7785.22,7811.2,7846.18,7676.7,8328.6,6580.43,1010897221.7,1217950,8187,-10.07,-0.12,MANPROCIND
65191,2025-08-04,57,494.91,489.97,498.14,486.36,535.51,434.97,5178218765.9,10140022,43158,4.16,0.84,SENSIND
65192,2025-08-04,58,2875.36,2857.26,2890.05,2832.6,3002.07,2464.4,10629404867.7,20026038,146869,16.46,0.57,NEPSE
65193,2025-08-04,59,12905.83,12931.78,13034.3,12824.18,14430.52,11881.64,188394059.1,245985,2617,-66.34,-0.51,NONLIFIND
65194,2025-08-04,60,2605.89,2622.29,2664.76,2582.85,3975.49,2313.15,357332090.8,569662,4087,-21.74,-0.82,FININD
65195,2025-08-04,61,4353.86,4231.47,4619.51,4225.67,5362.34,3381.58,13472858.4,2420,140,122.38,2.89,TRDIND
65196,2025-08-04,62,197.43,196.22,198.43,194.53,206.88,170.03,10629404867.7,20026038,146869,1.11,0.56,FLOATIND
65197,2025-08-04,63,169.22,167.44,170.21,166.31,177.64,145.59,5178218765.9,10140022,43158,1.55,0.92,SENSFLTIND
65181,2025-08-04,64,5340.4,5305.54,5381.34,5258.5,5688.96,4608.92,795401891.2,778563,8960,33.13,0.62,MICRFININD
65182,2025-08-04,65,13561.72,13477.41,13669.78,13417.24,14838.88,12108.38,303312420.8,540105,7571,67.9,0.5,LIFINSIND
65183,2025-08-04,66,20.44,20.49,20.55,20.36,22.38,18.9,70645355.22,6587171,1409,0.01,0.08,MUTUALIND
65184,2025-08-04,67,115.41,114.43,116.66,113.87,122.74,97.68,485048599.8,807909,4306,0.13,0.11,INVIDX
65202,2025-08-05,51,1485.53,1505.32,1524.31,1483.51,1712.18,1296.0,921283268.8,3081379,9087,-15.72,-1.04,BANKSUBIND
65203,2025-08-05,52,6925.56,6985.55,7047.18,6905.69,7780.66,5963.95,173937053.2,225478,1234,-58.98,-0.84,HOTELIND
65204,2025-08-05,53,2583.08,2657.45,2677.64,2580.39,2774.99,1871.52,1058090095.2,1010715,44348,-75.23,-2.83,OTHERSIND
65205,2025-08-05,54,3697.99,3759.02,3776.33,3691.72,3941.95,2957.04,3390996091.4,7619475,36736,-59.86,-1.59,HYDPOWIND
65206,2025-08-05,55,6023.3,6177.65,6228.79,6014.76,6557.35,4843.53,743562389.3,1333388,5801,-157.95,-2.55,DEVBANKIND
65207,2025-08-05,56,7659.39,7783.25,7809.61,7649.67,8328.6,6580.43,656321977.8,846396,5713,-125.82,-1.61,MANPROCIND
65208,2025-08-05,57,488.45,494.42,500.0,487.77,535.51,434.97,4506682071.9,8717032,35947,-6.46,-1.3,SENSIND
65209,2025-08-05,58,2834.0,2875.56,2906.24,2831.63,3002.07,2464.4,9138298573.2,16823174,128596,-41.35,-1.43,NEPSE
65210,2025-08-05,59,12741.08,12878.41,12983.67,12713.98,14430.52,11881.64,166204930.8,218508,2404,-164.74,-1.27,NONLIFIND
65211,2025-08-05,60,2561.88,2600.58,2629.75,2556.05,3975.49,2313.15,215045430.7,363103,2939,-44.01,-1.68,FININD
65212,2025-08-05,61,4283.03,4353.86,4691.53,4273.3,5362.34,3381.58,15255202.4,2765,121,-70.82,-1.62,TRDIND
65213,2025-08-05,62,194.68,197.44,199.01,194.49,206.88,170.03,9138298573.2,16823174,128596,-2.74,-1.39,FLOATIND
65214,2025-08-05,63,167.01,169.04,170.96,166.73,177.64,145.59,4506682071.9,8717032,35947,-2.21,-1.31,SENSFLTIND
65198,2025-08-05,64,5367.23,5340.17,5446.14,5313.81,5688.96,4608.92,1091900174.9,917885,10299,26.82,0.5,MICRFININD
65199,2025-08-05,65,13362.06,13561.72,13654.37,13355.24,14838.88,12108.38,273919386.5,484477,6033,-199.66,-1.47,LIFINSIND
65200,2025-08-05,66,20.47,20.48,20.56,20.41,22.38,18.9,51145054.64,4784238,1367,0.03,0.18,MUTUALIND
65201,2025-08-05,67,113.32,114.78,116.48,113.17,122.74,97.68,431782572.2,719605,3881,-2.08,-1.8,INVIDX
65219,2025-08-06,51,1478.43,1495.3,1495.3,1476.42,1712.18,1296.0,519935352.92,1740464,6555,-7.1,-0.47,BANKSUBIND
65220,2025-08-06,52,6922.09,6942.71,6969.89,6870.92,7755.99,5963.95,110494133.7,140031,1008,-3.47,-0.05,HOTELIND
65221,2025-08-06,53,2594.5,2565.84,2629.84,2565.43,2774.99,1871.52,641073143.4,578373,14930,11.42,0.44,OTHERSIND
65222,2025-08-06,54,3692.31,3700.71,3724.76,3687.83,3941.95,2957.04,2936796638.3,7120091,34638,-5.68,-0.15,HYDPOWIND
65223,2025-08-06,55,5986.51,6026.33,6084.92,5981.08,6557.35,4843.53,601698010.6,1029133,4480,-36.79,-0.61,DEVBANKIND
65224,2025-08-06,56,7651.28,7679.22,7704.57,7584.45,8328.6,6580.43,538139559.2,667992,4883,-8.11,-0.1,MANPROCIND
65225,2025-08-06,57,487.55,490.49,491.17,487.14,535.51,434.97,3393123606.22,6183737,29599,-0.89,-0.18,SENSIND
65226,2025-08-06,58,2832.06,2840.03,2856.63,2826.86,3002.07,2464.4,7454317390.32,13533844,90911,-1.94,-0.06,NEPSE
65227,2025-08-06,59,12694.96,12741.08,12798.9,12665.0,14430.52,11881.64,131720055.0,163624,1860,-46.12,-0.36,NONLIFIND
65228,2025-08-06,60,2551.15,2565.69,2578.71,2547.38,3975.49,2313.15,178830769.0,307125,2411,-10.73,-0.41,FININD
65229,2025-08-06,61,4254.63,4283.03,4337.71,4236.39,5362.34,3381.58,4895718.4,887,61,-28.4,-0.66,TRDIND
65230,2025-08-06,62,194.57,195.2,196.18,194.21,206.88,170.03,7454317390.32,13533844,90911,-0.1,-0.05,FLOATIND
65231,2025-08-06,63,166.73,167.59,168.03,166.51,177.64,145.59,3393123606.22,6183737,29599,-0.28,-0.16,SENSFLTIND
65215,2025-08-06,64,5443.09,5368.52,5474.75,5350.75,5688.96,4608.92,1066132142.0,842905,10599,75.85,1.41,MICRFININD
65216,2025-08-06,65,13300.75,13420.47,13442.73,13291.05,14838.88,12108.38,253347696.7,438317,5722,-61.3,-0.45,LIFINSIND
65217,2025-08-06,66,20.47,20.52,20.56,20.35,22.38,18.9,84063415.37,7787821,1352,0.0,0.0,MUTUALIND
65218,2025-08-06,67,113.88,114.02,115.07,113.28,122.74,97.68,471254171.1,504902,3764,0.56,0.49,INVIDX
65236,2025-08-07,51,1484.79,1484.07,1492.9,1478.86,1712.18,1296.0,716012931.6,2633613,8065,6.35,0.43,BANKSUBIND
65237,2025-08-07,52,6964.24,6939.32,7010.51,6923.57,7755.99,5963.95,112061262.8,135198,1159,42.15,0.6,HOTELIND
65238,2025-08-07,53,2621.3,2564.48,2644.53,2561.8,2774.99,1871.52,647908923.7,562275,11032,26.8,1.03,OTHERSIND
65239,2025-08-07,54,3720.07,3696.96,3731.33,3693.39,3941.95,2957.04,3471358865.0,8520356,39722,27.76,0.75,HYDPOWIND
65240,2025-08-07,55,6011.91,5981.7,6072.51,5968.24,6557.35,4843.53,612429804.2,951712,4487,25.39,0.42,DEVBANKIND
65241,2025-08-07,56,7737.41,7633.24,7797.35,7633.24,8328.6,6580.43,654073137.3,863668,5619,86.13,1.12,MANPROCIND
65242,2025-08-07,57,490.16,487.16,491.92,487.14,535.51,434.97,3525431496.7,6649248,30810,2.61,0.53,SENSIND
65243,2025-08-07,58,2850.37,2831.27,2861.34,2831.27,3002.07,2464.4,8330941885.0,16239231,93810,18.3,0.64,NEPSE
65244,2025-08-07,59,12749.0,12686.13,12806.11,12682.96,14430.52,11881.64,119197817.3,161670,1915,54.04,0.42,NONLIFIND
65245,2025-08-07,60,2586.45,2551.15,2592.3,2551.15,3975.49,2313.15,278141731.5,447575,2802,35.29,1.38,FININD
65246,2025-08-07,61,4297.17,4254.63,4552.56,4254.63,5362.34,3381.58,16844006.5,3125,88,42.53,0.99,TRDIND
65247,2025-08-07,62,195.64,194.7,196.4,194.7,206.88,170.03,8330941885.0,16239231,93810,1.06,0.54,FLOATIND
65248,2025-08-07,63,167.62,166.66,168.23,166.65,177.64,145.59,3525431496.7,6649248,30810,0.89,0.53,SENSFLTIND
65232,2025-08-07,64,5463.04,5445.82,5500.36,5445.82,5688.96,4608.92,1085706335.0,880251,9913,19.94,0.36,MICRFININD
65233,2025-08-07,65,13402.68,13329.72,13458.93,13304.82,14838.88,12108.38,234337784.0,408670,5653,101.92,0.76,LIFINSIND
65234,2025-08-07,66,20.54,20.47,20.57,20.39,22.38,18.9,93298427.56,8772938,1279,0.06,0.32,MUTUALIND
65235,2025-08-07,67,114.23,113.51,114.82,113.51,122.74,97.68,382869286.1,671118,3355,0.34,0.3,INVIDX
65253,2025-08-11,51,1478.6,1490.13,1511.1,1478.01,1712.18,1296.0,1048432900.1,3255191,10229,-6.18,-0.41,BANKSUBIND
65254,2025-08-11,52,6911.05,6981.64,7002.07,6886.15,7755.99,5963.95,207769945.4,249100,2075,-53.18,-0.76,HOTELIND
65255,2025-08-11,53,2629.47,2620.42,2663.59,2612.94,2774.99,1871.52,1048209717.8,938622,11298,8.16,0.31,OTHERSIND
65256,2025-08-11,54,3667.26,3723.97,3742.03,3662.07,3941.95,2957.04,3588634305.11,8565573,38477,-52.8,-1.41,HYDPOWIND
65257,2025-08-11,55,5873.02,6005.04,6050.18,5856.26,6557.35,4843.53,768049313.0,1312053,5582,-138.88,-2.31,DEVBANKIND
65258,2025-08-11,56,7678.66,7709.15,7834.78,7670.96,8328.6,6580.43,925227222.4,1194199,5536,-58.75,-0.75,MANPROCIND
65259,2025-08-11,57,485.41,490.6,495.08,484.99,535.51,434.97,4560619596.21,8215099,32481,-4.74,-0.96,SENSIND
65260,2025-08-11,58,2822.46,2852.72,2875.45,2820.05,3002.07,2464.4,10012616622.61,18406993,96153,-27.9,-0.97,NEPSE
65261,2025-08-11,59,12590.79,12749.0,12828.32,12572.87,14430.52,11881.64,154177779.2,214696,2206,-158.21,-1.24,NONLIFIND
65262,2025-08-11,60,2553.57,2588.22,2612.63,2547.76,3975.49,2313.15,259755557.1,421277,2577,-32.87,-1.27,FININD
65263,2025-08-11,61,4235.22,4297.17,4373.12,4217.75,5362.34,3381.58,20421476.8,3827,170,-61.94,-1.44,TRDIND
65264,2025-08-11,62,193.54,195.92,197.27,193.36,206.88,170.03,10012616622.61,18406993,96153,-2.1,-1.07,FLOATIND
65265,2025-08-11,63,165.88,167.93,169.3,165.74,177.64,145.59,4560619596.21,8215099,32481,-1.73,-1.03,SENSFLTIND
65249,2025-08-11,64,5334.19,5455.96,5478.06,5323.36,5688.96,4608.92,1189654095.3,1026695,8733,-128.84,-2.35,MICRFININD
65250,2025-08-11,65,13294.7,13402.65,13527.37,13257.93,14838.88,12108.38,299601844.4,519786,5775,-107.97,-0.8,LIFINSIND
65251,2025-08-11,66,20.57,20.55,20.66,20.47,22.38,18.9,65774541.83,6161880,1499,0.03,0.17,MUTUALIND
65252,2025-08-11,67,112.89,114.42,115.16,112.84,122.74,97.68,502682466.0,705974,3495,-1.34,-1.17,INVIDX
65270,2025-08-12,51,1464.64,1484.96,1484.96,1464.02,1712.18,1296.0,630011358.38,2021793,7626,-13.96,-0.94,BANKSUBIND
65271,2025-08-12,52,7002.29,6929.99,7048.81,6929.99,7755.99,5963.95,82513435.5,113795,876,91.23,1.32,HOTELIND
65272,2025-08-12,53,2612.92,2622.21,2657.08,2607.17,2774.99,1871.52,631248243.7,556200,7730,-16.54,-0.62,OTHERSIND
65273,2025-08-12,54,3620.96,3666.73,3667.68,3618.48,3941.95,2957.04,2605388377.7,6335512,32174,-46.3,-1.26,HYDPOWIND
65274,2025-08-12,55,5828.38,5876.73,5891.68,5804.72,6557.35,4843.53,652943934.9,1155343,5162,-44.64,-0.76,DEVBANKIND
65275,2025-08-12,56,7601.83,7683.05,7694.8,7588.42,8229.32,6580.43,475971855.25,602625,4018,-76.83,-1.0,MANPROCIND
65276,2025-08-12,57,481.38,486.26,486.35,481.28,535.51,434.97,3093763528.63,6006732,27266,-4.03,-0.83,SENSIND
65277,2025-08-12,58,2796.24,2824.0,2828.57,2796.24,3002.07,2464.4,6678486943.03,12797117,76321,-26.22,-0.92,NEPSE
65278,2025-08-12,59,12487.91,12568.39,12637.58,12475.04,14430.52,11881.64,149980399.1,175607,1816,-102.88,-0.81,NONLIFIND
65279,2025-08-12,60,2514.25,2562.11,2564.84,2511.91,3975.49,2313.15,195175118.0,328651,2247,-39.32,-1.53,FININD
65280,2025-08-12,61,4198.46,4235.22,4303.26,4191.12,5362.34,3381.58,8337591.5,1565,105,-36.75,-0.86,TRDIND
65281,2025-08-12,62,191.69,193.75,193.77,191.69,206.88,170.03,6678486943.03,12797117,76321,-1.84,-0.95,FLOATIND
65282,2025-08-12,63,164.55,166.3,166.3,164.53,177.64,145.59,3093763528.63,6006732,27266,-1.33,-0.8,SENSFLTIND
65266,2025-08-12,64,5254.54,5331.18,5331.18,5248.16,5688.96,4608.92,736753377.6,671711,6916,-79.64,-1.49,MICRFININD
65267,2025-08-12,65,13153.43,13279.99,13279.99,13142.68,14838.88,12108.38,195932963.6,355534,4764,-141.27,-1.06,LIFINSIND
65268,2025-08-12,66,20.52,20.57,20.68,20.52,22.38,18.9,47389099.09,4421485,1245,-0.05,-0.24,MUTUALIND
65269,2025-08-12,67,112.14,112.69,113.78,112.04,122.74,97.68,314230287.8,478781,2887,-0.74,-0.66,INVIDX
65287,2025-08-13,51,1454.45,1467.18,1470.39,1453.71,1712.18,1296.0,655093948.9,2304585,7549,-10.19,-0.69,BANKSUBIND
65288,2025-08-13,52,6963.86,7023.23,7058.04,6948.68,7755.99,5963.95,100837838.8,141860,1476,-38.42,-0.54,HOTELIND
65289,2025-08-13,53,2613.83,2624.44,2637.87,2607.01,2774.99,1871.52,527156597.05,536742,6578,0.9,0.03,OTHERSIND
65290,2025-08-13,54,3609.83,3630.7,3652.84,3606.72,3941.95,2957.04,2519447707.5,6616037,28733,-11.12,-0.3,HYDPOWIND
65291,2025-08-13,55,5849.14,5821.03,5913.82,5817.58,6557.35,4843.53,440343012.1,783234,3798,20.76,0.35,DEVBANKIND
65292,2025-08-13,56,7594.05,7621.97,7667.24,7557.18,8190.94,6580.43,419421135.3,575592,3566,-7.78,-0.1,MANPROCIND
65293,2025-08-13,57,479.76,481.63,484.35,479.44,535.51,434.97,2648796326.05,5328810,23016,-1.61,-0.33,SENSIND
65294,2025-08-13,58,2785.74,2799.06,2813.59,2784.49,3002.07,2464.4,6064137631.85,12651812,68443,-10.5,-0.37,NEPSE
65295,2025-08-13,59,12453.58,12466.09,12557.24,12430.03,14430.52,11881.64,104851216.5,143847,1784,-34.32,-0.27,NONLIFIND
65296,2025-08-13,60,2515.3,2509.19,2553.85,2505.48,3975.49,2313.15,150938845.2,257519,1913,1.05,0.04,FININD
65297,2025-08-13,61,4135.29,4204.29,4266.26,4110.26,5362.34,3381.58,12308363.7,2320,123,-63.17,-1.5,TRDIND
65298,2025-08-13,62,191.0,191.91,192.95,190.93,206.88,170.03,6064137631.85,12651812,68443,-0.69,-0.36,FLOATIND
65299,2025-08-13,63,163.89,164.65,165.61,163.79,177.64,145.59,2648796326.05,5328810,23016,-0.65,-0.39,SENSFLTIND
65283,2025-08-13,64,5242.64,5256.91,5308.01,5235.18,5688.96,4608.92,533887856.8,493195,5657,-11.9,-0.22,MICRFININD
65284,2025-08-13,65,13078.83,13129.42,13206.48,13070.03,14838.88,12108.38,205171711.7,376022,4722,-74.6,-0.56,LIFINSIND
65285,2025-08-13,66,20.56,20.53,20.57,20.45,22.38,18.9,30309685.0,2866029,1174,0.03,0.17,MUTUALIND
65286,2025-08-13,67,112.11,111.69,113.15,111.69,122.74,97.68,394679398.3,420859,2544,-0.02,-0.02,INVIDX
65304,2025-08-14,51,1446.35,1454.27,1459.57,1445.22,1712.18,1296.0,899995844.6,3242504,8780,-8.1,-0.55,BANKSUBIND
65305,2025-08-14,52,6956.58,6963.86,6997.71,6928.81,7755.99,5963.95,89891621.2,121053,990,-7.28,-0.1,HOTELIND
65306,2025-08-14,53,2660.99,2634.99,2672.04,2608.07,2774.99,1871.52,1005936060.6,1006526,9636,47.16,1.8,OTHERSIND
65307,2025-08-14,54,3602.28,3609.76,3624.06,3593.62,3941.95,2957.04,2724380841.7,6999684,30684,-7.54,-0.2,HYDPOWIND
65308,2025-08-14,55,5858.92,5865.38,5916.89,5843.97,6557.35,4843.53,511428355.7,817531,4064,9.78,0.16,DEVBANKIND
65309,2025-08-14,56,7637.37,7617.96,7680.19,7604.42,8190.94,6580.43,506767080.5,616088,4093,43.32,0.57,MANPROCIND
65310,2025-08-14,57,478.82,480.23,481.56,478.05,535.51,434.97,3276526250.7,6509062,25161,-0.93,-0.19,SENSIND
65311,2025-08-14,58,2788.36,2789.54,2802.14,2784.15,3002.07,2464.4,7335386228.8,14616103,74723,2.62,0.09,NEPSE
65312,2025-08-14,59,12425.75,12441.53,12493.85,12402.06,14430.52,11881.64,101917883.3,139935,1675,-27.83,-0.22,NONLIFIND
65313,2025-08-14,60,2501.91,2523.78,2536.72,2499.94,3975.49,2313.15,131415194.7,226105,1854,-13.39,-0.53,FININD
65314,2025-08-14,61,4175.54,4135.29,4249.01,4133.97,5362.34,3381.58,4528503.5,866,44,40.25,0.97,TRDIND
65315,2025-08-14,62,190.88,191.24,191.9,190.6,206.88,170.03,7335386228.8,14616103,74723,-0.11,-0.06,FLOATIND
65316,2025-08-14,63,163.58,164.14,164.56,163.34,177.64,145.59,3276526250.7,6509062,25161,-0.31,-0.19,SENSFLTIND
65300,2025-08-14,64,5236.05,5239.8,5277.83,5218.86,5688.96,4608.92,526873186.3,490837,5532,-6.58,-0.12,MICRFININD
65301,2025-08-14,65,13072.27,13078.83,13118.62,13048.94,14822.93,12108.38,157329109.3,285327,4170,-6.55,-0.05,LIFINSIND
65302,2025-08-14,66,20.47,20.54,20.6,20.41,22.38,18.9,46188651.59,4249882,1240,-0.08,-0.42,MUTUALIND
65303,2025-08-14,67,112.32,112.47,113.09,111.56,122.74,97.68,674922547.4,669647,3201,0.2,0.17,INVIDX
65321,2025-08-17,51,1431.34,1447.64,1452.86,1431.01,1712.18,1296.0,768726215.1,2636977,9938,-15.01,-1.03,BANKSUBIND
65322,2025-08-17,52,6941.3,6945.33,7000.58,6929.12,7755.99,5963.95,76998776.7,103114,850,-15.27,-0.21,HOTELIND
65323,2025-08-17,53,2625.31,2657.74,2681.27,2617.4,2774.99,1871.52,1300788382.9,1309360,13666,-35.68,-1.34,OTHERSIND
65324,2025-08-17,54,3574.52,3607.77,3624.42,3572.12,3941.95,2957.04,2595810757.7,6206198,30579,-27.75,-0.77,HYDPOWIND
65325,2025-08-17,55,5828.59,5865.35,5946.34,5817.34,6557.35,4843.53,654922106.5,1290194,5461,-30.33,-0.51,DEVBANKIND
65326,2025-08-17,56,7560.65,7686.23,7699.77,7552.63,8190.94,6580.43,506595618.5,637498,4401,-76.72,-1.0,MANPROCIND
65327,2025-08-17,57,473.67,479.0,480.83,473.57,535.51,434.97,3393050505.0,6714861,29645,-5.15,-1.07,SENSIND
65328,2025-08-17,58,2761.22,2789.85,2803.25,2761.22,3002.07,2464.4,7608983885.3,14314851,84534,-27.14,-0.97,NEPSE
65329,2025-08-17,59,12340.68,12425.75,12482.35,12313.32,14430.52,11881.64,142029315.6,198544,2127,-85.06,-0.68,NONLIFIND
65330,2025-08-17,60,2478.49,2500.71,2536.28,2477.17,3975.49,2313.15,145555928.0,258569,1938,-23.41,-0.93,FININD
65331,2025-08-17,61,4107.01,4175.54,4235.98,4099.97,5362.34,3381.58,9975206.5,1894,104,-68.52,-1.64,TRDIND
65332,2025-08-17,62,189.13,191.01,191.96,189.12,206.88,170.03,7608983885.3,14314851,84534,-1.74,-0.91,FLOATIND
65333,2025-08-17,63,162.02,163.74,164.41,161.97,177.64,145.59,3393050505.0,6714861,29645,-1.55,-0.95,SENSFLTIND
65317,2025-08-17,64,5167.27,5236.51,5252.92,5161.18,5688.96,4608.92,636716084.9,591203,6393,-68.78,-1.31,MICRFININD
65318,2025-08-17,65,12978.58,13072.29,13192.02,12967.96,14730.05,12108.38,266759181.5,499180,5756,-93.69,-0.71,LIFINSIND
65319,2025-08-17,66,20.45,20.5,20.56,20.36,22.38,18.9,65560922.83,5955864,1601,-0.02,-0.1,MUTUALIND
65320,2025-08-17,67,111.38,112.11,113.06,111.19,122.74,97.68,504106311.4,582120,3321,-0.93,-0.83,INVIDX
65338,2025-08-18,51,1433.87,1430.24,1439.47,1427.04,1712.18,1296.0,574933074.7,1964743,6897,2.53,0.17,BANKSUBIND
65339,2025-08-18,52,6958.5,6921.17,6975.52,6921.17,7489.08,5963.95,63225079.4,80735,636,17.19,0.24,HOTELIND
65340,2025-08-18,53,2609.88,2625.0,2638.55,2604.6,2774.99,1871.52,600532408.6,650922,7424,-15.43,-0.58,OTHERSIND
65341,2025-08-18,54,3609.29,3574.76,3620.74,3569.19,3941.95,2957.04,2697978472.8,6571103,29899,34.77,0.97,HYDPOWIND
65342,2025-08-18,55,5846.93,5814.42,5886.93,5804.0,6557.35,4843.53,437773914.3,799503,3440,18.33,0.31,DEVBANKIND
65343,2025-08-18,56,7598.4,7598.5,7629.26,7554.0,8190.94,6580.43,453248064.9,530426,3631,37.75,0.49,MANPROCIND
65344,2025-08-18,57,475.33,473.59,476.87,472.85,533.86,434.97,2650540203.8,5075562,21694,1.66,0.35,SENSIND
65345,2025-08-18,58,2770.39,2760.67,2779.68,2755.88,3002.07,2464.4,6096894395.6,12185182,66442,9.16,0.33,NEPSE
65346,2025-08-18,59,12388.13,12311.38,12436.36,12307.74,14430.52,11881.64,105870770.2,148703,1586,47.45,0.38,NONLIFIND
65347,2025-08-18,60,2480.78,2478.49,2495.98,2475.63,3975.49,2313.15,119943073.0,209066,1510,2.29,0.09,FININD
65348,2025-08-18,61,4160.39,4107.01,4181.7,4093.13,5362.34,3381.58,7724765.0,1476,71,53.38,1.29,TRDIND
65349,2025-08-18,62,189.79,189.05,190.38,188.86,206.25,170.03,6096894395.6,12185182,66442,0.66,0.34,FLOATIND
65350,2025-08-18,63,162.66,161.99,163.19,161.79,177.64,145.59,2650540203.8,5075562,21694,0.64,0.39,SENSFLTIND
65334,2025-08-18,64,5172.47,5170.24,5194.52,5144.61,5688.96,4608.92,488037216.0,454934,4673,5.2,0.1,MICRFININD
65335,2025-08-18,65,13021.25,12974.42,13060.9,12964.05,14730.05,12108.38,172240021.5,310883,4019,42.66,0.32,LIFINSIND
65336,2025-08-18,66,20.35,20.46,20.48,20.25,22.38,18.9,29915368.82,2823614,1059,-0.1,-0.49,MUTUALIND
65337,2025-08-18,67,111.87,111.38,112.41,110.93,122.47,97.68,375387535.2,462688,2656,0.48,0.43,INVIDX
65355,2025-08-19,51,1439.65,1435.74,1447.79,1435.47,1712.18,1296.0,434554276.8,1515901,5943,5.77,0.4,BANKSUBIND
65356,2025-08-19,52,6962.39,6977.58,7000.04,6939.26,7489.08,5963.95,69951741.5,94419,783,3.89,0.05,HOTELIND
65357,2025-08-19,53,2612.29,2598.71,2662.51,2598.71,2774.99,1871.52,521891480.5,554130,6607,2.41,0.09,OTHERSIND
65358,2025-08-19,54,3615.33,3608.42,3639.8,3607.3,3941.95,2957.04,2444856851.48,5325327,25279,6.03,0.16,HYDPOWIND
65359,2025-08-19,55,5859.17,5833.73,5924.72,5831.54,6557.35,4843.53,483392833.8,782500,3609,12.24,0.2,DEVBANKIND
65360,2025-08-19,56,7633.76,7593.43,7694.36,7593.43,8190.94,6580.43,482141844.3,502054,3798,35.36,0.46,MANPROCIND
65361,2025-08-19,57,477.06,475.04,480.3,475.04,533.86,434.97,2455251449.5,4503619,21687,1.73,0.36,SENSIND
65362,2025-08-19,58,2776.9,2769.36,2796.68,2769.23,3002.07,2464.4,5573211681.26,10271070,60320,6.51,0.23,NEPSE
65363,2025-08-19,59,12402.79,12384.5,12519.07,12384.5,14331.53,11881.64,111984450.1,161025,1600,14.66,0.11,NONLIFIND
65364,2025-08-19,60,2481.5,2478.13,2506.8,2478.13,3975.49,2313.15,103197308.2,181853,1568,0.71,0.02,FININD
65365,2025-08-19,61,4167.98,4160.39,4225.19,4143.94,5362.34,3381.58,4037490.0,772,41,7.58,0.18,TRDIND
65366,2025-08-19,62,190.19,189.75,191.61,189.74,206.25,170.03,5573211681.26,10271070,60320,0.4,0.21,FLOATIND
65367,2025-08-19,63,163.16,162.64,164.36,162.64,177.64,145.59,2455251449.5,4503619,21687,0.49,0.3,SENSFLTIND
65351,2025-08-19,64,5179.08,5168.18,5220.5,5167.94,5688.96,4608.92,391005062.6,349904,4222,6.61,0.12,MICRFININD
65352,2025-08-19,65,13054.6,13021.25,13165.23,13013.27,14730.05,12108.38,171502817.7,313914,4119,33.35,0.25,LIFINSIND
65353,2025-08-19,66,20.41,20.35,20.44,20.32,22.34,18.9,28957084.3,2714761,1083,0.06,0.29,MUTUALIND
65354,2025-08-19,67,112.11,111.86,113.5,111.62,122.47,97.68,354695524.28,489271,2751,0.24,0.21,INVIDX
65372,2025-08-20,51,1436.91,1439.48,1446.04,1434.86,1712.18,1296.0,432406228.7,1371781,4973,-2.73,-0.19,BANKSUBIND
65373,2025-08-20,52,7103.83,6943.26,7158.14,6937.83,7489.08,5963.95,268455915.7,305655,2148,141.43,2.03,HOTELIND
65374,2025-08-20,53,2609.45,2588.47,2635.05,2587.42,2774.99,1871.52,651391078.0,644143,6367,-2.83,-0.1,OTHERSIND
65375,2025-08-20,54,3594.34,3622.3,3622.3,3592.22,3941.95,2957.04,1899953507.7,4413522,20960,-20.98,-0.58,HYDPOWIND
65376,2025-08-20,55,5814.57,5849.51,5895.42,5803.65,6557.35,4843.53,353841675.4,631968,2771,-44.6,-0.76,DEVBANKIND
65377,2025-08-20,56,7582.57,7626.19,7653.74,7579.58,8190.94,6580.43,271281219.5,331874,2582,-51.18,-0.67,MANPROCIND
65378,2025-08-20,57,474.96,476.49,478.78,474.66,533.86,434.97,2091601861.6,4082662,17324,-2.1,-0.44,SENSIND
65379,2025-08-20,58,2767.2,2773.36,2783.02,2766.64,3002.07,2464.4,5037232681.3,9314885,52248,-9.7,-0.34,NEPSE
65380,2025-08-20,59,12330.59,12373.5,12445.6,12322.1,14331.53,11881.64,123288779.5,176590,1412,-72.2,-0.58,NONLIFIND
65381,2025-08-20,60,2468.21,2481.26,2500.82,2467.39,3975.49,2313.15,109370343.2,196549,1546,-13.29,-0.53,FININD
65382,2025-08-20,61,4123.69,4167.98,4173.53,4095.42,5362.34,3381.58,5488745.4,1044,63,-44.29,-1.06,TRDIND
65383,2025-08-20,62,189.51,190.09,190.71,189.48,206.25,170.03,5037232681.3,9314885,52248,-0.68,-0.35,FLOATIND
65384,2025-08-20,63,162.43,163.05,163.76,162.32,177.64,145.59,2091601861.6,4082662,17324,-0.72,-0.44,SENSFLTIND
65368,2025-08-20,64,5158.01,5175.28,5188.62,5153.3,5688.96,4608.92,419488560.1,394234,3722,-21.07,-0.4,MICRFININD
65369,2025-08-20,65,13012.44,13054.71,13090.05,12978.95,14730.05,12108.38,168051792.2,317509,3433,-42.15,-0.32,LIFINSIND
65370,2025-08-20,66,20.42,20.4,20.44,20.31,22.34,18.9,59054085.72,5464325,1187,0.01,0.06,MUTUALIND
65371,2025-08-20,67,111.67,111.89,112.54,111.58,122.47,97.68,334214835.9,530016,2271,-0.44,-0.39,INVIDX
65389,2025-08-21,51,1435.22,1435.82,1442.27,1431.33,1712.18,1296.0,585366653.2,1916876,5648,-1.68,-0.11,BANKSUBIND
65390,2025-08-21,52,7042.25,7112.81,7148.06,7030.02,7489.08,5963.95,128482881.4,137926,1143,-61.57,-0.86,HOTELIND
65391,2025-08-21,53,2595.79,2630.74,2630.74,2588.57,2774.99,1871.52,581753200.8,553608,6003,-13.66,-0.52,OTHERSIND
65392,2025-08-21,54,3575.34,3590.34,3605.74,3573.86,3941.95,2957.04,1802052152.6,4811944,22910,-19.0,-0.52,HYDPOWIND
65393,2025-08-21,55,5776.22,5826.38,5845.72,5768.75,6557.35,4843.53,400848195.7,651400,3073,-38.35,-0.65,DEVBANKIND
65394,2025-08-21,56,7568.59,7562.57,7600.99,7555.69,8190.94,6580.43,318665474.1,376213,2561,-13.98,-0.18,MANPROCIND
65395,2025-08-21,57,474.26,474.6,476.28,473.41,533.86,434.97,2169698879.0,4499363,18800,-0.69,-0.14,SENSIND
65396,2025-08-21,58,2757.97,2767.51,2775.34,2756.85,3002.07,2464.4,4874202528.2,9867350,55141,-9.22,-0.33,NEPSE
65397,2025-08-21,59,12348.84,12316.95,12385.4,12304.2,14331.53,11881.64,121784110.2,154742,1574,18.25,0.14,NONLIFIND
65398,2025-08-21,60,2454.41,2465.6,2480.79,2451.81,3975.49,2313.15,115393759.6,210276,1687,-13.79,-0.55,FININD
65399,2025-08-21,61,4097.01,4123.69,4179.09,4088.54,5362.34,3381.58,4718671.6,901,50,-26.67,-0.64,TRDIND
65400,2025-08-21,62,189.01,189.44,190.04,188.79,206.25,170.03,4874202528.2,9867350,55141,-0.5,-0.26,FLOATIND
65401,2025-08-21,63,162.22,162.33,162.92,161.91,177.64,145.59,2169698879.0,4499363,18800,-0.21,-0.13,SENSFLTIND
65385,2025-08-21,64,5146.92,5154.34,5170.37,5129.39,5688.96,4608.92,397457584.4,365023,4381,-11.09,-0.21,MICRFININD
65386,2025-08-21,65,12969.81,12970.66,13034.72,12937.22,14730.05,12108.38,156389846.2,271724,3874,-42.62,-0.32,LIFINSIND
65387,2025-08-21,66,20.39,20.43,20.45,20.32,22.34,18.9,75964041.15,6754154,1151,-0.03,-0.17,MUTUALIND
65388,2025-08-21,67,111.37,111.67,112.19,111.26,122.47,97.68,261289998.4,416717,2237,-0.29,-0.26,INVIDX
65406,2025-08-24,51,1422.48,1435.22,1439.39,1420.86,1712.18,1296.0,497521018.2,1640630,6163,-12.74,-0.88,BANKSUBIND
65407,2025-08-24,52,6993.89,7042.25,7068.37,6986.41,7489.08,5963.95,146727519.5,172447,929,-48.35,-0.68,HOTELIND
65408,2025-08-24,53,2593.05,2595.35,2629.85,2585.19,2774.99,1871.52,616393397.7,591900,5469,-2.73,-0.1,OTHERSIND
65409,2025-08-24,54,3532.49,3571.48,3588.96,3530.63,3941.95,2957.04,1580058207.45,3900968,20479,-42.85,-1.19,HYDPOWIND
65410,2025-08-24,55,5678.37,5774.16,5811.98,5672.8,6557.35,4843.53,443832749.4,755029,3548,-97.84,-1.69,DEVBANKIND
65411,2025-08-24,56,7580.68,7531.08,7670.29,7531.08,8190.94,6580.43,1966896246.5,1585499,5939,12.09,0.15,MANPROCIND
65412,2025-08-24,57,471.19,473.36,476.84,470.72,533.86,434.97,3767687014.4,5333764,22215,-3.06,-0.64,SENSIND
65413,2025-08-24,58,2739.95,2754.43,2770.8,2737.85,3002.07,2464.4,6429295126.85,10178571,56550,-18.02,-0.65,NEPSE
65414,2025-08-24,59,12286.19,12348.84,12409.12,12266.86,14219.61,11881.64,112570290.6,133317,1410,-62.65,-0.5,NONLIFIND
65415,2025-08-24,60,2441.35,2454.41,2468.99,2438.17,3975.49,2313.15,128665083.1,224372,1779,-13.05,-0.53,FININD
65416,2025-08-24,61,4088.96,4097.01,4161.4,4081.74,5362.34,3381.58,11689014.1,2238,69,-8.05,-0.19,TRDIND
65417,2025-08-24,62,187.62,188.77,189.83,187.5,206.25,170.03,6429295126.85,10178571,56550,-1.38,-0.73,FLOATIND
65418,2025-08-24,63,161.04,161.97,162.97,160.84,177.64,145.59,3767687014.4,5333764,22215,-1.18,-0.72,SENSFLTIND
65402,2025-08-24,64,5138.95,5141.83,5188.31,5123.78,5688.96,4608.92,408287864.7,382029,4052,-7.96,-0.15,MICRFININD
65403,2025-08-24,65,12912.71,12907.0,13085.76,12866.81,14730.05,12108.38,204049199.8,371700,4201,-57.1,-0.44,LIFINSIND
65404,2025-08-24,66,20.35,20.37,20.4,20.19,22.34,18.9,36459305.87,3467004,1008,-0.03,-0.16,MUTUALIND
65405,2025-08-24,67,110.5,110.93,112.39,110.37,122.47,97.68,312604535.8,418442,2512,-0.87,-0.78,INVIDX
65423,2025-08-25,51,1430.85,1421.93,1434.34,1413.75,1655.43,1296.0,431081618.9,1347595,5142,8.36,0.58,BANKSUBIND
65424,2025-08-25,52,7025.76,6993.89,7047.3,6949.1,7489.08,5963.95,151651426.79,160551,819,31.86,0.45,HOTELIND
65425,2025-08-25,53,2665.53,2591.82,2672.07,2579.05,2774.99,1871.52,1203467072.0,1022491,8306,72.48,2.79,OTHERSIND
65426,2025-08-25,54,3544.03,3525.11,3548.09,3512.23,3941.95,2957.04,1579133036.7,3718681,17915,11.54,0.32,HYDPOWIND
65427,2025-08-25,55,5732.33,5680.63,5744.02,5653.75,6557.35,4843.53,299455947.8,599596,2774,53.95,0.95,DEVBANKIND
65428,2025-08-25,56,7576.18,7579.53,7592.12,7517.64,8190.94,6580.43,365509644.3,388624,3336,-4.5,-0.05,MANPROCIND
65429,2025-08-25,57,474.38,471.21,475.17,469.42,519.34,434.97,2588473429.4,4453183,22093,3.18,0.67,SENSIND
65430,2025-08-25,58,2761.26,2740.3,2764.95,2730.74,3002.07,2464.4,5656791712.29,9037582,56122,21.3,0.77,NEPSE
65431,2025-08-25,59,12325.16,12286.19,12342.43,12224.02,14219.61,11881.64,105754445.7,144451,1493,38.97,0.31,NONLIFIND
65432,2025-08-25,60,2446.3,2438.38,2456.68,2429.14,3836.16,2313.15,106391881.5,187099,1460,4.94,0.2,FININD
65433,2025-08-25,61,4091.19,4088.96,4138.47,4064.86,5362.34,3381.58,8259180.6,1580,59,2.22,0.05,TRDIND
65434,2025-08-25,62,188.92,187.71,189.14,187.04,206.25,170.03,5656791712.29,9037582,56122,1.29,0.68,FLOATIND
65435,2025-08-25,63,162.11,161.09,162.41,160.38,177.3,145.59,2588473429.4,4453183,22093,1.07,0.66,SENSFLTIND
65419,2025-08-25,64,5216.07,5188.67,5275.94,5173.6,5688.96,4608.92,1028614104.6,947390,9150,77.12,1.5,MICRFININD
65420,2025-08-25,65,12985.06,12912.71,13003.22,12872.81,14671.87,12108.38,121043823.3,219796,3466,72.35,0.56,LIFINSIND
65421,2025-08-25,66,20.28,20.35,20.36,20.17,22.34,18.9,15438705.69,1554960,592,-0.07,-0.34,MUTUALIND
65422,2025-08-25,67,110.88,110.18,111.21,109.82,122.47,97.68,256429530.1,299728,2202,0.38,0.34,INVIDX
65440,2025-08-26,51,1432.87,1433.15,1440.73,1428.1,1608.24,1296.0,371265608.0,1168418,4478,2.02,0.14,BANKSUBIND
65441,2025-08-26,52,7038.1,7025.76,7062.2,7000.81,7489.08,5963.95,57546367.6,67693,617,12.34,0.17,HOTELIND
65442,2025-08-26,53,2703.55,2679.25,2706.47,2665.91,2774.99,1871.52,981310725.1,873061,8437,38.02,1.42,OTHERSIND
65443,2025-08-26,54,3546.6,3544.2,3559.59,3539.56,3941.95,2957.04,1061614604.7,2597447,13737,2.57,0.07,HYDPOWIND
65444,2025-08-26,55,5787.77,5736.85,5807.85,5736.85,6557.35,4843.53,244115529.0,445190,2687,55.44,0.96,DEVBANKIND
65445,2025-08-26,56,7524.66,7571.5,7615.06,7512.27,8190.94,6580.43,319729854.4,310371,2491,-51.52,-0.68,MANPROCIND
65446,2025-08-26,57,474.89,475.2,476.91,473.81,518.59,434.97,1887959967.4,3182757,15733,0.51,0.1,SENSIND
65447,2025-08-26,58,2766.09,2764.3,2775.09,2760.73,3002.07,2464.4,4097415831.7,6656802,44177,4.83,0.17,NEPSE
65448,2025-08-26,59,12312.5,12325.16,12366.61,12285.92,14219.61,11881.64,74130154.2,100379,1104,-12.65,-0.1,NONLIFIND
65449,2025-08-26,60,2449.24,2446.3,2465.78,2443.05,3765.51,2313.15,66992671.5,118152,991,2.94,0.12,FININD
65450,2025-08-26,61,4096.1,4091.19,4154.83,4091.19,5362.34,3381.58,3154049.9,595,44,4.9,0.11,TRDIND
65451,2025-08-26,62,189.23,189.07,189.69,188.8,206.25,170.03,4097415831.7,6656802,44177,0.3,0.16,FLOATIND
65452,2025-08-26,63,162.34,162.22,162.86,161.94,177.3,145.59,1887959967.4,3182757,15733,0.23,0.14,SENSFLTIND
65436,2025-08-26,64,5190.94,5223.87,5229.79,5177.41,5688.96,4608.92,510913060.7,474147,5148,-25.12,-0.48,MICRFININD
65437,2025-08-26,65,12993.1,12985.06,13018.25,12941.65,14671.87,12108.38,102848721.9,175375,2842,8.03,0.06,LIFINSIND
65438,2025-08-26,66,20.31,20.28,20.33,20.2,22.34,18.9,24556789.37,2280845,632,0.02,0.13,MUTUALIND
65439,2025-08-26,67,110.76,110.88,111.31,110.61,122.47,97.68,303794484.7,325974,1601,-0.12,-0.1,INVIDX
65457,2025-08-27,51,1452.73,1454.24,1454.59,1432.66,1608.24,1296.0,533838545.1,1790257,5962,19.85,1.38,BANKSUBIND
65458,2025-08-27,52,7155.58,7055.53,7170.3,7029.55,7489.08,5963.95,193258630.8,215360,1154,117.47,1.66,HOTELIND
65459,2025-08-27,53,2761.49,2729.81,2767.81,2707.48,2774.99,1871.52,1479789879.5,1417258,10935,57.93,2.14,OTHERSIND
65460,2025-08-27,54,3612.4,3558.83,3617.88,3550.26,3941.95,2957.04,2406445637.0,5618493,23778,65.79,1.85,HYDPOWIND
65461,2025-08-27,55,5985.05,5787.93,5998.57,5784.91,6557.35,4843.53,713280884.8,1359886,6080,197.28,3.4,DEVBANKIND
65462,2025-08-27,56,7727.6,7548.94,7735.85,7502.89,8190.94,6580.43,692860531.7,699171,5043,202.94,2.69,MANPROCIND
65463,2025-08-27,57,483.42,479.09,484.07,474.95,518.59,434.97,3242695306.1,6008124,27083,8.52,1.79,SENSIND
65464,2025-08-27,58,2819.1,2781.37,2822.79,2767.77,3002.07,2464.4,7597864086.0,13219581,71326,53.01,1.91,NEPSE
65465,2025-08-27,59,12519.74,12300.09,12535.32,12297.26,14219.61,11881.64,149098666.4,209615,1949,207.23,1.68,NONLIFIND
65466,2025-08-27,60,2497.97,2452.47,2505.27,2452.47,3765.51,2313.15,153164462.8,262941,2024,48.73,1.98,FININD
65467,2025-08-27,61,4206.02,4096.1,4231.69,4095.91,5362.34,3381.58,9356766.0,1747,101,109.92,2.68,TRDIND
65468,2025-08-27,62,192.78,190.48,193.03,189.37,206.25,170.03,7597864086.0,13219581,71326,3.55,1.88,FLOATIND
65469,2025-08-27,63,165.41,163.8,165.62,162.36,177.3,145.59,3242695306.1,6008124,27083,3.06,1.89,SENSFLTIND
65453,2025-08-27,64,5247.9,5189.41,5256.1,5184.5,5688.96,4608.92,603034345.9,565684,5752,56.96,1.09,MICRFININD
65454,2025-08-27,65,13281.52,13016.33,13314.55,12946.9,14671.87,12108.38,323684478.0,511642,5518,288.42,2.21,LIFINSIND
65455,2025-08-27,66,20.41,20.31,20.44,20.21,22.34,18.9,15894521.9,1528991,635,0.09,0.47,MUTUALIND
65456,2025-08-27,67,113.2,110.72,113.59,110.54,122.47,97.68,340051258.0,567527,3030,2.43,2.19,INVIDX
65474,2025-08-28,51,1440.07,1452.53,1457.85,1438.55,1608.24,1296.0,551386023.47,1877162,6599,-12.65,-0.87,BANKSUBIND
65475,2025-08-28,52,7040.7,7155.58,7218.33,7032.59,7489.08,5963.95,339608725.3,385723,1591,-114.88,-1.6,HOTELIND
65476,2025-08-28,53,2714.43,2777.03,2790.41,2702.48,2774.99,1871.52,1438306514.4,1206104,9320,-47.06,-1.7,OTHERSIND
65477,2025-08-28,54,3560.21,3617.22,3628.96,3556.11,3941.95,2957.04,2539584531.4,6223802,29618,-52.18,-1.44,HYDPOWIND
65478,2025-08-28,55,5842.3,5978.09,6015.0,5832.16,6557.35,4843.53,714285569.8,1362051,5307,-142.75,-2.38,DEVBANKIND
65479,2025-08-28,56,7596.12,7729.0,7768.88,7591.26,8190.94,6580.43,675412841.7,740389,4728,-131.47,-1.7,MANPROCIND
65480,2025-08-28,57,477.68,483.71,484.19,477.3,518.59,434.97,3501578588.57,6646182,28957,-5.74,-1.18,SENSIND
65481,2025-08-28,58,2781.0,2820.0,2824.85,2778.92,3002.07,2464.4,7965955518.57,14016513,76928,-38.1,-1.35,NEPSE
65482,2025-08-28,59,12522.18,12519.74,12639.98,12459.18,14219.61,11881.64,322422064.1,426107,2835,2.44,0.01,NONLIFIND
65483,2025-08-28,60,2448.6,2500.81,2514.71,2447.08,3765.51,2313.15,140437076.1,248549,1971,-49.37,-1.97,FININD
65484,2025-08-28,61,4153.0,4206.02,4245.98,4128.54,5362.34,3381.58,8005241.7,1505,97,-53.02,-1.26,TRDIND
65485,2025-08-28,62,190.23,192.72,193.21,190.12,206.25,170.03,7965955518.57,14016513,76928,-2.55,-1.32,FLOATIND
65486,2025-08-28,63,163.39,165.32,165.74,163.23,177.3,145.59,3501578588.57,6646182,28957,-2.02,-1.22,SENSFLTIND
65470,2025-08-28,64,5173.96,5239.13,5246.24,5172.88,5688.96,4608.92,641821321.3,608295,6888,-73.94,-1.4,MICRFININD
65471,2025-08-28,65,13061.56,13271.15,13290.67,13045.68,14671.87,12108.38,225630682.1,401262,4585,-219.96,-1.65,LIFINSIND
65472,2025-08-28,66,20.43,20.43,20.47,20.32,22.34,18.9,35349647.22,3369588,845,0.02,0.1,MUTUALIND
65473,2025-08-28,67,111.41,112.81,113.26,111.34,122.47,97.68,369054927.2,535564,3389,-1.79,-1.58,INVIDX
65491,2025-08-31,51,1427.31,1441.91,1447.14,1423.97,1608.24,1296.0,609009672.1,1987039,6912,-12.76,-0.88,BANKSUBIND
65492,2025-08-31,52,6964.7,7040.7,7075.16,6948.81,7489.08,5963.95,92789676.2,116035,845,-75.99,-1.07,HOTELIND
65493,2025-08-31,53,2680.57,2715.42,2725.34,2670.77,2774.99,1871.52,1036386901.9,1054345,8656,-33.85,-1.24,OTHERSIND
65494,2025-08-31,54,3507.82,3567.04,3569.69,3504.81,3941.95,2957.04,2051755645.96,5396368,55012,-52.39,-1.47,HYDPOWIND
65495,2025-08-31,55,5749.12,5843.36,5843.36,5740.84,6557.35,4843.53,374883333.2,725543,3068,-93.17,-1.59,DEVBANKIND
65496,2025-08-31,56,7518.69,7640.93,7640.93,7516.37,8190.94,6580.43,450885021.0,476006,3542,-77.43,-1.01,MANPROCIND
65497,2025-08-31,57,472.64,477.98,478.09,471.84,518.59,434.97,2332344811.8,4525130,21577,-5.03,-1.05,SENSIND
65498,2025-08-31,58,2749.83,2784.11,2784.56,2745.69,3002.07,2464.4,5979788145.26,11463103,95484,-31.17,-1.12,NEPSE
65499,2025-08-31,59,12379.73,12522.18,12561.44,12367.88,14219.61,11881.64,150187004.6,210337,1856,-142.44,-1.13,NONLIFIND
65500,2025-08-31,60,2416.62,2448.6,2456.36,2415.37,3765.51,2313.15,108470425.0,200272,1749,-31.98,-1.3,FININD
65501,2025-08-31,61,4137.03,4153.0,4189.82,4084.31,5362.34,3381.58,9816070.0,1869,88,-15.97,-0.38,TRDIND
65502,2025-08-31,62,187.91,190.44,190.46,187.71,206.25,170.03,5979788145.26,11463103,95484,-2.31,-1.21,FLOATIND
65503,2025-08-31,63,161.55,163.48,163.53,161.28,177.3,145.59,2332344811.8,4525130,21577,-1.84,-1.12,SENSFLTIND
65487,2025-08-31,64,5102.39,5170.51,5174.41,5086.59,5688.96,4608.92,531962922.4,502404,6085,-71.57,-1.38,MICRFININD
65488,2025-08-31,65,12930.07,13074.71,13074.71,12913.46,14671.87,12108.38,181065095.5,307586,4483,-131.48,-1.0,LIFINSIND
65489,2025-08-31,66,20.36,20.44,20.48,20.33,22.34,18.9,31846420.15,3110136,1139,-0.07,-0.35,MUTUALIND
65490,2025-08-31,67,110.24,111.57,111.72,110.12,122.47,97.68,382576377.4,485299,3188,-1.16,-1.04,INVIDX
65508,2025-09-01,51,1448.72,1453.62,1455.05,1423.76,1608.24,1296.0,1113825777.3,3361238,8495,21.41,1.5,BANKSUBIND
65509,2025-09-01,52,6995.17,6964.7,7017.7,6947.79,7489.08,5963.95,86469272.6,100625,637,30.47,0.43,HOTELIND
65510,2025-09-01,53,2679.6,2673.87,2719.31,2668.78,2774.99,1871.52,621377588.2,572331,6445,-0.97,-0.03,OTHERSIND
65511,2025-09-01,54,3510.63,3512.55,3521.31,3487.49,3941.95,2957.04,1415851486.8,3495133,33199,2.81,0.08,HYDPOWIND
65512,2025-09-01,55,5779.49,5763.69,5799.3,5730.21,6557.35,4843.53,322507310.5,641588,2509,30.36,0.52,DEVBANKIND
65513,2025-09-01,56,7546.44,7541.76,7558.52,7500.46,8190.94,6580.43,423032086.7,471123,2931,27.75,0.36,MANPROCIND
65514,2025-09-01,57,476.38,477.74,477.74,471.39,518.59,434.97,2572688949.8,4826943,20001,3.74,0.79,SENSIND
65515,2025-09-01,58,2761.86,2768.39,2773.69,2741.39,3002.07,2464.4,5050819526.3,9790133,67409,12.03,0.43,NEPSE
65516,2025-09-01,59,12416.93,12379.73,12457.38,12324.86,14219.61,11881.64,98046016.7,111211,1324,37.19,0.3,NONLIFIND
65517,2025-09-01,60,2420.0,2413.67,2435.77,2410.67,3765.51,2313.15,75513972.7,141998,1306,3.38,0.14,FININD
65518,2025-09-01,61,4101.58,4213.75,4213.75,4082.61,5362.34,3381.58,8232058.0,1556,80,-35.45,-0.85,TRDIND
65519,2025-09-01,62,189.1,189.32,189.5,187.37,206.25,170.03,5050819526.3,9790133,67409,1.18,0.62,FLOATIND
65520,2025-09-01,63,163.03,163.28,163.38,161.15,177.3,145.59,2572688949.8,4826943,20001,1.48,0.92,SENSFLTIND
65504,2025-09-01,64,5116.31,5093.72,5116.64,5073.29,5688.96,4608.92,429387686.4,369340,4628,13.91,0.27,MICRFININD
65505,2025-09-01,65,12930.66,13074.38,13095.41,12888.29,14671.87,12108.38,126793060.0,226482,3631,0.59,0.0,LIFINSIND
65506,2025-09-01,66,20.39,20.36,20.4,20.2,22.34,18.9,14934146.95,1490901,944,0.03,0.16,MUTUALIND
65507,2025-09-01,67,110.45,110.8,110.8,109.65,122.47,97.68,329783210.4,297508,2224,0.2,0.18,INVIDX
65525,2025-09-02,51,1441.49,1474.11,1474.11,1440.23,1608.24,1296.0,647229063.1,2178024,38028,-7.22,-0.49,BANKSUBIND
65526,2025-09-02,52,6958.43,6995.17,7013.23,6932.99,7489.08,5963.95,70751746.1,90385,627,-36.74,-0.52,HOTELIND
65527,2025-09-02,53,2665.28,2683.98,2822.31,2663.38,2774.99,1871.52,539104634.2,491389,5262,-14.31,-0.53,OTHERSIND
65528,2025-09-02,54,3476.7,3523.1,3523.1,3473.84,3941.95,2957.04,1505033402.2,3984891,27130,-33.92,-0.96,HYDPOWIND
65529,2025-09-02,55,5756.74,5813.67,5823.86,5746.45,6557.35,4843.53,323055413.6,596169,2315,-22.74,-0.39,DEVBANKIND
65530,2025-09-02,56,7485.95,7540.68,7588.66,7481.11,8190.94,6580.43,285146790.0,313490,2494,-60.48,-0.8,MANPROCIND
65531,2025-09-02,57,473.68,481.22,481.22,473.43,518.59,434.97,1956749699.8,4139123,49318,-2.69,-0.56,SENSIND
65532,2025-09-02,58,2741.97,2777.51,2791.67,2741.46,3002.07,2464.4,4379411530.3,8910783,88612,-19.89,-0.72,NEPSE
65533,2025-09-02,59,12329.01,12413.5,12469.47,12315.94,14219.61,11881.64,92973222.1,123030,1320,-87.91,-0.7,NONLIFIND
65534,2025-09-02,60,2398.7,2420.0,2439.75,2397.24,3765.51,2313.15,91269757.2,171359,1318,-21.3,-0.88,FININD
65535,2025-09-02,61,4020.42,4101.58,4178.84,3970.9,5362.34,3381.58,47717189.7,9115,212,-81.15,-1.97,TRDIND
65536,2025-09-02,62,187.86,190.45,190.82,187.83,206.25,170.03,4379411530.3,8910783,88612,-1.23,-0.65,FLOATIND
65537,2025-09-02,63,162.05,164.59,164.59,161.97,177.3,145.59,1956749699.8,4139123,49318,-0.98,-0.6,SENSFLTIND
65521,2025-09-02,64,5066.65,5111.22,5117.65,5055.89,5688.96,4608.92,449494835.8,399587,4311,-49.65,-0.97,MICRFININD
65522,2025-09-02,65,12891.6,12997.19,12997.19,12879.16,14671.87,12108.38,118695842.8,222773,3668,-39.05,-0.3,LIFINSIND
65523,2025-09-02,66,20.33,20.38,20.38,20.24,22.34,18.9,13855693.91,1405646,739,-0.05,-0.28,MUTUALIND
65524,2025-09-02,67,109.6,110.63,110.63,109.41,122.47,97.68,208939633.5,330571,1927,-0.85,-0.76,INVIDX
65542,2025-09-03,51,1433.54,1441.86,1446.83,1432.94,1608.24,1296.0,457950331.8,1503483,17401,-7.94,-0.55,BANKSUBIND
65543,2025-09-03,52,6893.43,6958.43,6990.53,6885.89,7489.08,5963.95,78620070.0,104703,850,-65.0,-0.93,HOTELIND
65544,2025-09-03,53,2658.0,2676.42,2690.19,2654.36,2774.99,1871.52,623171251.5,586132,5221,-7.28,-0.27,OTHERSIND
65545,2025-09-03,54,3444.27,3475.25,3479.53,3441.31,3941.95,2957.04,2008322706.1,5531693,26275,-32.43,-0.93,HYDPOWIND
65546,2025-09-03,55,5707.51,5776.29,5787.34,5698.78,6557.35,4843.53,278900150.8,545996,2661,-49.22,-0.85,DEVBANKIND
65547,2025-09-03,56,7455.84,7510.98,7520.18,7446.69,8190.94,6580.43,303065476.4,373121,2749,-30.1,-0.4,MANPROCIND
65548,2025-09-03,57,470.94,474.35,475.0,470.91,518.59,434.97,1787331673.1,3560728,29017,-2.74,-0.57,SENSIND
65549,2025-09-03,58,2726.33,2744.4,2749.88,2724.99,3002.07,2464.4,4664767348.9,9794715,67367,-15.64,-0.57,NEPSE
65550,2025-09-03,59,12279.72,12329.01,12401.84,12279.7,14219.61,11881.64,106996276.6,139108,1499,-49.29,-0.39,NONLIFIND
65551,2025-09-03,60,2380.33,2398.7,2417.98,2379.12,3765.51,2313.15,86465379.4,164706,1428,-18.36,-0.76,FININD
65552,2025-09-03,61,4023.61,4020.42,4088.14,3945.96,5362.34,3381.58,12798682.0,2428,62,3.18,0.07,TRDIND
65553,2025-09-03,62,186.69,187.98,188.3,186.61,206.25,170.03,4664767348.9,9794715,67367,-1.16,-0.62,FLOATIND
65554,2025-09-03,63,161.09,162.2,162.49,161.05,177.3,145.59,1787331673.1,3560728,29017,-0.95,-0.58,SENSFLTIND
65538,2025-09-03,64,5031.5,5059.38,5075.5,5029.7,5688.96,4608.92,410217076.5,355752,4050,-35.14,-0.69,MICRFININD
65539,2025-09-03,65,12819.01,12877.5,12914.02,12813.03,14671.87,12108.38,105515903.9,194495,3303,-72.59,-0.56,LIFINSIND
65540,2025-09-03,66,20.38,20.36,20.41,20.23,22.33,18.9,13037815.03,1329794,801,0.04,0.22,MUTUALIND
65541,2025-09-03,67,109.01,110.02,110.14,108.98,122.47,97.68,192744043.9,293098,1868,-0.59,-0.54,INVIDX
65559,2025-09-04,51,1429.01,1434.26,1440.5,1420.52,1608.24,1296.0,511413814.9,1596274,13245,-4.53,-0.31,BANKSUBIND
65560,2025-09-04,52,6848.58,6873.73,6922.9,6789.26,7489.08,5963.95,96814524.8,137294,865,-44.84,-0.65,HOTELIND
65561,2025-09-04,53,2644.55,2646.85,2685.4,2623.71,2774.99,1871.52,636353685.0,548293,5672,-13.44,-0.5,OTHERSIND
65562,2025-09-04,54,3443.26,3444.38,3459.76,3406.98,3941.95,2957.04,2190918026.1,5495132,28265,-1.0,-0.02,HYDPOWIND
65563,2025-09-04,55,5685.27,5705.37,5741.24,5642.76,6557.35,4843.53,308941076.9,572684,3098,-22.24,-0.38,DEVBANKIND
65564,2025-09-04,56,7440.93,7417.81,7473.12,7405.85,8190.94,6580.43,323473837.2,373111,3046,-14.91,-0.19,MANPROCIND
65565,2025-09-04,57,469.83,470.96,473.18,467.17,518.59,434.97,2061815775.13,4281316,27237,-1.11,-0.23,SENSIND
65566,2025-09-04,58,2719.77,2723.81,2732.75,2702.25,3002.07,2464.4,5078933213.73,10021706,67712,-6.55,-0.24,NEPSE
65567,2025-09-04,59,12266.45,12254.96,12345.51,12210.42,13831.18,11881.64,122717106.73,147993,1564,-13.26,-0.1,NONLIFIND
65568,2025-09-04,60,2371.44,2380.33,2404.04,2360.91,3765.51,2313.15,108440001.2,206620,1822,-8.89,-0.37,FININD
65569,2025-09-04,61,4047.07,4023.61,4081.62,3943.88,5362.34,3381.58,13391683.0,2562,90,23.46,0.58,TRDIND
65570,2025-09-04,62,186.22,186.58,187.19,185.1,206.25,170.03,5078933213.73,10021706,67712,-0.47,-0.25,FLOATIND
65571,2025-09-04,63,160.83,161.15,161.81,159.87,177.3,145.59,2061815775.13,4281316,27237,-0.26,-0.16,SENSFLTIND
65555,2025-09-04,64,5023.48,5025.04,5039.48,4989.3,5688.96,4608.92,411472030.4,358300,4103,-8.01,-0.15,MICRFININD
65556,2025-09-04,65,12768.44,12831.78,12905.41,12724.9,14671.87,12108.38,136061691.5,260498,3744,-50.56,-0.39,LIFINSIND
65557,2025-09-04,66,20.4,20.38,20.42,20.22,22.02,18.9,26201216.32,2539046,864,0.02,0.13,MUTUALIND
65558,2025-09-04,67,108.66,108.91,109.32,108.04,122.47,97.68,218935736.0,322945,2198,-0.34,-0.31,INVIDX
65576,2025-09-07,51,1419.66,1423.04,1427.03,1417.29,1608.24,1296.0,664114712.5,1917804,12746,-9.34,-0.65,BANKSUBIND
65577,2025-09-07,52,6815.47,6848.58,6891.18,6801.55,7489.08,5963.95,66679790.6,90752,681,-33.11,-0.48,HOTELIND
65578,2025-09-07,53,2635.84,2633.69,2673.5,2633.69,2774.99,1871.52,531557864.5,473149,5150,-8.71,-0.32,OTHERSIND
65579,2025-09-07,54,3419.81,3442.53,3449.39,3417.55,3941.95,2957.04,1703548595.9,4330908,21831,-23.45,-0.68,HYDPOWIND
65580,2025-09-07,55,5680.36,5702.05,5732.49,5661.45,6557.35,4843.53,236955948.5,428327,2401,-4.9,-0.08,DEVBANKIND
65581,2025-09-07,56,7444.21,7434.99,7499.94,7423.98,8190.94,6580.43,285266346.6,306072,2524,3.27,0.04,MANPROCIND
65582,2025-09-07,57,467.51,468.5,471.01,467.06,518.59,434.97,2061853620.0,4176460,24520,-2.32,-0.49,SENSIND
65583,2025-09-07,58,2708.25,2714.23,2727.47,2705.77,3002.07,2464.4,4304054623.9,8620578,56688,-11.52,-0.42,NEPSE
65584,2025-09-07,59,12243.59,12266.45,12328.16,12201.82,13768.42,11881.64,150477619.0,241062,1531,-22.86,-0.18,NONLIFIND
65585,2025-09-07,60,2373.84,2371.44,2402.91,2364.53,3765.51,2313.15,84181214.3,157396,1415,2.39,0.1,FININD
65586,2025-09-07,61,4037.18,4047.07,4069.67,3980.38,5362.34,3381.58,6627179.0,1275,51,-9.89,-0.24,TRDIND
65587,2025-09-07,62,185.44,185.81,186.72,185.4,206.25,170.03,4304054623.9,8620578,56688,-0.77,-0.41,FLOATIND
65588,2025-09-07,63,160.17,160.4,161.25,160.04,177.3,145.59,2061853620.0,4176460,24520,-0.66,-0.41,SENSFLTIND
65572,2025-09-07,64,5014.05,5012.34,5035.75,4999.45,5688.96,4608.92,259654900.8,239007,3116,-9.43,-0.18,MICRFININD
65573,2025-09-07,65,12716.79,12747.64,12826.3,12683.3,14671.87,12108.38,102418711.8,179727,3390,-51.64,-0.4,LIFINSIND
65574,2025-09-07,66,20.49,20.44,20.53,20.4,21.98,18.9,21488672.82,2191469,955,0.08,0.43,MUTUALIND
65575,2025-09-07,67,108.09,108.24,109.02,107.91,122.47,97.68,212571740.4,255099,1852,-0.57,-0.52,INVIDX
65593,2025-09-08,51,1403.7,1418.18,1420.5,1398.6,1608.24,1296.0,499098567.6,1707213,10080,-15.95,-1.12,BANKSUBIND
65594,2025-09-08,52,6724.78,6815.47,6843.05,6712.16,7489.08,5963.95,65849030.4,88824,671,-90.68,-1.33,HOTELIND
65595,2025-09-08,53,2599.44,2641.47,2649.52,2589.6,2774.99,1871.52,632028687.4,571087,4834,-36.39,-1.38,OTHERSIND
65596,2025-09-08,54,3372.38,3414.91,3421.08,3361.22,3941.95,2957.04,2215469483.3,5431210,24394,-47.42,-1.38,HYDPOWIND
65597,2025-09-08,55,5601.74,5688.8,5700.69,5577.32,6557.35,4843.53,403545391.3,762216,3069,-78.62,-1.38,DEVBANKIND
65598,2025-09-08,56,7352.55,7464.46,7479.12,7337.59,8190.94,6580.43,340989604.8,417944,2869,-91.65,-1.23,MANPROCIND
65599,2025-09-08,57,462.29,467.37,468.26,460.74,518.59,434.97,2296928001.8,4785701,24512,-5.21,-1.11,SENSIND
65600,2025-09-08,58,2672.25,2707.02,2711.84,2663.78,3002.07,2464.4,5154793899.9,10218715,58563,-35.99,-1.32,NEPSE
65601,2025-09-08,59,12088.74,12231.77,12260.67,12063.49,13705.07,11881.64,111041232.4,137158,1716,-154.85,-1.26,NONLIFIND
65602,2025-09-08,60,2351.92,2373.84,2387.75,2343.58,3765.51,2313.15,85546744.7,160633,1289,-21.91,-0.92,FININD
65603,2025-09-08,61,3903.52,4037.18,4037.18,3795.24,5362.34,3381.58,16537271.9,3227,159,-133.66,-3.31,TRDIND
65604,2025-09-08,62,183.22,185.36,185.71,182.7,206.25,170.03,5154793899.9,10218715,58563,-2.22,-1.19,FLOATIND
65605,2025-09-08,63,158.31,160.18,160.43,157.76,177.3,145.59,2296928001.8,4785701,24512,-1.86,-1.16,SENSFLTIND
65589,2025-09-08,64,4957.06,5015.63,5020.69,4924.13,5688.96,4608.92,357991638.8,342347,3989,-56.98,-1.13,MICRFININD
65590,2025-09-08,65,12604.13,12719.04,12755.6,12567.75,14671.87,12108.38,125149602.3,224210,3068,-112.66,-0.88,LIFINSIND
65591,2025-09-08,66,20.38,20.49,20.51,20.32,21.98,18.9,12099327.94,1227192,626,-0.11,-0.54,MUTUALIND
65592,2025-09-08,67,106.6,107.46,108.79,106.37,122.47,97.68,301546645.0,372646,2425,-1.48,-1.37,INVIDX
65610,2025-09-18,51,1326.12,1379.83,1379.83,1319.82,1608.24,1296.0,86358080.1,334020,1171,-77.58,-5.52,BANKSUBIND
65611,2025-09-18,52,6237.5,6710.73,6710.73,6237.5,7489.08,5963.95,6338237.9,9724,65,-487.28,-7.24,HOTELIND
65612,2025-09-18,53,2404.98,2581.59,2581.59,2366.86,2774.99,1871.52,29337846.8,33289,403,-194.46,-7.48,OTHERSIND
65613,2025-09-18,54,3189.94,3332.13,3332.49,3187.69,3941.95,2957.04,293183425.1,814403,2873,-182.44,-5.4,HYDPOWIND
65614,2025-09-18,55,5314.06,5521.37,5521.37,5269.52,6557.35,4843.53,60855435.6,132737,522,-287.67,-5.13,DEVBANKIND
65615,2025-09-18,56,6982.78,7265.0,7265.0,6981.28,8190.94,6580.43,89513689.7,124451,658,-369.76,-5.02,MANPROCIND
65616,2025-09-18,57,436.21,454.99,454.99,434.76,518.59,434.97,405044298.4,872977,3698,-26.08,-5.64,SENSIND
65617,2025-09-18,58,2511.91,2637.97,2637.97,2511.91,3002.07,2464.4,721545393.8,1643601,7365,-160.33,-6.0,NEPSE
65618,2025-09-18,59,11432.68,11962.76,11962.76,11431.36,13705.07,11432.68,7800539.4,10692,173,-656.05,-5.42,NONLIFIND
65619,2025-09-18,60,2245.56,2331.25,2331.25,2245.07,3765.51,2245.56,7241600.0,14049,141,-106.36,-4.52,FININD
65620,2025-09-18,61,3538.87,3897.55,3920.25,3538.09,5362.34,3381.58,2989874.0,615,36,-364.64,-9.34,TRDIND
65621,2025-09-18,62,172.49,180.52,180.52,172.37,206.25,170.03,721545393.8,1643601,7365,-10.72,-5.85,FLOATIND
65622,2025-09-18,63,149.05,155.73,155.73,148.56,177.3,145.59,405044298.4,872977,3698,-9.25,-5.84,SENSFLTIND
65606,2025-09-18,64,4754.32,4905.39,4905.39,4750.19,5688.96,4608.92,23549528.0,23924,336,-202.74,-4.08,MICRFININD
65607,2025-09-18,65,11763.82,12368.03,12368.03,11763.65,14671.87,11763.82,22516227.0,45060,463,-840.31,-6.66,LIFINSIND
65608,2025-09-18,66,20.32,20.35,20.37,20.32,21.98,18.9,658110.9,70870,13,-0.06,-0.31,MUTUALIND
65609,2025-09-18,67,98.94,104.51,104.51,98.8,122.47,97.68,91860910.2,100637,524,-7.66,-7.18,INVIDX
65627,2025-09-21,51,1386.13,1308.52,1391.24,1308.52,1608.24,1296.0,1008474922.9,3540044,17261,60.0,4.52,BANKSUBIND
65628,2025-09-21,52,6382.94,6144.48,6525.11,6061.33,7489.08,5963.95,195067971.0,273377,1899,145.44,2.33,HOTELIND
65629,2025-09-21,53,2441.82,2370.25,2484.74,2276.24,2774.99,1871.52,1444313338.8,1362932,11496,36.83,1.53,OTHERSIND
65630,2025-09-21,54,3376.16,3162.05,3381.64,3162.05,3941.95,2957.04,2630902622.5,7389502,37432,186.21,5.83,HYDPOWIND
65631,2025-09-21,55,5636.7,5296.91,5650.98,5290.83,6557.35,4843.53,708981084.2,1382946,6030,322.63,6.07,DEVBANKIND
65632,2025-09-21,56,7321.84,6943.38,7341.57,6943.38,8190.94,6580.43,678005642.9,904778,5877,339.05,4.85,MANPROCIND
65633,2025-09-21,57,455.28,431.93,456.61,431.93,518.59,434.97,3880987905.1,8353510,44326,19.07,4.37,SENSIND
65634,2025-09-21,58,2623.62,2487.56,2634.55,2483.15,3002.07,2464.4,9011328787.2,17894567,107188,111.7,4.44,NEPSE
65635,2025-09-21,59,10972.45,11314.84,11314.84,10483.46,13705.07,10972.45,429059182.4,738926,6223,-460.22,-4.02,NONLIFIND
65636,2025-09-21,60,2369.99,2226.21,2385.26,2199.2,3765.51,2245.56,183454690.5,362722,3027,124.42,5.54,FININD
65637,2025-09-21,61,3845.5,3538.87,3885.1,3538.87,5362.34,3381.58,26820605.9,5277,230,306.62,8.66,TRDIND
65638,2025-09-21,62,180.02,170.8,180.65,170.76,206.25,170.03,9011328787.2,17894567,107188,7.53,4.36,FLOATIND
65639,2025-09-21,63,155.31,147.55,155.82,147.55,177.3,145.59,3880987905.1,8353510,44326,6.25,4.19,SENSFLTIND
65623,2025-09-21,64,4929.81,4732.05,4949.99,4715.57,5688.96,4608.92,540002802.1,526771,6359,175.49,3.69,MICRFININD
65624,2025-09-21,65,12430.49,11681.65,12487.49,11631.44,14671.87,11763.82,561823225.9,659097,6787,666.67,5.66,LIFINSIND
65625,2025-09-21,66,20.17,20.32,20.32,20.01,21.98,18.9,14232094.66,1535166,886,-0.14,-0.71,MUTUALIND
65626,2025-09-21,67,106.54,97.66,106.77,97.62,122.47,97.68,604422698.1,748195,4567,7.59,7.68,INVIDX
65644,2025-09-23,51,1405.37,1391.21,1406.46,1389.21,1608.24,1296.0,420596307.4,1541065,9616,19.23,1.38,BANKSUBIND
65645,2025-09-23,52,6560.45,6379.2,6561.29,6378.97,7489.08,5963.95,88899393.5,119254,825,177.5,2.78,HOTELIND
65646,2025-09-23,53,2503.22,2454.43,2510.66,2429.17,2774.99,1871.52,631664750.6,570085,5471,61.4,2.51,OTHERSIND
65647,2025-09-23,54,3487.89,3385.45,3487.89,3385.21,3941.95,2957.04,1966363756.7,5139439,26728,111.73,3.3,HYDPOWIND
65648,2025-09-23,55,5803.22,5648.74,5830.56,5645.31,6557.35,4843.53,557164140.8,956038,4840,166.52,2.95,DEVBANKIND
65649,2025-09-23,56,7404.15,7365.26,7443.45,7334.01,8190.94,6580.43,423534756.6,514384,3653,82.31,1.12,MANPROCIND
65650,2025-09-23,57,464.36,456.81,464.65,456.47,518.59,434.97,2354469045.6,4851030,26115,9.08,1.99,SENSIND
65651,2025-09-23,58,2682.25,2631.15,2682.28,2630.97,3002.07,2464.4,5244035290.7,10452885,66278,58.63,2.23,NEPSE
65652,2025-09-23,59,11354.72,10972.45,11361.15,10947.71,13705.07,10972.45,166673917.1,257773,2381,382.26,3.48,NONLIFIND
65653,2025-09-23,60,2420.31,2378.4,2437.79,2378.4,3765.51,2245.56,117935813.3,218023,1877,50.32,2.12,FININD
65654,2025-09-23,61,3915.96,3845.5,3922.07,3845.5,5362.34,3381.58,25391105.9,4837,150,70.45,1.83,TRDIND
65655,2025-09-23,62,183.93,180.54,183.94,180.44,206.25,170.03,5244035290.7,10452885,66278,3.9,2.17,FLOATIND
65656,2025-09-23,63,158.32,155.83,158.44,155.64,177.3,145.59,2354469045.6,4851030,26115,3.01,1.93,SENSFLTIND
65640,2025-09-23,64,5055.35,4936.72,5061.44,4929.63,5688.96,4608.92,363434802.6,361492,4177,125.53,2.54,MICRFININD
65641,2025-09-23,65,12717.98,12452.84,12763.98,12394.3,14671.87,11763.82,182070479.0,329240,4059,287.49,2.31,LIFINSIND
65642,2025-09-23,66,20.3,20.17,20.32,20.07,21.98,18.9,7101634.69,758374,587,0.12,0.63,MUTUALIND
65643,2025-09-23,67,108.3,106.86,108.63,106.45,122.47,97.68,300306067.2,441255,2501,1.76,1.66,INVIDX
65661,2025-09-24,51,1395.01,1405.88,1415.27,1391.05,1608.24,1296.0,359107916.5,1309351,6566,-10.36,-0.73,BANKSUBIND
65662,2025-09-24,52,6616.63,6543.95,6670.69,6468.02,7489.08,5963.95,64141379.3,90352,608,56.18,0.85,HOTELIND
65663,2025-09-24,53,2449.11,2513.38,2516.6,2434.05,2774.99,1871.52,369749550.8,363463,3512,-54.11,-2.16,OTHERSIND
65664,2025-09-24,54,3454.21,3493.79,3500.62,3440.94,3941.95,2957.04,1661793609.4,3932520,20006,-33.67,-0.96,HYDPOWIND
65665,2025-09-24,55,5737.29,5810.97,5850.89,5706.12,6557.35,4843.53,433749977.2,747892,3522,-65.93,-1.13,DEVBANKIND
65666,2025-09-24,56,7395.36,7379.25,7463.42,7359.93,8190.94,6580.43,277920107.0,344199,2376,-8.79,-0.11,MANPROCIND
65667,2025-09-24,57,459.38,464.7,466.35,457.97,518.59,434.97,1657698806.4,3576925,17694,-4.97,-1.07,SENSIND
65668,2025-09-24,58,2654.35,2683.45,2689.67,2645.3,3002.07,2464.4,4041106520.7,8031206,46998,-27.89,-1.03,NEPSE
65669,2025-09-24,59,11190.41,11354.72,11379.09,11161.61,13705.07,10972.45,73405746.9,118018,1273,-164.3,-1.44,NONLIFIND
65670,2025-09-24,60,2386.65,2420.31,2420.93,2370.24,3765.51,2245.56,64252982.1,120022,1182,-33.65,-1.39,FININD
65671,2025-09-24,61,3851.1,3915.96,3983.82,3784.8,5362.34,3381.58,10816047.8,2064,94,-64.85,-1.65,TRDIND
65672,2025-09-24,62,181.98,184.01,184.52,181.4,206.25,170.03,4041106520.7,8031206,46998,-1.95,-1.06,FLOATIND
65673,2025-09-24,63,156.55,158.38,159.05,156.1,177.3,145.59,1657698806.4,3576925,17694,-1.76,-1.11,SENSFLTIND
65657,2025-09-24,64,5012.4,5051.85,5060.39,4971.76,5688.96,4608.92,259348990.4,260272,2954,-42.94,-0.84,MICRFININD
65658,2025-09-24,65,12651.66,12717.98,12765.53,12576.57,14671.87,11763.82,120283797.5,227207,2585,-66.31,-0.52,LIFINSIND
65659,2025-09-24,66,20.31,20.3,20.33,20.16,21.98,18.9,7041339.98,742680,538,0.0,0.04,MUTUALIND
65660,2025-09-24,67,106.24,108.18,108.48,105.78,122.47,97.68,346536415.8,515846,2320,-2.06,-1.9,INVIDX
65678,2025-09-25,51,1396.75,1396.0,1399.67,1389.36,1608.24,1296.0,246205357.1,932739,5179,1.74,0.12,BANKSUBIND
65679,2025-09-25,52,6517.67,6595.36,6595.36,6450.25,7489.08,5963.95,96244574.9,141913,860,-98.96,-1.49,HOTELIND
65680,2025-09-25,53,2436.88,2438.58,2471.68,2417.35,2774.99,1871.52,461360411.8,400943,3012,-12.23,-0.49,OTHERSIND
65681,2025-09-25,54,3452.83,3462.67,3473.67,3428.58,3941.95,2957.04,1304278248.8,3215066,15321,-1.38,-0.04,HYDPOWIND
65682,2025-09-25,55,5712.03,5735.16,5758.59,5673.06,6557.35,4874.5,298238223.0,525575,2714,-25.26,-0.44,DEVBANKIND
65683,2025-09-25,56,7340.83,7415.6,7433.38,7335.13,8190.94,6625.97,163291157.4,204342,1663,-54.52,-0.73,MANPROCIND
65684,2025-09-25,57,459.28,459.47,460.54,456.53,518.59,434.97,1156737725.3,2559803,13308,-0.1,-0.02,SENSIND
65685,2025-09-25,58,2652.0,2653.83,2661.42,2637.37,3002.07,2464.4,3200653561.4,6334309,36692,-2.35,-0.08,NEPSE
65686,2025-09-25,59,11145.96,11170.63,11170.63,11009.36,13705.07,10972.45,93127410.3,149569,1282,-44.44,-0.39,NONLIFIND
65687,2025-09-25,60,2374.71,2387.19,2391.85,2364.99,3765.51,2245.56,59040436.2,110688,876,-11.94,-0.5,FININD
65688,2025-09-25,61,3903.67,3851.1,3905.12,3839.15,5362.34,3381.58,7887380.0,1493,61,52.56,1.36,TRDIND
65689,2025-09-25,62,181.78,182.09,182.44,180.88,206.25,170.03,3200653561.4,6334309,36692,-0.2,-0.11,FLOATIND
65690,2025-09-25,63,156.51,156.62,156.94,155.66,177.3,145.59,1156737725.3,2559803,13308,-0.04,-0.02,SENSFLTIND
65674,2025-09-25,64,5007.63,5007.96,5010.31,4979.37,5688.96,4608.92,204965659.6,190301,2477,-4.76,-0.09,MICRFININD
65675,2025-09-25,65,12648.23,12641.99,12654.89,12506.14,14671.87,11763.82,83375595.5,156088,1817,-3.43,-0.02,LIFINSIND
65676,2025-09-25,66,20.41,20.3,20.52,20.25,21.98,18.9,14392219.38,1454827,497,0.1,0.5,MUTUALIND
65677,2025-09-25,67,106.47,106.08,106.81,105.88,122.47,97.68,182639106.8,305592,1430,0.23,0.21,INVIDX
65695,2025-09-28,51,1408.49,1400.09,1408.49,1397.75,1608.24,1296.0,224862097.0,840491,5167,11.74,0.84,BANKSUBIND
65696,2025-09-28,52,6507.5,6517.67,6533.38,6441.68,7489.08,5963.95,37834463.5,51452,451,-10.16,-0.15,HOTELIND
65697,2025-09-28,53,2433.43,2439.67,2465.56,2430.1,2774.99,1871.52,221233992.2,221069,2137,-3.44,-0.14,OTHERSIND
65698,2025-09-28,54,3477.29,3459.92,3477.8,3441.14,3941.95,2957.04,1304317430.6,3122418,21094,24.46,0.7,HYDPOWIND
65699,2025-09-28,55,5740.1,5713.05,5743.81,5701.61,6557.35,4874.5,187816022.9,342182,1835,28.07,0.49,DEVBANKIND
65700,2025-09-28,56,7378.46,7365.29,7401.32,7348.72,8190.94,6625.97,178111821.4,223343,1484,37.62,0.51,MANPROCIND
65701,2025-09-28,57,462.5,460.31,462.52,459.23,518.59,434.97,1145291103.0,2452053,12964,3.22,0.7,SENSIND
65702,2025-09-28,58,2663.51,2655.85,2671.68,2647.96,3002.07,2464.4,2731073044.2,5649857,39143,11.51,0.43,NEPSE
65703,2025-09-28,59,11182.69,11145.96,11182.69,11072.68,13705.07,10972.45,64229992.9,105232,975,36.72,0.32,NONLIFIND
65704,2025-09-28,60,2377.19,2372.93,2397.87,2368.21,3765.51,2245.56,50640471.8,93006,775,2.48,0.1,FININD
65705,2025-09-28,61,3853.38,3903.67,3972.96,3846.38,5362.34,3381.58,5911891.0,1131,56,-50.28,-1.28,TRDIND
65706,2025-09-28,62,182.95,182.09,183.16,181.62,206.25,170.03,2731073044.2,5649857,39143,1.17,0.64,FLOATIND
65707,2025-09-28,63,157.61,156.92,157.71,156.48,177.3,145.59,1145291103.0,2452053,12964,1.1,0.7,SENSFLTIND
65691,2025-09-28,64,5037.65,5007.7,5046.93,5003.11,5688.96,4608.92,195463706.9,176762,2157,30.01,0.59,MICRFININD
65692,2025-09-28,65,12749.76,12663.38,12749.76,12613.85,14671.87,11763.82,95849391.4,185158,1777,101.52,0.8,LIFINSIND
65693,2025-09-28,66,20.61,20.41,20.61,20.41,21.98,18.9,10113407.19,1022485,459,0.19,0.96,MUTUALIND
65694,2025-09-28,67,106.63,106.67,107.74,105.48,122.47,97.68,164801762.6,287613,1235,0.15,0.14,INVIDX
65712,2025-10-07,51,1389.88,1408.49,1411.16,1382.94,1608.24,1296.0,484845464.6,1782183,7201,-18.61,-1.32,BANKSUBIND
65713,2025-10-07,52,6330.22,6507.5,6507.5,6280.75,7489.08,5963.95,69599957.1,99914,754,-177.28,-2.72,HOTELIND
65714,2025-10-07,53,2315.8,2433.99,2448.45,2315.75,2774.99,1871.52,376913124.8,379976,3937,-117.63,-4.83,OTHERSIND
65715,2025-10-07,54,3381.8,3470.4,3472.57,3360.71,3941.95,2957.04,2097933557.6,4877290,25832,-95.48,-2.74,HYDPOWIND
65716,2025-10-07,55,5603.35,5739.46,5747.69,5577.84,6557.35,4874.5,296252141.0,560349,2940,-136.75,-2.38,DEVBANKIND
65717,2025-10-07,56,7241.58,7403.01,7410.75,7212.53,8190.94,6625.97,289595759.4,379291,2698,-136.87,-1.85,MANPROCIND
65718,2025-10-07,57,454.62,462.46,462.69,452.25,518.59,434.97,1972814002.2,4127406,20761,-7.88,-1.7,SENSIND
65719,2025-10-07,58,2604.96,2662.5,2664.99,2596.04,3002.07,2464.4,4525964154.7,9364626,54280,-58.55,-2.19,NEPSE
65720,2025-10-07,59,10953.49,11162.15,11172.83,10905.78,13705.07,10953.49,96396749.0,154178,1529,-229.19,-2.04,NONLIFIND
65721,2025-10-07,60,2350.34,2377.19,2384.27,2331.28,3765.51,2245.56,88452005.1,158215,1334,-26.85,-1.12,FININD
65722,2025-10-07,61,3808.24,3853.38,3926.81,3782.17,5362.34,3381.58,11013973.0,2128,76,-45.14,-1.17,TRDIND
65723,2025-10-07,62,179.07,182.91,183.02,178.38,206.25,170.03,4525964154.7,9364626,54280,-3.88,-2.12,FLOATIND
65724,2025-10-07,63,154.69,157.63,157.72,153.92,177.3,145.59,1972814002.2,4127406,20761,-2.92,-1.85,SENSFLTIND
65708,2025-10-07,64,4943.38,5032.52,5034.08,4894.04,5688.96,4608.92,302120002.4,299786,3183,-94.27,-1.87,MICRFININD
65709,2025-10-07,65,12512.44,12734.86,12744.02,12463.58,14671.87,11763.82,116851433.1,230122,2646,-237.31,-1.86,LIFINSIND
65710,2025-10-07,66,20.43,20.61,20.62,20.32,21.98,18.9,5078684.96,541190,488,-0.18,-0.88,MUTUALIND
65711,2025-10-07,67,104.58,106.63,106.72,104.31,122.47,97.68,295989987.6,441194,2150,-2.04,-1.91,INVIDX
65729,2025-10-08,51,1369.29,1392.12,1392.12,1356.66,1608.24,1296.0,513237582.4,1861300,8244,-20.59,-1.48,BANKSUBIND
65730,2025-10-08,52,6138.29,6330.22,6344.41,6110.68,7489.08,6138.29,66759915.6,106741,825,-191.93,-3.03,HOTELIND
65731,2025-10-08,53,2287.05,2342.02,2350.82,2250.8,2774.99,1897.38,496716871.4,512171,4581,-28.74,-1.24,OTHERSIND
65732,2025-10-08,54,3302.41,3385.3,3386.03,3266.88,3941.95,3173.22,2404393045.7,6045240,26958,-79.38,-2.34,HYDPOWIND
65733,2025-10-08,55,5475.46,5618.68,5618.68,5424.31,6557.35,5078.65,458191281.2,916007,3824,-127.88,-2.28,DEVBANKIND
65734,2025-10-08,56,7164.54,7265.77,7265.77,7121.37,8190.94,6625.97,349697544.8,453103,2966,-77.04,-1.06,MANPROCIND
65735,2025-10-08,57,446.47,455.34,455.34,442.8,518.59,434.97,2699421964.2,5930345,25772,-8.15,-1.79,SENSIND
65736,2025-10-08,58,2559.59,2610.27,2610.31,2535.3,3002.07,2511.91,5519331679.6,11669194,62244,-45.36,-1.74,NEPSE
65737,2025-10-08,59,10727.27,10953.49,11000.55,10574.33,13705.07,10727.27,127047558.0,215784,2017,-226.22,-2.06,NONLIFIND
65738,2025-10-08,60,2277.6,2350.34,2350.7,2245.45,3765.51,2245.56,117507202.2,229764,2049,-72.74,-3.09,FININD
65739,2025-10-08,61,3791.84,3808.24,3870.39,3683.32,5362.34,3493.72,12186128.5,2401,99,-16.4,-0.43,TRDIND
65740,2025-10-08,62,175.65,179.39,179.39,174.17,206.25,172.49,5519331679.6,11669194,62244,-3.41,-1.9,FLOATIND
65741,2025-10-08,63,151.65,154.95,154.96,150.56,177.3,145.59,2699421964.2,5930345,25772,-3.04,-1.96,SENSFLTIND
65725,2025-10-08,64,4849.68,4948.99,4957.84,4800.38,5688.96,4608.92,344650427.7,349862,4029,-93.69,-1.89,MICRFININD
65726,2025-10-08,65,12306.28,12512.44,12512.44,12178.13,14671.87,11763.82,156684424.5,310151,3314,-206.16,-1.64,LIFINSIND
65727,2025-10-08,66,20.24,20.42,20.43,20.22,21.98,18.9,9619057.22,1005682,505,-0.18,-0.89,MUTUALIND
65728,2025-10-08,67,102.46,104.43,104.47,101.64,122.47,97.68,472259697.6,666670,3338,-2.12,-2.02,INVIDX
65746,2025-10-09,51,1383.97,1390.76,1437.95,1380.24,1608.24,1296.0,565867348.7,1870723,8192,14.68,1.07,BANKSUBIND
65747,2025-10-09,52,6195.25,6206.6,6519.81,6178.47,7489.08,6138.29,60342068.1,87191,680,56.96,0.92,HOTELIND
65748,2025-10-09,53,2292.52,2292.54,2407.48,2278.6,2774.99,1897.38,473617135.0,502511,3884,5.46,0.23,OTHERSIND
65749,2025-10-09,54,3333.96,3332.65,3461.89,3315.83,3941.95,3173.22,1965509924.6,4937469,22101,31.54,0.95,HYDPOWIND
65750,2025-10-09,55,5534.73,5541.72,5766.8,5505.33,6557.35,5078.65,514402271.6,964453,4083,59.26,1.08,DEVBANKIND
65751,2025-10-09,56,7238.52,7253.35,7388.77,7216.04,8190.94,6625.97,527663950.9,702358,3336,73.98,1.03,MANPROCIND
65752,2025-10-09,57,451.31,452.25,467.76,450.24,518.59,434.97,2440777461.0,5205746,23151,4.84,1.08,SENSIND
65753,2025-10-09,58,2582.18,2585.72,2677.09,2575.51,3002.07,2511.91,5176945568.7,10655887,55004,22.59,0.88,NEPSE
65754,2025-10-09,59,10827.67,10802.76,11208.31,10757.05,13705.07,10727.27,122164250.5,196339,1666,100.39,0.93,NONLIFIND
65755,2025-10-09,60,2305.67,2295.69,2402.77,2295.69,3765.51,2245.56,100806182.1,191386,1652,28.07,1.23,FININD
65756,2025-10-09,61,3735.61,3791.84,4001.85,3734.84,5362.34,3493.72,15965298.0,3158,111,-56.23,-1.48,TRDIND
65757,2025-10-09,62,177.51,177.69,183.82,176.91,206.25,172.49,5176945568.7,10655887,55004,1.86,1.06,FLOATIND
65758,2025-10-09,63,153.34,153.73,159.08,152.97,177.3,145.59,2440777461.0,5205746,23151,1.69,1.11,SENSFLTIND
65742,2025-10-09,64,4895.96,4864.48,5032.24,4863.16,5688.96,4608.92,330530887.9,334894,3591,46.27,0.95,MICRFININD
65743,2025-10-09,65,12466.99,12447.26,12996.28,12402.21,14671.87,11763.82,162339646.4,305219,3067,160.71,1.3,LIFINSIND
65744,2025-10-09,66,20.28,20.26,20.4,20.25,21.98,18.9,6308425.06,676440,556,0.03,0.17,MUTUALIND
65745,2025-10-09,67,104.12,104.3,108.56,103.74,122.47,97.68,337736604.9,560186,2641,1.65,1.61,INVIDX
65763,2025-10-12,51,1352.06,1384.98,1385.46,1346.34,1608.24,1296.0,653268066.8,2307652,8992,-31.91,-2.3,BANKSUBIND
65764,2025-10-12,52,5895.07,6195.25,6211.75,5823.54,7489.08,5895.07,119706078.6,204458,1124,-300.18,-4.84,HOTELIND
65765,2025-10-12,53,2182.68,2307.33,2307.33,2172.24,2774.99,1897.38,707988784.1,742605,5884,-109.83,-4.79,OTHERSIND
65766,2025-10-12,54,3207.46,3331.6,3332.16,3193.79,3941.95,3173.22,2295674273.0,5673641,25664,-126.49,-3.79,HYDPOWIND
65767,2025-10-12,55,5372.26,5532.64,5535.02,5311.59,6557.35,5078.65,565874638.0,1179849,4522,-162.47,-2.93,DEVBANKIND
65768,2025-10-12,56,7097.53,7255.42,7265.0,7057.9,8190.94,6625.97,417300754.0,534710,3340,-140.98,-1.94,MANPROCIND
65769,2025-10-12,57,439.4,451.65,451.73,437.59,518.59,434.97,3101714517.6,6523573,26689,-11.91,-2.64,SENSIND
65770,2025-10-12,58,2503.35,2583.97,2584.24,2493.16,3002.07,2503.35,6614434502.3,13088586,65920,-78.83,-3.05,NEPSE
65771,2025-10-12,59,10576.39,10827.67,10836.26,10418.07,13705.07,10576.39,577151429.4,786249,2339,-251.27,-2.32,NONLIFIND
65772,2025-10-12,60,2220.85,2305.67,2305.67,2213.85,3765.51,2220.85,140363115.0,280987,1926,-84.81,-3.67,FININD
65773,2025-10-12,61,3629.03,3735.61,3798.67,3495.94,5362.34,3493.72,17329368.0,3483,153,-106.57,-2.85,TRDIND
65774,2025-10-12,62,172.27,177.61,177.64,171.6,206.25,172.27,6614434502.3,13088586,65920,-5.23,-2.95,FLOATIND
65775,2025-10-12,63,149.02,153.5,153.53,148.31,177.3,145.59,3101714517.6,6523573,26689,-4.32,-2.81,SENSFLTIND
65759,2025-10-12,64,4754.57,4891.02,4891.02,4723.84,5688.96,4608.92,379773476.4,397323,4698,-141.38,-2.88,MICRFININD
65760,2025-10-12,65,12147.96,12466.99,12475.14,12119.44,14671.87,11763.82,209552519.4,402592,3838,-319.03,-2.55,LIFINSIND
65761,2025-10-12,66,20.08,20.28,20.3,19.99,21.98,18.9,7785751.97,841959,522,-0.2,-0.99,MUTUALIND
65762,2025-10-12,67,100.85,104.01,104.14,100.37,122.47,97.68,530451999.6,575037,3440,-3.26,-3.13,INVIDX
65780,2025-10-13,51,1355.92,1372.1,1372.1,1336.83,1608.24,1296.0,413063693.3,1564526,6132,3.85,0.28,BANKSUBIND
65781,2025-10-13,52,6092.8,5895.07,6092.8,5847.85,7489.08,5895.07,63321352.0,102036,632,197.72,3.35,HOTELIND
65782,2025-10-13,53,2292.18,2213.7,2301.57,2157.87,2774.99,1897.38,493739307.2,508625,4256,109.49,5.01,OTHERSIND
65783,2025-10-13,54,3274.85,3209.61,3275.43,3168.71,3941.95,3173.22,1471858348.9,3702600,18078,67.38,2.1,HYDPOWIND
65784,2025-10-13,55,5448.2,5373.22,5448.2,5306.63,6557.35,5078.65,358078100.0,629347,2786,75.94,1.41,DEVBANKIND
65785,2025-10-13,56,7208.96,7115.56,7212.87,7043.58,8190.94,6625.97,278789865.6,346828,2461,111.42,1.56,MANPROCIND
65786,2025-10-13,57,444.54,443.38,444.6,435.03,518.59,434.97,2173521906.3,4608121,18106,5.14,1.17,SENSIND
65787,2025-10-13,58,2547.6,2521.0,2547.81,2478.39,3002.07,2503.35,4606624061.1,8733486,47752,44.25,1.76,NEPSE
65788,2025-10-13,59,10728.81,10583.42,10734.98,10470.92,13705.07,10576.39,276929307.4,368810,1948,152.42,1.44,NONLIFIND
65789,2025-10-13,60,2243.72,2220.85,2249.6,2208.21,3765.51,2220.85,63537603.1,127019,1072,22.87,1.02,FININD
65790,2025-10-13,61,3731.09,3629.03,3851.84,3558.8,5362.34,3493.72,15855167.0,3213,112,102.06,2.81,TRDIND
65791,2025-10-13,62,174.93,173.45,174.94,170.6,206.25,172.27,4606624061.1,8733486,47752,2.65,1.54,FLOATIND
65792,2025-10-13,63,150.99,150.17,151.02,147.61,177.3,145.59,2173521906.3,4608121,18106,1.97,1.32,SENSFLTIND
65776,2025-10-13,64,4784.78,4753.82,4787.15,4705.74,5688.96,4608.92,303124586.7,317866,3473,30.2,0.63,MICRFININD
65777,2025-10-13,65,12381.78,12263.92,12381.78,11974.84,14671.87,11763.82,196086660.6,337399,3786,233.82,1.92,LIFINSIND
65778,2025-10-13,66,20.14,20.08,20.14,20.0,21.98,18.9,5831729.35,625869,421,0.06,0.32,MUTUALIND
65779,2025-10-13,67,103.14,101.88,103.28,100.29,122.47,97.68,672240069.3,725217,3016,2.29,2.27,INVIDX
65797,2025-10-14,51,1344.71,1355.92,1365.17,1342.46,1608.24,1296.0,266105580.9,1032731,4808,-11.2,-0.82,BANKSUBIND
65798,2025-10-14,52,6025.13,6083.98,6091.01,5998.14,7489.08,5895.07,32156426.8,47746,411,-67.66,-1.11,HOTELIND
65799,2025-10-14,53,2310.5,2292.18,2323.31,2270.51,2774.99,1897.38,519301152.0,497492,3424,18.31,0.79,OTHERSIND
65800,2025-10-14,54,3218.53,3277.57,3278.24,3201.15,3941.95,3173.22,1080796579.2,2642984,13853,-56.31,-1.71,HYDPOWIND
65801,2025-10-14,55,5393.48,5439.07,5463.01,5350.42,6557.35,5078.65,195558476.7,393624,2031,-54.72,-1.0,DEVBANKIND
65802,2025-10-14,56,7138.14,7211.66,7229.25,7133.84,8190.94,6625.97,213186355.3,274560,1755,-70.82,-0.98,MANPROCIND
65803,2025-10-14,57,439.94,444.62,445.65,438.91,518.59,434.97,1323869213.3,2831877,14059,-4.6,-1.03,SENSIND
65804,2025-10-14,58,2528.16,2547.76,2553.57,2523.58,3002.07,2503.35,3245802095.3,6044989,37819,-19.43,-0.76,NEPSE
65805,2025-10-14,59,10610.35,10718.35,10770.63,10557.64,13705.07,10576.39,120007456.7,173990,1619,-118.46,-1.1,NONLIFIND
65806,2025-10-14,60,2212.52,2243.72,2260.18,2203.6,3765.51,2212.52,51091018.0,103135,945,-31.2,-1.39,FININD
65807,2025-10-14,61,3786.67,3731.09,3927.39,3721.02,5362.34,3493.72,13564661.8,2710,131,55.57,1.48,TRDIND
65808,2025-10-14,62,173.13,174.93,175.11,172.65,206.25,172.27,3245802095.3,6044989,37819,-1.8,-1.02,FLOATIND
65809,2025-10-14,63,149.28,151.02,151.33,148.93,177.3,145.59,1323869213.3,2831877,14059,-1.71,-1.13,SENSFLTIND
65793,2025-10-14,64,4746.71,4780.39,4789.74,4719.82,5688.96,4608.92,271129696.5,267367,3405,-38.06,-0.79,MICRFININD
65794,2025-10-14,65,12260.34,12399.92,12405.73,12222.25,14671.87,11763.82,196119613.5,295202,3527,-121.43,-0.98,LIFINSIND
65795,2025-10-14,66,20.15,20.14,20.18,19.97,21.98,18.9,9040315.05,968742,363,0.01,0.06,MUTUALIND
65796,2025-10-14,67,101.94,103.18,103.7,101.57,122.47,97.68,286785077.9,313448,1910,-1.2,-1.16,INVIDX
65814,2025-10-15,51,1337.36,1345.71,1353.17,1335.87,1608.24,1296.0,263751009.6,1005330,4443,-7.35,-0.54,BANKSUBIND
65815,2025-10-15,52,5961.25,6016.31,6032.72,5935.8,7489.08,5895.07,36337359.6,59288,424,-63.88,-1.06,HOTELIND
65816,2025-10-15,53,2282.2,2310.5,2328.06,2270.83,2774.99,1897.38,400443454.0,409755,2869,-28.29,-1.22,OTHERSIND
65817,2025-10-15,54,3180.51,3219.05,3219.78,3162.27,3941.95,3173.22,1108478426.0,2839669,13652,-38.01,-1.18,HYDPOWIND
65818,2025-10-15,55,5331.92,5390.14,5397.19,5304.98,6557.35,5078.65,212421403.6,407784,1890,-61.55,-1.14,DEVBANKIND
65819,2025-10-15,56,7109.74,7117.69,7176.73,7102.77,8190.94,6625.97,190220690.7,237167,1508,-28.39,-0.39,MANPROCIND
65820,2025-10-15,57,437.02,439.88,441.06,435.96,518.59,434.97,1286201748.0,2855145,13443,-2.92,-0.66,SENSIND
65821,2025-10-15,58,2505.58,2527.92,2528.59,2498.87,3002.07,2503.35,3013992974.0,6064192,34956,-22.58,-0.89,NEPSE
65822,2025-10-15,59,10540.9,10610.35,10610.35,10501.45,13705.07,10540.9,118942382.8,158889,1244,-69.44,-0.65,NONLIFIND
65823,2025-10-15,60,2188.14,2212.52,2215.75,2183.29,3765.51,2188.14,54571379.3,112388,975,-24.37,-1.1,FININD
65824,2025-10-15,61,3707.44,3786.67,3793.53,3653.8,5362.34,3493.72,5260885.0,1064,62,-79.23,-2.09,TRDIND
65825,2025-10-15,62,171.74,173.13,173.25,171.2,206.25,171.74,3013992974.0,6064192,34956,-1.38,-0.8,FLOATIND
65826,2025-10-15,63,148.23,149.32,149.65,147.79,177.3,145.59,1286201748.0,2855145,13443,-1.05,-0.7,SENSFLTIND
65810,2025-10-15,64,4719.84,4745.22,4767.43,4682.08,5688.96,4608.92,242967498.6,272831,3276,-26.86,-0.56,MICRFININD
65811,2025-10-15,65,12167.36,12260.34,12266.18,12110.19,14671.87,11763.82,161396619.2,299775,2842,-92.98,-0.75,LIFINSIND
65812,2025-10-15,66,20.2,20.17,20.26,20.09,21.98,18.9,11774325.86,1265964,390,0.04,0.24,MUTUALIND
65813,2025-10-15,67,100.94,101.88,102.41,100.77,122.47,97.68,219201865.6,260252,1771,-1.0,-0.98,INVIDX
65831,2025-10-16,51,1337.71,1337.36,1350.74,1331.27,1608.24,1296.0,306992979.5,1127571,4485,0.35,0.02,BANKSUBIND
65832,2025-10-16,52,5930.17,5952.49,5960.89,5873.5,7489.08,5895.07,35360891.9,54113,428,-31.07,-0.52,HOTELIND
65833,2025-10-16,53,2231.59,2273.09,2299.99,2212.48,2774.99,1897.38,274228791.9,291750,2873,-50.61,-2.21,OTHERSIND
65834,2025-10-16,54,3147.74,3187.92,3197.35,3132.37,3941.95,3147.74,1051515926.3,2823712,13092,-32.76,-1.03,HYDPOWIND
65835,2025-10-16,55,5270.31,5336.1,5354.78,5252.14,6557.35,5078.65,421120328.7,846499,3301,-61.6,-1.15,DEVBANKIND
65836,2025-10-16,56,7057.22,7133.12,7139.67,7048.57,8190.94,6625.97,258139968.7,344236,1943,-52.52,-0.73,MANPROCIND
65837,2025-10-16,57,435.29,437.52,440.61,433.89,518.59,434.97,1604345701.7,3490029,14584,-1.73,-0.39,SENSIND
65838,2025-10-16,58,2487.17,2505.72,2522.59,2478.56,3002.07,2487.17,3229163933.7,6673834,35811,-18.4,-0.73,NEPSE
65839,2025-10-16,59,10484.79,10530.32,10568.11,10386.99,13705.07,10484.79,82622428.4,127033,1377,-56.11,-0.53,NONLIFIND
65840,2025-10-16,60,2161.7,2188.14,2206.76,2147.14,3765.51,2161.7,71192788.1,147718,1157,-26.44,-1.2,FININD
65841,2025-10-16,61,3692.66,3707.44,3773.15,3646.64,5362.34,3493.72,4552947.7,931,53,-14.77,-0.39,TRDIND
65842,2025-10-16,62,170.57,171.84,172.82,170.08,206.25,170.57,3229163933.7,6673834,35811,-1.16,-0.68,FLOATIND
65843,2025-10-16,63,147.6,148.43,149.38,147.07,177.3,145.59,1604345701.7,3490029,14584,-0.62,-0.42,SENSFLTIND
65827,2025-10-16,64,4685.17,4719.22,4727.12,4643.89,5688.96,4608.92,311717414.3,278271,3025,-34.67,-0.73,MICRFININD
65828,2025-10-16,65,12066.3,12167.36,12261.23,12015.66,14671.87,11763.82,112552328.8,191914,2381,-101.06,-0.83,LIFINSIND
65829,2025-10-16,66,20.25,20.2,20.27,20.08,21.98,18.9,7998588.06,815480,337,0.04,0.21,MUTUALIND
65830,2025-10-16,67,100.44,100.94,102.34,100.0,122.47,97.68,299167139.4,440086,1696,-0.49,-0.49,INVIDX
65848,2025-10-19,51,1349.36,1337.97,1354.95,1334.36,1608.24,1296.0,318304553.6,1113775,4179,11.64,0.87,BANKSUBIND
65849,2025-10-19,52,5973.13,5930.17,6037.61,5916.97,7489.08,5895.07,22925091.7,38522,297,42.96,0.72,HOTELIND
65850,2025-10-19,53,2257.65,2240.23,2281.44,2221.02,2774.99,1897.38,406671659.3,387204,2115,26.05,1.16,OTHERSIND
65851,2025-10-19,54,3169.78,3149.58,3169.78,3136.24,3941.95,3147.74,912423477.0,2225475,10343,22.03,0.7,HYDPOWIND
65852,2025-10-19,55,5258.87,5253.84,5298.0,5213.3,6557.35,5078.65,142250258.9,294682,1692,-11.44,-0.21,DEVBANKIND
65853,2025-10-19,56,7121.18,7088.07,7148.48,7062.12,8190.94,6625.97,352568106.3,351768,3060,63.95,0.9,MANPROCIND
65854,2025-10-19,57,437.6,435.59,438.68,434.5,518.59,434.97,1234431691.0,2613405,12562,2.31,0.53,SENSIND
65855,2025-10-19,58,2503.85,2489.07,2507.12,2482.94,3002.07,2487.17,2685206280.5,5130647,28124,16.67,0.67,NEPSE
65856,2025-10-19,59,10448.66,10495.53,10495.53,10377.64,13705.07,10448.66,79040472.5,125590,1029,-36.12,-0.34,NONLIFIND
65857,2025-10-19,60,2172.86,2161.7,2194.72,2158.83,3765.51,2161.7,34871793.6,69745,648,11.16,0.51,FININD
65858,2025-10-19,61,3725.95,3692.66,3734.97,3671.46,5362.34,3493.72,2028670.0,400,19,33.28,0.9,TRDIND
65859,2025-10-19,62,171.56,170.71,171.79,170.25,206.25,170.57,2685206280.5,5130647,28124,0.98,0.57,FLOATIND
65860,2025-10-19,63,148.32,147.7,148.73,147.27,177.3,145.59,1234431691.0,2613405,12562,0.72,0.49,SENSFLTIND
65844,2025-10-19,64,4707.4,4694.2,4709.4,4669.12,5688.96,4608.92,111866523.1,110729,1775,22.22,0.47,MICRFININD
65845,2025-10-19,65,12106.93,12066.3,12151.53,11977.72,14671.87,11763.82,73184515.6,131166,1575,40.63,0.33,LIFINSIND
65846,2025-10-19,66,20.22,20.23,20.25,20.15,21.98,18.9,6295064.84,638791,313,-0.02,-0.13,MUTUALIND
65847,2025-10-19,67,101.21,100.32,101.67,99.91,122.47,97.68,229071158.9,281591,1392,0.76,0.75,INVIDX
65865,2025-10-26,51,1344.52,1348.48,1351.31,1330.77,1591.79,1296.0,187790720.1,688582,3797,-4.84,-0.35,BANKSUBIND
65866,2025-10-26,52,5938.72,5942.62,5942.62,5773.97,7489.08,5895.07,48231052.4,70974,646,-34.41,-0.57,HOTELIND
65867,2025-10-26,53,2326.67,2266.19,2335.88,2238.89,2774.99,1897.38,438668126.1,394194,2397,69.02,3.05,OTHERSIND
65868,2025-10-26,54,3159.17,3170.33,3172.33,3118.72,3941.95,3147.74,842553426.4,2094302,10197,-10.6,-0.33,HYDPOWIND
65869,2025-10-26,55,5243.41,5236.41,5248.26,5164.85,6557.35,5078.65,164457795.7,300379,1355,-15.45,-0.29,DEVBANKIND
65870,2025-10-26,56,7122.71,7122.02,7128.2,7055.08,8190.94,6625.97,229475354.8,288554,2233,1.53,0.02,MANPROCIND
65871,2025-10-26,57,437.0,437.28,437.5,432.57,518.59,434.97,852881007.3,1822174,10870,-0.6,-0.13,SENSIND
65872,2025-10-26,58,2509.04,2503.44,2509.08,2469.37,3002.07,2487.17,2366386767.1,4452356,27351,5.19,0.2,NEPSE
65873,2025-10-26,59,10457.6,10448.66,10475.95,10302.54,13705.07,10448.66,41410423.7,68669,811,8.93,0.08,NONLIFIND
65874,2025-10-26,60,2157.02,2170.52,2171.57,2137.01,3765.51,2157.02,33928921.9,74327,698,-15.83,-0.72,FININD
65875,2025-10-26,61,3757.35,3725.95,3757.35,3626.02,5362.34,3493.72,2984034.0,610,32,31.4,0.84,TRDIND
65876,2025-10-26,62,171.57,171.52,171.57,169.37,206.25,170.57,2366386767.1,4452356,27351,0.0,0.0,FLOATIND
65877,2025-10-26,63,148.17,148.23,148.38,146.58,177.3,145.59,852881007.3,1822174,10870,-0.15,-0.1,SENSFLTIND
65861,2025-10-26,64,4696.25,4702.81,4704.14,4646.73,5688.96,4608.92,166946883.7,160938,2071,-11.14,-0.23,MICRFININD
65862,2025-10-26,65,12196.19,12106.93,12196.19,11979.72,14671.87,11763.82,80393308.1,147236,1872,89.25,0.73,LIFINSIND
65863,2025-10-26,66,20.18,20.22,20.22,20.12,21.98,18.9,6415965.55,681588,317,-0.04,-0.21,MUTUALIND
65864,2025-10-26,67,100.86,101.21,101.21,98.96,122.47,97.68,129546720.2,163591,1242,-0.34,-0.34,INVIDX
65882,2025-10-28,51,1370.34,1343.38,1370.91,1343.38,1561.48,1296.0,305735821.4,1066376,5454,25.82,1.92,BANKSUBIND
65883,2025-10-28,52,6105.58,5938.72,6113.97,5874.92,7489.08,5895.07,77547510.9,122687,756,166.86,2.8,HOTELIND
65884,2025-10-28,53,2371.33,2326.67,2399.36,2308.6,2774.99,1897.38,378313788.1,398019,3468,44.65,1.91,OTHERSIND
65885,2025-10-28,54,3282.49,3157.01,3287.22,3151.37,3941.95,3147.74,1969618682.8,4517772,19185,123.31,3.9,HYDPOWIND
65886,2025-10-28,55,5478.05,5241.35,5491.46,5231.06,6557.35,5078.65,320042611.8,611460,2959,234.63,4.47,DEVBANKIND
65887,2025-10-28,56,7149.74,7122.71,7194.21,7081.33,8190.94,6625.97,300884065.8,363740,2431,27.03,0.37,MANPROCIND
65888,2025-10-28,57,448.97,436.78,449.65,436.72,518.59,434.97,2094054106.0,4156622,19093,11.97,2.74,SENSIND
65889,2025-10-28,58,2571.34,2506.95,2576.41,2503.98,3002.07,2487.17,4504098142.0,8612839,46257,62.29,2.48,NEPSE
65890,2025-10-28,59,10724.24,10457.6,10765.72,10434.24,13705.07,10448.66,78432246.7,114516,1272,266.64,2.54,NONLIFIND
65891,2025-10-28,60,2224.93,2157.02,2230.9,2157.02,3765.51,2157.02,59934448.9,123103,1011,67.9,3.14,FININD
65892,2025-10-28,61,3728.78,3757.35,3828.74,3724.61,5362.34,3493.72,9906293.9,2023,74,-28.57,-0.76,TRDIND
65893,2025-10-28,62,176.43,171.46,176.59,171.31,206.25,170.57,4504098142.0,8612839,46257,4.86,2.83,FLOATIND
65894,2025-10-28,63,152.51,148.11,152.66,148.08,177.3,145.59,2094054106.0,4156622,19093,4.34,2.93,SENSFLTIND
65878,2025-10-28,64,4818.34,4693.85,4818.34,4683.1,5688.96,4608.92,313141785.4,340874,3283,122.08,2.59,MICRFININD
65879,2025-10-28,65,12629.82,12189.96,12655.8,12166.36,14671.87,11763.82,219947597.5,387100,3603,433.62,3.55,LIFINSIND
65880,2025-10-28,66,20.27,20.2,20.27,20.1,21.98,18.9,2385143.9,258800,300,0.09,0.46,MUTUALIND
65881,2025-10-28,67,104.07,100.31,104.68,100.18,122.47,97.68,470593288.8,565169,2761,3.21,3.19,INVIDX
65899,2025-10-29,51,1365.58,1370.3,1381.19,1361.36,1561.48,1296.0,430975866.0,1725363,5556,-4.76,-0.34,BANKSUBIND
65900,2025-10-29,52,6237.13,6163.2,6349.31,6163.2,7489.08,5895.07,145004890.2,249647,1387,131.54,2.15,HOTELIND
65901,2025-10-29,53,2342.65,2361.7,2392.42,2325.15,2774.99,1897.38,401801505.9,422548,3451,-28.68,-1.2,OTHERSIND
65902,2025-10-29,54,3283.04,3281.96,3333.23,3266.29,3941.95,3147.74,2356697925.8,5368038,21447,0.54,0.01,HYDPOWIND
65903,2025-10-29,55,5427.81,5473.88,5563.09,5406.74,6557.35,5078.65,378609848.9,731182,3198,-50.23,-0.91,DEVBANKIND
65904,2025-10-29,56,7129.31,7174.65,7243.48,7121.41,8190.94,6625.97,292819947.6,361249,2512,-20.42,-0.28,MANPROCIND
65905,2025-10-29,57,447.41,449.25,453.71,446.38,518.59,434.97,2415746293.7,4784186,19677,-1.56,-0.34,SENSIND
65906,2025-10-29,58,2566.16,2570.58,2602.98,2557.74,3002.07,2487.17,5380791244.6,10637534,49648,-5.17,-0.2,NEPSE
65907,2025-10-29,59,10703.0,10700.49,10842.69,10616.83,13705.07,10448.66,83549292.6,125924,1260,-21.24,-0.19,NONLIFIND
65908,2025-10-29,60,2207.64,2227.28,2275.54,2200.76,3765.51,2157.02,74730495.9,152099,1253,-17.28,-0.77,FININD
65909,2025-10-29,61,3803.44,3728.78,3860.76,3728.78,5362.34,3493.72,9397352.5,1897,87,74.66,2.0,TRDIND
65910,2025-10-29,62,175.85,176.43,178.45,175.28,206.25,170.57,5380791244.6,10637534,49648,-0.57,-0.32,FLOATIND
65911,2025-10-29,63,152.04,152.61,154.24,151.66,177.3,145.59,2415746293.7,4784186,19677,-0.46,-0.3,SENSFLTIND
65895,2025-10-29,64,4824.88,4813.74,4870.49,4779.61,5688.96,4608.92,418351446.4,438142,3392,6.54,0.13,MICRFININD
65896,2025-10-29,65,12548.56,12629.82,12770.79,12483.24,14671.87,11763.82,224813559.3,402493,3094,-81.26,-0.64,LIFINSIND
65897,2025-10-29,66,20.25,20.27,20.32,20.21,21.98,18.9,4652745.7,475895,346,-0.01,-0.06,MUTUALIND
65898,2025-10-29,67,103.89,103.99,106.19,103.56,122.47,97.68,564039113.5,658952,3011,-0.17,-0.17,INVIDX
65916,2025-10-30,51,1370.18,1367.89,1372.32,1355.97,1561.48,1296.0,380613760.1,1337815,5409,4.59,0.33,BANKSUBIND
65917,2025-10-30,52,6281.26,6292.51,6340.78,6195.57,7489.08,5895.07,98006935.0,155720,828,44.12,0.7,HOTELIND
65918,2025-10-30,53,2367.5,2346.82,2397.59,2317.01,2774.99,1897.38,529128128.4,481574,3802,24.84,1.06,OTHERSIND
65919,2025-10-30,54,3370.81,3284.74,3372.01,3260.16,3941.95,3147.74,2703834784.4,6039298,24381,87.77,2.67,HYDPOWIND
65920,2025-10-30,55,5494.68,5425.69,5506.36,5382.96,6557.35,5078.65,274506310.8,539671,2395,66.86,1.23,DEVBANKIND
65921,2025-10-30,56,7253.52,7136.06,7253.89,7103.11,8190.94,6625.97,268549625.1,336658,2507,124.21,1.74,MANPROCIND
65922,2025-10-30,57,452.81,448.42,453.33,444.91,518.59,434.97,2706727166.7,5337137,21098,5.4,1.2,SENSIND
65923,2025-10-30,58,2600.38,2568.4,2605.5,2548.39,3002.07,2487.17,5598189358.3,10665670,52212,34.22,1.33,NEPSE
65924,2025-10-30,59,10891.08,10703.0,10891.08,10566.19,13705.07,10448.66,125774930.8,184639,1458,188.08,1.75,NONLIFIND
65925,2025-10-30,60,2243.01,2207.64,2253.7,2199.44,3765.51,2157.02,85376959.2,177117,1143,35.36,1.6,FININD
65926,2025-10-30,61,3837.27,3803.44,4077.74,3737.01,5362.34,3493.72,8797482.0,1703,82,33.82,0.88,TRDIND
65927,2025-10-30,62,178.23,175.95,178.42,174.67,206.25,170.57,5598189358.3,10665670,52212,2.37,1.35,FLOATIND
65928,2025-10-30,63,153.98,152.19,154.17,151.16,177.3,145.59,2706727166.7,5337137,21098,1.93,1.27,SENSFLTIND
65912,2025-10-30,64,4902.23,4830.44,4903.3,4791.99,5688.96,4608.92,471788040.3,439621,4049,77.34,1.6,MICRFININD
65913,2025-10-30,65,12775.16,12548.56,12811.55,12439.89,14671.87,11763.82,270879191.1,483534,3671,226.6,1.8,LIFINSIND
65914,2025-10-30,66,20.22,20.26,20.34,20.07,21.98,18.9,8980716.9,950710,481,-0.03,-0.18,MUTUALIND
65915,2025-10-30,67,105.3,103.65,105.45,103.03,122.47,97.68,380933211.1,488320,2487,1.4,1.35,INVIDX
65933,2025-11-02,51,1374.2,1384.78,1385.42,1363.53,1561.48,1296.0,419650252.7,1520635,6996,4.02,0.29,BANKSUBIND
65934,2025-11-02,52,6357.2,6272.37,6369.55,6248.45,7489.08,5895.07,233077168.7,299670,1118,75.94,1.2,HOTELIND
65935,2025-11-02,53,2396.68,2395.47,2411.35,2350.42,2774.99,1897.38,461784735.0,490381,3892,29.17,1.23,OTHERSIND
65936,2025-11-02,54,3410.77,3380.55,3426.88,3355.41,3941.95,3147.74,3376581864.0,8033041,30337,39.95,1.18,HYDPOWIND
65937,2025-11-02,55,5544.31,5492.52,5582.93,5474.97,6557.35,5078.65,391758525.6,761356,3251,49.63,0.9,DEVBANKIND
65938,2025-11-02,56,7323.88,7278.34,7332.69,7231.11,8190.94,6625.97,388873788.9,480746,3020,70.35,0.96,MANPROCIND
65939,2025-11-02,57,457.22,455.85,458.46,452.16,518.59,434.97,3252162544.8,6562135,26429,4.41,0.97,SENSIND
65940,2025-11-02,58,2631.14,2614.18,2638.12,2593.67,3002.07,2487.17,7292223366.4,14387912,67117,30.75,1.18,NEPSE
65941,2025-11-02,59,11036.82,10878.32,11041.42,10808.86,13705.07,10448.66,207423962.5,275802,1957,145.74,1.33,NONLIFIND
65942,2025-11-02,60,2359.37,2243.01,2364.41,2240.6,3765.51,2157.02,252835665.9,492829,2959,116.36,5.18,FININD
65943,2025-11-02,61,3794.68,3837.27,3890.13,3768.69,5362.34,3493.72,4354817.5,857,63,-42.58,-1.1,TRDIND
65944,2025-11-02,62,180.44,179.26,180.88,177.89,206.25,170.57,7292223366.4,14387912,67117,2.2,1.23,FLOATIND
65945,2025-11-02,63,155.22,155.02,155.82,153.67,177.3,145.59,3252162544.8,6562135,26429,1.23,0.8,SENSFLTIND
65929,2025-11-02,64,4970.11,4913.13,4982.15,4893.18,5688.96,4608.92,461101814.1,435619,4364,67.88,1.38,MICRFININD
65930,2025-11-02,65,13332.03,12807.51,13332.03,12747.46,14671.87,11763.82,644017316.4,1083102,6639,556.86,4.35,LIFINSIND
65931,2025-11-02,66,20.24,20.23,20.27,20.06,21.98,18.9,8628396.45,888369,440,0.02,0.1,MUTUALIND
65932,2025-11-02,67,106.15,106.0,106.57,104.92,122.47,97.68,450763455.1,513874,2521,0.84,0.8,INVIDX
65950,2025-11-03,51,1371.13,1373.61,1383.33,1367.49,1561.48,1296.0,283083746.0,1038280,4998,-3.06,-0.22,BANKSUBIND
65951,2025-11-03,52,6358.44,6351.08,6409.58,6314.17,7489.08,5895.07,91493658.0,126989,767,1.23,0.01,HOTELIND
65952,2025-11-03,53,2406.94,2387.59,2429.9,2370.38,2774.99,1897.38,439171832.5,483244,4099,10.26,0.42,OTHERSIND
65953,2025-11-03,54,3374.88,3414.32,3424.45,3353.93,3941.95,3147.74,2572685529.8,6046041,22777,-35.89,-1.05,HYDPOWIND
65954,2025-11-03,55,5550.94,5549.86,5623.81,5515.55,6557.35,5078.65,381839047.6,729351,2994,6.63,0.11,DEVBANKIND
65955,2025-11-03,56,7342.35,7323.88,7408.05,7319.84,8190.94,6625.97,546123114.8,796693,3868,18.47,0.25,MANPROCIND
65956,2025-11-03,57,456.39,457.21,460.62,454.64,518.59,434.97,2930945275.5,5460876,21979,-0.83,-0.18,SENSIND
65957,2025-11-03,58,2622.89,2629.66,2650.61,2610.96,3002.07,2487.17,5967393377.6,11276291,53899,-8.24,-0.31,NEPSE
65958,2025-11-03,59,11035.69,11036.82,11203.18,10940.05,13705.07,10448.66,124849991.7,197537,1569,-1.12,-0.01,NONLIFIND
65959,2025-11-03,60,2356.34,2359.37,2420.54,2341.8,3765.51,2157.02,165978710.1,322323,2466,-3.03,-0.12,FININD
65960,2025-11-03,61,3830.1,3794.68,3859.15,3783.18,5362.34,3493.72,4634322.0,902,50,35.41,0.93,TRDIND
65961,2025-11-03,62,179.88,180.38,181.77,179.08,206.25,170.57,5967393377.6,11276291,53899,-0.56,-0.31,FLOATIND
65962,2025-11-03,63,154.99,155.26,156.43,154.42,177.3,145.59,2930945275.5,5460876,21979,-0.22,-0.14,SENSFLTIND
65946,2025-11-03,64,4938.5,4962.45,4977.95,4908.91,5688.96,4608.92,411208490.7,369834,3667,-31.6,-0.63,MICRFININD
65947,2025-11-03,65,13191.21,13332.27,13406.29,13099.38,14671.87,11763.82,378505195.2,647911,4208,-140.81,-1.05,LIFINSIND
65948,2025-11-03,66,20.3,20.24,20.31,20.16,21.98,18.9,5302183.42,574081,440,0.06,0.29,MUTUALIND
65949,2025-11-03,67,105.4,106.0,107.1,104.87,122.47,97.68,567819739.2,517186,2436,-0.74,-0.7,INVIDX
65967,2025-11-04,51,1362.0,1370.44,1374.03,1359.33,1561.48,1296.0,339869818.0,1223114,4140,-9.12,-0.66,BANKSUBIND
65968,2025-11-04,52,6298.69,6379.43,6462.36,6281.3,7489.08,5895.07,198143752.2,239503,899,-59.75,-0.93,HOTELIND
65969,2025-11-04,53,2363.28,2413.07,2413.07,2352.65,2774.99,1897.38,421008594.8,404054,3539,-43.66,-1.81,OTHERSIND
65970,2025-11-04,54,3333.77,3378.02,3390.51,3324.08,3941.95,3147.74,2256323037.5,5361905,20595,-41.1,-1.21,HYDPOWIND
65971,2025-11-04,55,5469.34,5536.38,5556.49,5456.06,6557.35,5078.65,203659075.9,414664,2167,-81.6,-1.47,DEVBANKIND
65972,2025-11-04,56,7275.54,7342.35,7386.39,7269.06,8190.94,6625.97,369875375.9,482118,2904,-66.81,-0.91,MANPROCIND
65973,2025-11-04,57,452.46,456.59,457.78,451.16,518.59,434.97,2337788629.3,4374943,17741,-3.93,-0.86,SENSIND
65974,2025-11-04,58,2595.24,2623.76,2627.56,2587.28,3002.07,2487.17,5079115416.8,9706687,46207,-27.64,-1.05,NEPSE
65975,2025-11-04,59,10901.89,11031.95,11070.26,10815.28,13705.07,10448.66,132105632.9,201194,1609,-133.8,-1.21,NONLIFIND
65976,2025-11-04,60,2304.05,2361.9,2381.07,2296.79,3765.51,2157.02,111170028.6,220275,1418,-52.28,-2.21,FININD
65977,2025-11-04,61,3825.81,3830.1,3838.17,3762.24,5362.34,3493.72,11639626.0,2258,61,-4.28,-0.11,TRDIND
65978,2025-11-04,62,177.96,179.9,180.26,177.48,206.25,170.57,5079115416.8,9706687,46207,-1.91,-1.06,FLOATIND
65979,2025-11-04,63,153.68,155.06,155.54,153.23,177.3,145.59,2337788629.3,4374943,17741,-1.3,-0.84,SENSFLTIND
65963,2025-11-04,64,4901.03,4941.2,4955.87,4863.42,5688.96,4608.92,357102181.2,349144,3159,-37.47,-0.75,MICRFININD
65964,2025-11-04,65,13000.07,13191.21,13234.27,12956.37,14671.87,11763.82,230730936.4,390715,3227,-191.14,-1.44,LIFINSIND
65965,2025-11-04,66,20.24,20.3,20.3,20.17,21.98,18.9,3451527.88,372011,332,-0.06,-0.31,MUTUALIND
65966,2025-11-04,67,104.48,105.4,106.1,103.95,122.47,97.68,447487357.4,417743,2489,-0.92,-0.87,INVIDX
65984,2025-11-05,51,1369.69,1362.0,1375.24,1356.1,1561.48,1296.0,331005429.5,1299673,4093,7.68,0.56,BANKSUBIND
65985,2025-11-05,52,6269.84,6238.45,6306.3,6226.02,7489.08,5895.07,56812412.8,83446,553,-28.85,-0.45,HOTELIND
65986,2025-11-05,53,2373.8,2372.37,2389.89,2347.02,2774.99,1897.38,268212715.4,281351,2503,10.51,0.44,OTHERSIND
65987,2025-11-05,54,3346.9,3341.92,3346.97,3298.5,3941.95,3147.74,2029083822.1,4549535,17855,13.12,0.39,HYDPOWIND
65988,2025-11-05,55,5472.64,5455.28,5483.51,5420.09,6557.35,5078.65,210699050.0,413440,2030,3.29,0.06,DEVBANKIND
65989,2025-11-05,56,7321.56,7300.27,7323.84,7235.9,8190.94,6625.97,513162641.7,541826,3762,46.02,0.63,MANPROCIND
65990,2025-11-05,57,453.6,452.71,453.92,448.71,518.59,434.97,2273269804.7,4103531,17259,1.14,0.25,SENSIND
65991,2025-11-05,58,2607.42,2596.99,2612.53,2576.83,3002.07,2487.17,4626799059.0,8770148,42325,12.17,0.46,NEPSE
65992,2025-11-05,59,10925.28,10911.65,10925.28,10759.96,13705.07,10448.66,70742716.2,106599,1060,23.39,0.21,NONLIFIND
65993,2025-11-05,60,2382.78,2317.05,2383.63,2279.18,3765.51,2157.02,239660300.9,444612,2650,78.72,3.41,FININD
65994,2025-11-05,61,3842.12,3825.81,4177.97,3817.24,5362.34,3493.72,21440676.8,4166,144,16.3,0.42,TRDIND
65995,2025-11-05,62,178.87,178.12,178.87,176.61,206.25,170.57,4626799059.0,8770148,42325,0.9,0.5,FLOATIND
65996,2025-11-05,63,154.14,153.79,154.35,152.38,177.3,145.59,2273269804.7,4103531,17259,0.45,0.29,SENSFLTIND
65980,2025-11-05,64,4912.16,4890.72,4918.19,4845.15,5688.96,4608.92,381399487.1,341811,3082,11.13,0.22,MICRFININD
65981,2025-11-05,65,13052.59,13000.07,13056.1,12829.29,14671.87,11763.82,210906205.6,358856,2783,52.51,0.4,LIFINSIND
65982,2025-11-05,66,20.22,20.24,20.29,20.15,21.98,18.9,2301529.06,237941,273,-0.01,-0.05,MUTUALIND
65983,2025-11-05,67,105.18,104.63,105.18,104.05,122.47,97.68,293673600.9,344833,1810,0.7,0.67,INVIDX
66001,2025-11-06,51,1363.76,1371.45,1377.49,1360.28,1561.48,1296.0,397937243.1,1428483,5405,-5.92,-0.43,BANKSUBIND
66002,2025-11-06,52,6253.86,6269.84,6322.96,6225.92,7489.08,5895.07,87961397.5,121198,680,-15.97,-0.25,HOTELIND
66003,2025-11-06,53,2359.07,2369.9,2387.54,2342.24,2774.99,1897.38,226906121.8,263832,2406,-14.73,-0.62,OTHERSIND
66004,2025-11-06,54,3323.97,3350.87,3357.63,3308.73,3941.95,3147.74,2147421700.0,4842626,19018,-22.92,-0.68,HYDPOWIND
66005,2025-11-06,55,5442.87,5478.37,5496.87,5406.54,6557.35,5078.65,221779997.8,429591,2029,-29.76,-0.54,DEVBANKIND
66006,2025-11-06,56,7330.47,7346.41,7409.75,7319.35,8190.94,6625.97,650675479.3,826418,5253,8.91,0.12,MANPROCIND
66007,2025-11-06,57,451.52,454.42,455.43,450.46,518.59,434.97,2746217095.1,4774581,21451,-2.08,-0.45,SENSIND
66008,2025-11-06,58,2596.12,2609.72,2622.44,2589.63,3002.07,2487.17,5328147891.4,10016220,49764,-11.29,-0.43,NEPSE
66009,2025-11-06,59,10816.33,10925.28,11032.33,10768.59,13705.07,10448.66,129320608.9,206330,1600,-108.95,-0.99,NONLIFIND
66010,2025-11-06,60,2381.37,2389.8,2440.75,2374.24,3765.51,2157.02,320412976.7,599602,3950,-1.41,-0.05,FININD
66011,2025-11-06,61,3833.88,3842.12,4196.43,3833.88,5362.34,3493.72,8729383.0,1702,79,-8.23,-0.21,TRDIND
66012,2025-11-06,62,178.05,179.11,179.61,177.5,206.25,170.57,5328147891.4,10016220,49764,-0.81,-0.45,FLOATIND
66013,2025-11-06,63,153.37,154.42,154.87,152.98,177.3,145.59,2746217095.1,4774581,21451,-0.76,-0.49,SENSFLTIND
65997,2025-11-06,64,4905.58,4910.42,4922.15,4876.24,5688.96,4608.92,455840779.7,400330,3739,-6.58,-0.13,MICRFININD
65998,2025-11-06,65,12977.33,13069.63,13112.27,12927.71,14671.87,11763.82,263539642.9,432690,3482,-75.26,-0.57,LIFINSIND
65999,2025-11-06,66,20.26,20.22,20.29,20.16,21.98,18.9,5414406.33,593936,426,0.03,0.19,MUTUALIND
66000,2025-11-06,67,105.06,105.43,105.72,104.4,122.47,97.68,417622560.7,463418,2123,-0.12,-0.11,INVIDX
66018,2025-11-09,51,1346.04,1363.03,1363.03,1344.41,1561.48,1296.0,384687350.1,1445676,5743,-17.72,-1.29,BANKSUBIND
66019,2025-11-09,52,6210.48,6284.59,6284.59,6186.49,7489.08,5895.07,70699249.2,97909,624,-43.38,-0.69,HOTELIND
66020,2025-11-09,53,2356.03,2368.15,2368.24,2313.44,2774.99,1897.38,371308126.3,347353,2942,-3.03,-0.12,OTHERSIND
66021,2025-11-09,54,3284.57,3328.88,3333.15,3273.27,3941.95,3147.74,1936219947.4,4350053,19293,-39.4,-1.18,HYDPOWIND
66022,2025-11-09,55,5344.26,5453.66,5473.75,5332.16,6557.35,5078.65,267744488.3,523068,2538,-98.61,-1.81,DEVBANKIND
66023,2025-11-09,56,7268.35,7333.71,7340.82,7258.89,8190.94,6625.97,346186505.0,484663,3279,-62.12,-0.84,MANPROCIND
66024,2025-11-09,57,445.62,451.93,452.01,445.21,518.59,434.97,1994598097.0,3946089,18186,-5.9,-1.3,SENSIND
66025,2025-11-09,58,2566.09,2598.39,2599.27,2560.92,3002.07,2487.17,4561004599.9,8696711,46519,-30.02,-1.15,NEPSE
66026,2025-11-09,59,10671.64,10816.33,10835.91,10616.11,13705.07,10448.66,86147326.9,128883,1474,-144.68,-1.33,NONLIFIND
66027,2025-11-09,60,2311.87,2374.96,2377.44,2304.24,3765.51,2157.02,175697848.6,324451,2256,-69.49,-2.91,FININD
66028,2025-11-09,61,3811.93,3833.88,3901.9,3762.5,5362.34,3493.72,6348730.8,1255,61,-21.95,-0.57,TRDIND
66029,2025-11-09,62,175.63,178.23,178.29,175.36,206.25,170.57,4561004599.9,8696711,46519,-2.42,-1.36,FLOATIND
66030,2025-11-09,63,151.16,153.55,153.56,151.03,177.3,145.59,1994598097.0,3946089,18186,-2.21,-1.44,SENSFLTIND
66014,2025-11-09,64,4842.72,4912.22,4912.88,4825.66,5688.96,4608.92,254291278.2,251585,3019,-62.86,-1.28,MICRFININD
66015,2025-11-09,65,12802.38,12992.73,12992.73,12764.9,14671.87,11763.82,332905474.2,407282,3116,-174.95,-1.34,LIFINSIND
66016,2025-11-09,66,20.04,20.26,20.28,19.99,21.98,18.9,3075356.8,333628,426,-0.21,-1.08,MUTUALIND
66017,2025-11-09,67,103.43,104.99,105.24,103.27,122.47,97.68,328768274.9,334533,2174,-1.63,-1.55,INVIDX
66035,2025-11-10,51,1337.88,1348.22,1354.21,1335.05,1561.48,1296.0,369853946.0,1413766,5070,-8.15,-0.6,BANKSUBIND
66036,2025-11-10,52,6312.46,6216.22,6312.63,6187.66,7489.08,5895.07,54110176.7,78375,531,101.98,1.64,HOTELIND
66037,2025-11-10,53,2349.01,2383.68,2383.68,2328.56,2774.99,1897.38,246828000.5,246031,2404,-7.01,-0.29,OTHERSIND
66038,2025-11-10,54,3294.94,3286.52,3304.97,3258.41,3941.95,3147.74,1682055727.3,3832362,17322,10.37,0.31,HYDPOWIND
66039,2025-11-10,55,5310.47,5332.74,5367.43,5280.83,6557.35,5078.65,144310471.8,296436,1744,-33.78,-0.63,DEVBANKIND
66040,2025-11-10,56,7246.43,7267.17,7308.79,7217.92,8190.94,6625.97,229952103.6,338291,2401,-21.91,-0.3,MANPROCIND
66041,2025-11-10,57,444.56,446.12,447.47,442.35,518.59,434.97,1962772770.3,3435726,15569,-1.05,-0.23,SENSIND
66042,2025-11-10,58,2561.94,2570.66,2576.85,2544.1,3002.07,2487.17,4025803479.5,7607798,39948,-4.15,-0.16,NEPSE
66043,2025-11-10,59,10627.65,10661.06,10695.44,10597.42,13705.07,10448.66,59842258.8,99643,1019,-43.99,-0.41,NONLIFIND
66044,2025-11-10,60,2294.32,2309.45,2315.95,2273.54,3765.51,2157.02,105814613.4,206352,1621,-17.54,-0.75,FININD
66045,2025-11-10,61,3833.1,3811.93,3879.53,3719.74,5362.34,3493.72,7573778.0,1502,74,21.17,0.55,TRDIND
66046,2025-11-10,62,175.24,175.97,176.28,174.3,206.25,170.57,4025803479.5,7607798,39948,-0.38,-0.22,FLOATIND
66047,2025-11-10,63,150.81,151.45,151.85,150.12,177.3,145.59,1962772770.3,3435726,15569,-0.34,-0.23,SENSFLTIND
66031,2025-11-10,64,4838.84,4847.4,4857.37,4796.26,5688.96,4608.92,335743316.4,298490,3197,-3.88,-0.08,MICRFININD
66032,2025-11-10,65,12768.65,12814.64,12877.3,12684.18,14671.87,11763.82,198844028.1,349324,2749,-33.72,-0.26,LIFINSIND
66033,2025-11-10,66,19.95,20.04,20.06,19.94,21.98,18.9,2377373.16,261470,313,-0.09,-0.48,MUTUALIND
66034,2025-11-10,67,103.53,103.45,104.12,102.64,122.47,97.68,590875058.9,447226,1816,0.1,0.1,INVIDX
66052,2025-11-11,51,1338.82,1337.88,1345.88,1330.65,1561.48,1296.0,323201487.0,1317655,5496,0.94,0.07,BANKSUBIND
66053,2025-11-11,52,6288.13,6299.79,6359.65,6215.54,7489.08,5895.07,79769328.6,128921,634,-24.33,-0.38,HOTELIND
66054,2025-11-11,53,2333.07,2373.94,2380.48,2329.83,2774.99,1897.38,124021959.6,148767,1948,-15.94,-0.67,OTHERSIND
66055,2025-11-11,54,3320.32,3301.22,3330.33,3291.19,3941.95,3147.74,1855018074.5,3951055,34093,25.37,0.77,HYDPOWIND
66056,2025-11-11,55,5285.28,5296.56,5313.43,5244.42,6557.35,5078.65,183425144.2,387052,1902,-25.19,-0.47,DEVBANKIND
66057,2025-11-11,56,7270.82,7250.43,7311.04,7235.97,8190.94,6625.97,223850703.7,337741,1949,24.38,0.33,MANPROCIND
66058,2025-11-11,57,444.37,445.12,446.54,442.0,518.59,434.97,1680077460.0,3226730,14701,-0.19,-0.04,SENSIND
66059,2025-11-11,58,2565.16,2563.87,2569.99,2548.01,3002.07,2487.17,3582670412.8,7244991,54800,3.21,0.12,NEPSE
66060,2025-11-11,59,10681.28,10617.54,10681.28,10573.64,13705.07,10448.66,47889070.0,79841,862,53.63,0.5,NONLIFIND
66061,2025-11-11,60,2280.97,2291.65,2306.57,2263.68,3765.51,2157.02,79596859.8,158568,1173,-13.34,-0.58,FININD
66062,2025-11-11,61,3859.76,3833.1,3865.24,3717.93,5362.34,3493.72,14239643.0,2827,71,26.65,0.69,TRDIND
66063,2025-11-11,62,175.48,175.31,175.8,174.31,206.25,170.57,3582670412.8,7244991,54800,0.23,0.13,FLOATIND
66064,2025-11-11,63,150.64,150.88,151.43,149.86,177.3,145.59,1680077460.0,3226730,14701,-0.16,-0.11,SENSFLTIND
66048,2025-11-11,64,4836.35,4836.01,4866.93,4800.88,5688.96,4608.92,169475639.1,175528,2345,-2.48,-0.05,MICRFININD
66049,2025-11-11,65,12842.68,12763.03,12870.05,12681.37,14671.87,11763.82,126542091.2,228670,2773,74.02,0.57,LIFINSIND
66050,2025-11-11,66,20.0,19.95,20.0,19.83,21.98,18.9,5218820.57,570701,469,0.04,0.24,MUTUALIND
66051,2025-11-11,67,103.23,103.02,103.73,102.93,122.47,97.68,355640412.1,328366,1554,-0.3,-0.29,INVIDX
66069,2025-11-12,51,1329.81,1340.72,1341.01,1327.89,1561.48,1296.0,281098421.6,1049938,5496,-9.01,-0.67,BANKSUBIND
66070,2025-11-12,52,6276.49,6263.71,6360.99,6220.6,7489.08,5895.07,72827633.3,100265,723,-11.63,-0.18,HOTELIND
66071,2025-11-12,53,2301.88,2324.72,2355.36,2298.36,2774.99,1897.38,151304912.0,162725,2001,-31.18,-1.33,OTHERSIND
66072,2025-11-12,54,3296.94,3327.38,3329.52,3283.41,3941.95,3147.74,1765309823.0,3960015,42946,-23.37,-0.7,HYDPOWIND
66073,2025-11-12,55,5269.03,5280.23,5303.4,5247.54,6557.35,5078.65,130886611.3,241870,1525,-16.25,-0.3,DEVBANKIND
66074,2025-11-12,56,7287.78,7296.54,7310.42,7253.07,8190.94,6625.97,185245310.3,259746,1787,16.96,0.23,MANPROCIND
66075,2025-11-12,57,441.04,444.91,445.51,440.4,518.59,434.97,1661426344.3,2899286,16026,-3.33,-0.74,SENSIND
66076,2025-11-12,58,2544.59,2565.77,2569.52,2540.24,3002.07,2487.17,3779229520.9,7093870,65886,-20.56,-0.8,NEPSE
66077,2025-11-12,59,10622.59,10681.28,10747.07,10526.37,13705.07,10448.66,79298650.7,126955,1144,-58.68,-0.54,NONLIFIND
66078,2025-11-12,60,2262.89,2277.39,2299.68,2254.11,3765.51,2157.02,101852192.3,203409,1474,-18.08,-0.79,FININD
66079,2025-11-12,61,3768.81,3859.76,3859.81,3714.09,5362.34,3493.72,6608581.2,1332,72,-90.94,-2.35,TRDIND
66080,2025-11-12,62,174.14,175.67,175.75,173.81,206.25,170.57,3779229520.9,7093870,65886,-1.33,-0.76,FLOATIND
66081,2025-11-12,63,149.55,150.88,151.03,149.3,177.3,145.59,1661426344.3,2899286,16026,-1.09,-0.72,SENSFLTIND
66065,2025-11-12,64,4802.59,4839.56,4845.6,4793.76,5688.96,4608.92,268874304.2,251634,2664,-33.76,-0.69,MICRFININD
66066,2025-11-12,65,12714.27,12836.81,12886.89,12657.2,14671.87,11763.82,194329240.6,320968,3038,-128.41,-0.99,LIFINSIND
66067,2025-11-12,66,19.82,20.0,20.01,19.73,21.98,18.9,9759275.97,1067248,493,-0.17,-0.86,MUTUALIND
66068,2025-11-12,67,102.21,103.11,103.71,102.07,122.47,97.68,541593840.4,415013,3016,-1.02,-0.99,INVIDX
66086,2025-11-13,51,1331.51,1327.62,1338.11,1322.71,1561.48,1296.0,275491970.2,1098984,5054,1.7,0.12,BANKSUBIND
66087,2025-11-13,52,6321.69,6262.65,6354.29,6245.96,7489.08,5895.07,59381390.0,92209,597,45.19,0.72,HOTELIND
66088,2025-11-13,53,2296.15,2293.06,2328.39,2289.34,2774.99,1897.38,164327913.4,170126,2051,-5.72,-0.24,OTHERSIND
66089,2025-11-13,54,3304.68,3287.52,3321.11,3275.31,3941.95,3147.74,1723032744.6,3959677,28113,7.74,0.23,HYDPOWIND
66090,2025-11-13,55,5264.35,5248.78,5299.1,5225.12,6557.35,5078.65,155036333.9,301524,1598,-4.67,-0.08,DEVBANKIND
66091,2025-11-13,56,7267.27,7281.47,7331.5,7246.28,8190.94,6625.97,274386927.1,339315,2820,-20.5,-0.28,MANPROCIND
66092,2025-11-13,57,440.88,440.05,443.04,438.42,518.59,434.97,1366968042.6,2813097,15410,-0.15,-0.03,SENSIND
66093,2025-11-13,58,2545.73,2538.62,2559.01,2530.32,3002.07,2487.17,3435359539.63,6975650,49810,1.13,0.04,NEPSE
66094,2025-11-13,59,10593.72,10621.92,10630.43,10465.44,13705.07,10448.66,53992907.2,84598,1000,-28.87,-0.27,NONLIFIND
66095,2025-11-13,60,2263.19,2253.54,2277.67,2247.42,3765.51,2157.02,81996856.53,160344,1222,0.3,0.01,FININD
66096,2025-11-13,61,3798.75,3768.81,3825.24,3713.81,5362.34,3493.72,5108439.0,1010,55,29.94,0.79,TRDIND
66097,2025-11-13,62,174.12,173.77,175.02,173.21,206.25,170.57,3435359539.63,6975650,49810,-0.01,0.0,FLOATIND
66098,2025-11-13,63,149.49,149.33,150.21,148.63,177.3,145.59,1366968042.6,2813097,15410,-0.06,-0.04,SENSFLTIND
66082,2025-11-13,64,4803.04,4793.86,4819.07,4777.38,5688.96,4608.92,194768563.7,193620,2268,0.45,0.0,MICRFININD
66083,2025-11-13,65,12689.39,12682.46,12787.06,12600.09,14671.87,11763.82,166295380.7,277687,2940,-24.87,-0.19,LIFINSIND
66084,2025-11-13,66,19.87,19.84,19.87,19.77,21.98,18.9,3082948.19,337289,381,0.04,0.2,MUTUALIND
66085,2025-11-13,67,102.13,101.72,103.46,101.68,122.47,97.68,281540113.3,296556,2092,-0.08,-0.07,INVIDX
66103,2025-11-16,51,1327.4,1331.51,1334.24,1321.79,1561.48,1296.0,217177710.0,860850,4813,-4.11,-0.3,BANKSUBIND
66104,2025-11-16,52,6333.67,6305.15,6377.43,6270.36,7489.08,5895.07,62927777.3,100601,707,11.97,0.18,HOTELIND
66105,2025-11-16,53,2312.88,2314.81,2342.97,2277.77,2774.99,1897.38,297717040.6,269105,2427,16.73,0.72,OTHERSIND
66106,2025-11-16,54,3288.46,3311.63,3312.13,3277.54,3941.95,3147.74,1744166411.0,4007550,25438,-16.21,-0.49,HYDPOWIND
66107,2025-11-16,55,5236.74,5256.84,5266.71,5220.71,6557.35,5078.65,91460005.1,209516,1278,-27.61,-0.52,DEVBANKIND
66108,2025-11-16,56,7269.43,7342.32,7368.18,7213.56,8190.94,6625.97,209590519.3,284510,2277,2.15,0.02,MANPROCIND
66109,2025-11-16,57,439.44,441.35,441.6,437.88,518.59,434.97,1326798671.2,2814925,14890,-1.44,-0.32,SENSIND
66110,2025-11-16,58,2540.57,2550.18,2550.18,2533.03,3002.07,2487.17,3420145224.6,6783605,46267,-5.15,-0.2,NEPSE
66111,2025-11-16,59,10541.6,10593.72,10623.82,10456.56,13705.07,10448.66,66205048.7,112415,1154,-52.11,-0.49,NONLIFIND
66112,2025-11-16,60,2243.48,2265.56,2269.57,2236.59,3761.77,2157.02,69389180.3,135824,1082,-19.71,-0.87,FININD
66113,2025-11-16,61,3794.95,3798.75,3831.81,3731.09,5362.34,3493.72,9123291.0,1770,63,-3.8,-0.1,TRDIND
66114,2025-11-16,62,173.61,174.36,174.36,173.06,206.25,170.57,3420145224.6,6783605,46267,-0.5,-0.29,FLOATIND
66115,2025-11-16,63,148.93,149.7,149.7,148.36,177.3,145.59,1326798671.2,2814925,14890,-0.56,-0.37,SENSFLTIND
66099,2025-11-16,64,4784.57,4802.3,4803.8,4769.18,5688.96,4608.92,191751255.4,188938,2231,-18.47,-0.38,MICRFININD
66100,2025-11-16,65,12675.76,12689.39,12723.7,12613.18,14671.87,11763.82,146978702.1,275622,2645,-13.63,-0.1,LIFINSIND
66101,2025-11-16,66,19.84,19.88,19.9,19.72,21.98,18.9,6757721.93,748496,464,-0.02,-0.14,MUTUALIND
66102,2025-11-16,67,101.77,102.26,102.38,101.42,122.47,97.68,313658283.8,336904,2152,-0.35,-0.34,INVIDX
66120,2025-11-17,51,1329.21,1329.66,1334.66,1325.13,1561.48,1296.0,329832910.2,1334733,5772,1.8,0.13,BANKSUBIND
66121,2025-11-17,52,6401.92,6329.35,6422.83,6321.04,7489.08,5895.07,35541701.9,58684,646,68.25,1.07,HOTELIND
66122,2025-11-17,53,2301.34,2334.93,2334.97,2295.92,2774.99,1897.38,145287409.9,152156,1849,-11.54,-0.49,OTHERSIND
66123,2025-11-17,54,3317.43,3291.31,3317.88,3275.22,3941.95,3147.74,1911657504.6,4349775,36889,28.96,0.88,HYDPOWIND
66124,2025-11-17,55,5315.63,5229.46,5336.55,5213.82,6557.35,5078.65,276491517.8,437810,2974,78.89,1.5,DEVBANKIND
66125,2025-11-17,56,7308.27,7270.38,7331.51,7256.16,8190.94,6625.97,333933367.7,474978,2819,38.84,0.53,MANPROCIND
66126,2025-11-17,57,440.87,439.69,441.93,437.89,518.59,434.97,1601144065.5,3444124,16376,1.43,0.32,SENSIND
66127,2025-11-17,58,2550.36,2543.88,2555.32,2534.97,3002.07,2487.17,3891257814.9,7922772,60838,9.78,0.38,NEPSE
66128,2025-11-17,59,10531.55,10541.67,10559.07,10436.22,13705.07,10448.66,68397745.8,111589,1075,-10.04,-0.09,NONLIFIND
66129,2025-11-17,60,2256.16,2242.38,2265.02,2241.2,3700.31,2157.02,69736142.0,135600,1105,12.67,0.56,FININD
66130,2025-11-17,61,3798.67,3794.95,3826.84,3734.84,5362.34,3493.72,11533718.7,2234,93,3.71,0.09,TRDIND
66131,2025-11-17,62,174.33,173.83,174.66,173.24,206.25,170.57,3891257814.9,7922772,60838,0.71,0.41,FLOATIND
66132,2025-11-17,63,149.4,149.08,149.86,148.49,177.3,145.59,1601144065.5,3444124,16376,0.47,0.32,SENSFLTIND
66116,2025-11-17,64,4801.11,4780.3,4809.47,4774.77,5688.96,4608.92,189340657.4,179997,2305,16.54,0.34,MICRFININD
66117,2025-11-17,65,12757.41,12676.27,12760.99,12629.21,14671.87,11763.82,176383178.1,327830,3263,81.64,0.64,LIFINSIND
66118,2025-11-17,66,19.86,19.84,19.9,19.75,21.98,18.9,6839366.19,806547,492,0.02,0.14,MUTUALIND
66119,2025-11-17,67,102.32,101.65,102.32,101.34,122.47,97.68,343121960.8,357386,2048,0.54,0.53,INVIDX
66137,2025-11-18,51,1333.36,1329.65,1341.88,1328.46,1561.48,1296.0,265544891.7,1060771,4728,4.15,0.31,BANKSUBIND
66138,2025-11-18,52,6484.12,6406.15,6530.27,6398.32,7489.08,5895.07,49009849.9,73227,648,82.2,1.28,HOTELIND
66139,2025-11-18,53,2313.68,2283.69,2345.68,2283.69,2774.99,1897.38,180036069.7,191950,2320,12.33,0.53,OTHERSIND
66140,2025-11-18,54,3348.46,3316.93,3360.27,3311.28,3941.95,3147.74,2098076475.9,4916002,30784,31.02,0.93,HYDPOWIND
66141,2025-11-18,55,5382.36,5308.23,5415.83,5299.84,6557.35,5078.65,303952088.2,486891,2874,66.72,1.25,DEVBANKIND
66142,2025-11-18,56,7322.96,7310.88,7386.25,7310.88,8190.94,6625.97,165362798.3,241528,1906,14.68,0.2,MANPROCIND
66143,2025-11-18,57,443.53,441.1,445.74,440.47,518.59,434.97,1687626463.5,3803574,16901,2.65,0.6,SENSIND
66144,2025-11-18,58,2566.07,2549.19,2579.12,2547.42,3002.07,2487.17,4031530768.1,8557300,54274,15.7,0.61,NEPSE
66145,2025-11-18,59,10620.75,10531.55,10653.54,10509.06,13705.07,10448.66,100524381.9,157019,1169,89.19,0.84,NONLIFIND
66146,2025-11-18,60,2276.32,2261.14,2293.54,2258.35,3691.9,2157.02,96514549.1,188540,1259,20.15,0.89,FININD
66147,2025-11-18,61,3802.18,3798.67,3828.67,3779.67,5362.34,3493.72,8935663.0,1690,63,3.51,0.09,TRDIND
66148,2025-11-18,62,175.5,174.31,176.33,174.2,206.25,170.57,4031530768.1,8557300,54274,1.16,0.66,FLOATIND
66149,2025-11-18,63,150.37,149.45,151.05,149.29,177.3,145.59,1687626463.5,3803574,16901,0.96,0.64,SENSFLTIND
66133,2025-11-18,64,4823.98,4799.75,4845.65,4799.75,5688.96,4608.92,237753044.6,238673,2818,22.86,0.47,MICRFININD
66134,2025-11-18,65,12816.54,12757.41,12929.65,12749.42,14671.87,11763.82,211354393.4,394705,3186,59.13,0.46,LIFINSIND
66135,2025-11-18,66,19.88,19.86,19.89,19.72,21.98,18.9,3883885.62,422324,461,0.01,0.08,MUTUALIND
66136,2025-11-18,67,103.54,102.73,104.1,102.11,122.47,97.68,314466562.4,606304,2519,1.22,1.19,INVIDX
66154,2025-11-19,51,1331.4,1334.44,1340.16,1326.13,1561.48,1296.0,211862146.8,867557,4471,-1.96,-0.14,BANKSUBIND
66155,2025-11-19,52,6559.72,6489.85,6592.35,6481.96,7489.08,5895.07,47114215.6,71529,655,75.59,1.16,HOTELIND
66156,2025-11-19,53,2306.05,2323.52,2330.02,2294.96,2774.99,1897.38,231779850.3,258389,3308,-7.63,-0.32,OTHERSIND
66157,2025-11-19,54,3343.71,3354.35,3362.03,3322.29,3941.95,3147.74,2064107594.8,4683852,29143,-4.75,-0.14,HYDPOWIND
66158,2025-11-19,55,5323.5,5374.84,5406.82,5303.3,6557.35,5078.65,209849004.2,327912,1843,-58.85,-1.09,DEVBANKIND
66159,2025-11-19,56,7354.25,7326.84,7387.05,7326.84,8190.94,6625.97,239833876.0,328533,2007,31.29,0.42,MANPROCIND
66160,2025-11-19,57,442.26,443.75,445.76,440.52,518.59,434.97,1556490504.1,3441719,14765,-1.26,-0.28,SENSIND
66161,2025-11-19,58,2561.08,2570.92,2580.09,2550.62,3002.07,2487.17,3736002021.6,7566544,49884,-4.98,-0.19,NEPSE
66162,2025-11-19,59,10559.42,10620.75,10643.33,10517.01,13705.07,10448.66,55199902.6,88113,854,-61.32,-0.57,NONLIFIND
66163,2025-11-19,60,2260.68,2276.36,2294.98,2248.88,3691.9,2157.02,67040651.7,131661,1000,-15.63,-0.68,FININD
66164,2025-11-19,61,3814.5,3870.76,3875.95,3771.92,5362.34,3493.72,8054156.5,1545,67,12.31,0.32,TRDIND
66165,2025-11-19,62,174.99,175.7,176.32,174.31,206.25,170.57,3736002021.6,7566544,49884,-0.51,-0.29,FLOATIND
66166,2025-11-19,63,149.91,150.5,151.17,149.24,177.3,145.59,1556490504.1,3441719,14765,-0.45,-0.3,SENSFLTIND
66150,2025-11-19,64,4820.79,4827.23,4851.56,4798.59,5688.96,4608.92,206169039.3,193293,2322,-3.18,-0.06,MICRFININD
66151,2025-11-19,65,12747.65,12813.83,12861.49,12695.48,14671.87,11763.82,167124887.5,306114,2495,-68.88,-0.53,LIFINSIND
66152,2025-11-19,66,19.95,19.91,19.95,19.81,21.98,18.9,6392001.91,701862,455,0.07,0.35,MUTUALIND
66153,2025-11-19,67,103.08,103.61,104.07,102.54,122.47,97.68,227866696.3,308046,1719,-0.46,-0.44,INVIDX
66171,2025-11-20,51,1327.01,1331.4,1334.4,1323.37,1561.48,1296.0,257454569.9,1068329,5191,-4.38,-0.32,BANKSUBIND
66172,2025-11-20,52,6631.12,6575.54,6661.34,6575.54,7489.08,5895.07,87783575.2,145054,1502,71.4,1.08,HOTELIND
66173,2025-11-20,53,2312.97,2306.05,2322.33,2295.73,2774.99,1897.38,263705955.9,279285,3470,6.92,0.3,OTHERSIND
66174,2025-11-20,54,3347.03,3340.66,3365.14,3320.3,3941.95,3147.74,2624929875.4,6134990,40223,3.32,0.09,HYDPOWIND
66175,2025-11-20,55,5318.72,5304.87,5323.68,5259.32,6557.35,5078.65,412094335.2,575143,2681,-4.78,-0.08,DEVBANKIND
66176,2025-11-20,56,7377.86,7377.86,7434.71,7348.91,8190.94,6625.97,209220154.4,295394,2379,23.6,0.32,MANPROCIND
66177,2025-11-20,57,440.65,442.07,442.24,439.66,518.59,434.97,1411726971.1,3276481,15229,-1.61,-0.36,SENSIND
66178,2025-11-20,58,2560.29,2559.88,2563.92,2549.82,3002.07,2487.17,4658881231.94,9504544,65364,-0.79,-0.03,NEPSE
66179,2025-11-20,59,10526.69,10559.42,10575.14,10498.72,13705.07,10448.66,59990261.8,94631,1023,-32.73,-0.3,NONLIFIND
66180,2025-11-20,60,2244.53,2263.16,2268.98,2236.91,3691.9,2157.02,75273805.2,146123,1196,-16.15,-0.71,FININD
66181,2025-11-20,61,3821.1,3814.5,3833.37,3751.23,5362.34,3493.72,13829035.0,2608,136,6.59,0.17,TRDIND
66182,2025-11-20,62,174.8,174.94,175.04,174.25,206.25,170.57,4658881231.94,9504544,65364,-0.18,-0.1,FLOATIND
66183,2025-11-20,63,149.37,149.92,149.95,148.93,177.3,145.59,1411726971.1,3276481,15229,-0.54,-0.36,SENSFLTIND
66167,2025-11-20,64,4834.02,4816.14,4835.12,4790.32,5688.96,4608.92,350685964.2,301887,3110,13.23,0.27,MICRFININD
66168,2025-11-20,65,12729.38,12738.73,12763.24,12664.27,14671.87,11763.82,142108219.64,249065,2832,-18.26,-0.14,LIFINSIND
66169,2025-11-20,66,19.87,19.94,19.96,19.77,21.98,18.9,7453059.7,846000,513,-0.08,-0.41,MUTUALIND
66170,2025-11-20,67,102.55,102.67,103.09,102.21,122.47,97.68,161805480.1,212035,1621,-0.52,-0.51,INVIDX
66188,2025-11-23,51,1345.15,1328.42,1345.97,1327.25,1561.48,1296.0,336015235.0,1292775,6263,18.14,1.36,BANKSUBIND
66189,2025-11-23,52,6735.57,6679.84,6803.17,6664.45,7489.08,5895.07,72588912.0,114094,2609,104.44,1.57,HOTELIND
66190,2025-11-23,53,2340.44,2312.42,2365.61,2312.25,2774.99,1897.38,396352919.0,415060,4040,27.46,1.18,OTHERSIND
66191,2025-11-23,54,3391.59,3347.23,3397.13,3337.85,3941.95,3147.74,2894038983.2,7396208,41105,44.56,1.33,HYDPOWIND
66192,2025-11-23,55,5417.0,5318.36,5417.57,5301.5,6557.35,5078.65,329156507.3,607710,2936,98.27,1.84,DEVBANKIND
66193,2025-11-23,56,7493.59,7399.36,7522.08,7399.36,8190.94,6625.97,280653073.1,411694,2792,115.73,1.56,MANPROCIND
66194,2025-11-23,57,448.29,441.31,448.29,441.18,518.59,434.97,2569685546.4,4635001,20083,7.63,1.73,SENSIND
66195,2025-11-23,58,2600.22,2562.34,2600.93,2562.34,3002.07,2487.17,6191880996.7,12376471,74974,39.92,1.55,NEPSE
66196,2025-11-23,59,10736.39,10526.69,10753.74,10503.05,13705.07,10448.66,116929612.4,177316,1643,209.7,1.99,NONLIFIND
66197,2025-11-23,60,2280.69,2244.97,2285.86,2244.97,3691.9,2157.02,89332616.5,177741,1406,36.15,1.61,FININD
66198,2025-11-23,61,3830.66,3821.1,3872.53,3756.29,5362.34,3493.72,13801830.4,2596,104,9.56,0.25,TRDIND
66199,2025-11-23,62,177.85,174.97,177.85,174.95,206.25,170.57,6191880996.7,12376471,74974,3.05,1.74,FLOATIND
66200,2025-11-23,63,152.03,149.63,152.03,149.57,177.3,145.59,2569685546.4,4635001,20083,2.66,1.78,SENSFLTIND
66184,2025-11-23,64,4922.81,4823.73,4922.81,4823.73,5688.96,4608.92,405267936.8,408496,4289,88.78,1.83,MICRFININD
66185,2025-11-23,65,13054.93,12720.47,13060.39,12716.29,14671.87,11763.82,413142855.0,697547,5254,325.54,2.55,LIFINSIND
66186,2025-11-23,66,19.82,19.87,19.88,19.71,21.98,18.9,4048602.48,444361,587,-0.04,-0.23,MUTUALIND
66187,2025-11-23,67,104.64,103.11,104.64,102.98,122.47,97.68,844600516.0,675234,2533,2.09,2.03,INVIDX
66205,2025-11-24,51,1364.11,1343.33,1364.47,1343.06,1561.48,1296.0,355731155.0,1366010,6121,18.95,1.4,BANKSUBIND
66206,2025-11-24,52,6886.58,6754.84,6914.76,6754.84,7489.08,5895.07,91639084.4,132415,5636,151.01,2.24,HOTELIND
66207,2025-11-24,53,2379.15,2349.28,2380.87,2343.1,2774.99,1897.38,519200042.5,530785,4196,38.71,1.65,OTHERSIND
66208,2025-11-24,54,3418.88,3392.94,3426.04,3390.05,3941.95,3147.74,2500473508.6,6053327,33297,27.28,0.8,HYDPOWIND
66209,2025-11-24,55,5483.05,5401.01,5485.71,5398.09,6557.35,5078.65,329426585.4,636087,2524,66.05,1.21,DEVBANKIND
66210,2025-11-24,56,7773.52,7517.84,7773.52,7501.92,8190.94,6625.97,448240759.6,610210,3098,279.92,3.73,MANPROCIND
66211,2025-11-24,57,456.13,448.45,456.15,448.32,518.59,434.97,2551209928.1,5343653,23610,7.84,1.74,SENSIND
66212,2025-11-24,58,2650.66,2601.2,2650.66,2601.11,3002.07,2487.17,6980366743.6,13178676,78804,50.44,1.94,NEPSE
66213,2025-11-24,59,11057.54,10736.39,11057.58,10736.39,13705.07,10448.66,222655336.3,347300,2425,321.14,2.99,NONLIFIND
66214,2025-11-24,60,2313.22,2283.16,2313.88,2283.16,3691.9,2157.02,100476768.1,198364,1398,32.53,1.42,FININD
66215,2025-11-24,61,3859.95,3830.66,3883.04,3788.88,5362.34,3493.72,23989428.4,4431,114,29.29,0.76,TRDIND
66216,2025-11-24,62,181.44,177.95,181.44,177.94,206.25,170.57,6980366743.6,13178676,78804,3.59,2.01,FLOATIND
66217,2025-11-24,63,154.85,152.18,154.85,152.12,177.3,145.59,2551209928.1,5343653,23610,2.81,1.85,SENSFLTIND
66201,2025-11-24,64,5018.08,4926.91,5018.08,4923.77,5688.96,4608.92,509634341.5,495283,4804,95.27,1.93,MICRFININD
66202,2025-11-24,65,13699.92,13091.51,13732.22,13071.91,14671.87,11763.82,1338242672.4,2147409,11879,644.99,4.94,LIFINSIND
66203,2025-11-24,66,19.98,19.81,19.98,19.69,21.98,18.9,7174920.78,777273,518,0.15,0.79,MUTUALIND
66204,2025-11-24,67,106.56,104.3,106.57,104.3,122.47,97.68,540657061.4,657055,3312,1.92,1.83,INVIDX
66222,2025-11-25,51,1366.9,1366.22,1370.64,1355.11,1561.48,1296.0,308138614.2,1160664,6319,2.79,0.2,BANKSUBIND
66223,2025-11-25,52,6983.91,6904.94,6992.03,6884.59,7489.08,5895.07,299131708.0,390763,34714,97.32,1.41,HOTELIND
66224,2025-11-25,53,2391.03,2389.62,2400.87,2367.06,2774.99,1897.38,459344878.3,484808,4305,11.87,0.49,OTHERSIND
66225,2025-11-25,54,3425.46,3423.44,3434.79,3399.28,3941.95,3147.74,2432643080.0,5814007,33931,6.57,0.19,HYDPOWIND
66226,2025-11-25,55,5469.65,5480.23,5482.76,5433.22,6557.35,5078.65,216098726.1,389704,1859,-13.39,-0.24,DEVBANKIND
66227,2025-11-25,56,7874.89,7747.29,7887.1,7747.29,8190.94,6625.97,375817764.0,501159,3300,101.37,1.3,MANPROCIND
66228,2025-11-25,57,457.53,456.49,457.53,453.17,518.59,434.97,2298950541.3,4931767,21762,1.39,0.3,SENSIND
66229,2025-11-25,58,2655.99,2654.28,2658.19,2635.55,3002.07,2487.17,5772367029.9,11399410,101790,5.32,0.2,NEPSE
66230,2025-11-25,59,11129.71,11077.99,11129.71,10933.22,13705.07,10448.66,155824285.7,239469,1730,72.17,0.65,NONLIFIND
66231,2025-11-25,60,2313.72,2312.53,2331.99,2297.21,3691.9,2157.02,90055367.0,177816,1202,0.49,0.02,FININD
66232,2025-11-25,61,3808.5,3859.95,3883.67,3807.22,5362.34,3497.1,5638498.6,1072,69,-51.45,-1.33,TRDIND
66233,2025-11-25,62,181.9,181.78,181.9,180.27,206.25,170.57,5772367029.9,11399410,101790,0.46,0.25,FLOATIND
66234,2025-11-25,63,155.35,155.1,155.35,153.7,177.3,145.59,2298950541.3,4931767,21762,0.5,0.32,SENSFLTIND
66218,2025-11-25,64,5020.56,5015.94,5021.51,4970.1,5688.96,4608.92,374178085.5,356330,3918,2.47,0.04,MICRFININD
66219,2025-11-25,65,13658.59,13760.68,13783.63,13489.85,14671.87,11763.82,633599987.1,1118416,7663,-41.33,-0.3,LIFINSIND
66220,2025-11-25,66,19.91,20.0,20.01,19.87,21.98,18.9,3210604.67,348421,494,-0.06,-0.34,MUTUALIND
66221,2025-11-25,67,106.81,106.58,107.19,105.79,122.47,97.68,421896035.4,765202,2780,0.24,0.23,INVIDX
66239,2025-11-26,51,1375.97,1367.82,1380.21,1362.19,1561.48,1296.0,376766843.2,1392938,6967,9.06,0.66,BANKSUBIND
66240,2025-11-26,52,7053.13,6983.91,7069.33,6938.89,7489.08,5895.07,261983149.2,356435,24310,69.22,0.99,HOTELIND
66241,2025-11-26,53,2402.0,2400.83,2410.06,2375.76,2774.99,1897.38,382313085.1,391037,3612,10.96,0.45,OTHERSIND
66242,2025-11-26,54,3435.32,3435.64,3446.2,3411.32,3941.95,3147.74,2458422748.8,6195320,32552,9.86,0.28,HYDPOWIND
66243,2025-11-26,55,5476.76,5455.41,5495.34,5433.23,6557.35,5078.65,261886517.8,476727,1968,7.1,0.12,DEVBANKIND
66244,2025-11-26,56,7933.59,7901.77,7948.18,7851.24,8190.94,6625.97,604034065.4,766723,4092,58.7,0.74,MANPROCIND
66245,2025-11-26,57,459.17,458.45,460.18,455.64,518.59,434.97,3159840300.2,5517383,24859,1.64,0.36,SENSIND
66246,2025-11-26,58,2665.6,2661.7,2671.91,2647.39,3002.07,2487.17,6633948936.4,12331791,90782,9.61,0.36,NEPSE
66247,2025-11-26,59,11092.21,11129.71,11138.32,11029.86,13705.07,10448.66,117488443.0,187294,1309,-37.5,-0.33,NONLIFIND
66248,2025-11-26,60,2309.86,2316.33,2320.34,2293.59,3691.9,2157.02,76051482.4,151166,1019,-3.85,-0.16,FININD
66249,2025-11-26,61,3834.46,3808.5,3869.53,3801.88,5362.34,3538.87,11123908.4,2084,69,25.95,0.68,TRDIND
66250,2025-11-26,62,182.45,182.36,182.96,181.16,206.25,170.57,6633948936.4,12331791,90782,0.54,0.3,FLOATIND
66251,2025-11-26,63,155.84,155.64,156.17,154.63,177.3,145.59,3159840300.2,5517383,24859,0.49,0.31,SENSFLTIND
66235,2025-11-26,64,5056.28,5017.08,5058.01,4990.75,5688.96,4608.92,674085147.5,613305,5465,35.71,0.71,MICRFININD
66236,2025-11-26,65,13613.7,13747.93,13748.74,13505.59,14671.87,11763.82,574039488.8,1039320,5821,-44.88,-0.32,LIFINSIND
66237,2025-11-26,66,19.9,19.94,19.94,19.81,21.98,18.9,9485853.15,1054368,629,-0.01,-0.05,MUTUALIND
66238,2025-11-26,67,106.63,107.44,107.44,105.96,122.47,97.68,835754056.8,759442,3598,-0.18,-0.17,INVIDX
66256,2025-11-27,51,1396.58,1377.9,1398.62,1369.86,1561.48,1296.0,661734370.6,2423278,9196,20.61,1.49,BANKSUBIND
66257,2025-11-27,52,7075.81,7053.13,7089.36,7018.0,7489.08,5895.07,199142650.9,268715,15709,22.68,0.32,HOTELIND
66258,2025-11-27,53,2400.69,2430.68,2430.68,2390.45,2774.99,1897.38,373118460.0,393853,4091,-1.3,-0.05,OTHERSIND
66259,2025-11-27,54,3435.92,3432.35,3442.87,3420.28,3941.95,3147.74,2588858270.3,6627952,31766,0.6,0.01,HYDPOWIND
66260,2025-11-27,55,5486.13,5462.7,5491.09,5456.22,6557.35,5078.65,304455188.2,568433,2692,9.37,0.17,DEVBANKIND
66261,2025-11-27,56,7912.19,7949.7,7964.51,7902.34,8190.94,6625.97,359768074.0,413175,3803,-21.4,-0.26,MANPROCIND
66262,2025-11-27,57,461.66,459.72,462.27,457.9,518.59,434.97,2789469162.3,6001034,24632,2.48,0.54,SENSIND
66263,2025-11-27,58,2676.03,2670.1,2678.29,2658.12,3002.07,2487.17,6592772483.1,13713256,85117,10.43,0.39,NEPSE
66264,2025-11-27,59,11103.43,11092.21,11156.61,11035.31,13705.07,10448.66,90721270.0,142620,1375,11.21,0.1,NONLIFIND
66265,2025-11-27,60,2300.99,2310.12,2317.2,2292.19,3674.25,2157.02,82258818.8,163183,1268,-8.87,-0.38,FININD
66266,2025-11-27,61,3828.81,3834.46,3878.03,3798.65,5362.34,3538.87,4390444.0,837,40,-5.64,-0.14,TRDIND
66267,2025-11-27,62,183.59,182.75,183.68,182.03,206.25,170.57,6592772483.1,13713256,85117,1.14,0.62,FLOATIND
66268,2025-11-27,63,157.06,156.09,157.21,155.62,177.3,145.59,2789469162.3,6001034,24632,1.21,0.77,SENSFLTIND
66252,2025-11-27,64,5038.17,5056.13,5056.13,5016.5,5688.96,4608.92,468342218.8,477023,4273,-18.1,-0.35,MICRFININD
66253,2025-11-27,65,13633.41,13630.83,13680.0,13529.46,14671.87,11763.82,649388933.9,1173664,6468,19.71,0.14,LIFINSIND
66254,2025-11-27,66,20.05,19.92,20.08,19.82,21.98,18.9,6746197.47,712139,614,0.15,0.78,MUTUALIND
66255,2025-11-27,67,107.52,106.78,107.63,106.56,122.47,97.68,810593783.6,1060523,4436,0.89,0.83,INVIDX
66273,2025-11-30,51,1381.49,1396.16,1402.96,1377.53,1561.48,1296.0,554251075.0,2067653,7483,-15.09,-1.08,BANKSUBIND
66274,2025-11-30,52,7054.89,7075.67,7098.79,7005.8,7489.08,5895.07,185072204.6,262542,8798,-20.92,-0.29,HOTELIND
66275,2025-11-30,53,2375.66,2391.13,2423.26,2361.88,2774.99,1897.38,443532756.5,499482,5195,-25.03,-1.04,OTHERSIND
66276,2025-11-30,54,3390.75,3437.86,3449.57,3386.1,3941.95,3147.74,3002195282.7,7516479,35245,-45.17,-1.31,HYDPOWIND
66277,2025-11-30,55,5425.91,5475.68,5510.78,5418.33,6557.35,5078.65,289119266.0,538415,2939,-60.22,-1.09,DEVBANKIND
66278,2025-11-30,56,7970.55,7942.32,8055.21,7942.32,8190.94,6625.97,429069630.6,575065,4224,58.36,0.73,MANPROCIND
66279,2025-11-30,57,456.98,461.42,463.92,455.66,518.59,434.97,2693484421.2,5788484,23888,-4.67,-1.01,SENSIND
66280,2025-11-30,58,2649.52,2674.69,2694.89,2644.13,3002.07,2487.17,6989153104.5,14644046,83081,-26.51,-0.99,NEPSE
66281,2025-11-30,59,11026.69,11103.43,11233.98,11007.25,13705.07,10448.66,165384058.8,290050,1979,-76.73,-0.69,NONLIFIND
66282,2025-11-30,60,2281.71,2303.68,2321.17,2275.83,3638.25,2157.02,168237898.7,340185,1747,-19.28,-0.83,FININD
66283,2025-11-30,61,3809.02,3828.81,4166.66,3776.66,5362.34,3538.87,15275934.1,2943,133,-19.78,-0.51,TRDIND
66284,2025-11-30,62,181.53,183.55,184.41,181.14,206.25,170.57,6989153104.5,14644046,83081,-2.06,-1.12,FLOATIND
66285,2025-11-30,63,155.39,157.03,157.85,154.98,177.3,145.59,2693484421.2,5788484,23888,-1.66,-1.05,SENSFLTIND
66269,2025-11-30,64,4972.36,5032.04,5041.18,4956.92,5688.96,4608.92,491116979.9,460162,4810,-65.8,-1.3,MICRFININD
66270,2025-11-30,65,13468.67,13641.5,13818.69,13434.09,14671.87,11763.82,794958512.2,1380569,7387,-164.73,-1.2,LIFINSIND
66271,2025-11-30,66,20.06,20.09,20.1,19.93,21.98,18.9,6694374.2,723723,594,0.0,0.04,MUTUALIND
66272,2025-11-30,67,105.92,107.21,107.78,105.2,122.47,97.68,450939505.4,710501,3141,-1.6,-1.48,INVIDX
66290,2025-12-01,51,1372.0,1379.73,1383.45,1364.28,1561.48,1296.0,435519601.1,1603010,6088,-9.48,-0.68,BANKSUBIND
66291,2025-12-01,52,7051.51,7046.42,7107.6,6984.1,7489.08,5895.07,186359743.5,247361,7332,-3.37,-0.04,HOTELIND
66292,2025-12-01,53,2371.3,2375.97,2391.0,2360.02,2774.99,1897.38,353382026.1,363588,3198,-4.35,-0.18,OTHERSIND
66293,2025-12-01,54,3398.5,3394.63,3408.35,3373.22,3941.95,3147.74,1868912395.8,4456550,24739,7.75,0.22,HYDPOWIND
66294,2025-12-01,55,5440.3,5413.32,5449.33,5404.54,6557.35,5078.65,298181887.7,459253,2223,14.39,0.26,DEVBANKIND
66295,2025-12-01,56,7995.2,7978.84,8043.06,7965.5,8190.94,6625.97,205595938.5,253546,2624,24.64,0.3,MANPROCIND
66296,2025-12-01,57,455.26,457.08,457.74,453.35,518.59,434.97,1584550869.9,3627476,16125,-1.72,-0.37,SENSIND
66297,2025-12-01,58,2645.24,2648.34,2658.42,2630.66,3002.07,2487.17,4646837437.5,9333151,59637,-4.28,-0.16,NEPSE
66298,2025-12-01,59,11026.0,11026.69,11102.74,10920.96,13705.07,10448.66,85149320.1,145166,1089,-0.68,0.0,NONLIFIND
66299,2025-12-01,60,2302.65,2281.71,2322.05,2280.67,3530.39,2157.02,136913565.9,274467,1669,20.93,0.91,FININD
66300,2025-12-01,61,3804.92,3809.02,3875.24,3733.22,5362.34,3538.87,7768084.0,1570,82,-4.1,-0.1,TRDIND
66301,2025-12-01,62,181.05,181.44,181.96,180.18,206.25,170.57,4646837437.5,9333151,59637,-0.47,-0.26,FLOATIND
66302,2025-12-01,63,154.62,155.5,155.68,154.01,177.3,145.59,1584550869.9,3627476,16125,-0.76,-0.49,SENSFLTIND
66286,2025-12-01,64,5002.82,4970.11,5013.39,4964.91,5688.96,4608.92,430466302.1,429803,4066,30.45,0.61,MICRFININD
66287,2025-12-01,65,13398.71,13437.87,13523.17,13337.72,14671.87,11763.82,379103031.3,688250,4546,-69.96,-0.51,LIFINSIND
66288,2025-12-01,66,20.03,20.06,20.07,19.91,21.98,18.9,11470317.96,1233213,615,-0.03,-0.17,MUTUALIND
66289,2025-12-01,67,105.14,105.92,106.33,104.75,122.47,97.68,259485541.4,410587,1981,-0.78,-0.73,INVIDX
66307,2025-12-02,51,1363.97,1370.28,1370.28,1360.55,1561.48,1296.0,273688891.5,949864,4569,-8.03,-0.58,BANKSUBIND
66308,2025-12-02,52,7007.21,7060.13,7067.0,6979.53,7489.08,5895.07,85369406.0,113432,4064,-44.29,-0.62,HOTELIND
66309,2025-12-02,53,2371.38,2351.72,2393.26,2351.72,2774.99,1897.38,255670150.6,273142,2734,0.07,0.0,OTHERSIND
66310,2025-12-02,54,3422.39,3397.64,3430.36,3386.13,3941.95,3147.74,2482485482.4,5696191,29562,23.89,0.7,HYDPOWIND
66311,2025-12-02,55,5450.02,5419.57,5483.11,5411.3,6557.35,5078.65,300148713.7,424196,2248,9.72,0.17,DEVBANKIND
66312,2025-12-02,56,8036.16,7995.2,8084.09,7994.65,8190.94,6625.97,194250836.7,264508,2267,40.96,0.51,MANPROCIND
66313,2025-12-02,57,453.99,454.5,455.82,453.02,518.59,434.97,1293772434.51,3015165,13870,-1.26,-0.27,SENSIND
66314,2025-12-02,58,2644.7,2640.9,2652.52,2638.17,3002.07,2487.17,4428897079.21,8982522,55222,-0.53,-0.02,NEPSE
66315,2025-12-02,59,11055.42,11026.0,11113.3,10989.23,13705.07,10448.66,79995900.3,129395,924,29.41,0.26,NONLIFIND
66316,2025-12-02,60,2309.09,2302.65,2323.91,2299.84,3509.03,2157.02,119009703.91,235767,1324,6.44,0.27,FININD
66317,2025-12-02,61,3833.67,3804.92,3836.52,3758.49,5362.34,3538.87,2369375.0,451,26,28.74,0.75,TRDIND
66318,2025-12-02,62,180.96,180.81,181.57,180.49,206.25,170.57,4428897079.21,8982522,55222,-0.08,-0.04,FLOATIND
66319,2025-12-02,63,154.24,154.39,154.91,153.9,177.3,145.59,1293772434.51,3015165,13870,-0.38,-0.24,SENSFLTIND
66303,2025-12-02,64,4999.48,4991.29,5029.31,4981.73,5688.96,4608.92,263244594.5,252602,2927,-3.33,-0.06,MICRFININD
66304,2025-12-02,65,13322.01,13383.02,13469.04,13277.31,14671.87,11763.82,239056466.2,427058,3168,-76.69,-0.57,LIFINSIND
66305,2025-12-02,66,20.08,20.06,20.19,20.06,21.98,18.9,16707270.16,1713207,570,0.05,0.27,MUTUALIND
66306,2025-12-02,67,105.09,105.14,105.22,104.65,122.47,97.68,133607558.4,215916,1409,-0.04,-0.04,INVIDX
66324,2025-12-03,51,1354.09,1366.17,1370.85,1349.92,1561.48,1296.0,304792486.7,1204363,4935,-9.87,-0.72,BANKSUBIND
66325,2025-12-03,52,7045.25,7003.97,7149.71,6952.68,7489.08,5895.07,246730794.6,311166,6049,38.04,0.54,HOTELIND
66326,2025-12-03,53,2358.72,2380.91,2401.94,2353.2,2774.99,1897.38,437981759.5,488288,5246,-12.65,-0.53,OTHERSIND
66327,2025-12-03,54,3405.27,3432.55,3442.58,3395.19,3941.95,3147.74,2274601007.9,5130394,29757,-17.12,-0.5,HYDPOWIND
66328,2025-12-03,55,5413.62,5439.55,5461.63,5392.27,6557.35,5078.65,229956591.8,420841,2322,-36.4,-0.66,DEVBANKIND
66329,2025-12-03,56,8056.25,8042.02,8159.14,8013.94,8190.94,6625.97,349280553.1,422350,3760,20.08,0.24,MANPROCIND
66330,2025-12-03,57,450.96,454.16,455.71,449.96,518.59,434.97,1645784094.1,3626293,16107,-3.03,-0.66,SENSIND
66331,2025-12-03,58,2631.17,2647.41,2658.97,2622.88,3002.07,2487.17,5204981201.8,10032760,66677,-13.52,-0.51,NEPSE
66332,2025-12-03,59,10974.64,11077.53,11082.8,10896.66,13705.07,10448.66,103758092.1,159961,1287,-80.77,-0.73,NONLIFIND
66333,2025-12-03,60,2345.95,2309.09,2375.8,2309.09,3509.03,2157.02,396992687.4,747641,3617,36.86,1.59,FININD
66334,2025-12-03,61,3824.6,3833.67,3872.27,3764.16,5362.34,3538.87,14721849.7,2787,98,-9.07,-0.23,TRDIND
66335,2025-12-03,62,179.95,181.17,181.88,179.51,206.25,170.57,5204981201.8,10032760,66677,-1.01,-0.55,FLOATIND
66336,2025-12-03,63,153.19,154.31,154.87,152.82,177.3,145.59,1645784094.1,3626293,16107,-1.04,-0.68,SENSFLTIND
66320,2025-12-03,64,4975.17,4994.19,5020.18,4956.73,5688.96,4608.92,409799183.0,386353,3921,-24.3,-0.48,MICRFININD
66321,2025-12-03,65,13164.05,13299.38,13387.6,13140.99,14671.87,11763.82,296619557.3,523578,4192,-157.96,-1.18,LIFINSIND
66322,2025-12-03,66,20.17,20.11,20.17,19.98,21.98,18.9,6848367.63,740759,567,0.08,0.44,MUTUALIND
66323,2025-12-03,67,104.55,105.05,105.79,104.03,122.47,97.68,139746638.7,235038,1493,-0.54,-0.51,INVIDX
66341,2025-12-07,51,1345.87,1350.32,1353.88,1340.36,1561.48,1296.0,307715771.2,1125389,6628,-8.22,-0.6,BANKSUBIND
66342,2025-12-07,52,6960.45,7059.13,7099.36,6929.42,7489.08,5895.07,185037614.2,237197,7146,-84.79,-1.2,HOTELIND
66343,2025-12-07,53,2355.74,2359.14,2382.28,2340.95,2774.99,1897.38,363299512.7,394788,4916,-2.97,-0.12,OTHERSIND
66344,2025-12-07,54,3363.48,3403.2,3403.44,3355.22,3941.95,3147.74,2136072161.5,5054848,28783,-41.78,-1.22,HYDPOWIND
66345,2025-12-07,55,5362.84,5395.31,5427.09,5347.46,6557.35,5078.65,233979849.1,418962,2212,-50.77,-0.93,DEVBANKIND
66346,2025-12-07,56,7982.27,8084.28,8129.04,7972.02,8190.94,6625.97,665382559.9,547519,24438,-73.98,-0.91,MANPROCIND
66347,2025-12-07,57,448.25,450.34,451.05,446.91,518.59,434.97,1715382750.5,3821166,17823,-2.7,-0.6,SENSIND
66348,2025-12-07,58,2609.69,2629.69,2636.97,2602.95,3002.07,2487.17,5278168933.9,9803610,88856,-21.48,-0.81,NEPSE
66349,2025-12-07,59,10872.52,10984.71,10984.71,10797.11,13705.07,10448.66,76126933.6,114836,1119,-102.12,-0.93,NONLIFIND
66350,2025-12-07,60,2322.33,2340.41,2358.88,2312.17,3465.29,2157.02,301439982.2,589601,2584,-23.61,-1.0,FININD
66351,2025-12-07,61,3778.24,3824.6,3824.6,3757.52,5074.47,3538.87,5781163.4,1107,48,-46.35,-1.21,TRDIND
66352,2025-12-07,62,178.38,179.85,180.24,177.89,206.25,170.57,5278168933.9,9803610,88856,-1.57,-0.87,FLOATIND
66353,2025-12-07,63,152.05,153.01,153.23,151.56,177.3,145.59,1715382750.5,3821166,17823,-1.14,-0.74,SENSFLTIND
66337,2025-12-07,64,4923.12,4970.61,4970.61,4908.91,5688.96,4608.92,437456475.1,397200,4166,-52.05,-1.04,MICRFININD
66338,2025-12-07,65,13085.1,13164.05,13317.03,13035.07,14671.87,11763.82,301662991.2,533477,4726,-78.94,-0.59,LIFINSIND
66339,2025-12-07,66,20.02,20.16,20.16,19.93,21.9,18.9,4766531.16,516653,663,-0.14,-0.71,MUTUALIND
66340,2025-12-07,67,103.6,104.71,105.12,103.58,122.47,97.68,264213919.8,388686,2090,-0.94,-0.9,INVIDX
66358,2025-12-08,51,1336.84,1344.33,1349.04,1336.0,1561.48,1296.0,264542126.7,997007,6095,-9.03,-0.67,BANKSUBIND
66359,2025-12-08,52,6943.87,6954.67,7001.66,6911.51,7489.08,5895.07,103979430.0,137275,5189,-16.58,-0.23,HOTELIND
66360,2025-12-08,53,2350.57,2355.53,2371.8,2342.56,2774.99,1897.38,367475598.1,380845,10821,-5.16,-0.21,OTHERSIND
66361,2025-12-08,54,3367.76,3366.09,3376.5,3344.28,3941.95,3147.74,2234205647.4,5427729,28730,4.27,0.12,HYDPOWIND
66362,2025-12-08,55,5356.52,5355.2,5390.76,5335.45,6557.35,5078.65,253315208.1,433080,2373,-6.31,-0.11,DEVBANKIND
66363,2025-12-08,56,8031.38,8009.95,8080.08,7976.02,8190.94,6625.97,391186517.1,333937,16330,49.11,0.61,MANPROCIND
66364,2025-12-08,57,446.75,448.34,449.33,446.05,518.59,434.97,1833663598.7,4158884,18631,-1.5,-0.33,SENSIND
66365,2025-12-08,58,2606.67,2609.66,2618.22,2601.38,3002.07,2487.17,4619249036.9,9121488,82368,-3.02,-0.11,NEPSE
66366,2025-12-08,59,10878.89,10872.52,10912.42,10802.63,13705.07,10448.66,80090666.9,107333,1193,6.37,0.05,NONLIFIND
66367,2025-12-08,60,2308.88,2323.59,2330.11,2296.46,3347.93,2157.02,158736431.4,300104,1828,-13.45,-0.57,FININD
66368,2025-12-08,61,3793.88,3778.24,3808.75,3760.24,4993.01,3538.87,5407329.0,1022,52,15.64,0.41,TRDIND
66369,2025-12-08,62,178.08,178.39,178.83,177.74,206.25,170.57,4619249036.9,9121488,82368,-0.3,-0.17,FLOATIND
66370,2025-12-08,63,151.52,152.08,152.4,151.27,177.3,145.59,1833663598.7,4158884,18631,-0.52,-0.34,SENSFLTIND
66354,2025-12-08,64,4908.46,4918.65,4928.72,4883.8,5688.96,4608.92,328499042.9,311176,3747,-14.65,-0.29,MICRFININD
66355,2025-12-08,65,13150.59,13110.48,13201.69,13011.77,14671.87,11763.82,271305231.4,456335,4447,65.48,0.5,LIFINSIND
66356,2025-12-08,66,20.02,20.02,20.04,19.87,21.74,18.9,8460685.02,913738,680,0.0,-0.01,MUTUALIND
66357,2025-12-08,67,103.43,103.48,104.24,103.26,122.47,97.68,160505807.9,235645,1563,-0.17,-0.16,INVIDX
66375,2025-12-09,51,1334.87,1338.58,1341.12,1332.69,1561.48,1296.0,338327544.0,1361280,5631,-1.97,-0.14,BANKSUBIND
66376,2025-12-09,52,7005.37,6921.44,7028.66,6921.44,7489.08,5895.07,90672898.1,119843,3874,61.5,0.88,HOTELIND
66377,2025-12-09,53,2358.67,2350.12,2366.25,2341.99,2774.99,1897.38,234975114.4,251153,5384,8.09,0.34,OTHERSIND
66378,2025-12-09,54,3396.24,3369.51,3396.24,3359.47,3941.95,3147.74,1772634082.8,4122314,24885,28.47,0.84,HYDPOWIND
66379,2025-12-09,55,5373.18,5357.65,5392.13,5338.62,6557.35,5078.65,238990891.3,363899,1944,16.65,0.31,DEVBANKIND
66380,2025-12-09,56,8074.41,8021.08,8092.69,8021.08,8190.94,6625.97,241949360.9,289322,8636,43.02,0.53,MANPROCIND
66381,2025-12-09,57,447.05,446.94,448.29,446.26,518.59,434.97,1544099377.7,3697251,15947,0.3,0.06,SENSIND
66382,2025-12-09,58,2614.07,2607.35,2620.57,2605.6,3002.07,2487.17,3714903279.0,7687535,61822,7.39,0.28,NEPSE
66383,2025-12-09,59,10859.38,10889.23,10920.48,10807.57,13705.07,10448.66,63307742.1,95832,1151,-19.5,-0.17,NONLIFIND
66384,2025-12-09,60,2314.11,2308.88,2321.75,2299.34,3347.93,2157.02,117083568.4,224258,1311,5.22,0.22,FININD
66385,2025-12-09,61,3793.24,3793.88,3829.52,3763.59,4993.01,3538.87,3829594.5,730,40,-0.63,-0.01,TRDIND
66386,2025-12-09,62,178.47,178.19,178.9,177.95,206.25,170.57,3714903279.0,7687535,61822,0.39,0.21,FLOATIND
66387,2025-12-09,63,151.63,151.63,152.09,151.36,177.3,145.59,1544099377.7,3697251,15947,0.1,0.07,SENSFLTIND
66371,2025-12-09,64,4905.08,4906.76,4931.96,4891.66,5688.96,4608.92,208449300.0,199788,2743,-3.38,-0.06,MICRFININD
66372,2025-12-09,65,13258.94,13193.8,13291.59,13091.66,14671.87,11763.82,256649619.5,460554,4725,108.35,0.82,LIFINSIND
66373,2025-12-09,66,20.1,20.04,20.1,19.95,21.74,18.9,8596802.83,924699,528,0.07,0.37,MUTUALIND
66374,2025-12-09,67,103.6,103.08,103.99,103.08,122.47,97.68,148033563.0,198562,1498,0.17,0.16,INVIDX
66392,2025-12-10,51,1334.17,1333.29,1341.25,1331.46,1561.48,1296.0,213807903.6,797631,5289,-0.69,-0.05,BANKSUBIND
66393,2025-12-10,52,7000.28,7019.75,7026.27,6951.36,7489.08,5895.07,106606020.1,142838,4502,-5.08,-0.07,HOTELIND
66394,2025-12-10,53,2349.25,2368.27,2368.27,2330.49,2774.99,1897.38,268213834.7,281892,6884,-9.41,-0.39,OTHERSIND
66395,2025-12-10,54,3373.55,3394.01,3400.01,3366.27,3941.95,3147.74,1579010395.0,3780447,24077,-22.68,-0.66,HYDPOWIND
66396,2025-12-10,55,5357.23,5350.15,5389.3,5339.21,6557.35,5078.65,163525764.6,296251,1741,-15.95,-0.29,DEVBANKIND
66397,2025-12-10,56,8173.29,8103.11,8173.29,8019.78,8190.94,6625.97,520753873.0,586683,36655,98.88,1.22,MANPROCIND
66398,2025-12-10,57,446.18,446.67,448.21,445.37,518.59,434.97,1173426649.1,2688968,14614,-0.86,-0.19,SENSIND
66399,2025-12-10,58,2609.03,2613.84,2618.53,2596.7,3002.07,2487.17,3694107562.7,7183563,90563,-5.03,-0.19,NEPSE
66400,2025-12-10,59,10820.79,10859.38,10873.36,10748.09,13705.07,10448.66,67758772.7,115627,977,-38.59,-0.35,NONLIFIND
66401,2025-12-10,60,2300.85,2314.11,2323.72,2291.34,3347.93,2157.02,145292413.9,268536,1506,-13.25,-0.57,FININD
66402,2025-12-10,61,3792.38,3793.24,3805.81,3688.59,4993.01,3538.87,15297985.9,2967,95,-0.86,-0.02,TRDIND
66403,2025-12-10,62,178.16,178.45,178.83,177.51,206.25,170.57,3694107562.7,7183563,90563,-0.31,-0.17,FLOATIND
66404,2025-12-10,63,151.34,151.54,152.02,151.05,177.3,145.59,1173426649.1,2688968,14614,-0.28,-0.18,SENSFLTIND
66388,2025-12-10,64,4890.43,4900.88,4907.07,4875.65,5688.96,4608.92,200894809.2,193111,2734,-14.65,-0.29,MICRFININD
66389,2025-12-10,65,13230.44,13275.94,13370.07,13203.4,14671.87,11763.82,285671958.0,532403,4814,-28.49,-0.21,LIFINSIND
66390,2025-12-10,66,20.18,20.1,20.18,19.96,21.72,18.9,12553636.84,1293118,587,0.07,0.39,MUTUALIND
66391,2025-12-10,67,103.26,103.21,104.08,102.68,122.47,97.68,127273832.0,185177,1289,-0.33,-0.32,INVIDX
66409,2025-12-11,51,1336.3,1334.08,1336.57,1328.65,1561.48,1296.0,241330063.6,916588,5082,2.13,0.15,BANKSUBIND
66410,2025-12-11,52,6961.98,7000.28,7000.28,6936.95,7489.08,5895.07,93660144.4,124211,3941,-38.3,-0.54,HOTELIND
66411,2025-12-11,53,2334.38,2346.85,2354.79,2328.64,2774.99,1897.38,232501742.4,239447,5684,-14.87,-0.63,OTHERSIND
66412,2025-12-11,54,3361.16,3369.45,3379.89,3355.15,3941.95,3147.74,1549971319.7,3781994,22086,-12.39,-0.36,HYDPOWIND
66413,2025-12-11,55,5346.66,5348.54,5371.49,5328.33,6557.35,5078.65,140920731.7,287623,1710,-10.56,-0.19,DEVBANKIND
66414,2025-12-11,56,8249.12,8171.13,8258.28,8158.56,8249.12,6625.97,389454508.3,459605,19103,75.83,0.92,MANPROCIND
66415,2025-12-11,57,446.3,446.13,446.96,444.81,518.59,434.97,1193073843.2,2787721,14224,0.11,0.02,SENSIND
66416,2025-12-11,58,2607.37,2608.1,2611.99,2601.5,3002.07,2487.17,3464156132.1,7003773,68966,-1.66,-0.06,NEPSE
66417,2025-12-11,59,10802.52,10820.79,10846.16,10717.27,13705.07,10448.66,57985976.5,90027,1008,-18.26,-0.16,NONLIFIND
66418,2025-12-11,60,2285.87,2299.36,2307.29,2280.35,3347.93,2157.02,87275250.0,173700,1233,-14.98,-0.65,FININD
66419,2025-12-11,61,3795.31,3792.38,3799.65,3737.99,4993.01,3538.87,11385138.0,2129,49,2.92,0.07,TRDIND
66420,2025-12-11,62,178.05,178.15,178.44,177.63,206.25,170.57,3464156132.1,7003773,68966,-0.1,-0.06,FLOATIND
66421,2025-12-11,63,151.27,151.38,151.58,150.85,177.3,145.59,1193073843.2,2787721,14224,-0.07,-0.04,SENSFLTIND
66405,2025-12-11,64,4895.01,4887.27,4895.18,4875.16,5688.96,4608.92,234589893.8,234761,2963,4.58,0.09,MICRFININD
66406,2025-12-11,65,13255.41,13257.22,13297.68,13184.93,14671.87,11763.82,275490816.6,473459,4744,24.96,0.18,LIFINSIND
66407,2025-12-11,66,20.1,20.18,20.18,20.03,21.72,18.9,6074354.37,664050,545,-0.07,-0.38,MUTUALIND
66408,2025-12-11,67,102.96,103.16,103.64,102.69,122.47,97.68,149590547.1,220229,1363,-0.3,-0.29,INVIDX
66426,2025-12-14,51,1336.95,1337.02,1344.33,1330.53,1561.48,1296.0,353146039.3,1298673,5850,0.64,0.04,BANKSUBIND
66427,2025-12-14,52,6900.46,6937.99,6959.36,6879.81,7489.08,5895.07,124193149.0,181606,4180,-61.52,-0.88,HOTELIND
66428,2025-12-14,53,2323.7,2339.68,2349.46,2314.46,2774.99,1897.38,248518453.2,268731,4332,-10.67,-0.45,OTHERSIND
66429,2025-12-14,54,3329.78,3357.11,3367.01,3319.47,3941.95,3147.74,1542027923.31,3669553,22023,-31.38,-0.93,HYDPOWIND
66430,2025-12-14,55,5328.07,5331.11,5356.2,5304.65,6557.35,5078.65,158691977.3,277239,1624,-18.59,-0.34,DEVBANKIND
66431,2025-12-14,56,8189.9,8238.93,8277.43,8178.39,8249.12,6625.97,312144810.2,371751,9381,-59.22,-0.71,MANPROCIND
66432,2025-12-14,57,445.5,446.39,447.62,444.16,518.59,434.97,1424148361.8,3321142,15778,-0.79,-0.17,SENSIND
66433,2025-12-14,58,2594.87,2607.05,2614.31,2587.88,3002.07,2487.17,3685864382.31,7446108,59726,-12.5,-0.47,NEPSE
66434,2025-12-14,59,10766.07,10823.26,10925.2,10739.68,13705.07,10448.66,81719291.5,129915,1166,-36.45,-0.33,NONLIFIND
66435,2025-12-14,60,2269.29,2285.87,2299.53,2264.22,3259.52,2157.02,134552263.3,255957,1590,-16.57,-0.72,FININD
66436,2025-12-14,61,3772.72,3795.31,3798.08,3729.86,4930.08,3538.87,13267670.9,2482,28,-22.58,-0.59,TRDIND
66437,2025-12-14,62,177.28,178.11,178.6,176.82,206.25,170.57,3685864382.31,7446108,59726,-0.77,-0.43,FLOATIND
66438,2025-12-14,63,150.96,151.4,151.79,150.48,177.3,145.59,1424148361.8,3321142,15778,-0.3,-0.2,SENSFLTIND
66422,2025-12-14,64,4882.33,4890.48,4907.73,4860.75,5688.96,4608.92,295963638.3,295547,3515,-12.68,-0.25,MICRFININD
66423,2025-12-14,65,13139.75,13277.74,13291.38,13127.26,14671.87,11763.82,255470569.5,445013,4537,-115.65,-0.87,LIFINSIND
66424,2025-12-14,66,20.2,20.1,20.21,19.96,21.72,18.9,9976195.59,1032745,661,0.1,0.51,MUTUALIND
66425,2025-12-14,67,102.27,102.74,103.8,102.17,122.47,97.68,166168596.5,249641,1500,-0.69,-0.67,INVIDX
66443,2025-12-15,51,1346.68,1338.22,1346.68,1330.27,1561.48,1296.0,549350046.6,2014534,6324,9.73,0.72,BANKSUBIND
66444,2025-12-15,52,6892.28,6900.46,6946.72,6825.49,7489.08,5895.07,67663592.1,96985,3367,-8.18,-0.11,HOTELIND
66445,2025-12-15,53,2319.71,2304.45,2334.51,2304.45,2774.99,1897.38,212955445.3,230943,3669,-3.99,-0.17,OTHERSIND
66446,2025-12-15,54,3332.07,3326.69,3336.54,3315.12,3941.95,3147.74,1283221373.0,3176434,20639,2.29,0.06,HYDPOWIND
66447,2025-12-15,55,5345.99,5319.2,5357.73,5295.86,6557.35,5078.65,198487155.3,381775,1737,17.91,0.33,DEVBANKIND
66448,2025-12-15,56,8233.85,8204.9,8247.96,8176.34,8249.12,6625.97,268962621.9,294426,8440,43.95,0.53,MANPROCIND
66449,2025-12-15,57,447.52,445.59,447.52,444.07,518.59,434.97,1450148552.3,3698291,15092,2.01,0.45,SENSIND
66450,2025-12-15,58,2601.61,2593.57,2602.89,2587.23,3002.07,2487.17,3414736694.9,7380705,55424,6.74,0.25,NEPSE
66451,2025-12-15,59,10776.29,10766.07,10799.21,10723.53,13705.07,10448.66,58945140.1,97761,1041,10.22,0.09,NONLIFIND
66452,2025-12-15,60,2289.77,2274.76,2291.97,2264.6,3176.79,2157.02,143595265.4,259432,1572,20.48,0.9,FININD
66453,2025-12-15,61,3782.91,3772.72,3792.54,3731.23,4877.61,3538.87,7366978.0,1382,23,10.18,0.27,TRDIND
66454,2025-12-15,62,177.9,177.27,177.9,176.73,206.25,170.57,3414736694.9,7380705,55424,0.62,0.35,FLOATIND
66455,2025-12-15,63,151.75,151.02,151.75,150.41,177.3,145.59,1450148552.3,3698291,15092,0.78,0.51,SENSFLTIND
66439,2025-12-15,64,4878.29,4880.86,4887.4,4860.64,5688.96,4608.92,237714864.2,245554,2778,-4.04,-0.08,MICRFININD
66440,2025-12-15,65,13180.32,13171.18,13190.9,13096.95,14671.87,11763.82,207332296.5,358286,4172,40.57,0.3,LIFINSIND
66441,2025-12-15,66,20.18,20.2,20.22,20.05,21.52,18.9,2386598.93,254023,466,-0.02,-0.11,MUTUALIND
66442,2025-12-15,67,102.18,102.27,102.56,101.7,122.47,97.68,179141916.5,223193,1662,-0.08,-0.08,INVIDX
66460,2025-12-16,51,1351.42,1346.04,1353.15,1344.69,1561.48,1296.0,215062003.2,814389,5258,4.73,0.35,BANKSUBIND
66461,2025-12-16,52,6995.56,6892.28,6995.56,6892.28,7489.08,5895.07,120219021.7,155113,3909,103.27,1.49,HOTELIND
66462,2025-12-16,53,2346.48,2328.27,2346.48,2319.14,2774.99,1897.38,231564781.5,290982,4056,26.76,1.15,OTHERSIND
66463,2025-12-16,54,3357.92,3326.98,3357.97,3321.75,3941.95,3147.74,1354413878.3,3289335,20662,25.84,0.77,HYDPOWIND
66464,2025-12-16,55,5429.91,5338.35,5429.91,5326.49,6557.35,5078.65,271998934.0,542478,2571,83.91,1.56,DEVBANKIND
66465,2025-12-16,56,8271.97,8231.54,8292.69,8219.94,8271.97,6625.97,188784669.0,227016,6085,38.12,0.46,MANPROCIND
66466,2025-12-16,57,450.67,447.41,450.67,447.35,518.59,434.97,1333287314.4,3051745,15568,3.15,0.7,SENSIND
66467,2025-12-16,58,2619.99,2601.81,2619.99,2600.86,3002.07,2487.17,3250538446.7,6597927,54275,18.37,0.7,NEPSE
66468,2025-12-16,59,10871.22,10789.95,10876.3,10743.77,13705.07,10448.66,34408901.3,52261,946,94.93,0.88,NONLIFIND
66469,2025-12-16,60,2299.2,2291.85,2306.5,2285.84,3176.79,2157.02,108805137.9,202476,1263,9.42,0.41,FININD
66470,2025-12-16,61,3782.38,3782.91,3786.09,3727.33,4877.61,3538.87,4709639.0,892,43,-0.52,-0.01,TRDIND
66471,2025-12-16,62,179.22,177.91,179.22,177.82,206.25,170.57,3250538446.7,6597927,54275,1.32,0.74,FLOATIND
66472,2025-12-16,63,152.77,151.72,152.78,151.66,177.3,145.59,1333287314.4,3051745,15568,1.02,0.67,SENSFLTIND
66456,2025-12-16,64,4920.59,4880.89,4920.59,4871.23,5688.96,4608.92,276903901.8,278373,3238,42.3,0.86,MICRFININD
66457,2025-12-16,65,13272.4,13180.32,13278.78,13172.39,14671.87,11763.82,257170339.0,493956,4636,92.07,0.69,LIFINSIND
66458,2025-12-16,66,20.2,20.18,20.24,20.12,21.52,18.9,9165830.84,950059,593,0.02,0.13,MUTUALIND
66459,2025-12-16,67,102.88,102.18,102.97,102.12,122.47,97.68,186497240.0,250656,1608,0.7,0.68,INVIDX
66477,2025-12-17,51,1355.67,1355.02,1357.85,1351.59,1561.48,1296.0,238118575.1,855319,4949,4.24,0.31,BANKSUBIND
66478,2025-12-17,52,6969.58,7009.67,7028.87,6963.19,7489.08,5895.07,84766081.7,115817,2876,-25.97,-0.37,HOTELIND
66479,2025-12-17,53,2347.72,2356.74,2366.13,2339.61,2774.99,1897.38,284853079.3,331705,4381,1.24,0.05,OTHERSIND
66480,2025-12-17,54,3362.51,3353.63,3372.7,3351.61,3941.95,3147.74,1675818675.0,3929912,21857,4.59,0.13,HYDPOWIND
66481,2025-12-17,55,5468.56,5427.94,5499.47,5411.35,6557.35,5078.65,299371405.8,508332,2834,38.65,0.71,DEVBANKIND
66482,2025-12-17,56,8305.5,8278.94,8337.82,8259.55,8305.5,6625.97,199769400.2,230209,5645,33.52,0.4,MANPROCIND
66483,2025-12-17,57,451.86,451.26,452.7,450.71,518.59,434.97,1411380641.4,3035177,15908,1.18,0.26,SENSIND
66484,2025-12-17,58,2625.69,2622.32,2632.81,2619.14,3002.07,2487.17,3970795521.1,7866774,57309,5.7,0.21,NEPSE
66485,2025-12-17,59,10830.81,10884.89,10943.77,10768.28,13705.07,10448.66,64582803.6,103357,1161,-40.41,-0.37,NONLIFIND
66486,2025-12-17,60,2339.66,2301.31,2351.79,2298.87,3176.79,2157.02,367799402.0,652708,2969,40.46,1.75,FININD
66487,2025-12-17,61,3771.82,3782.38,3801.04,3769.52,4877.61,3538.87,2111091.0,410,26,-10.55,-0.27,TRDIND
66488,2025-12-17,62,179.75,179.38,180.16,179.26,206.25,170.57,3970795521.1,7866774,57309,0.52,0.29,FLOATIND
66489,2025-12-17,63,153.22,152.99,153.5,152.8,177.3,145.59,1411380641.4,3035177,15908,0.45,0.29,SENSFLTIND
66473,2025-12-17,64,4924.47,4914.15,4946.87,4909.17,5688.96,4608.92,285477196.3,292540,3336,3.87,0.07,MICRFININD
66474,2025-12-17,65,13360.21,13281.22,13427.16,13274.63,14671.87,11763.82,352979027.4,654342,5728,87.81,0.66,LIFINSIND
66475,2025-12-17,66,20.31,20.21,20.31,20.09,21.41,18.9,5682434.54,604492,579,0.1,0.5,MUTUALIND
66476,2025-12-17,67,102.92,102.7,103.27,102.54,122.47,97.68,115148783.7,192123,1547,0.04,0.04,INVIDX
66494,2025-12-18,51,1352.65,1357.97,1360.46,1347.48,1561.48,1296.0,286506369.2,1021360,5423,-3.01,-0.22,BANKSUBIND
66495,2025-12-18,52,6969.94,6983.62,6984.15,6908.84,7489.08,5895.07,105970663.9,144876,3284,0.35,0.0,HOTELIND
66496,2025-12-18,53,2319.73,2372.19,2372.19,2317.57,2774.99,1897.38,232194676.3,261174,3751,-27.99,-1.19,OTHERSIND
66497,2025-12-18,54,3343.72,3363.02,3367.25,3337.45,3941.95,3147.74,2019266342.5,4543053,25388,-18.78,-0.55,HYDPOWIND
66498,2025-12-18,55,5461.51,5443.15,5475.68,5423.87,6557.35,5078.65,345522396.5,513647,3291,-7.04,-0.12,DEVBANKIND
66499,2025-12-18,56,8290.93,8302.8,8340.87,8253.02,8305.5,6625.97,327601014.8,375886,6744,-14.57,-0.17,MANPROCIND
66500,2025-12-18,57,450.22,452.21,452.31,449.02,518.59,434.97,1551140244.7,3307922,16241,-1.63,-0.36,SENSIND
66501,2025-12-18,58,2615.03,2629.77,2631.09,2608.89,3002.07,2487.17,4519835898.3,8704810,63152,-10.66,-0.4,NEPSE
66502,2025-12-18,59,10854.91,10857.36,10860.66,10770.02,13705.07,10448.66,85003247.6,135787,1190,24.1,0.22,NONLIFIND
66503,2025-12-18,60,2303.73,2337.46,2348.93,2302.49,3176.79,2157.02,220637446.1,382005,2070,-35.93,-1.53,FININD
66504,2025-12-18,61,3790.16,3771.82,3795.67,3736.73,4877.61,3538.87,9829817.5,1844,56,18.34,0.48,TRDIND
66505,2025-12-18,62,179.05,180.01,180.1,178.56,206.25,170.57,4519835898.3,8704810,63152,-0.7,-0.38,FLOATIND
66506,2025-12-18,63,152.81,153.41,153.44,152.35,177.3,145.59,1551140244.7,3307922,16241,-0.41,-0.26,SENSFLTIND
66490,2025-12-18,64,4900.31,4925.82,4931.93,4882.24,5688.96,4608.92,304168789.0,294558,4104,-24.15,-0.49,MICRFININD
66491,2025-12-18,65,13270.69,13371.68,13398.78,13249.68,14671.87,11763.82,426809962.4,792350,6157,-89.51,-0.67,LIFINSIND
66492,2025-12-18,66,20.24,20.31,20.31,20.17,21.35,18.9,21588655.45,2397502,624,-0.06,-0.32,MUTUALIND
66493,2025-12-18,67,102.5,102.94,103.51,102.02,122.47,97.68,156325172.5,238270,1694,-0.42,-0.41,INVIDX
66511,2025-12-21,51,1346.24,1354.96,1354.96,1343.83,1561.48,1296.0,263502289.3,980076,5682,-6.41,-0.47,BANKSUBIND
66512,2025-12-21,52,6855.73,6952.54,6985.02,6841.15,7489.08,5895.07,97786470.8,138971,3627,-114.2,-1.63,HOTELIND
66513,2025-12-21,53,2309.95,2310.26,2327.89,2298.6,2774.99,1897.38,261339291.1,298053,3888,-9.77,-0.42,OTHERSIND
66514,2025-12-21,54,3314.79,3341.46,3342.31,3303.77,3941.95,3147.74,1773517787.1,4707348,25006,-28.93,-0.86,HYDPOWIND
66515,2025-12-21,55,5383.91,5446.37,5446.37,5359.74,6557.35,5078.65,393918558.3,659652,3931,-77.6,-1.42,DEVBANKIND
66516,2025-12-21,56,8283.24,8280.14,8316.65,8252.83,8305.5,6625.97,254069512.6,284639,7802,-7.68,-0.09,MANPROCIND
66517,2025-12-21,57,448.26,450.46,450.46,447.0,518.59,434.97,1386366226.0,3138544,16608,-1.96,-0.43,SENSIND
66518,2025-12-21,58,2595.1,2614.64,2616.25,2588.73,3002.07,2487.17,4446665465.65,9119939,69456,-19.92,-0.76,NEPSE
66519,2025-12-21,59,10767.72,10863.36,10863.36,10721.26,13705.07,10448.66,81766208.2,121533,1394,-87.19,-0.8,NONLIFIND
66520,2025-12-21,60,2272.69,2303.73,2303.73,2264.91,3158.55,2157.02,165457620.7,296113,1825,-31.03,-1.34,FININD
66521,2025-12-21,61,3751.68,3790.16,3790.16,3730.3,4877.61,3538.87,9183191.0,1736,55,-38.48,-1.01,TRDIND
66522,2025-12-21,62,177.7,179.07,179.15,177.25,206.25,170.57,4446665465.65,9119939,69456,-1.35,-0.75,FLOATIND
66523,2025-12-21,63,152.06,152.92,152.92,151.68,177.3,145.59,1386366226.0,3138544,16608,-0.74,-0.49,SENSFLTIND
66507,2025-12-21,64,4867.35,4897.05,4903.18,4829.49,5688.96,4608.92,443495165.6,352153,7989,-32.95,-0.67,MICRFININD
66508,2025-12-21,65,13068.95,13310.42,13310.42,13056.94,14671.87,11763.82,533935990.75,979173,6605,-201.73,-1.52,LIFINSIND
66509,2025-12-21,66,20.28,20.24,20.38,20.19,21.3,18.9,17975327.2,1911960,758,0.03,0.19,MUTUALIND
66510,2025-12-21,67,101.9,102.5,102.5,101.59,122.47,97.68,168693380.2,300492,1652,-0.6,-0.58,INVIDX
66528,2025-12-22,51,1341.46,1350.29,1350.67,1336.29,1561.48,1296.0,262286081.0,942262,5150,-4.77,-0.35,BANKSUBIND
66529,2025-12-22,52,6768.76,6834.3,6855.01,6748.41,7489.08,5895.07,104856466.5,153770,3706,-86.96,-1.26,HOTELIND
66530,2025-12-22,53,2293.95,2300.88,2319.4,2290.06,2774.99,1897.38,164314514.2,190189,3309,-15.99,-0.69,OTHERSIND
66531,2025-12-22,54,3292.9,3317.26,3317.26,3286.8,3941.95,3147.74,1419719382.94,3594645,21822,-21.89,-0.66,HYDPOWIND
66532,2025-12-22,55,5363.69,5370.94,5375.8,5325.36,6557.35,5078.65,243712831.7,438689,2618,-20.21,-0.37,DEVBANKIND
66533,2025-12-22,56,8256.3,8287.73,8302.94,8247.2,8305.5,6625.97,275652787.8,329785,13075,-26.93,-0.32,MANPROCIND
66534,2025-12-22,57,446.01,448.99,449.23,444.81,518.59,434.97,1145405890.3,2668483,14281,-2.25,-0.5,SENSIND
66535,2025-12-22,58,2581.21,2595.08,2597.16,2574.84,3002.07,2487.17,3473635162.24,7201906,64398,-13.88,-0.53,NEPSE
66536,2025-12-22,59,10718.77,10766.04,10766.04,10655.15,13705.07,10448.66,49835080.6,83434,1011,-48.94,-0.45,NONLIFIND
66537,2025-12-22,60,2269.12,2268.2,2283.64,2260.06,3158.55,2157.02,173185563.7,304315,1613,-3.57,-0.15,FININD
66538,2025-12-22,61,3773.32,3751.68,3784.76,3744.45,4877.61,3538.87,8559729.1,1596,53,21.64,0.57,TRDIND
66539,2025-12-22,62,176.72,177.69,177.85,176.21,206.25,170.57,3473635162.24,7201906,64398,-0.97,-0.55,FLOATIND
66540,2025-12-22,63,151.31,152.27,152.36,150.86,177.3,145.59,1145405890.3,2668483,14281,-0.74,-0.48,SENSFLTIND
66524,2025-12-22,64,4844.99,4863.27,4864.81,4816.18,5688.96,4608.92,291657324.7,259418,5076,-22.36,-0.45,MICRFININD
66525,2025-12-22,65,12936.56,13020.87,13040.93,12916.59,14671.87,11763.82,352338041.2,663991,5289,-132.39,-1.01,LIFINSIND
66526,2025-12-22,66,20.27,20.28,20.28,20.19,21.22,18.9,16896836.06,1838584,639,-0.01,-0.06,MUTUALIND
66527,2025-12-22,67,100.9,102.16,102.35,100.54,122.47,97.68,127517358.8,239812,1676,-0.99,-0.97,INVIDX
66545,2025-12-23,51,1342.84,1342.52,1345.63,1335.14,1561.48,1296.0,255975896.5,1006089,5882,1.37,0.1,BANKSUBIND
66546,2025-12-23,52,6776.18,6756.4,6815.71,6729.9,7489.08,5895.07,78785213.7,112695,3381,7.41,0.1,HOTELIND
66547,2025-12-23,53,2323.43,2285.14,2325.35,2284.37,2774.99,1897.38,175308697.0,206072,3340,29.47,1.28,OTHERSIND
66548,2025-12-23,54,3302.68,3293.12,3302.74,3274.05,3941.95,3147.74,1237612390.1,3125938,19480,9.78,0.29,HYDPOWIND
66549,2025-12-23,55,5354.74,5353.79,5366.33,5329.12,6557.35,5078.65,167376264.8,324105,1870,-8.95,-0.16,DEVBANKIND
66550,2025-12-23,56,8277.12,8261.98,8302.54,8215.42,8305.5,6625.97,547466259.8,654239,45026,20.82,0.25,MANPROCIND
66551,2025-12-23,57,447.58,445.81,447.58,444.37,518.59,434.97,1165148538.7,2676826,15399,1.57,0.35,SENSIND
66552,2025-12-23,58,2584.49,2579.33,2584.72,2568.94,3002.07,2487.17,3398406752.2,6805033,91951,3.27,0.12,NEPSE
66553,2025-12-23,59,10701.32,10718.77,10723.19,10621.16,13705.07,10448.66,50729595.8,79010,1023,-17.45,-0.16,NONLIFIND
66554,2025-12-23,60,2273.66,2266.99,2273.79,2255.52,3158.55,2157.02,156596546.4,278389,1545,4.53,0.2,FININD
66555,2025-12-23,61,3773.09,3773.32,3779.81,3749.55,4877.61,3538.87,10937034.8,2042,52,-0.22,0.0,TRDIND
66556,2025-12-23,62,176.85,176.66,176.87,175.78,206.25,170.57,3398406752.2,6805033,91951,0.13,0.07,FLOATIND
66557,2025-12-23,63,151.63,151.3,151.73,150.67,177.3,145.59,1165148538.7,2676826,15399,0.31,0.2,SENSFLTIND
66541,2025-12-23,64,4853.4,4840.14,4857.51,4814.93,5688.96,4608.92,275394198.8,273450,4198,8.41,0.17,MICRFININD
66542,2025-12-23,65,12834.4,12930.41,12969.25,12778.66,14671.87,11763.82,265748581.0,525235,4405,-102.15,-0.78,LIFINSIND
66543,2025-12-23,66,20.24,20.27,20.27,20.12,20.77,18.9,7361951.37,760495,557,-0.02,-0.11,MUTUALIND
66544,2025-12-23,67,100.55,100.5,101.55,99.99,122.47,98.19,176476073.5,217769,1749,-0.35,-0.34,INVIDX
66562,2025-12-24,51,1349.94,1342.11,1349.94,1337.0,1561.48,1296.0,300676926.5,1107120,5585,7.1,0.52,BANKSUBIND
66563,2025-12-24,52,6801.23,6757.48,6864.17,6757.48,7489.08,5895.07,61152238.7,88660,2350,25.05,0.36,HOTELIND
66564,2025-12-24,53,2316.89,2339.95,2339.95,2313.53,2774.99,1897.38,155375668.4,184054,2636,-6.53,-0.28,OTHERSIND
66565,2025-12-24,54,3292.94,3300.78,3314.76,3286.01,3941.95,3147.74,1294522870.1,3247740,18228,-9.74,-0.29,HYDPOWIND
66566,2025-12-24,55,5308.77,5349.94,5363.52,5301.94,6557.35,5078.65,206995496.5,351223,1998,-45.96,-0.85,DEVBANKIND
66567,2025-12-24,56,8286.66,8270.81,8322.77,8265.72,8305.5,6625.97,301745055.1,378954,19912,9.54,0.11,MANPROCIND
66568,2025-12-24,57,448.53,447.91,448.69,445.94,518.59,434.97,1250067861.1,2788769,15213,0.94,0.21,SENSIND
66569,2025-12-24,58,2585.87,2585.59,2593.57,2577.63,3002.07,2487.17,3194128898.8,6619629,62018,1.37,0.05,NEPSE
66570,2025-12-24,59,10794.83,10701.32,10798.97,10646.43,13705.07,10448.66,63961439.6,99833,969,93.51,0.87,NONLIFIND
66571,2025-12-24,60,2260.93,2264.18,2290.39,2260.66,3158.55,2157.02,220953384.9,365597,1723,-12.72,-0.55,FININD
66572,2025-12-24,61,3783.38,3778.81,3842.31,3711.02,4877.61,3538.87,9048598.8,1698,52,10.28,0.27,TRDIND
66573,2025-12-24,62,177.03,176.82,177.42,176.32,206.25,170.57,3194128898.8,6619629,62018,0.17,0.1,FLOATIND
66574,2025-12-24,63,152.09,151.51,152.09,151.12,177.3,145.59,1250067861.1,2788769,15213,0.46,0.3,SENSFLTIND
66558,2025-12-24,64,4845.58,4844.72,4856.3,4829.03,5688.96,4608.92,281340655.9,277240,3831,-7.82,-0.16,MICRFININD
66559,2025-12-24,65,12824.59,12865.98,12919.84,12792.38,14671.87,11763.82,199803707.3,389498,3512,-9.81,-0.07,LIFINSIND
66560,2025-12-24,66,20.33,20.24,20.33,20.12,20.77,18.9,4880901.25,506422,580,0.09,0.45,MUTUALIND
66561,2025-12-24,67,100.5,100.55,101.19,100.39,122.47,98.44,98552857.0,128012,1222,-0.04,-0.04,INVIDX
66579,2025-12-28,51,1372.47,1350.68,1373.53,1350.6,1561.48,1296.0,470561655.9,1735572,8429,22.53,1.66,BANKSUBIND
66580,2025-12-28,52,6895.56,6817.36,6906.25,6803.29,7489.08,5895.07,78273375.0,111298,3119,94.32,1.38,HOTELIND
66581,2025-12-28,53,2376.14,2319.31,2377.23,2319.31,2774.99,1897.38,345688579.0,380680,4585,59.24,2.55,OTHERSIND
66582,2025-12-28,54,3357.97,3294.86,3358.2,3293.0,3941.95,3147.74,2334976827.9,5768100,28393,65.03,1.97,HYDPOWIND
66583,2025-12-28,55,5430.33,5294.71,5430.33,5294.71,6557.35,5078.65,224930825.6,453615,2574,121.55,2.28,DEVBANKIND
66584,2025-12-28,56,8443.46,8274.06,8443.46,8268.11,8443.46,6625.97,570195232.3,761383,23864,156.79,1.89,MANPROCIND
66585,2025-12-28,57,456.78,448.62,456.94,448.55,518.59,434.97,2285861595.9,4937489,23309,8.25,1.84,SENSIND
66586,2025-12-28,58,2633.42,2586.81,2633.8,2586.41,3002.07,2487.17,5466507619.2,11355864,88102,47.55,1.83,NEPSE
66587,2025-12-28,59,10978.68,10794.83,10981.09,10787.18,13705.07,10448.66,116229937.8,183240,1751,183.85,1.7,NONLIFIND
66588,2025-12-28,60,2322.11,2258.78,2322.11,2258.78,3124.69,2157.02,376080261.9,592913,2437,61.17,2.7,FININD
66589,2025-12-28,61,3810.95,3783.38,3811.38,3754.45,4877.61,3538.87,15292354.1,2817,100,27.57,0.72,TRDIND
66590,2025-12-28,62,180.44,177.13,180.46,177.09,206.25,170.57,5466507619.2,11355864,88102,3.4,1.92,FLOATIND
66591,2025-12-28,63,154.96,152.16,155.01,152.15,177.3,145.59,2285861595.9,4937489,23309,2.87,1.88,SENSFLTIND
66575,2025-12-28,64,4912.91,4845.52,4912.91,4845.52,5688.96,4608.92,374930285.1,364955,4860,67.32,1.38,MICRFININD
66576,2025-12-28,65,13071.76,12836.92,13082.44,12799.35,14671.87,11763.82,360432533.0,695171,5841,247.16,1.92,LIFINSIND
66577,2025-12-28,66,20.53,20.34,20.53,20.26,20.77,18.9,17931300.28,1914763,782,0.19,0.94,MUTUALIND
66578,2025-12-28,67,102.51,100.66,102.55,100.64,122.47,98.44,198915751.6,306120,2149,2.0,1.99,INVIDX
66596,2025-12-29,51,1367.16,1382.55,1385.11,1364.87,1561.48,1296.0,325623957.4,1168802,5788,-5.31,-0.38,BANKSUBIND
66597,2025-12-29,52,6887.15,6894.26,6953.86,6874.35,7489.08,5895.07,116067172.8,163796,2895,-8.4,-0.12,HOTELIND
66598,2025-12-29,53,2360.26,2375.98,2393.21,2354.3,2774.99,1897.38,266651150.0,297774,3623,-15.88,-0.66,OTHERSIND
66599,2025-12-29,54,3331.65,3360.48,3366.47,3320.16,3941.95,3147.74,1743670404.62,4377525,20971,-26.32,-0.78,HYDPOWIND
66600,2025-12-29,55,5466.97,5445.33,5497.53,5438.91,6557.35,5078.65,431271155.5,714048,3737,36.63,0.67,DEVBANKIND
66601,2025-12-29,56,8442.31,8438.24,8473.27,8400.14,8443.46,6625.97,596998351.7,749121,17800,-1.14,-0.01,MANPROCIND
66602,2025-12-29,57,455.31,458.21,459.42,454.36,518.59,434.97,1914179711.4,4039180,17980,-1.47,-0.32,SENSIND
66603,2025-12-29,58,2622.88,2640.16,2642.67,2618.19,3002.07,2487.17,4746051444.82,9266846,68651,-10.53,-0.4,NEPSE
66604,2025-12-29,59,10953.56,10997.88,11059.71,10912.13,13705.07,10448.66,121771754.3,189224,1510,-25.12,-0.22,NONLIFIND
66605,2025-12-29,60,2321.03,2319.07,2353.14,2310.88,3124.69,2157.02,346594004.6,559109,2581,-1.07,-0.04,FININD
66606,2025-12-29,61,3786.75,3810.95,3811.32,3741.95,4877.61,3538.87,21810270.5,4000,114,-24.2,-0.63,TRDIND
66607,2025-12-29,62,179.72,181.0,181.21,179.38,206.25,170.57,4746051444.82,9266846,68651,-0.71,-0.39,FLOATIND
66608,2025-12-29,63,154.35,155.45,155.79,154.03,177.3,145.59,1914179711.4,4039180,17980,-0.6,-0.39,SENSFLTIND
66592,2025-12-29,64,4908.72,4910.66,4951.48,4887.57,5688.96,4608.92,387474247.3,365041,4492,-4.18,-0.08,MICRFININD
66593,2025-12-29,65,12959.61,13114.54,13115.89,12939.17,14671.87,11763.82,245275733.1,457335,3724,-112.14,-0.85,LIFINSIND
66594,2025-12-29,66,20.58,20.53,20.59,20.37,20.77,18.9,6576579.33,691551,628,0.05,0.25,MUTUALIND
66595,2025-12-29,67,102.28,102.92,103.18,101.96,122.47,98.44,142843243.0,221071,1416,-0.23,-0.22,INVIDX
66613,2025-12-31,51,1370.63,1364.78,1375.69,1364.12,1561.48,1296.0,372435372.7,1301143,6050,3.46,0.25,BANKSUBIND
66614,2025-12-31,52,6950.92,6889.74,6990.4,6889.74,7489.08,5895.07,203031315.0,273558,3572,63.76,0.92,HOTELIND
66615,2025-12-31,53,2368.44,2360.26,2391.56,2356.98,2774.99,1897.38,406897762.7,440270,4788,8.17,0.34,OTHERSIND
66616,2025-12-31,54,3339.43,3336.56,3361.72,3330.81,3941.95,3147.74,2171029452.7,5123163,23910,7.78,0.23,HYDPOWIND
66617,2025-12-31,55,5491.68,5457.32,5527.88,5439.37,6557.35,5078.65,318620011.4,538632,2888,24.71,0.45,DEVBANKIND
66618,2025-12-31,56,8578.68,8446.46,8596.73,8433.76,8578.68,6625.97,522998390.1,624988,9513,136.36,1.61,MANPROCIND
66619,2025-12-31,57,456.73,454.84,458.1,454.84,518.59,434.97,1790675545.0,3839360,17790,1.42,0.31,SENSIND
66620,2025-12-31,58,2633.76,2622.29,2643.64,2622.1,3002.07,2487.17,5057156262.9,9863052,63082,10.87,0.41,NEPSE
66621,2025-12-31,59,10994.86,10944.23,11031.95,10929.36,13705.07,10448.66,86144224.7,130903,1218,41.29,0.37,NONLIFIND
66622,2025-12-31,60,2322.58,2319.71,2348.95,2312.38,3124.69,2157.02,220383653.5,377723,1724,1.55,0.06,FININD
66623,2025-12-31,61,3799.52,3786.75,3807.88,3771.66,4877.61,3538.87,9369179.0,1721,53,12.77,0.33,TRDIND
66624,2025-12-31,62,180.45,179.65,181.13,179.64,206.25,170.57,5057156262.9,9863052,63082,0.73,0.4,FLOATIND
66625,2025-12-31,63,154.79,154.18,155.33,154.16,177.3,145.59,1790675545.0,3839360,17790,0.43,0.28,SENSFLTIND
66609,2025-12-31,64,4924.62,4906.86,4938.83,4901.53,5688.96,4608.92,320763514.4,312368,4048,15.9,0.32,MICRFININD
66610,2025-12-31,65,13028.85,12984.11,13071.38,12984.11,14671.87,11763.82,281920095.7,533435,3987,69.23,0.53,LIFINSIND
66611,2025-12-31,66,20.68,20.58,20.68,20.43,20.77,18.9,15634180.05,1669360,636,0.09,0.47,MUTUALIND
66612,2025-12-31,67,102.49,102.16,103.22,102.13,122.47,98.44,143563291.0,205148,1331,0.21,0.2,INVIDX
66630,2026-01-01,51,1361.87,1371.11,1375.07,1357.22,1561.48,1296.0,290129474.9,1095915,4775,-8.75,-0.63,BANKSUBIND
66631,2026-01-01,52,6916.82,6973.06,6973.06,6873.66,7489.08,5895.07,150365932.3,201140,2907,-34.09,-0.49,HOTELIND
66632,2026-01-01,53,2368.71,2377.83,2381.96,2357.93,2774.99,1897.38,418624941.3,451890,5068,0.27,0.01,OTHERSIND
66633,2026-01-01,54,3329.15,3334.08,3345.91,3318.47,3941.95,3147.74,1772221382.5,4105285,24082,-10.27,-0.3,HYDPOWIND
66634,2026-01-01,55,5465.73,5486.53,5499.28,5438.85,6557.35,5164.35,243453473.5,397825,2043,-25.94,-0.47,DEVBANKIND
66635,2026-01-01,56,8542.8,8589.81,8636.72,8541.27,8578.68,6625.97,695671830.6,755411,13189,-35.87,-0.41,MANPROCIND
66636,2026-01-01,57,454.29,456.55,457.38,453.07,518.59,434.97,1594705989.9,3316498,15362,-2.43,-0.53,SENSIND
66637,2026-01-01,58,2620.92,2634.81,2637.1,2613.5,3002.07,2487.17,4600541027.0,8516859,63574,-12.83,-0.48,NEPSE
66638,2026-01-01,59,10973.65,10996.16,11021.25,10913.84,13705.07,10448.66,137349097.9,200753,1373,-21.2,-0.19,NONLIFIND
66639,2026-01-01,60,2305.2,2315.25,2334.13,2300.67,3124.69,2157.02,198414885.8,327474,1405,-17.38,-0.74,FININD
66640,2026-01-01,61,3758.02,3805.52,3805.52,3741.66,4877.61,3538.87,10809637.2,2012,79,-41.5,-1.09,TRDIND
66641,2026-01-01,62,179.6,180.52,180.75,179.1,206.25,170.57,4600541027.0,8516859,63574,-0.84,-0.47,FLOATIND
66642,2026-01-01,63,153.91,154.72,155.04,153.51,177.3,145.59,1594705989.9,3316498,15362,-0.88,-0.56,SENSFLTIND
66626,2026-01-01,64,4904.59,4920.66,4936.64,4874.92,5688.96,4608.92,297706341.8,290266,4098,-20.03,-0.4,MICRFININD
66627,2026-01-01,65,12927.06,13034.23,13053.09,12888.46,14671.87,11763.82,230169120.8,441640,3375,-101.78,-0.78,LIFINSIND
66628,2026-01-01,66,20.57,20.68,20.68,20.44,20.77,18.9,10906229.4,1113784,605,-0.11,-0.53,MUTUALIND
66629,2026-01-01,67,101.87,102.49,102.63,101.46,122.47,98.44,155624908.4,247248,1180,-0.62,-0.6,INVIDX
66647,2026-01-04,51,1359.93,1361.67,1368.53,1354.57,1561.48,1296.0,494480047.1,1707789,8829,-1.93,-0.14,BANKSUBIND
66648,2026-01-04,52,6960.2,6916.82,6975.48,6894.85,7489.08,5895.07,246633211.0,320953,4600,43.37,0.62,HOTELIND
66649,2026-01-04,53,2328.6,2358.79,2361.57,2316.35,2774.99,1897.38,383508939.54,401286,5390,-40.1,-1.69,OTHERSIND
66650,2026-01-04,54,3312.57,3324.66,3324.66,3304.06,3941.95,3147.74,1659679677.7,3890553,25390,-16.57,-0.49,HYDPOWIND
66651,2026-01-04,55,5421.57,5456.89,5456.89,5405.84,6557.35,5221.37,238545993.2,385542,2086,-44.16,-0.8,DEVBANKIND
66652,2026-01-04,56,8631.91,8521.16,8642.55,8489.59,8631.91,6625.97,990731579.5,982251,18901,89.1,1.04,MANPROCIND
66653,2026-01-04,57,451.07,453.79,453.92,450.13,518.59,434.97,1586282054.2,3567835,19621,-3.22,-0.7,SENSIND
66654,2026-01-04,58,2610.63,2616.86,2618.62,2604.42,3002.07,2487.17,4974280775.14,8987555,78840,-10.29,-0.39,NEPSE
66655,2026-01-04,59,10879.21,10952.48,10963.64,10815.83,13705.07,10448.66,72744974.7,117386,1270,-94.44,-0.86,NONLIFIND
66656,2026-01-04,60,2302.2,2299.78,2319.3,2295.03,3124.69,2157.02,253092387.9,404173,1662,-2.99,-0.13,FININD
66657,2026-01-04,61,3770.95,3758.02,3777.95,3706.66,4877.61,3538.87,13205728.7,2422,61,12.92,0.34,TRDIND
66658,2026-01-04,62,178.96,179.27,179.54,178.64,206.25,170.57,4974280775.14,8987555,78840,-0.63,-0.35,FLOATIND
66659,2026-01-04,63,153.21,153.7,153.95,152.91,177.3,145.59,1586282054.2,3567835,19621,-0.69,-0.45,SENSFLTIND
66643,2026-01-04,64,4888.78,4899.28,4905.08,4874.41,5688.96,4608.92,321177750.8,282211,5059,-15.81,-0.32,MICRFININD
66644,2026-01-04,65,12813.11,12911.87,12925.3,12792.48,14671.87,11763.82,185068121.4,340802,4066,-113.94,-0.88,LIFINSIND
66645,2026-01-04,66,20.51,20.57,20.58,20.39,20.77,18.9,11203942.4,1150616,690,-0.06,-0.29,MUTUALIND
66646,2026-01-04,67,101.53,101.45,102.11,101.28,122.47,98.44,115412363.6,152187,1526,-0.33,-0.32,INVIDX
66664,2026-01-05,51,1369.15,1360.35,1369.28,1358.56,1561.48,1296.0,398168793.9,1362734,6949,9.21,0.67,BANKSUBIND
66665,2026-01-05,52,7136.34,6960.2,7140.96,6960.2,7489.08,5895.07,259538274.9,327632,5042,176.14,2.53,HOTELIND
66666,2026-01-05,53,2345.73,2327.38,2352.83,2321.23,2774.99,1897.38,498953994.9,551651,6465,17.12,0.73,OTHERSIND
66667,2026-01-05,54,3360.38,3311.46,3360.75,3307.36,3941.95,3147.74,2354401047.0,5204012,31164,47.81,1.44,HYDPOWIND
66668,2026-01-05,55,5567.95,5405.51,5574.43,5404.69,6557.35,5221.37,434067791.1,854659,3495,146.38,2.7,DEVBANKIND
66669,2026-01-05,56,8895.26,8658.89,8895.26,8658.84,8895.26,6625.97,1225125590.9,1441177,14809,263.35,3.05,MANPROCIND
66670,2026-01-05,57,454.92,450.89,454.94,450.41,518.59,434.97,2206568529.0,4558622,21488,3.84,0.85,SENSIND
66671,2026-01-05,58,2639.37,2610.64,2639.56,2609.51,3002.07,2487.17,6427173485.7,11435614,83973,28.73,1.1,NEPSE
66672,2026-01-05,59,10942.25,10879.21,10942.25,10833.53,13705.07,10448.66,135560985.7,193617,1865,63.03,0.57,NONLIFIND
66673,2026-01-05,60,2321.52,2296.48,2321.52,2295.47,3124.69,2157.02,256030881.4,446279,2224,19.31,0.83,FININD
66674,2026-01-05,61,3779.38,3770.95,3787.02,3716.8,4877.61,3538.87,8318045.6,1553,74,8.42,0.22,TRDIND
66675,2026-01-05,62,180.98,178.96,181.0,178.86,206.25,170.57,6427173485.7,11435614,83973,2.01,1.12,FLOATIND
66676,2026-01-05,63,154.76,153.15,154.77,153.01,177.3,145.59,2206568529.0,4558622,21488,1.55,1.01,SENSFLTIND
66660,2026-01-05,64,4914.75,4888.72,4914.75,4876.93,5688.96,4608.92,359605911.5,332608,4991,25.97,0.53,MICRFININD
66661,2026-01-05,65,12876.94,12813.11,12887.07,12777.79,14671.87,11763.82,254182758.5,441727,4621,63.82,0.49,LIFINSIND
66662,2026-01-05,66,20.59,20.51,20.59,20.41,20.77,18.9,8526699.17,863699,744,0.08,0.43,MUTUALIND
66663,2026-01-05,67,102.81,101.53,103.03,101.3,122.47,98.83,243219410.3,277965,2274,1.27,1.25,INVIDX
66681,2026-01-06,51,1375.14,1369.15,1383.27,1368.88,1561.48,1296.0,635791966.8,2115414,7472,5.99,0.43,BANKSUBIND
66682,2026-01-06,52,7119.62,7162.08,7309.06,7109.92,7489.08,5895.07,269957771.9,335718,5327,-16.72,-0.23,HOTELIND
66683,2026-01-06,53,2363.9,2355.84,2380.17,2346.52,2774.99,1897.38,583181307.0,663254,6793,18.16,0.77,OTHERSIND
66684,2026-01-06,54,3365.15,3354.7,3386.39,3353.05,3941.95,3147.74,2691937986.3,6216163,32312,4.76,0.14,HYDPOWIND
66685,2026-01-06,55,5612.37,5564.25,5632.95,5554.58,6557.35,5221.37,453715531.1,807885,3993,44.41,0.79,DEVBANKIND
66686,2026-01-06,56,8849.22,8942.38,9055.19,8837.81,8895.26,6625.97,1125982807.8,1113810,16215,-46.04,-0.51,MANPROCIND
66687,2026-01-06,57,457.23,454.87,458.99,454.73,518.59,434.97,2790288643.5,5717902,23227,2.31,0.5,SENSIND
66688,2026-01-06,58,2649.3,2640.77,2662.66,2639.88,3002.07,2487.17,7056439756.6,13186988,87342,9.93,0.37,NEPSE
66689,2026-01-06,59,10950.42,10954.29,11054.81,10934.2,13705.07,10448.66,81816914.4,126506,1274,8.17,0.07,NONLIFIND
66690,2026-01-06,60,2388.16,2314.62,2388.16,2314.62,3124.69,2157.02,514866444.9,878728,4233,66.64,2.87,FININD
66691,2026-01-06,61,3799.88,3779.38,3802.45,3728.09,4877.61,3538.87,12037081.6,2242,80,20.5,0.54,TRDIND
66692,2026-01-06,62,181.7,181.07,182.68,181.01,206.25,170.57,7056439756.6,13186988,87342,0.71,0.39,FLOATIND
66693,2026-01-06,63,155.56,154.77,156.23,154.72,177.3,145.59,2790288643.5,5717902,23227,0.79,0.51,SENSFLTIND
66677,2026-01-06,64,4955.95,4908.21,4956.98,4907.56,5688.96,4608.92,313820892.0,294085,4015,41.19,0.83,MICRFININD
66678,2026-01-06,65,12882.53,12876.94,12993.85,12876.15,14671.87,11763.82,182781553.9,329495,3725,5.59,0.04,LIFINSIND
66679,2026-01-06,66,20.69,20.61,20.69,20.49,20.77,18.9,13701083.38,1388227,721,0.09,0.45,MUTUALIND
66680,2026-01-06,67,103.15,102.81,103.76,102.81,122.47,98.94,190549498.9,303688,1903,0.33,0.32,INVIDX
66698,2026-01-07,51,1371.75,1374.03,1377.87,1368.25,1561.48,1296.0,342993212.2,1122848,5511,-3.38,-0.24,BANKSUBIND
66699,2026-01-07,52,7019.96,7133.7,7149.62,7010.92,7489.08,5895.07,147799407.0,188442,3469,-99.66,-1.39,HOTELIND
66700,2026-01-07,53,2351.21,2373.29,2379.74,2345.08,2774.99,1897.38,361228142.2,393049,4770,-12.68,-0.53,OTHERSIND
66701,2026-01-07,54,3338.35,3367.92,3370.11,3324.85,3941.95,3147.74,1847726902.18,4402513,23937,-26.8,-0.79,HYDPOWIND
66702,2026-01-07,55,5564.95,5608.43,5621.1,5540.24,6557.35,5221.37,281998486.1,487148,2456,-47.42,-0.84,DEVBANKIND
66703,2026-01-07,56,8745.97,8884.1,8898.9,8735.87,8895.26,6625.97,936155325.0,919060,17508,-103.25,-1.16,MANPROCIND
66704,2026-01-07,57,455.01,456.99,457.59,454.26,518.59,434.97,1781199455.4,3546076,16916,-2.22,-0.48,SENSIND
66705,2026-01-07,58,2635.94,2650.95,2654.62,2630.86,3002.07,2487.17,5138456359.18,9243859,71632,-13.35,-0.5,NEPSE
66706,2026-01-07,59,10884.72,10950.42,10984.4,10863.06,13705.07,10448.66,74264632.2,113817,1121,-65.7,-0.6,NONLIFIND
66707,2026-01-07,60,2393.23,2382.88,2433.08,2381.21,3124.69,2157.02,500757840.9,817895,4234,5.06,0.21,FININD
66708,2026-01-07,61,3800.12,3799.88,3809.31,3733.59,4877.61,3538.87,5343803.6,1005,41,0.24,0.0,TRDIND
66709,2026-01-07,62,180.8,181.81,182.07,180.42,206.25,170.57,5138456359.18,9243859,71632,-0.9,-0.49,FLOATIND
66710,2026-01-07,63,154.81,155.53,155.73,154.57,177.3,145.59,1781199455.4,3546076,16916,-0.74,-0.47,SENSFLTIND
66694,2026-01-07,64,4935.83,4950.48,4956.43,4918.79,5688.96,4608.92,351420173.7,327561,4168,-20.11,-0.4,MICRFININD
66695,2026-01-07,65,12872.53,12898.27,12931.01,12814.79,14671.87,11763.82,157520946.8,275733,3188,-9.99,-0.07,LIFINSIND
66696,2026-01-07,66,20.63,20.69,20.71,20.61,20.77,18.9,12102188.69,1245201,633,-0.06,-0.29,MUTUALIND
66697,2026-01-07,67,102.58,103.15,103.27,102.3,122.47,98.94,131247487.3,194788,1229,-0.56,-0.54,INVIDX
66715,2026-01-08,51,1375.98,1370.16,1376.68,1367.52,1561.48,1296.0,350365563.7,1149364,5770,4.22,0.3,BANKSUBIND
66716,2026-01-08,52,7048.58,7027.15,7067.05,6957.45,7489.08,5895.07,196784774.9,248340,3349,28.62,0.4,HOTELIND
66717,2026-01-08,53,2349.5,2350.61,2357.68,2342.22,2774.99,1897.38,248164811.8,268996,3776,-1.71,-0.07,OTHERSIND
66718,2026-01-08,54,3349.06,3337.31,3350.33,3321.15,3941.95,3147.74,2197966847.4,5837511,26965,10.7,0.32,HYDPOWIND
66719,2026-01-08,55,5575.07,5564.95,5575.07,5523.61,6557.35,5221.37,237745821.4,421757,2162,10.12,0.18,DEVBANKIND
66720,2026-01-08,56,8789.5,8745.93,8811.8,8723.28,8895.26,6625.97,761531900.8,759761,15370,43.52,0.49,MANPROCIND
66721,2026-01-08,57,455.93,454.69,455.95,453.71,518.59,434.97,1604543785.6,3384178,15933,0.92,0.2,SENSIND
66722,2026-01-08,58,2640.54,2633.87,2640.56,2626.88,3002.07,2487.17,4885313679.8,9990427,68595,4.59,0.17,NEPSE
66723,2026-01-08,59,10914.03,10884.72,10918.56,10848.21,13705.07,10448.66,54723072.6,83044,1010,29.3,0.26,NONLIFIND
66724,2026-01-08,60,2382.65,2389.32,2404.76,2376.63,3124.69,2157.02,263792769.8,419878,2156,-10.57,-0.44,FININD
66725,2026-01-08,61,3791.75,3800.12,3810.18,3749.09,4877.61,3538.87,8914256.8,1659,58,-8.37,-0.22,TRDIND
66726,2026-01-08,62,181.26,180.63,181.26,180.16,206.25,170.57,4885313679.8,9990427,68595,0.45,0.25,FLOATIND
66727,2026-01-08,63,155.17,154.68,155.23,154.34,177.3,145.59,1604543785.6,3384178,15933,0.35,0.23,SENSFLTIND
66711,2026-01-08,64,4933.63,4927.9,4934.76,4904.56,5688.96,4608.92,263672736.1,259274,3266,-2.2,-0.04,MICRFININD
66712,2026-01-08,65,12915.3,12826.32,12915.3,12772.0,14671.87,11763.82,175595044.4,328545,3326,42.77,0.33,LIFINSIND
66713,2026-01-08,66,20.59,20.63,20.65,20.54,20.77,18.9,3400869.74,350174,480,-0.04,-0.19,MUTUALIND
66714,2026-01-08,67,102.36,102.6,102.63,101.93,122.47,98.94,126056080.1,212298,1387,-0.22,-0.21,INVIDX
66732,2026-01-12,51,1372.5,1380.8,1384.57,1370.92,1561.48,1296.0,408879595.8,1441101,6480,-3.48,-0.25,BANKSUBIND
66733,2026-01-12,52,7056.02,7048.58,7130.08,7018.09,7489.08,5895.07,237803019.8,306332,3887,7.43,0.1,HOTELIND
66734,2026-01-12,53,2342.55,2349.5,2370.07,2339.79,2774.99,1897.38,458890368.0,511408,5997,-6.95,-0.29,OTHERSIND
66735,2026-01-12,54,3345.25,3356.88,3359.28,3323.77,3941.95,3147.74,2396095839.2,5222197,28750,-3.8,-0.11,HYDPOWIND
66736,2026-01-12,55,5576.54,5580.62,5608.42,5550.24,6557.35,5221.37,377684665.2,643937,2626,1.47,0.02,DEVBANKIND
66737,2026-01-12,56,8879.56,8773.85,8954.23,8764.79,8895.26,6625.97,1302778204.1,1261372,16747,90.05,1.02,MANPROCIND
66738,2026-01-12,57,454.31,456.97,458.28,453.79,518.59,434.97,2384189292.6,4769770,20004,-1.61,-0.35,SENSIND
66739,2026-01-12,58,2635.0,2643.18,2651.76,2628.98,3002.07,2487.17,6436319164.1,11230468,77913,-5.54,-0.2,NEPSE
66740,2026-01-12,59,10898.34,10914.03,10958.35,10870.02,13705.07,10448.66,75882994.8,114488,1169,-15.69,-0.14,NONLIFIND
66741,2026-01-12,60,2369.88,2373.45,2404.94,2361.68,3033.04,2157.02,446184778.7,681066,2621,-12.77,-0.53,FININD
66742,2026-01-12,61,3747.66,3791.75,3800.73,3723.52,4877.61,3538.87,22170573.9,4112,114,-44.08,-1.16,TRDIND
66743,2026-01-12,62,181.08,181.57,182.04,180.64,206.25,170.57,6436319164.1,11230468,77913,-0.18,-0.1,FLOATIND
66744,2026-01-12,63,154.75,155.68,155.93,154.52,177.3,145.59,2384189292.6,4769770,20004,-0.41,-0.26,SENSFLTIND
66728,2026-01-12,64,4900.85,4931.08,4950.18,4891.19,5688.96,4608.92,285011658.7,278705,3613,-32.77,-0.66,MICRFININD
66729,2026-01-12,65,12891.01,12915.3,12965.66,12850.94,14671.87,11763.82,211164220.8,385434,4001,-24.29,-0.18,LIFINSIND
66730,2026-01-12,66,20.61,20.61,20.63,20.49,20.77,18.9,9613837.91,955360,643,0.02,0.11,MUTUALIND
66731,2026-01-12,67,101.92,102.35,102.64,101.7,122.47,98.94,213773245.1,380316,1908,-0.43,-0.42,INVIDX
66749,2026-01-13,51,1370.56,1371.62,1395.81,1367.58,1561.48,1296.0,319946778.2,1144837,5435,-1.94,-0.14,BANKSUBIND
66750,2026-01-13,52,7021.91,7056.02,7080.9,7019.04,7489.08,5895.07,194888738.3,239393,3075,-34.1,-0.48,HOTELIND
66751,2026-01-13,53,2360.9,2332.24,2368.8,2330.44,2774.99,1897.38,497526675.6,525441,5133,18.35,0.78,OTHERSIND
66752,2026-01-13,54,3379.49,3340.87,3379.61,3335.84,3941.95,3147.74,3491748383.2,7775207,34394,34.24,1.02,HYDPOWIND
66753,2026-01-13,55,5576.95,5572.55,5611.6,5561.67,6557.35,5221.37,350506094.3,643371,2842,0.41,0.0,DEVBANKIND
66754,2026-01-13,56,8858.35,8894.6,8986.04,8842.26,8895.26,6625.97,1071790615.5,983055,13124,-21.21,-0.23,MANPROCIND
66755,2026-01-13,57,454.86,454.45,457.91,453.76,518.59,434.97,2659896426.3,5160855,21372,0.54,0.12,SENSIND
66756,2026-01-13,58,2639.91,2633.31,2653.66,2631.78,3002.07,2487.17,6941697639.4,12849027,76057,4.9,0.18,NEPSE
66757,2026-01-13,59,10906.59,10915.57,10959.36,10872.92,13705.07,10448.66,79788773.0,116348,1134,8.25,0.07,NONLIFIND
66758,2026-01-13,60,2362.82,2358.79,2387.81,2353.42,2933.92,2157.02,280639232.1,449402,1890,-7.05,-0.29,FININD
66759,2026-01-13,61,3784.46,3747.66,3804.81,3745.37,4877.61,3538.87,10189497.0,1902,77,36.8,0.98,TRDIND
66760,2026-01-13,62,181.24,180.95,182.32,180.79,206.25,170.57,6941697639.4,12849027,76057,0.16,0.09,FLOATIND
66761,2026-01-13,63,155.03,154.8,155.94,154.56,177.3,145.59,2659896426.3,5160855,21372,0.28,0.18,SENSFLTIND
66745,2026-01-13,64,4890.92,4897.05,4916.31,4875.0,5688.96,4608.92,227715633.7,222486,3300,-9.92,-0.2,MICRFININD
66746,2026-01-13,65,12868.9,12912.75,12953.48,12849.82,14671.87,11763.82,180335322.7,344520,3617,-22.1,-0.17,LIFINSIND
66747,2026-01-13,66,20.7,20.61,20.7,20.47,20.77,18.9,5867751.75,605231,679,0.08,0.42,MUTUALIND
66748,2026-01-13,67,101.97,101.92,102.8,101.36,122.47,98.94,236621895.8,403065,2036,0.04,0.04,INVIDX
66766,2026-01-14,51,1369.44,1370.14,1375.45,1366.23,1561.48,1296.0,310281754.5,1083923,4946,-1.11,-0.08,BANKSUBIND
66767,2026-01-14,52,7044.37,7008.13,7064.94,6983.69,7489.08,5895.07,137987371.0,188583,2389,22.45,0.31,HOTELIND
66768,2026-01-14,53,2357.74,2350.65,2385.25,2348.79,2774.99,1898.15,290632082.2,316196,3943,-3.16,-0.13,OTHERSIND
66769,2026-01-14,54,3382.09,3379.32,3398.25,3368.13,3941.95,3147.74,2943946897.72,6735685,31555,2.59,0.07,HYDPOWIND
66770,2026-01-14,55,5577.85,5555.52,5618.54,5549.91,6557.35,5221.37,447126132.1,775771,2979,0.89,0.01,DEVBANKIND
66771,2026-01-14,56,8821.31,8858.35,8887.29,8800.95,8895.26,6658.09,718922967.4,669256,11161,-37.03,-0.41,MANPROCIND
66772,2026-01-14,57,454.73,454.14,456.26,453.56,518.59,434.97,2217205097.2,4376533,20086,-0.13,-0.02,SENSIND
66773,2026-01-14,58,2641.43,2636.56,2648.98,2633.0,3002.07,2487.17,6177124491.39,11782820,71874,1.52,0.05,NEPSE
66774,2026-01-14,59,10949.02,10923.82,10963.93,10871.3,13705.07,10448.66,90220363.7,138070,1259,42.43,0.38,NONLIFIND
66775,2026-01-14,60,2423.26,2351.48,2440.64,2351.48,2933.92,2157.02,595148379.4,948417,4683,60.44,2.55,FININD
66776,2026-01-14,61,3810.0,3784.46,3819.83,3745.95,4877.61,3538.87,11735240.7,2153,70,25.53,0.67,TRDIND
66777,2026-01-14,62,181.24,181.02,181.79,180.79,206.25,170.57,6177124491.39,11782820,71874,0.0,0.0,FLOATIND
66778,2026-01-14,63,154.96,154.8,155.62,154.52,177.3,145.59,2217205097.2,4376533,20086,-0.07,-0.04,SENSFLTIND
66762,2026-01-14,64,4888.18,4883.9,4900.72,4869.46,5688.96,4608.92,235865703.27,236643,3352,-2.74,-0.05,MICRFININD
66763,2026-01-14,65,12867.38,12868.9,12942.88,12834.55,14671.87,11763.82,201785646.3,402967,3821,-1.52,-0.01,LIFINSIND
66764,2026-01-14,66,20.72,20.71,20.72,20.53,20.77,18.9,5376919.43,569626,554,0.01,0.08,MUTUALIND
66765,2026-01-14,67,102.09,101.45,102.67,101.45,122.47,98.94,193471953.1,285156,1716,0.11,0.11,INVIDX
66783,2026-01-18,51,1381.11,1367.82,1381.11,1367.82,1561.48,1296.0,445825412.0,1703142,7248,11.66,0.85,BANKSUBIND
66784,2026-01-18,52,7187.02,7042.93,7187.02,7031.43,7489.08,5895.07,335710271.3,406462,4630,142.64,2.02,HOTELIND
66785,2026-01-18,53,2368.42,2357.14,2377.73,2354.93,2774.99,1898.15,401720136.4,423494,5108,10.68,0.45,OTHERSIND
66786,2026-01-18,54,3405.86,3381.81,3413.09,3378.25,3941.95,3147.74,2948360160.4,6997468,33699,23.76,0.7,HYDPOWIND
66787,2026-01-18,55,5747.37,5572.93,5747.37,5559.04,6557.35,5221.37,702418771.3,1343508,5081,169.52,3.03,DEVBANKIND
66788,2026-01-18,56,9035.1,8810.57,9041.85,8802.41,9035.1,6658.09,1244532766.0,1056838,15573,213.79,2.42,MANPROCIND
66789,2026-01-18,57,459.43,454.76,459.5,454.74,518.59,434.97,3118579008.6,5977415,26303,4.7,1.03,SENSIND
66790,2026-01-18,58,2672.55,2640.52,2672.73,2640.13,3002.07,2487.17,8357375976.0,15210458,94183,31.12,1.17,NEPSE
66791,2026-01-18,59,11024.53,10972.55,11068.63,10938.29,13705.07,10448.66,120020125.8,186816,1695,75.5,0.68,NONLIFIND
66792,2026-01-18,60,2562.15,2415.2,2563.47,2415.2,2933.92,2157.02,1219564180.6,1896898,8792,138.88,5.73,FININD
66793,2026-01-18,61,3830.58,3810.0,3835.04,3745.71,4877.61,3538.87,8615183.1,1621,74,20.57,0.54,TRDIND
66794,2026-01-18,62,183.65,181.2,183.66,181.16,206.25,170.57,8357375976.0,15210458,94183,2.41,1.33,FLOATIND
66795,2026-01-18,63,156.7,155.0,156.77,154.97,177.3,145.59,3118579008.6,5977415,26303,1.74,1.12,SENSFLTIND
66779,2026-01-18,64,4952.24,4894.8,4961.09,4894.8,5688.96,4608.92,358175986.2,350420,4869,64.06,1.31,MICRFININD
66780,2026-01-18,65,13029.39,12860.15,13040.47,12858.33,14671.87,11763.82,261220355.7,496224,4923,162.0,1.25,LIFINSIND
66781,2026-01-18,66,20.82,20.72,20.82,20.5,20.82,18.9,11049738.09,1128721,908,0.1,0.51,MUTUALIND
66782,2026-01-18,67,103.05,102.09,103.5,102.08,122.47,98.94,311212627.2,347567,2491,0.95,0.93,INVIDX
66800,2026-01-20,51,1398.26,1384.09,1406.5,1383.54,1561.48,1296.0,590031391.9,2209011,8260,17.15,1.24,BANKSUBIND
66801,2026-01-20,52,7428.58,7226.86,7462.53,7223.84,7489.08,5895.07,386951219.9,480215,5136,241.55,3.36,HOTELIND
66802,2026-01-20,53,2402.67,2373.58,2427.37,2373.48,2774.99,1910.14,766470318.3,784022,7442,34.24,1.44,OTHERSIND
66803,2026-01-20,54,3466.47,3407.84,3483.42,3406.81,3941.95,3147.74,5190818824.6,13111202,47656,60.6,1.77,HYDPOWIND
66804,2026-01-20,55,5831.09,5750.49,5879.47,5738.21,6557.35,5221.37,799584461.3,1451551,5926,83.71,1.45,DEVBANKIND
66805,2026-01-20,56,9161.76,9085.08,9241.88,9068.14,9161.76,6894.92,1135663935.9,1079627,11996,126.66,1.4,MANPROCIND
66806,2026-01-20,57,467.25,460.76,469.02,460.69,518.59,434.97,4450987105.6,8658503,34284,7.82,1.7,SENSIND
66807,2026-01-20,58,2714.81,2678.81,2726.74,2678.81,3002.07,2487.17,11737937445.2,23146188,113573,42.26,1.58,NEPSE
66808,2026-01-20,59,11206.56,11061.21,11264.7,11061.21,13705.07,10448.66,174063547.0,275601,2198,182.02,1.65,NONLIFIND
66809,2026-01-20,60,2587.14,2567.06,2622.85,2558.66,2933.92,2157.02,1057773281.7,1626321,8709,24.99,0.97,FININD
66810,2026-01-20,61,3845.09,3830.58,3859.8,3787.38,4877.61,3538.87,11784596.0,2195,85,14.51,0.37,TRDIND
66811,2026-01-20,62,186.84,184.06,187.64,184.06,206.25,170.57,11737937445.2,23146188,113573,3.19,1.73,FLOATIND
66812,2026-01-20,63,159.57,157.08,160.18,157.06,177.3,145.59,4450987105.6,8658503,34284,2.87,1.83,SENSFLTIND
66796,2026-01-20,64,5028.84,4959.21,5039.02,4956.41,5688.96,4608.92,455916553.9,456598,5413,76.59,1.54,MICRFININD
66797,2026-01-20,65,13272.53,13052.3,13310.16,13052.3,14671.87,11763.82,443441666.6,825147,6306,243.14,1.86,LIFINSIND
66798,2026-01-20,66,21.04,20.84,21.05,20.66,21.04,18.9,13921633.8,1442229,955,0.21,1.04,MUTUALIND
66799,2026-01-20,67,105.67,103.7,105.8,103.38,122.47,98.94,725437648.1,844698,4446,2.62,2.54,INVIDX
66817,2026-01-21,51,1396.0,1398.83,1406.72,1388.09,1561.48,1296.0,418373842.1,1538029,5882,-2.25,-0.16,BANKSUBIND
66818,2026-01-21,52,7288.25,7424.26,7464.23,7277.44,7489.08,5895.07,188748719.8,226425,3172,-140.33,-1.88,HOTELIND
66819,2026-01-21,53,2409.02,2412.0,2437.28,2398.1,2774.99,2005.58,604430055.2,644141,5915,6.34,0.26,OTHERSIND
66820,2026-01-21,54,3465.31,3473.59,3494.18,3447.86,3941.95,3147.74,4296040749.1,11388531,41561,-1.15,-0.03,HYDPOWIND
66821,2026-01-21,55,5796.46,5816.35,5870.14,5744.08,6557.35,5221.37,521698234.4,938750,3796,-34.62,-0.59,DEVBANKIND
66822,2026-01-21,56,9118.78,9205.43,9226.62,9094.38,9161.76,6932.08,798629428.1,716587,10237,-42.97,-0.46,MANPROCIND
66823,2026-01-21,57,465.9,467.31,469.24,463.8,518.59,434.97,3317122018.0,6467236,23927,-1.35,-0.28,SENSIND
66824,2026-01-21,58,2705.38,2717.43,2728.05,2695.1,3002.07,2487.17,8790365145.5,18130185,88412,-9.43,-0.34,NEPSE
66825,2026-01-21,59,11172.87,11234.54,11270.58,11118.91,13705.07,10448.66,137766399.4,208650,1782,-33.68,-0.3,NONLIFIND
66826,2026-01-21,60,2543.86,2591.05,2594.42,2522.43,2933.92,2157.02,617454716.5,963743,5017,-43.28,-1.67,FININD
66827,2026-01-21,61,3792.69,3845.09,3872.34,3792.69,4877.61,3538.87,9361841.0,1710,49,-52.4,-1.36,TRDIND
66828,2026-01-21,62,186.27,187.0,187.8,185.41,206.25,170.57,8790365145.5,18130185,88412,-0.57,-0.3,FLOATIND
66829,2026-01-21,63,159.06,159.62,160.46,158.25,177.3,145.59,3317122018.0,6467236,23927,-0.5,-0.31,SENSFLTIND
66813,2026-01-21,64,5016.07,5028.47,5047.23,4999.61,5688.96,4608.92,343812503.7,359740,3618,-12.77,-0.25,MICRFININD
66814,2026-01-21,65,13224.64,13243.71,13344.0,13173.8,14671.87,11763.82,282024184.7,501118,4260,-47.88,-0.36,LIFINSIND
66815,2026-01-21,66,20.9,21.06,21.07,20.86,21.04,18.9,9526057.69,981743,763,-0.13,-0.65,MUTUALIND
66816,2026-01-21,67,104.99,105.69,106.72,104.53,122.47,98.94,572024471.5,642761,3123,-0.68,-0.64,INVIDX
66834,2026-01-22,51,1391.66,1400.74,1400.83,1384.46,1561.48,1296.0,309967651.2,1067215,5122,-4.34,-0.31,BANKSUBIND
66835,2026-01-22,52,7380.1,7302.57,7394.36,7262.94,7489.08,5895.07,330044814.9,370247,4101,91.85,1.26,HOTELIND
66836,2026-01-22,53,2417.92,2399.62,2418.53,2392.86,2774.99,2049.35,616038641.5,621725,6320,8.9,0.36,OTHERSIND
66837,2026-01-22,54,3495.44,3469.27,3496.91,3454.54,3941.95,3147.74,4036721313.9,10999184,42043,30.12,0.86,HYDPOWIND
66838,2026-01-22,55,5884.12,5778.12,5896.46,5739.67,6557.35,5221.37,566929072.7,1021401,3781,87.66,1.51,DEVBANKIND
66839,2026-01-22,56,9241.91,9116.89,9244.03,9091.01,9241.91,6932.08,1090590035.4,933745,12284,123.12,1.35,MANPROCIND
66840,2026-01-22,57,465.42,466.25,466.42,462.46,518.59,434.97,2760613687.3,5362557,22062,-0.47,-0.1,SENSIND
66841,2026-01-22,58,2714.61,2706.43,2714.67,2693.04,3002.07,2487.17,9005793637.7,17823333,93019,9.23,0.34,NEPSE
66842,2026-01-22,59,11199.63,11172.87,11205.79,11071.06,13705.07,10448.66,137668430.7,185305,1752,26.76,0.23,NONLIFIND
66843,2026-01-22,60,2604.46,2530.11,2611.43,2523.15,2933.92,2157.02,903283447.0,1369057,6210,60.6,2.38,FININD
66844,2026-01-22,61,3748.37,3792.69,3844.52,3748.37,4877.61,3538.87,19574174.0,3642,136,-44.31,-1.16,TRDIND
66845,2026-01-22,62,186.94,186.41,186.98,185.27,206.25,170.57,9005793637.7,17823333,93019,0.66,0.35,FLOATIND
66846,2026-01-22,63,158.92,159.2,159.3,157.86,177.3,145.59,2760613687.3,5362557,22062,-0.14,-0.09,SENSFLTIND
66830,2026-01-22,64,5034.43,5015.72,5034.43,4976.13,5688.96,4608.92,387896596.9,407079,4472,18.36,0.36,MICRFININD
66831,2026-01-22,65,13228.57,13239.5,13246.52,13133.57,14671.87,11763.82,254587059.6,407518,4385,3.92,0.02,LIFINSIND
66832,2026-01-22,66,20.89,20.9,20.91,20.74,21.04,18.9,9068298.49,936375,695,-0.01,-0.07,MUTUALIND
66833,2026-01-22,67,105.09,104.87,105.17,104.12,122.47,98.94,352492399.9,437215,2413,0.1,0.09,INVIDX
66851,2026-01-25,51,1416.57,1391.66,1417.55,1391.66,1561.48,1296.0,767796027.8,3013589,9808,24.91,1.79,BANKSUBIND
66852,2026-01-25,52,7627.36,7382.97,7665.43,7382.97,7627.36,5895.07,383461775.2,412030,4943,247.25,3.35,HOTELIND
66853,2026-01-25,53,2455.89,2419.38,2466.51,2416.82,2774.99,2049.35,859800467.5,864582,8739,37.96,1.57,OTHERSIND
66854,2026-01-25,54,3591.43,3499.62,3591.69,3496.44,3941.95,3147.74,6468522379.6,16724808,61830,95.99,2.74,HYDPOWIND
66855,2026-01-25,55,5983.21,5867.67,5987.5,5840.97,6557.35,5221.37,895156615.6,1536681,6229,99.09,1.68,DEVBANKIND
66856,2026-01-25,56,9517.2,9302.8,9574.92,9293.15,9517.2,6932.08,1366303097.1,1292712,12060,275.29,2.97,MANPROCIND
66857,2026-01-25,57,473.48,465.43,473.5,465.43,518.59,434.97,4384892962.8,9494718,35625,8.05,1.73,SENSIND
66858,2026-01-25,58,2772.17,2716.27,2772.22,2715.78,3002.07,2487.17,13499346642.1,27871282,131834,57.55,2.12,NEPSE
66859,2026-01-25,59,11420.39,11224.29,11420.39,11191.21,13705.07,10448.66,271193703.3,377000,3320,220.75,1.97,NONLIFIND
66860,2026-01-25,60,2649.75,2592.61,2680.41,2592.61,2933.92,2157.02,879765832.1,1479230,7367,45.29,1.73,FININD
66861,2026-01-25,61,3805.31,3748.37,3813.66,3748.37,4877.61,3538.87,18666814.1,3414,124,56.93,1.51,TRDIND
66862,2026-01-25,62,190.87,187.09,190.87,187.04,206.25,170.57,13499346642.1,27871282,131834,3.92,2.1,FLOATIND
66863,2026-01-25,63,161.74,158.93,161.74,158.93,177.3,145.59,4384892962.8,9494718,35625,2.82,1.77,SENSFLTIND
66847,2026-01-25,64,5115.54,5034.42,5120.01,5034.42,5688.96,4608.92,503710291.7,508000,5906,81.1,1.61,MICRFININD
66848,2026-01-25,65,13497.25,13236.66,13503.63,13201.35,14671.87,11763.82,506125157.5,808854,7340,268.68,2.03,LIFINSIND
66849,2026-01-25,66,21.09,20.91,21.09,20.74,21.09,18.9,20271435.25,2059873,916,0.2,0.97,MUTUALIND
66850,2026-01-25,67,108.08,105.02,108.08,105.02,122.47,98.94,578844480.6,850382,4168,2.99,2.84,INVIDX
66868,2026-01-26,51,1414.21,1419.62,1426.11,1406.19,1561.48,1296.0,663272544.9,2374068,9368,-2.36,-0.16,BANKSUBIND
66869,2026-01-26,52,7755.05,7658.28,7814.75,7605.92,7755.05,5895.07,500975880.0,490103,6085,127.68,1.67,HOTELIND
66870,2026-01-26,53,2443.53,2464.99,2482.74,2422.65,2774.99,2049.35,952986472.4,930151,9665,-12.35,-0.5,OTHERSIND
66871,2026-01-26,54,3602.47,3592.94,3616.54,3545.3,3941.95,3147.74,7808651415.7,19683255,68140,11.04,0.3,HYDPOWIND
66872,2026-01-26,55,5979.42,5985.69,6001.57,5894.63,6557.35,5221.37,1241181674.0,1809010,8115,-3.78,-0.06,DEVBANKIND
66873,2026-01-26,56,9556.15,9545.95,9664.59,9484.86,9556.15,6932.08,1660628076.5,1331511,16677,38.94,0.4,MANPROCIND
66874,2026-01-26,57,471.83,473.73,475.89,469.38,518.59,434.97,5049225837.9,10399847,37833,-1.64,-0.34,SENSIND
66875,2026-01-26,58,2769.09,2776.77,2788.09,2746.87,3002.07,2487.17,16193474620.4,31015840,145849,-3.07,-0.11,NEPSE
66876,2026-01-26,59,11401.06,11420.39,11507.17,11341.85,13705.07,10448.66,273841776.2,355150,3129,-19.33,-0.16,NONLIFIND
66877,2026-01-26,60,2637.61,2643.35,2669.43,2597.47,2933.92,2157.02,1135087295.2,1694522,6926,-12.14,-0.45,FININD
66878,2026-01-26,61,3804.52,3805.31,3872.32,3760.29,4877.61,3538.87,13367096.1,2444,98,-0.78,-0.02,TRDIND
66879,2026-01-26,62,190.66,191.25,191.93,189.15,206.25,170.57,16193474620.4,31015840,145849,-0.21,-0.11,FLOATIND
66880,2026-01-26,63,161.22,161.92,162.6,160.38,177.3,145.59,5049225837.9,10399847,37833,-0.52,-0.32,SENSFLTIND
66864,2026-01-26,64,5089.99,5123.97,5133.26,5063.34,5688.96,4608.92,573552865.2,580250,5974,-25.54,-0.49,MICRFININD
66865,2026-01-26,65,13425.38,13502.61,13556.98,13345.6,14671.87,11763.82,523853363.2,834074,6947,-71.86,-0.53,LIFINSIND
66866,2026-01-26,66,21.26,21.11,21.27,20.92,21.26,18.9,48437651.52,4799122,1124,0.16,0.78,MUTUALIND
66867,2026-01-26,67,107.48,108.4,108.97,106.81,122.47,98.94,846076161.0,931302,4725,-0.59,-0.55,INVIDX
66885,2026-01-27,51,1393.12,1414.21,1417.65,1391.43,1561.48,1296.0,441642710.7,1625374,7480,-21.09,-1.49,BANKSUBIND
66886,2026-01-27,52,7614.36,7755.05,7932.7,7570.19,7755.05,5895.07,548129564.9,554457,6060,-140.69,-1.81,HOTELIND
66887,2026-01-27,53,2395.3,2446.65,2459.21,2393.27,2774.99,2049.35,865672868.3,832313,9487,-48.22,-1.97,OTHERSIND
66888,2026-01-27,54,3551.66,3606.77,3655.97,3538.15,3941.95,3147.74,6861821620.8,16854480,66848,-50.81,-1.41,HYDPOWIND
66889,2026-01-27,55,5919.44,5981.78,6050.2,5841.42,6557.35,5221.37,1194924299.7,1811366,9192,-59.98,-1.0,DEVBANKIND
66890,2026-01-27,56,9422.15,9549.17,9677.44,9331.52,9556.15,6932.08,1610846998.1,1236652,17156,-134.0,-1.4,MANPROCIND
66891,2026-01-27,57,464.46,471.67,472.85,463.72,518.59,434.97,4528843084.35,9393857,35536,-7.37,-1.56,SENSIND
66892,2026-01-27,58,2726.51,2768.97,2782.96,2718.85,3002.07,2487.17,13952553776.6,26298554,140816,-42.58,-1.53,NEPSE
66893,2026-01-27,59,11201.64,11380.09,11436.58,11173.42,13705.07,10448.66,244566845.2,348609,2879,-199.41,-1.74,NONLIFIND
66894,2026-01-27,60,2573.66,2632.26,2652.95,2560.36,2933.92,2157.02,826493951.2,1306856,6085,-63.94,-2.42,FININD
66895,2026-01-27,61,3784.92,3804.52,3816.66,3754.0,4877.61,3538.87,15790037.7,2873,77,-19.6,-0.51,TRDIND
66896,2026-01-27,62,187.57,190.58,191.58,187.03,206.25,170.57,13952553776.6,26298554,140816,-3.09,-1.62,FLOATIND
66897,2026-01-27,63,158.57,161.13,161.56,158.35,177.3,145.59,4528843084.35,9393857,35536,-2.64,-1.63,SENSFLTIND
66881,2026-01-27,64,5016.85,5079.41,5097.46,4998.15,5688.96,4608.92,487282310.1,489652,5673,-73.14,-1.43,MICRFININD
66882,2026-01-27,65,13175.72,13403.63,13459.81,13099.1,14671.87,11763.82,420112912.6,647550,6485,-249.66,-1.85,LIFINSIND
66883,2026-01-27,66,21.25,21.28,21.31,21.07,21.26,18.9,33209507.02,3314757,1034,0.0,0.0,MUTUALIND
66884,2026-01-27,67,105.65,107.65,108.03,105.19,122.47,98.94,435269657.3,588372,3394,-1.83,-1.7,INVIDX
66902,2026-01-28,51,1391.62,1396.64,1398.51,1380.47,1561.48,1296.0,426012975.9,1601317,6940,-1.5,-0.1,BANKSUBIND
66903,2026-01-28,52,7621.3,7621.45,7688.7,7511.18,7755.05,5895.07,335179221.6,326934,5469,6.94,0.09,HOTELIND
66904,2026-01-28,53,2402.71,2396.62,2422.34,2379.39,2774.99,2085.12,589127984.0,582207,7881,7.4,0.3,OTHERSIND
66905,2026-01-28,54,3584.16,3550.2,3594.05,3520.19,3941.95,3147.74,6237174399.7,15015402,58666,32.5,0.91,HYDPOWIND
66906,2026-01-28,55,5928.59,5934.18,5942.68,5846.09,6557.35,5221.37,664911524.3,976962,5278,9.14,0.15,DEVBANKIND
66907,2026-01-28,56,9460.89,9432.55,9526.65,9342.08,9556.15,6932.08,1312208187.2,994740,17860,38.74,0.41,MANPROCIND
66908,2026-01-28,57,464.26,465.33,465.53,460.94,518.59,434.97,3241842129.6,6596820,26300,-0.19,-0.04,SENSIND
66909,2026-01-28,58,2731.59,2728.22,2735.55,2702.56,3002.07,2487.17,11397868787.6,22076993,120731,5.08,0.18,NEPSE
66910,2026-01-28,59,11193.08,11201.64,11227.01,11087.75,13705.07,10448.66,135047089.6,180289,1765,-8.56,-0.07,NONLIFIND
66911,2026-01-28,60,2607.97,2559.78,2629.25,2545.59,2933.92,2157.02,645043049.6,1022753,4817,34.3,1.33,FININD
66912,2026-01-28,61,3793.4,3784.92,3804.7,3732.77,4877.61,3538.87,30611802.3,5464,159,8.48,0.22,TRDIND
66913,2026-01-28,62,188.0,187.77,188.18,186.01,206.25,170.57,11397868787.6,22076993,120731,0.43,0.23,FLOATIND
66914,2026-01-28,63,158.6,158.94,159.0,157.42,177.3,145.59,3241842129.6,6596820,26300,0.02,0.01,SENSFLTIND
66898,2026-01-28,64,5010.31,5008.54,5024.12,4979.97,5688.96,4608.92,330755694.2,316532,3987,-6.53,-0.13,MICRFININD
66899,2026-01-28,65,13163.77,13183.0,13228.5,13037.13,14671.87,11763.82,325600544.5,506216,5296,-11.95,-0.09,LIFINSIND
66900,2026-01-28,66,21.31,21.26,21.31,21.04,21.31,18.9,9779674.07,1017024,747,0.05,0.25,MUTUALIND
66901,2026-01-28,67,105.45,105.65,106.36,104.44,122.47,98.94,366196314.7,548177,2613,-0.19,-0.18,INVIDX
66919,2026-01-29,51,1385.04,1393.76,1398.56,1380.74,1561.48,1296.0,649314196.9,2488776,9133,-6.57,-0.47,BANKSUBIND
66920,2026-01-29,52,7522.36,7589.66,7685.56,7516.3,7755.05,5895.07,298469757.1,305294,4002,-98.94,-1.29,HOTELIND
66921,2026-01-29,53,2375.68,2402.02,2424.69,2374.37,2774.99,2088.22,548062537.1,552041,6301,-27.02,-1.12,OTHERSIND
66922,2026-01-29,54,3597.94,3583.16,3661.85,3583.16,3941.95,3147.74,8794380397.8,24159692,77958,13.77,0.38,HYDPOWIND
66923,2026-01-29,55,5796.25,5921.63,5921.63,5792.92,6557.35,5221.37,962818962.4,1346935,5943,-132.34,-2.23,DEVBANKIND
66924,2026-01-29,56,9259.8,9462.72,9512.08,9231.8,9556.15,6932.08,1148765836.6,867978,14078,-201.09,-2.12,MANPROCIND
66925,2026-01-29,57,462.68,464.47,466.78,461.57,518.59,434.97,4157679074.9,9458070,32221,-1.58,-0.34,SENSIND
66926,2026-01-29,58,2714.05,2731.85,2742.53,2710.04,3002.07,2487.17,14332814183.7,32606306,136590,-17.53,-0.64,NEPSE
66927,2026-01-29,59,11109.92,11193.08,11231.68,11096.85,13705.07,10448.66,148994321.5,188907,1857,-83.16,-0.74,NONLIFIND
66928,2026-01-29,60,2562.13,2599.35,2628.89,2547.33,2933.92,2157.02,612350345.6,965364,4309,-45.83,-1.75,FININD
66929,2026-01-29,61,3786.59,3793.4,3809.89,3758.3,4877.61,3538.87,14612142.4,2618,92,-6.81,-0.17,TRDIND
66930,2026-01-29,62,186.73,188.07,188.81,186.45,206.25,170.57,14332814183.7,32606306,136590,-1.26,-0.67,FLOATIND
66931,2026-01-29,63,157.85,158.7,159.32,157.46,177.3,145.59,4157679074.9,9458070,32221,-0.74,-0.47,SENSFLTIND
66915,2026-01-29,64,4980.04,5007.78,5014.21,4967.06,5688.96,4608.92,410802959.0,395064,4525,-30.27,-0.6,MICRFININD
66916,2026-01-29,65,13079.68,13176.8,13189.19,13060.43,14671.87,11763.82,340195328.7,536505,5041,-84.08,-0.63,LIFINSIND
66917,2026-01-29,66,21.39,21.31,21.47,21.24,21.39,18.9,18230951.81,1854642,931,0.07,0.36,MUTUALIND
66918,2026-01-29,67,105.54,105.45,107.18,105.16,122.47,98.94,404047398.6,797132,3351,0.08,0.08,INVIDX
66936,2026-02-01,51,1379.17,1385.15,1391.04,1376.27,1561.48,1296.0,454721823.9,1655571,7256,-5.87,-0.42,BANKSUBIND
66937,2026-02-01,52,7390.05,7517.75,7543.56,7381.28,7755.05,5895.07,245145737.6,267253,4981,-132.3,-1.75,HOTELIND
66938,2026-02-01,53,2353.78,2375.14,2392.05,2347.87,2774.99,2088.22,401039361.0,422285,5746,-21.89,-0.92,OTHERSIND
66939,2026-02-01,54,3548.77,3602.91,3610.39,3540.0,3941.95,3147.74,4796802502.0,12967185,51128,-49.17,-1.36,HYDPOWIND
66940,2026-02-01,55,5752.7,5791.74,5791.74,5709.73,6557.35,5221.37,576775956.8,877216,4301,-43.54,-0.75,DEVBANKIND
66941,2026-02-01,56,9188.75,9268.75,9320.43,9150.1,9556.15,6932.08,1097009773.6,846484,19608,-71.05,-0.76,MANPROCIND
66942,2026-02-01,57,459.91,462.53,464.13,459.2,518.59,434.97,2550116611.5,5428747,22915,-2.76,-0.59,SENSIND
66943,2026-02-01,58,2694.2,2714.76,2719.62,2688.08,3002.07,2487.17,8987854804.3,19120133,109261,-19.85,-0.73,NEPSE
66944,2026-02-01,59,11039.39,11109.92,11153.2,11012.14,13705.07,10448.66,124254966.0,175906,1726,-70.52,-0.63,NONLIFIND
66945,2026-02-01,60,2550.82,2560.13,2588.73,2540.03,2933.92,2157.02,519769154.7,844492,4303,-11.3,-0.44,FININD
66946,2026-02-01,61,3807.52,3786.59,3820.81,3750.45,4877.61,3538.87,14246598.0,2680,116,20.92,0.55,TRDIND
66947,2026-02-01,62,185.29,186.78,187.12,184.93,206.25,170.57,8987854804.3,19120133,109261,-1.43,-0.76,FLOATIND
66948,2026-02-01,63,156.9,157.79,158.21,156.62,177.3,145.59,2550116611.5,5428747,22915,-0.94,-0.59,SENSFLTIND
66932,2026-02-01,64,4951.64,4983.16,4989.25,4934.18,5688.96,4608.92,283151094.2,282453,3562,-28.4,-0.57,MICRFININD
66933,2026-02-01,65,13011.38,13079.68,13108.06,12954.38,14671.87,11763.82,237496192.9,392286,4468,-68.3,-0.52,LIFINSIND
66934,2026-02-01,66,21.28,21.39,21.39,21.17,21.39,18.9,23434337.35,2491994,854,-0.1,-0.5,MUTUALIND
66935,2026-02-01,67,104.52,105.54,105.87,104.35,122.47,98.94,237441643.6,386322,2066,-1.02,-0.96,INVIDX
66953,2026-02-02,51,1377.81,1369.17,1383.52,1368.3,1561.48,1296.0,308567685.0,1125541,5339,-1.35,-0.09,BANKSUBIND
66954,2026-02-02,52,7521.28,7380.13,7569.43,7380.13,7755.05,5895.07,312845613.2,297416,4940,131.22,1.77,HOTELIND
66955,2026-02-02,53,2347.7,2326.72,2381.61,2326.72,2774.99,2088.22,473458257.0,479108,5821,-6.08,-0.25,OTHERSIND
66956,2026-02-02,54,3543.92,3536.98,3570.35,3531.73,3941.95,3147.74,4405640902.5,11024054,43184,-4.84,-0.13,HYDPOWIND
66957,2026-02-02,55,5794.56,5746.91,5807.89,5732.4,6557.35,5221.37,530996607.9,734508,4089,41.86,0.72,DEVBANKIND
66958,2026-02-02,56,9322.36,9169.64,9387.33,9157.07,9556.15,6932.08,913457800.8,688683,12184,133.61,1.45,MANPROCIND
66959,2026-02-02,57,459.16,457.88,461.96,457.83,518.59,434.97,2154457775.6,4631490,19189,-0.75,-0.16,SENSIND
66960,2026-02-02,58,2695.73,2680.43,2706.98,2679.86,3002.07,2487.17,8106071648.0,15933238,89754,1.53,0.05,NEPSE
66961,2026-02-02,59,11061.2,11039.39,11115.99,11008.57,13705.07,10448.66,105306442.9,156551,1655,21.8,0.19,NONLIFIND
66962,2026-02-02,60,2527.98,2549.25,2573.71,2518.89,2933.92,2157.02,335289354.4,549724,2768,-22.84,-0.89,FININD
66963,2026-02-02,61,3808.38,3743.94,3872.52,3743.94,4877.61,3538.87,8241460.9,1592,95,0.85,0.02,TRDIND
66964,2026-02-02,62,185.4,184.41,186.2,184.36,206.25,170.57,8106071648.0,15933238,89754,0.1,0.05,FLOATIND
66965,2026-02-02,63,156.77,156.14,157.64,156.1,177.3,145.59,2154457775.6,4631490,19189,-0.13,-0.08,SENSFLTIND
66949,2026-02-02,64,4943.54,4950.13,4964.56,4919.7,5688.96,4608.92,276963961.7,258302,3657,-8.09,-0.16,MICRFININD
66950,2026-02-02,65,12965.17,12944.05,13104.79,12916.16,14671.87,11763.82,250603162.5,376931,4207,-46.21,-0.35,LIFINSIND
66951,2026-02-02,66,21.26,21.3,21.3,21.13,21.39,18.9,12241429.69,1295823,855,-0.02,-0.1,MUTUALIND
66952,2026-02-02,67,104.31,104.24,105.45,104.05,122.47,98.94,184700399.2,240828,1815,-0.2,-0.19,INVIDX
66970,2026-02-03,51,1369.07,1376.36,1381.86,1365.8,1561.48,1296.0,427935500.3,1454479,5652,-8.73,-0.63,BANKSUBIND
66971,2026-02-03,52,7656.03,7566.83,7815.44,7534.68,7755.05,5895.07,375912396.5,401510,5433,134.74,1.79,HOTELIND
66972,2026-02-03,53,2334.53,2340.11,2376.39,2326.72,2774.99,2088.22,416071318.7,434933,5081,-13.16,-0.56,OTHERSIND
66973,2026-02-03,54,3509.53,3544.82,3563.16,3496.77,3941.95,3147.74,4425223486.6,11622800,43300,-34.39,-0.97,HYDPOWIND
66974,2026-02-03,55,5758.83,5796.63,5811.3,5724.68,6557.35,5221.37,602557256.4,745885,3909,-35.73,-0.61,DEVBANKIND
66975,2026-02-03,56,9356.93,9351.68,9454.35,9310.23,9556.15,6932.08,1177444461.4,812671,14431,34.56,0.37,MANPROCIND
66976,2026-02-03,57,456.71,458.66,461.21,455.75,518.59,434.97,2322341353.2,5162540,20397,-2.45,-0.53,SENSIND
66977,2026-02-03,58,2683.15,2695.11,2709.89,2675.16,3002.07,2487.17,8577184478.7,17118663,91157,-12.58,-0.46,NEPSE
66978,2026-02-03,59,11021.75,11061.2,11131.83,10975.16,13705.07,10448.66,117660653.8,147623,1373,-39.44,-0.35,NONLIFIND
66979,2026-02-03,60,2500.31,2521.09,2543.87,2492.5,2933.92,2157.02,364385661.3,573782,2593,-27.66,-1.09,FININD
66980,2026-02-03,61,3790.66,3808.38,3818.64,3739.14,4877.61,3538.87,8932078.8,1686,74,-17.71,-0.46,TRDIND
66981,2026-02-03,62,184.41,185.39,186.27,183.95,206.25,170.57,8577184478.7,17118663,91157,-0.98,-0.53,FLOATIND
66982,2026-02-03,63,155.86,156.57,157.41,155.5,177.3,145.59,2322341353.2,5162540,20397,-0.9,-0.57,SENSFLTIND
66966,2026-02-03,64,4922.64,4941.81,4954.9,4902.25,5688.96,4608.92,272470495.0,280216,3623,-20.9,-0.42,MICRFININD
66967,2026-02-03,65,12915.59,12957.35,13037.41,12891.19,14671.87,11763.82,192175617.5,314263,3695,-49.57,-0.38,LIFINSIND
66968,2026-02-03,66,21.47,21.28,21.48,21.07,21.47,18.9,13460622.41,1382132,835,0.21,1.0,MUTUALIND
66969,2026-02-03,67,103.77,104.31,105.1,103.36,122.47,98.94,196415552.4,328815,1993,-0.53,-0.51,INVIDX
66987,2026-02-04,51,1364.51,1346.07,1377.26,1345.15,1561.48,1296.0,334456765.1,1259754,5556,-4.56,-0.33,BANKSUBIND
66988,2026-02-04,52,7670.11,7682.31,7783.8,7602.34,7755.05,5895.07,279345480.7,287709,3316,14.08,0.18,HOTELIND
66989,2026-02-04,53,2327.28,2301.8,2362.78,2301.8,2774.99,2088.22,347419764.1,356133,3885,-7.25,-0.31,OTHERSIND
66990,2026-02-04,54,3522.93,3502.06,3546.61,3501.88,3941.95,3147.74,3867379033.1,10127230,38033,13.4,0.38,HYDPOWIND
66991,2026-02-04,55,5764.9,5760.22,5802.58,5712.35,6557.35,5221.37,392701742.8,569752,3017,6.07,0.1,DEVBANKIND
66992,2026-02-04,56,9307.28,9341.51,9438.4,9280.0,9556.15,6932.08,1105455824.9,733916,12010,-49.64,-0.53,MANPROCIND
66993,2026-02-04,57,456.0,451.35,459.79,451.35,518.59,434.97,1912437903.9,4075332,17850,-0.7,-0.15,SENSIND
66994,2026-02-04,58,2681.5,2660.97,2702.9,2659.86,3002.07,2487.17,7451562282.1,14913025,79320,-1.64,-0.06,NEPSE
66995,2026-02-04,59,11036.94,10986.2,11070.15,10962.06,13705.07,10448.66,98998261.6,146389,1433,15.18,0.13,NONLIFIND
66996,2026-02-04,60,2523.65,2498.42,2534.8,2490.58,2933.92,2157.02,352898747.1,569540,3040,23.33,0.93,FININD
66997,2026-02-04,61,3809.58,3721.37,3842.09,3721.37,4877.61,3538.87,10057967.0,1894,90,18.91,0.49,TRDIND
66998,2026-02-04,62,184.21,182.95,185.68,182.86,206.25,170.57,7451562282.1,14913025,79320,-0.19,-0.1,FLOATIND
66999,2026-02-04,63,155.67,154.16,156.92,154.16,177.3,145.59,1912437903.9,4075332,17850,-0.19,-0.12,SENSFLTIND
66983,2026-02-04,64,4907.5,4913.29,4953.01,4898.46,5688.96,4608.92,212635277.3,188355,3210,-15.14,-0.3,MICRFININD
66984,2026-02-04,65,12898.39,12791.1,13021.46,12787.66,14671.87,11763.82,184999526.0,325493,3707,-17.19,-0.13,LIFINSIND
66985,2026-02-04,66,21.4,21.49,21.5,21.25,21.47,18.9,15264457.86,1599556,810,-0.06,-0.31,MUTUALIND
66986,2026-02-04,67,103.86,103.0,104.57,103.0,122.47,98.94,265213892.4,346860,2023,0.09,0.08,INVIDX
67004,2026-02-05,51,1372.22,1364.51,1372.28,1361.85,1561.48,1296.0,404196787.9,1462467,5818,7.71,0.56,BANKSUBIND
67005,2026-02-05,52,7687.19,7651.26,7728.13,7598.97,7755.05,5895.07,318524158.5,314972,3603,17.07,0.22,HOTELIND
67006,2026-02-05,53,2373.57,2326.62,2387.4,2322.16,2774.99,2088.22,584271312.25,578186,5259,46.29,1.98,OTHERSIND
67007,2026-02-05,54,3581.43,3519.32,3594.96,3514.84,3941.95,3147.74,6522141490.3,17514521,59374,58.5,1.66,HYDPOWIND
67008,2026-02-05,55,5818.69,5750.53,5825.48,5709.89,6557.35,5221.37,471124637.4,656626,3758,53.78,0.93,DEVBANKIND
67009,2026-02-05,56,9376.49,9320.51,9394.65,9306.35,9556.15,6932.08,976161389.7,670052,11307,69.21,0.74,MANPROCIND
67010,2026-02-05,57,460.48,456.09,460.48,455.91,518.59,434.97,3793879476.8,7919589,28045,4.47,0.98,SENSIND
67011,2026-02-05,58,2708.7,2681.13,2709.0,2679.75,3002.07,2487.17,11286458012.95,23734118,107462,27.19,1.01,NEPSE
67012,2026-02-05,59,11255.86,11036.94,11271.23,10972.68,13705.07,10448.66,574412173.1,786961,3139,218.92,1.98,NONLIFIND
67013,2026-02-05,60,2535.82,2517.44,2541.07,2516.47,2933.92,2157.02,302910377.9,496419,2765,12.16,0.48,FININD
67014,2026-02-05,61,3791.06,3809.58,3813.66,3744.24,4877.61,3538.87,18138736.0,3327,73,-18.51,-0.48,TRDIND
67015,2026-02-05,62,186.27,184.18,186.29,184.16,206.25,170.57,11286458012.95,23734118,107462,2.06,1.11,FLOATIND
67016,2026-02-05,63,157.42,155.67,157.42,155.66,177.3,145.59,3793879476.8,7919589,28045,1.75,1.12,SENSFLTIND
67000,2026-02-05,64,4937.05,4913.02,4940.97,4909.87,5688.96,4608.92,299766075.1,316859,4018,29.55,0.6,MICRFININD
67001,2026-02-05,65,13042.24,12912.89,13045.02,12857.44,14671.87,11763.82,280675914.9,410364,4768,143.85,1.11,LIFINSIND
67002,2026-02-05,66,21.52,21.45,21.54,21.28,21.52,18.9,119453564.26,11488971,846,0.12,0.57,MUTUALIND
67003,2026-02-05,67,105.14,103.86,105.17,103.86,122.47,98.94,534134959.9,523364,3580,1.28,1.23,INVIDX
67021,2026-02-08,51,1370.41,1371.17,1383.19,1366.68,1561.48,1296.0,396530716.4,1496296,6531,-1.8,-0.13,BANKSUBIND
67022,2026-02-08,52,7522.74,7684.0,7754.48,7507.51,7755.05,5895.07,355100926.3,383179,4463,-164.44,-2.13,HOTELIND
67023,2026-02-08,53,2384.56,2401.16,2423.07,2378.7,2774.99,2088.22,626166425.5,607315,5570,10.98,0.46,OTHERSIND
67024,2026-02-08,54,3570.32,3588.13,3630.96,3565.34,3941.95,3147.74,6817156018.0,18775398,61758,-11.11,-0.31,HYDPOWIND
67025,2026-02-08,55,5764.6,5808.12,5841.37,5747.2,6557.35,5221.37,356994298.2,554263,3083,-54.09,-0.92,DEVBANKIND
67026,2026-02-08,56,9267.69,9410.01,9437.78,9246.03,9556.15,6932.08,976746834.0,808114,10098,-108.79,-1.16,MANPROCIND
67027,2026-02-08,57,459.68,460.62,464.25,458.69,518.59,434.97,3801836542.2,8478477,28843,-0.79,-0.17,SENSIND
67028,2026-02-08,58,2698.45,2712.33,2728.43,2695.2,3002.07,2487.17,11592021374.2,25168000,110706,-10.24,-0.37,NEPSE
67029,2026-02-08,59,11224.15,11253.52,11330.87,11183.16,13705.07,10448.66,371833174.1,405654,2811,-31.71,-0.28,NONLIFIND
67030,2026-02-08,60,2535.4,2530.86,2570.57,2513.62,2933.92,2157.02,472820287.4,745762,3597,-0.41,-0.01,FININD
67031,2026-02-08,61,3741.72,3791.06,3808.14,3729.03,4877.61,3538.87,32085646.9,5979,106,-49.34,-1.3,TRDIND
67032,2026-02-08,62,185.65,186.45,187.69,185.36,206.25,170.57,11592021374.2,25168000,110706,-0.62,-0.33,FLOATIND
67033,2026-02-08,63,157.29,157.48,158.76,156.88,177.3,145.59,3801836542.2,8478477,28843,-0.13,-0.08,SENSFLTIND
67017,2026-02-08,64,4926.4,4936.12,4971.19,4916.2,5688.96,4608.92,330165666.5,354023,4163,-10.64,-0.21,MICRFININD
67018,2026-02-08,65,12949.09,13034.18,13117.09,12935.06,14671.87,11763.82,265546905.2,402134,4912,-93.14,-0.71,LIFINSIND
67019,2026-02-08,66,21.39,21.51,21.53,21.27,21.52,18.9,7573223.91,763980,828,-0.13,-0.61,MUTUALIND
67020,2026-02-08,67,105.24,105.14,106.52,104.9,122.47,98.94,590874475.7,629883,3614,0.09,0.09,INVIDX
67038,2026-02-09,51,1359.81,1371.28,1371.84,1356.96,1561.48,1296.0,467033437.02,1718291,5699,-10.6,-0.77,BANKSUBIND
67039,2026-02-09,52,7418.54,7529.94,7557.29,7342.73,7755.05,5895.07,292756808.5,322639,3589,-104.2,-1.38,HOTELIND
67040,2026-02-09,53,2337.8,2394.06,2399.92,2327.98,2774.99,2088.22,373438927.3,395754,4268,-46.75,-1.96,OTHERSIND
67041,2026-02-09,54,3550.71,3579.41,3581.46,3534.53,3941.95,3147.74,6475539608.7,19192173,59110,-19.61,-0.54,HYDPOWIND
67042,2026-02-09,55,5685.52,5739.82,5786.62,5665.88,6557.35,5221.37,600240046.6,838831,3722,-79.07,-1.37,DEVBANKIND
67043,2026-02-09,56,9153.48,9275.17,9295.57,9125.36,9556.15,6932.08,982987618.3,728290,9422,-114.2,-1.23,MANPROCIND
67044,2026-02-09,57,455.65,460.54,460.86,454.87,518.59,434.97,3507927084.8,8531369,28137,-4.02,-0.87,SENSIND
67045,2026-02-09,58,2672.39,2701.6,2702.75,2665.02,3002.07,2487.17,10617741623.02,25224940,101002,-26.05,-0.96,NEPSE
67046,2026-02-09,59,11064.97,11237.93,11237.93,11016.27,13705.07,10448.66,169961660.1,254106,1953,-159.17,-1.41,NONLIFIND
67047,2026-02-09,60,2477.26,2529.28,2541.08,2471.4,2933.92,2157.02,301839926.7,510213,2522,-58.13,-2.29,FININD
67048,2026-02-09,61,3750.73,3741.72,3783.86,3722.65,4877.61,3538.87,4295143.1,819,56,9.01,0.24,TRDIND
67049,2026-02-09,62,183.72,185.85,185.94,183.24,206.25,170.57,10617741623.02,25224940,101002,-1.93,-1.04,FLOATIND
67050,2026-02-09,63,155.71,157.56,157.67,155.41,177.3,145.59,3507927084.8,8531369,28137,-1.57,-1.0,SENSFLTIND
67034,2026-02-09,64,4896.34,4930.03,4943.37,4874.06,5688.96,4608.92,307480414.2,327218,3850,-30.06,-0.61,MICRFININD
67035,2026-02-09,65,12823.67,12949.09,12958.64,12796.24,14671.87,11763.82,250360838.0,442192,4067,-125.42,-0.96,LIFINSIND
67036,2026-02-09,66,21.29,21.4,21.4,21.18,21.52,18.9,7776802.35,778354,524,-0.1,-0.47,MUTUALIND
67037,2026-02-09,67,104.28,105.6,105.6,104.04,122.47,98.94,391807194.5,494414,2744,-0.95,-0.91,INVIDX
67055,2026-02-10,51,1358.48,1359.96,1361.44,1353.88,1561.48,1296.0,309791618.7,1178565,5031,-1.32,-0.09,BANKSUBIND
67056,2026-02-10,52,7382.88,7419.98,7485.77,7369.31,7755.05,5895.07,158759688.1,176596,2579,-35.65,-0.48,HOTELIND
67057,2026-02-10,53,2329.56,2339.19,2362.36,2322.45,2774.99,2088.22,250339406.5,276786,3428,-8.23,-0.35,OTHERSIND
67058,2026-02-10,54,3541.65,3548.87,3591.69,3528.57,3941.95,3147.74,5756051222.4,16474217,54168,-9.05,-0.25,HYDPOWIND
67059,2026-02-10,55,5619.84,5676.82,5714.53,5606.69,6557.35,5221.37,387392042.0,606556,3480,-65.67,-1.15,DEVBANKIND
67060,2026-02-10,56,9093.78,9144.56,9216.45,9069.53,9556.15,6932.08,645931456.8,519349,7424,-59.7,-0.65,MANPROCIND
67061,2026-02-10,57,454.39,455.38,456.83,453.26,518.59,434.97,3118889084.4,8027025,27584,-1.26,-0.27,SENSIND
67062,2026-02-10,58,2662.14,2671.08,2682.41,2655.3,3002.07,2487.17,8571751792.5,20787696,88799,-10.25,-0.38,NEPSE
67063,2026-02-10,59,10996.4,11047.44,11068.97,10945.89,13705.07,10448.66,129197878.2,187935,1524,-68.56,-0.61,NONLIFIND
67064,2026-02-10,60,2454.55,2466.62,2497.41,2444.59,2933.92,2157.02,191967197.5,330475,2045,-22.71,-0.91,FININD
67065,2026-02-10,61,3770.43,3750.73,3823.42,3720.37,4877.61,3538.87,6606731.0,1245,49,19.7,0.52,TRDIND
67066,2026-02-10,62,182.9,183.6,184.36,182.51,206.25,170.57,8571751792.5,20787696,88799,-0.82,-0.44,FLOATIND
67067,2026-02-10,63,155.15,155.61,156.09,154.79,177.3,145.59,3118889084.4,8027025,27584,-0.56,-0.36,SENSFLTIND
67051,2026-02-10,64,4872.16,4889.75,4901.19,4857.28,5688.96,4608.92,213411818.7,224276,3022,-24.17,-0.49,MICRFININD
67052,2026-02-10,65,12725.23,12815.03,12852.22,12712.47,14671.87,11763.82,233838531.1,416375,3781,-98.44,-0.76,LIFINSIND
67053,2026-02-10,66,21.33,21.32,21.33,21.12,21.52,18.9,7187888.11,739051,621,0.04,0.19,MUTUALIND
67054,2026-02-10,67,103.72,104.23,104.74,103.5,122.47,98.94,288464201.5,395321,2268,-0.56,-0.54,INVIDX
67072,2026-02-11,51,1359.97,1363.19,1376.97,1357.6,1561.48,1296.0,353329346.6,1338026,4881,1.49,0.1,BANKSUBIND
67073,2026-02-11,52,7335.8,7382.88,7511.74,7303.6,7755.05,5895.07,152625628.9,172462,2314,-47.07,-0.63,HOTELIND
67074,2026-02-11,53,2323.8,2364.1,2365.06,2313.58,2774.99,2088.22,275551912.1,300413,3206,-5.76,-0.24,OTHERSIND
67075,2026-02-11,54,3558.4,3556.23,3587.64,3529.73,3941.95,3147.74,5724027689.9,16171057,49231,16.75,0.47,HYDPOWIND
67076,2026-02-11,55,5629.97,5629.06,5717.27,5613.37,6557.35,5221.37,270353164.3,443955,2534,10.12,0.18,DEVBANKIND
67077,2026-02-11,56,9051.22,9082.91,9192.51,9019.49,9556.15,6932.08,639971522.4,521265,7049,-42.55,-0.46,MANPROCIND
67078,2026-02-11,57,455.2,456.74,460.35,454.35,518.59,434.97,3000341241.3,7534058,24482,0.81,0.17,SENSIND
67079,2026-02-11,58,2662.09,2673.96,2692.55,2656.36,3002.07,2487.17,8539425031.1,20589785,81442,-0.04,0.0,NEPSE
67080,2026-02-11,59,11006.06,11019.86,11110.33,10947.15,13705.07,10448.66,134536182.1,222508,1591,9.65,0.08,NONLIFIND
67081,2026-02-11,60,2448.19,2449.35,2500.87,2438.45,2933.92,2157.02,192710383.1,315551,1757,-6.35,-0.25,FININD
67082,2026-02-11,61,3761.66,3770.43,3786.15,3718.29,4877.61,3538.87,6184441.0,1146,43,-8.77,-0.23,TRDIND
67083,2026-02-11,62,182.97,183.75,185.26,182.62,206.25,170.57,8539425031.1,20589785,81442,0.07,0.04,FLOATIND
67084,2026-02-11,63,155.33,155.88,157.27,155.06,177.3,145.59,3000341241.3,7534058,24482,0.18,0.11,SENSFLTIND
67068,2026-02-11,64,4868.83,4889.62,4930.78,4856.97,5688.96,4608.92,210374488.5,236351,2645,-3.33,-0.06,MICRFININD
67069,2026-02-11,65,12695.91,12858.96,12913.9,12664.78,14671.87,11763.82,295034128.9,457253,3928,-29.31,-0.23,LIFINSIND
67070,2026-02-11,66,21.25,21.33,21.46,21.13,21.52,18.9,10029017.78,1019456,703,-0.07,-0.36,MUTUALIND
67071,2026-02-11,67,103.79,103.99,104.8,103.44,122.47,98.94,284726143.3,409798,2263,0.07,0.07,INVIDX
67089,2026-02-12,51,1364.72,1361.39,1367.2,1357.01,1561.48,1296.0,386120859.3,1419128,5491,4.75,0.34,BANKSUBIND
67090,2026-02-12,52,7214.45,7327.38,7351.39,7210.11,7755.05,5895.07,256109610.0,313613,3261,-121.34,-1.65,HOTELIND
67091,2026-02-12,53,2317.58,2351.15,2351.15,2312.07,2774.99,2088.22,299740199.5,337980,3710,-6.21,-0.26,OTHERSIND
67092,2026-02-12,54,3593.05,3556.87,3628.03,3554.64,3941.95,3147.74,7437665157.2,21058458,65428,34.65,0.97,HYDPOWIND
67093,2026-02-12,55,5696.77,5634.72,5737.2,5619.15,6557.35,5221.37,493178260.3,698570,3373,66.8,1.18,DEVBANKIND
67094,2026-02-12,56,9106.27,9086.5,9135.57,8977.08,9556.15,6932.08,868718620.6,675926,9355,55.04,0.6,MANPROCIND
67095,2026-02-12,57,456.72,455.77,458.03,454.86,518.59,434.97,3470282846.5,8274969,27508,1.51,0.33,SENSIND
67096,2026-02-12,58,2671.07,2666.61,2681.65,2657.86,3002.07,2487.17,10906875932.0,26249011,104744,8.97,0.33,NEPSE
67097,2026-02-12,59,10989.78,11006.06,11023.4,10924.51,13705.07,10448.66,106878972.8,150514,1519,-16.27,-0.14,NONLIFIND
67098,2026-02-12,60,2456.78,2439.25,2481.37,2429.84,2933.92,2157.02,211157152.7,379266,2306,8.59,0.35,FININD
67099,2026-02-12,61,3758.09,3761.66,3774.52,3723.09,4877.61,3538.87,18319473.5,3357,95,-3.57,-0.09,TRDIND
67100,2026-02-12,62,183.83,183.16,184.55,182.72,206.25,170.57,10906875932.0,26249011,104744,0.85,0.46,FLOATIND
67101,2026-02-12,63,155.9,155.45,156.4,155.18,177.3,145.59,3470282846.5,8274969,27508,0.56,0.36,SENSFLTIND
67085,2026-02-12,64,4868.13,4868.38,4884.4,4855.41,5688.96,4608.92,275030563.6,294652,3373,-0.69,-0.01,MICRFININD
67086,2026-02-12,65,12759.14,12697.53,12763.93,12645.36,14671.87,11763.82,208457571.1,382583,4274,63.22,0.49,LIFINSIND
67087,2026-02-12,66,21.3,21.28,21.39,21.2,21.52,18.9,6611613.56,652008,645,0.04,0.21,MUTUALIND
67088,2026-02-12,67,104.45,103.95,105.04,103.71,122.47,98.94,345499491.4,534964,2559,0.65,0.62,INVIDX
67106,2026-02-16,51,1363.96,1363.47,1375.52,1359.38,1561.48,1296.0,300987262.0,1012233,4702,-0.76,-0.05,BANKSUBIND
67107,2026-02-16,52,7246.09,7214.45,7323.73,7214.45,7755.05,5895.07,121048694.3,146657,2115,31.63,0.43,HOTELIND
67108,2026-02-16,53,2315.85,2343.3,2343.3,2305.44,2774.99,2088.22,236011203.1,249934,3305,-1.73,-0.07,OTHERSIND
67109,2026-02-16,54,3556.32,3597.46,3616.78,3545.64,3941.95,3147.74,5207532890.8,15012725,46140,-36.73,-1.02,HYDPOWIND
67110,2026-02-16,55,5670.1,5688.27,5722.01,5655.51,6557.35,5221.37,204717467.9,377721,2086,-26.66,-0.46,DEVBANKIND
67111,2026-02-16,56,9151.1,9115.41,9198.55,9098.84,9556.15,6932.08,791971160.5,603651,9147,44.83,0.49,MANPROCIND
67112,2026-02-16,57,455.66,456.93,459.17,454.81,518.59,434.97,2778230082.9,6826950,22237,-1.06,-0.23,SENSIND
67113,2026-02-16,58,2662.91,2674.53,2682.2,2657.67,3002.07,2487.17,7884094591.1,18806731,79470,-8.16,-0.3,NEPSE
67114,2026-02-16,59,10938.65,10989.78,11032.78,10897.81,13705.07,10448.66,91845591.8,152379,1372,-51.13,-0.46,NONLIFIND
67115,2026-02-16,60,2470.57,2462.68,2488.17,2456.05,2933.92,2157.02,263866215.3,436798,1908,13.79,0.56,FININD
67116,2026-02-16,61,3732.52,3758.09,3773.09,3723.8,4877.61,3538.87,8802008.5,1624,79,-25.57,-0.68,TRDIND
67117,2026-02-16,62,183.27,183.96,184.73,182.89,206.25,170.57,7884094591.1,18806731,79470,-0.56,-0.3,FLOATIND
67118,2026-02-16,63,155.49,155.93,156.79,155.21,177.3,145.59,2778230082.9,6826950,22237,-0.41,-0.26,SENSFLTIND
67102,2026-02-16,64,4856.71,4863.96,4884.98,4839.54,5688.96,4608.92,238187251.9,248629,2944,-11.42,-0.23,MICRFININD
67103,2026-02-16,65,12701.08,12776.21,12786.1,12670.55,14671.87,11763.82,151075356.5,278868,3426,-58.05,-0.45,LIFINSIND
67104,2026-02-16,66,21.25,21.31,21.32,21.1,21.52,18.9,5459610.04,553129,654,-0.04,-0.21,MUTUALIND
67105,2026-02-16,67,103.81,104.6,105.21,103.76,122.47,98.94,268049488.5,285512,2246,-0.63,-0.6,INVIDX
67123,2026-02-17,51,1357.79,1362.34,1364.68,1353.05,1561.48,1296.0,413112129.2,1463999,5438,-6.17,-0.45,BANKSUBIND
67124,2026-02-17,52,7159.34,7240.26,7282.87,7155.22,7755.05,5895.07,148442827.5,183534,2137,-86.75,-1.19,HOTELIND
67125,2026-02-17,53,2302.38,2315.65,2332.44,2299.37,2774.99,2147.39,246348356.5,273721,2908,-13.47,-0.58,OTHERSIND
67126,2026-02-17,54,3498.17,3565.09,3565.09,3489.45,3941.95,3147.74,5048997909.4,14284727,47963,-58.14,-1.63,HYDPOWIND
67127,2026-02-17,55,5602.74,5669.82,5682.53,5589.42,6557.35,5221.37,307732070.4,534899,2783,-67.35,-1.18,DEVBANKIND
67128,2026-02-17,56,9083.84,9160.13,9171.78,9032.7,9556.15,6932.08,645842791.6,517610,6564,-67.26,-0.73,MANPROCIND
67129,2026-02-17,57,452.67,455.81,455.83,451.84,518.59,434.97,2815321157.5,6851780,22430,-2.99,-0.65,SENSIND
67130,2026-02-17,58,2642.15,2663.57,2665.82,2636.4,3002.07,2487.17,8220183322.4,19057059,81749,-20.75,-0.77,NEPSE
67131,2026-02-17,59,10856.3,10938.65,10953.74,10797.63,13705.07,10448.66,129529440.6,217346,1545,-82.34,-0.75,NONLIFIND
67132,2026-02-17,60,2418.23,2469.36,2480.19,2415.83,2922.24,2157.02,168530195.0,297211,1861,-52.34,-2.11,FININD
67133,2026-02-17,61,3740.89,3732.52,3773.23,3708.0,4877.61,3538.87,10337056.0,1944,79,8.37,0.22,TRDIND
67134,2026-02-17,62,181.67,183.31,183.42,181.2,206.25,170.57,8220183322.4,19057059,81749,-1.59,-0.86,FLOATIND
67135,2026-02-17,63,154.4,155.55,155.57,154.06,177.3,145.59,2815321157.5,6851780,22430,-1.08,-0.69,SENSFLTIND
67119,2026-02-17,64,4832.27,4855.36,4858.67,4822.82,5688.96,4608.92,275916823.6,286465,3627,-24.44,-0.5,MICRFININD
67120,2026-02-17,65,12601.61,12700.76,12712.61,12525.64,14671.87,11763.82,260034665.8,477255,3546,-99.47,-0.78,LIFINSIND
67121,2026-02-17,66,21.36,21.27,21.37,21.06,21.52,18.9,8516365.53,885132,824,0.1,0.48,MUTUALIND
67122,2026-02-17,67,103.3,104.01,104.27,103.23,122.47,98.94,565359056.8,518348,3298,-0.5,-0.48,INVIDX
67140,2026-02-22,51,1350.64,1357.61,1361.8,1348.4,1561.48,1296.0,377794524.9,1458184,5697,-7.14,-0.52,BANKSUBIND
67141,2026-02-22,52,7080.86,7185.51,7190.36,7065.0,7755.05,5895.07,109239615.9,143193,1958,-78.48,-1.09,HOTELIND
67142,2026-02-22,53,2282.8,2301.82,2303.78,2274.81,2774.99,2182.68,268554597.6,284801,3124,-19.58,-0.85,OTHERSIND
67143,2026-02-22,54,3434.63,3500.83,3500.89,3426.74,3941.95,3147.74,3819340534.1,10435405,37106,-63.54,-1.81,HYDPOWIND
67144,2026-02-22,55,5523.64,5598.12,5598.12,5517.55,6557.35,5221.37,240232085.1,462835,2430,-79.1,-1.41,DEVBANKIND
67145,2026-02-22,56,8990.8,9068.52,9122.49,8974.51,9556.15,6932.08,691442354.0,569221,7703,-93.04,-1.02,MANPROCIND
67146,2026-02-22,57,449.39,452.84,453.84,449.04,518.59,434.97,2419709777.6,5739219,21947,-3.27,-0.72,SENSIND
67147,2026-02-22,58,2614.55,2640.66,2642.37,2610.7,3002.07,2487.17,6665968211.9,14962058,71157,-27.59,-1.04,NEPSE
67148,2026-02-22,59,10810.1,10856.3,10881.58,10788.12,13705.07,10448.66,126091917.6,215434,1683,-46.19,-0.42,NONLIFIND
67149,2026-02-22,60,2404.68,2422.57,2425.48,2392.32,2922.24,2157.02,249187348.2,399027,2022,-13.55,-0.56,FININD
67150,2026-02-22,61,3605.6,3674.46,3740.23,3537.64,4877.61,3538.87,17973724.7,3687,142,-135.29,-3.61,TRDIND
67151,2026-02-22,62,180.0,181.7,181.86,179.77,206.25,170.57,6665968211.9,14962058,71157,-1.66,-0.91,FLOATIND
67152,2026-02-22,63,153.24,154.45,154.82,153.1,177.3,145.59,2419709777.6,5739219,21947,-1.16,-0.75,SENSFLTIND
67136,2026-02-22,64,4809.0,4832.48,4849.01,4791.58,5688.96,4608.92,264825741.4,271683,3375,-23.26,-0.48,MICRFININD
67137,2026-02-22,65,12509.01,12616.84,12616.84,12466.08,14671.87,11763.82,167586588.2,331233,3442,-92.59,-0.73,LIFINSIND
67138,2026-02-22,66,21.31,21.39,21.39,21.19,21.52,18.9,8886751.88,901633,676,-0.04,-0.22,MUTUALIND
67139,2026-02-22,67,102.33,103.47,103.53,102.2,122.47,98.94,333699180.2,387355,2475,-0.97,-0.94,INVIDX
67157,2026-02-23,51,1354.56,1349.16,1354.56,1346.5,1561.48,1296.0,292829096.7,1167639,4611,3.91,0.28,BANKSUBIND
67158,2026-02-23,52,7055.69,7080.86,7108.99,7036.81,7755.05,5895.07,98625066.2,132359,1687,-25.17,-0.35,HOTELIND
67159,2026-02-23,53,2284.67,2282.04,2290.32,2272.32,2774.99,2182.68,177276883.7,191410,2452,1.86,0.08,OTHERSIND
67160,2026-02-23,54,3426.57,3436.33,3462.32,3417.53,3941.95,3147.74,2671023365.6,7462125,27403,-8.06,-0.23,HYDPOWIND
67161,2026-02-23,55,5573.88,5527.5,5573.88,5504.38,6557.35,5221.37,331816018.9,452995,2315,50.24,0.9,DEVBANKIND
67162,2026-02-23,56,8984.69,8990.31,9043.89,8901.76,9556.15,6932.08,533969634.5,416580,6396,-6.1,-0.06,MANPROCIND
67163,2026-02-23,57,451.05,449.23,451.32,449.03,518.59,434.97,1732255420.7,4256810,16522,1.65,0.36,SENSIND
67164,2026-02-23,58,2616.97,2613.4,2627.06,2608.95,3002.07,2487.17,5003091072.3,10951487,55245,2.41,0.09,NEPSE
67165,2026-02-23,59,10785.5,10810.1,10846.54,10753.78,13705.07,10448.66,86723582.1,144094,1174,-24.6,-0.22,NONLIFIND
67166,2026-02-23,60,2418.25,2403.17,2428.37,2403.17,2922.24,2157.02,208263566.3,321130,1715,13.57,0.56,FININD
67167,2026-02-23,61,3604.51,3605.6,3708.09,3598.8,4877.61,3538.87,35720580.6,6542,116,-1.08,-0.03,TRDIND
67168,2026-02-23,62,180.16,179.86,180.7,179.6,206.25,170.57,5003091072.3,10951487,55245,0.15,0.08,FLOATIND
67169,2026-02-23,63,153.67,153.12,153.92,153.05,177.3,145.59,1732255420.7,4256810,16522,0.43,0.28,SENSFLTIND
67153,2026-02-23,64,4805.62,4810.31,4817.98,4793.46,5688.96,4608.92,160158992.8,168249,2486,-3.38,-0.07,MICRFININD
67154,2026-02-23,65,12518.07,12524.24,12548.16,12453.02,14671.87,11763.82,128044570.8,238966,2864,9.06,0.07,LIFINSIND
67155,2026-02-23,66,21.22,21.3,21.4,21.02,21.52,18.9,9803312.27,989321,731,-0.08,-0.41,MUTUALIND
67156,2026-02-23,67,102.71,101.81,103.1,101.81,122.47,98.94,278639714.1,249398,2026,0.38,0.37,INVIDX
67174,2026-02-24,51,1358.68,1352.61,1358.68,1351.61,1561.48,1296.0,210111670.5,782209,3672,4.12,0.3,BANKSUBIND
67175,2026-02-24,52,7201.95,7034.12,7201.95,7034.12,7755.05,5895.07,104199248.7,127779,1810,146.26,2.07,HOTELIND
67176,2026-02-24,53,2292.3,2284.09,2300.43,2284.09,2774.99,2182.68,201234672.2,204445,2319,7.63,0.33,OTHERSIND
67177,2026-02-24,54,3470.25,3423.11,3470.35,3422.56,3941.95,3147.74,2135361342.8,5423763,23224,43.68,1.27,HYDPOWIND
67178,2026-02-24,55,5636.17,5569.05,5641.02,5559.1,6557.35,5221.37,120616645.0,211231,1635,62.29,1.11,DEVBANKIND
67179,2026-02-24,56,9143.0,8978.87,9144.59,8973.46,9556.15,6932.08,640817414.0,464065,6690,158.3,1.76,MANPROCIND
67180,2026-02-24,57,453.37,450.37,453.38,450.33,518.59,434.97,1304694874.9,2924518,12827,2.31,0.51,SENSIND
67181,2026-02-24,58,2638.6,2614.66,2638.64,2614.26,3002.07,2487.17,4077621011.65,8124040,48251,21.62,0.82,NEPSE
67182,2026-02-24,59,10841.87,10785.5,10841.87,10770.99,13705.07,10448.66,59565830.2,97772,982,56.37,0.52,NONLIFIND
67183,2026-02-24,60,2433.79,2411.48,2437.77,2410.61,2922.24,2157.02,132685392.4,207063,1226,15.54,0.64,FININD
67184,2026-02-24,61,3658.23,3604.51,3668.08,3604.51,4877.61,3538.87,16182888.0,2913,77,53.71,1.49,TRDIND
67185,2026-02-24,62,181.57,179.96,181.57,179.94,206.25,170.57,4077621011.65,8124040,48251,1.4,0.78,FLOATIND
67186,2026-02-24,63,154.58,153.42,154.59,153.41,177.3,145.59,1304694874.9,2924518,12827,0.9,0.59,SENSFLTIND
67170,2026-02-24,64,4843.6,4803.52,4843.6,4791.02,5688.96,4608.92,166401963.05,174773,2376,37.98,0.79,MICRFININD
67171,2026-02-24,65,12606.93,12533.14,12607.91,12449.14,14671.87,11763.82,126239096.3,205410,2700,88.85,0.7,LIFINSIND
67172,2026-02-24,66,21.24,21.24,21.26,21.07,21.52,18.9,4159482.41,429673,481,0.02,0.09,MUTUALIND
67173,2026-02-24,67,103.34,102.44,103.58,102.44,122.47,98.94,164204848.5,222617,1540,0.63,0.61,INVIDX
67191,2026-02-25,51,1361.79,1358.68,1363.64,1356.49,1561.48,1296.0,260708251.5,1090141,3639,3.11,0.22,BANKSUBIND
67192,2026-02-25,52,7236.1,7229.13,7271.92,7183.2,7755.05,5895.07,126371663.6,140689,1701,34.14,0.47,HOTELIND
67193,2026-02-25,53,2300.52,2293.82,2314.43,2293.21,2774.99,2182.68,128266742.9,139364,2208,8.22,0.35,OTHERSIND
67194,2026-02-25,54,3483.85,3468.26,3491.12,3464.16,3941.95,3147.74,2356073212.8,6286634,23891,13.6,0.39,HYDPOWIND
67195,2026-02-25,55,5648.16,5635.25,5684.29,5624.13,6557.35,5221.37,193484099.7,309522,1630,11.98,0.21,DEVBANKIND
67196,2026-02-25,56,9218.95,9136.64,9251.19,9135.47,9556.15,6932.08,501839166.9,411093,5016,75.95,0.83,MANPROCIND
67197,2026-02-25,57,454.57,453.15,455.23,453.0,518.59,434.97,1481766165.0,3418785,13501,1.2,0.26,SENSIND
67198,2026-02-25,58,2648.9,2637.96,2653.65,2637.79,3002.07,2487.17,4372649922.8,9501225,47927,10.3,0.39,NEPSE
67199,2026-02-25,59,10863.19,10850.72,10920.67,10832.18,13705.07,10448.66,87250486.6,142748,1062,21.31,0.19,NONLIFIND
67200,2026-02-25,60,2426.97,2436.88,2444.79,2419.79,2922.24,2157.02,147681990.7,238960,1233,-6.82,-0.28,FININD
67201,2026-02-25,61,3623.59,3658.23,3682.29,3611.38,4877.61,3538.87,58811488.4,10223,292,-34.63,-0.94,TRDIND
67202,2026-02-25,62,182.42,181.5,182.59,181.49,206.25,170.57,4372649922.8,9501225,47927,0.85,0.47,FLOATIND
67203,2026-02-25,63,155.03,154.5,155.3,154.47,177.3,145.59,1481766165.0,3418785,13501,0.44,0.28,SENSFLTIND
67187,2026-02-25,64,4850.94,4840.91,4851.42,4824.87,5688.96,4608.92,164304200.7,172183,2215,7.34,0.15,MICRFININD
67188,2026-02-25,65,12832.74,12600.09,12858.48,12574.16,14671.87,11763.82,208608825.8,397689,3600,225.81,1.79,LIFINSIND
67189,2026-02-25,66,21.23,21.23,21.29,21.14,21.52,18.9,6491930.31,652425,499,0.0,-0.02,MUTUALIND
67190,2026-02-25,67,103.68,102.99,104.0,102.99,122.47,98.94,139249793.2,161979,1440,0.33,0.32,INVIDX
67208,2026-02-26,51,1370.6,1378.59,1379.84,1362.12,1561.48,1296.0,254288110.48,968655,3825,8.8,0.64,BANKSUBIND
67209,2026-02-26,52,7223.84,7236.1,7246.71,7180.73,7755.05,5895.07,76476722.2,91748,1197,-12.25,-0.16,HOTELIND
67210,2026-02-26,53,2301.72,2341.75,2341.91,2299.55,2774.99,2182.68,166110255.7,181350,2052,1.19,0.05,OTHERSIND
67211,2026-02-26,54,3485.72,3493.6,3502.77,3471.51,3941.95,3147.74,2299549520.7,6257728,22505,1.86,0.05,HYDPOWIND
67212,2026-02-26,55,5655.54,5669.37,5678.76,5630.64,6557.35,5221.37,199999074.8,307566,1664,7.38,0.13,DEVBANKIND
67213,2026-02-26,56,9180.23,9208.31,9251.0,9156.95,9556.15,6932.08,336472698.2,266194,3743,-38.71,-0.41,MANPROCIND
67214,2026-02-26,57,456.51,458.52,458.69,454.43,518.59,434.97,1697426790.2,4211955,15452,1.93,0.42,SENSIND
67215,2026-02-26,58,2654.93,2665.79,2666.22,2646.43,3002.07,2487.17,4073659935.78,9113129,43446,6.03,0.22,NEPSE
67216,2026-02-26,59,10982.59,10878.72,10994.29,10835.32,13705.07,10448.66,117199722.0,201547,1300,119.4,1.09,NONLIFIND
67217,2026-02-26,60,2444.4,2418.5,2444.46,2412.5,2922.24,2157.02,187131787.0,276607,1282,17.43,0.71,FININD
67218,2026-02-26,61,3640.45,3623.59,3687.3,3616.43,4877.61,3538.87,39284922.6,6811,193,16.85,0.46,TRDIND
67219,2026-02-26,62,182.91,183.66,183.7,182.12,206.25,170.57,4073659935.78,9113129,43446,0.48,0.26,FLOATIND
67220,2026-02-26,63,155.65,156.31,156.36,154.94,177.3,145.59,1697426790.2,4211955,15452,0.62,0.4,SENSFLTIND
67204,2026-02-26,64,4837.01,4850.75,4854.03,4831.54,5688.96,4608.92,162631431.9,166871,2228,-13.92,-0.28,MICRFININD
67205,2026-02-26,65,12837.31,12917.48,12917.48,12737.97,14671.87,11763.82,103168772.4,200323,2164,4.56,0.03,LIFINSIND
67206,2026-02-26,66,21.18,21.22,21.28,21.14,21.52,18.9,4004180.74,414356,536,-0.05,-0.25,MUTUALIND
67207,2026-02-26,67,104.05,104.44,104.52,103.62,122.47,98.94,131346917.8,187729,1293,0.37,0.35,INVIDX
67225,2026-03-01,51,1381.48,1379.27,1381.48,1356.31,1561.48,1296.0,428058680.1,1722053,6247,10.87,0.79,BANKSUBIND
67226,2026-03-01,52,7253.52,7196.35,7260.7,7153.66,7755.05,5895.07,87869469.7,110847,1310,29.68,0.41,HOTELIND
67227,2026-03-01,53,2329.16,2308.99,2329.2,2279.67,2774.99,2182.68,202726411.0,216736,2371,27.44,1.19,OTHERSIND
67228,2026-03-01,54,3502.12,3484.98,3502.71,3438.54,3941.95,3147.74,2842821018.0,7418772,25556,16.4,0.47,HYDPOWIND
67229,2026-03-01,55,5699.34,5669.48,5710.41,5604.92,6557.35,5221.37,203121071.7,376862,2230,43.8,0.77,DEVBANKIND
67230,2026-03-01,56,9240.28,9164.17,9277.03,9077.03,9556.15,6932.08,616264115.3,583689,5164,60.05,0.65,MANPROCIND
67231,2026-03-01,57,459.73,458.08,459.73,452.06,518.59,434.97,2563352592.6,5758993,19396,3.22,0.7,SENSIND
67232,2026-03-01,58,2673.97,2659.31,2674.2,2626.7,3002.07,2487.17,5563508279.13,12050147,54245,19.04,0.71,NEPSE
67233,2026-03-01,59,11028.51,10993.64,11036.5,10887.57,13705.07,10448.66,88037557.1,138439,1091,45.91,0.41,NONLIFIND
67234,2026-03-01,60,2498.9,2432.53,2503.24,2411.22,2922.24,2157.02,454901495.0,668219,2915,54.5,2.22,FININD
67235,2026-03-01,61,3681.36,3633.65,3697.72,3607.59,4877.61,3538.87,65436901.5,10957,284,40.91,1.12,TRDIND
67236,2026-03-01,62,184.16,183.31,184.17,180.88,206.25,170.57,5563508279.13,12050147,54245,1.25,0.68,FLOATIND
67237,2026-03-01,63,156.6,156.3,156.6,154.14,177.3,145.59,2563352592.6,5758993,19396,0.95,0.61,SENSFLTIND
67221,2026-03-01,64,4855.8,4832.95,4871.21,4791.96,5688.96,4608.92,217312317.83,228508,2734,18.78,0.38,MICRFININD
67222,2026-03-01,65,12914.08,12821.47,12914.08,12622.18,14671.87,11763.82,173815478.8,300610,2816,76.77,0.59,LIFINSIND
67223,2026-03-01,66,21.18,21.18,21.2,20.97,21.52,18.9,7817243.28,791620,478,0.0,0.01,MUTUALIND
67224,2026-03-01,67,104.66,104.47,104.7,102.61,122.47,98.94,183143763.1,274455,1527,0.61,0.58,INVIDX
67242,2026-03-03,51,1404.18,1399.59,1404.56,1377.04,1561.48,1296.0,597177083.6,2549278,7865,22.7,1.64,BANKSUBIND
67243,2026-03-03,52,7370.15,7242.81,7380.44,7229.3,7755.05,5895.07,100261699.2,120729,1389,116.62,1.6,HOTELIND
67244,2026-03-03,53,2353.19,2371.5,2371.5,2309.96,2774.99,2182.68,218539001.7,237061,2541,24.03,1.03,OTHERSIND
67245,2026-03-03,54,3576.95,3511.87,3577.09,3493.34,3941.95,3147.74,3323628792.75,9009236,30145,74.82,2.13,HYDPOWIND
67246,2026-03-03,55,5790.39,5697.5,5801.37,5674.13,6557.35,5221.37,226515643.8,412998,2350,91.04,1.59,DEVBANKIND
67247,2026-03-03,56,9378.1,9295.46,9395.76,9231.56,9556.15,6932.08,636103941.2,566556,4962,137.81,1.49,MANPROCIND
67248,2026-03-03,57,465.99,463.58,466.0,458.31,518.59,434.97,2463024747.5,5803618,20967,6.25,1.36,SENSIND
67249,2026-03-03,58,2712.49,2691.7,2712.6,2666.05,3002.07,2487.17,6175862330.95,14451245,60497,38.52,1.44,NEPSE
67250,2026-03-03,59,11151.72,11028.51,11157.6,10998.15,13705.07,10448.66,100347714.7,156896,1316,123.21,1.11,NONLIFIND
67251,2026-03-03,60,2534.72,2492.22,2542.27,2492.22,2922.24,2157.02,350990076.1,497747,2419,35.81,1.43,FININD
67252,2026-03-03,61,3648.93,3681.36,3738.01,3619.5,4877.61,3538.87,19014461.6,3374,155,-32.43,-0.88,TRDIND
67253,2026-03-03,62,187.19,185.45,187.2,183.68,206.25,170.57,6175862330.95,14451245,60497,3.03,1.64,FLOATIND
67254,2026-03-03,63,159.01,157.84,159.02,156.08,177.3,145.59,2463024747.5,5803618,20967,2.41,1.54,SENSFLTIND
67238,2026-03-03,64,4936.48,4859.09,4936.48,4856.65,5688.96,4608.92,239585889.6,256719,2719,80.67,1.66,MICRFININD
67239,2026-03-03,65,13050.12,13035.62,13050.12,12823.92,14671.87,11763.82,187462445.4,335845,2867,136.04,1.05,LIFINSIND
67240,2026-03-03,66,21.36,21.18,21.36,21.09,21.52,18.9,4251021.45,431176,429,0.17,0.83,MUTUALIND
67241,2026-03-03,67,106.26,104.72,106.26,104.3,122.47,98.94,176235581.3,304806,1769,1.6,1.52,INVIDX
67259,2026-03-09,51,1501.38,1429.08,1501.9,1429.08,1561.48,1296.0,22709566.6,90830,315,97.19,6.92,BANKSUBIND
67260,2026-03-09,52,7793.07,7495.05,7795.94,7495.05,7793.07,5895.07,10086731.3,11730,103,422.91,5.73,HOTELIND
67261,2026-03-09,53,2484.12,2400.13,2528.99,2400.13,2774.99,2182.68,40045171.9,39451,293,130.92,5.56,OTHERSIND
67262,2026-03-09,54,3820.7,3635.47,3821.29,3635.47,3941.95,3147.74,276097104.4,698592,2037,243.75,6.81,HYDPOWIND
67263,2026-03-09,55,6133.13,5874.59,6133.13,5874.59,6557.35,5221.37,52555453.0,59624,177,342.74,5.91,DEVBANKIND
67264,2026-03-09,56,9875.16,9502.0,9940.6,9502.0,9875.16,6932.08,81072906.6,74957,372,497.06,5.3,MANPROCIND
67265,2026-03-09,57,494.1,473.97,494.59,473.97,518.59,434.97,210033013.6,436183,1402,28.11,6.03,SENSIND
67266,2026-03-09,58,2875.43,2757.12,2875.43,2757.12,3002.07,2487.17,549526127.7,1062864,3995,162.93,6.0,NEPSE
67267,2026-03-09,59,11569.63,11296.03,11569.63,11296.03,13705.07,10448.66,3302547.2,6320,59,417.9,3.74,NONLIFIND
67268,2026-03-09,60,2673.42,2557.23,2686.43,2557.23,2834.05,2157.02,11908047.0,17066,129,138.69,5.47,FININD
67269,2026-03-09,61,3931.32,3721.6,3931.32,3719.28,4877.61,3538.87,1204379.4,208,16,282.38,7.73,TRDIND
67270,2026-03-09,62,198.62,190.23,198.62,190.23,206.25,170.57,549526127.7,1062864,3995,11.43,6.1,FLOATIND
67271,2026-03-09,63,168.98,161.68,168.99,161.68,177.3,145.59,210033013.6,436183,1402,9.96,6.26,SENSFLTIND
67255,2026-03-09,64,5137.58,4992.18,5137.58,4992.18,5688.96,4608.92,15144198.5,15655,180,201.1,4.07,MICRFININD
67256,2026-03-09,65,13660.44,13265.78,13660.71,13265.78,14570.29,11763.82,19852830.3,26267,215,610.32,4.67,LIFINSIND
67257,2026-03-09,66,21.4,21.38,21.4,21.38,21.52,18.9,530818.96,52583,6,0.03,0.18,MUTUALIND
67258,2026-03-09,67,113.77,108.35,113.8,108.35,122.47,98.94,15547191.5,22164,99,7.5,7.06,INVIDX
67276,2026-03-10,51,1482.25,1523.0,1527.59,1459.21,1561.48,1296.0,2087244429.8,7855691,27977,-19.12,-1.27,BANKSUBIND
67277,2026-03-10,52,7648.23,7865.63,7865.63,7555.76,7793.07,5895.07,406743161.5,514716,4657,-144.83,-1.85,HOTELIND
67278,2026-03-10,53,2448.58,2506.75,2516.28,2415.61,2774.99,2182.68,931410943.6,987002,8666,-35.54,-1.43,OTHERSIND
67279,2026-03-10,54,3764.95,3868.89,3868.89,3689.38,3941.95,3147.74,11374899461.8,30940929,100408,-55.74,-1.45,HYDPOWIND
67280,2026-03-10,55,6061.57,6188.99,6191.65,5961.17,6557.35,5221.37,887925724.0,1740784,8203,-71.56,-1.16,DEVBANKIND
67281,2026-03-10,56,9707.29,9966.46,9966.46,9614.9,9875.16,6932.08,1706879257.6,1726540,14126,-167.86,-1.69,MANPROCIND
67282,2026-03-10,57,489.69,500.85,501.82,480.9,518.59,434.97,8880721319.1,20602510,75801,-4.4,-0.89,SENSIND
67283,2026-03-10,58,2843.35,2911.36,2911.36,2796.13,3002.07,2487.17,21220248354.9,49892786,202809,-32.08,-1.11,NEPSE
67284,2026-03-10,59,11625.4,11770.12,11818.85,11454.58,13705.07,10448.66,355393540.4,542728,4146,55.77,0.48,NONLIFIND
67285,2026-03-10,60,2618.28,2708.82,2710.49,2598.35,2719.1,2157.02,709630573.6,1134820,7131,-55.13,-2.06,FININD
67286,2026-03-10,61,3847.65,3967.03,3967.03,3778.0,4877.61,3538.87,41306263.3,6976,249,-83.66,-2.12,TRDIND
67287,2026-03-10,62,196.39,201.17,201.21,193.18,206.25,170.57,21220248354.9,49892786,202809,-2.23,-1.12,FLOATIND
67288,2026-03-10,63,167.04,171.24,171.38,164.16,177.3,145.59,8880721319.1,20602510,75801,-1.93,-1.14,SENSFLTIND
67272,2026-03-10,64,5128.17,5217.38,5221.55,5069.88,5688.96,4608.92,829555397.6,882325,8967,-9.41,-0.18,MICRFININD
67273,2026-03-10,65,13730.91,13825.81,13859.97,13372.96,14495.86,11763.82,902042982.0,1536925,10033,70.46,0.51,LIFINSIND
67274,2026-03-10,66,21.69,21.41,21.69,21.31,21.69,18.9,15413065.67,1506427,1018,0.28,1.34,MUTUALIND
67275,2026-03-10,67,111.96,115.29,115.29,108.54,122.47,98.94,987216619.7,2023350,8246,-1.8,-1.58,INVIDX
67293,2026-03-11,51,1455.14,1490.11,1490.53,1453.04,1561.48,1296.0,927347264.7,3674246,11811,-27.11,-1.82,BANKSUBIND
67294,2026-03-11,52,7528.43,7742.76,7742.76,7502.89,7793.07,5895.07,137451593.7,187253,1949,-119.8,-1.56,HOTELIND
67295,2026-03-11,53,2403.67,2448.21,2456.91,2394.37,2774.99,2182.68,364282322.6,390979,3976,-44.9,-1.83,OTHERSIND
67296,2026-03-11,54,3738.14,3788.98,3817.52,3725.15,3941.95,3147.74,8437270203.6,23451454,67370,-26.81,-0.71,HYDPOWIND
67297,2026-03-11,55,5963.83,6078.16,6110.35,5948.87,6557.35,5221.37,493867168.1,803337,4043,-97.73,-1.61,DEVBANKIND
67298,2026-03-11,56,9568.3,9714.95,9790.28,9556.18,9875.16,6932.08,863529518.3,804073,6980,-138.98,-1.43,MANPROCIND
67299,2026-03-11,57,481.37,491.63,491.75,480.95,518.59,434.97,5111804654.8,12304078,41346,-8.32,-1.69,SENSIND
67300,2026-03-11,58,2796.57,2852.83,2854.48,2793.39,3002.07,2487.17,12959250838.8,32173893,113682,-46.78,-1.64,NEPSE
67301,2026-03-11,59,11511.81,11637.82,11691.93,11484.53,13705.07,10448.66,152758884.3,238731,1650,-113.58,-0.97,NONLIFIND
67302,2026-03-11,60,2563.78,2605.47,2634.82,2558.74,2719.1,2157.02,323265605.1,518255,3040,-54.5,-2.08,FININD
67303,2026-03-11,61,3716.56,3847.65,3847.65,3716.56,4877.61,3538.87,20112242.8,3466,136,-131.08,-3.4,TRDIND
67304,2026-03-11,62,193.15,197.18,197.19,192.87,206.25,170.57,12959250838.8,32173893,113682,-3.24,-1.65,FLOATIND
67305,2026-03-11,63,164.1,167.79,167.8,163.94,177.3,145.59,5111804654.8,12304078,41346,-2.94,-1.76,SENSFLTIND
67289,2026-03-11,64,5043.56,5129.22,5130.57,5034.4,5688.96,4608.92,351816530.3,380483,3983,-84.6,-1.64,MICRFININD
67290,2026-03-11,65,13458.63,13851.92,13854.6,13428.17,14495.86,11763.82,322332556.2,570724,4538,-272.27,-1.98,LIFINSIND
67291,2026-03-11,66,21.76,21.7,21.8,21.57,21.76,18.9,30407883.52,2951381,878,0.07,0.34,MUTUALIND
67292,2026-03-11,67,109.86,111.57,112.75,109.76,122.47,98.94,565216949.1,1150892,4206,-2.1,-1.87,INVIDX
67310,2026-03-12,51,1484.57,1458.68,1489.98,1444.99,1561.48,1296.0,1406350112.9,5749605,15297,29.42,2.02,BANKSUBIND
67311,2026-03-12,52,7501.65,7506.23,7598.16,7474.33,7793.07,5895.07,151691647.2,190499,1955,-26.77,-0.35,HOTELIND
67312,2026-03-12,53,2385.87,2414.08,2416.71,2373.36,2774.99,2182.68,366258853.1,373465,3661,-17.8,-0.74,OTHERSIND
67313,2026-03-12,54,3779.53,3746.82,3795.88,3727.5,3941.95,3147.74,8814225458.57,26048705,76525,41.39,1.1,HYDPOWIND
67314,2026-03-12,55,6040.19,5963.25,6050.51,5916.97,6557.35,5221.37,493560905.7,841574,4212,76.35,1.28,DEVBANKIND
67315,2026-03-12,56,9638.43,9568.65,9639.18,9517.58,9875.16,6932.08,880675596.2,802743,7154,70.12,0.73,MANPROCIND
67316,2026-03-12,57,486.38,482.19,487.94,478.72,518.59,434.97,4625489641.2,11175312,38223,5.01,1.04,SENSIND
67317,2026-03-12,58,2820.44,2800.05,2830.27,2781.0,3002.07,2487.17,13945134775.57,36980951,126506,23.87,0.85,NEPSE
67318,2026-03-12,59,11507.16,11526.31,11555.55,11395.4,13705.07,10448.66,120703309.4,191541,1534,-4.65,-0.04,NONLIFIND
67319,2026-03-12,60,2597.18,2556.58,2605.25,2549.57,2719.1,2157.02,437539578.5,658189,3106,33.4,1.3,FININD
67320,2026-03-12,61,3722.05,3716.56,3772.32,3703.85,4877.61,3538.87,21559902.6,3625,124,5.48,0.14,TRDIND
67321,2026-03-12,62,195.07,193.41,195.72,192.12,206.25,170.57,13945134775.57,36980951,126506,1.92,0.99,FLOATIND
67322,2026-03-12,63,165.82,164.38,166.44,163.24,177.3,145.59,4625489641.2,11175312,38223,1.72,1.05,SENSFLTIND
67306,2026-03-12,64,5057.41,5041.78,5079.63,5024.45,5688.96,4608.92,377881438.3,394192,3829,13.84,0.27,MICRFININD
67307,2026-03-12,65,13508.36,13458.63,13531.51,13365.42,14495.86,11763.82,280795899.0,499641,4486,49.72,0.36,LIFINSIND
67308,2026-03-12,66,21.87,21.78,21.88,21.61,21.87,18.9,19085557.0,1920388,953,0.1,0.48,MUTUALIND
67309,2026-03-12,67,111.11,109.83,111.99,108.76,122.47,98.94,593892074.1,1227172,4623,1.25,1.14,INVIDX
67327,2026-03-15,51,1487.73,1492.46,1504.14,1481.37,1561.48,1296.0,1278421707.5,5009524,14043,3.16,0.21,BANKSUBIND
67328,2026-03-15,52,7455.03,7506.22,7552.19,7438.15,7793.07,5895.07,175604285.1,218355,2191,-46.61,-0.62,HOTELIND
67329,2026-03-15,53,2386.64,2386.71,2413.54,2379.26,2774.99,2182.68,265981824.3,283041,3263,0.76,0.03,OTHERSIND
67330,2026-03-15,54,3781.81,3775.23,3805.61,3745.66,3941.95,3147.74,9292462889.54,26424460,73964,2.28,0.06,HYDPOWIND
67331,2026-03-15,55,6085.48,6066.22,6102.77,6031.21,6557.35,5221.37,526053094.6,933097,4269,45.29,0.74,DEVBANKIND
67332,2026-03-15,56,9650.79,9636.33,9664.96,9584.78,9875.16,6932.08,666286253.4,693405,6474,12.35,0.12,MANPROCIND
67333,2026-03-15,57,486.8,487.13,490.31,484.58,518.59,434.97,5081527200.3,11975621,36679,0.41,0.08,SENSIND
67334,2026-03-15,58,2824.9,2824.89,2839.35,2808.57,3002.07,2487.17,13899298696.14,36211659,121574,4.45,0.15,NEPSE
67335,2026-03-15,59,11526.65,11493.8,11588.05,11467.77,13705.07,10448.66,154149562.6,242017,1837,19.49,0.16,NONLIFIND
67336,2026-03-15,60,2603.2,2594.46,2619.95,2587.15,2719.1,2157.02,450142434.8,677401,3222,6.02,0.23,FININD
67337,2026-03-15,61,3827.51,3722.05,4051.01,3704.19,4877.61,3538.87,19823303.3,3631,170,105.46,2.83,TRDIND
67338,2026-03-15,62,195.22,195.44,196.47,194.26,206.25,170.57,13899298696.14,36211659,121574,0.14,0.07,FLOATIND
67339,2026-03-15,63,166.01,166.1,167.26,165.23,177.3,145.59,5081527200.3,11975621,36679,0.18,0.11,SENSFLTIND
67323,2026-03-15,64,5065.24,5059.26,5077.84,5038.33,5688.96,4608.92,362223250.4,371103,4272,7.83,0.15,MICRFININD
67324,2026-03-15,65,13446.03,13540.61,13559.92,13387.79,14495.86,11763.82,298988768.8,481234,4150,-62.32,-0.46,LIFINSIND
67325,2026-03-15,66,21.81,21.88,21.88,21.68,21.87,18.9,15075064.11,1484613,1102,-0.05,-0.25,MUTUALIND
67326,2026-03-15,67,110.51,111.21,112.0,110.24,122.47,98.94,409161321.8,874391,3719,-0.6,-0.54,INVIDX
67344,2026-03-16,51,1463.77,1485.25,1485.25,1461.38,1561.48,1296.0,732857852.7,2862179,9267,-23.96,-1.61,BANKSUBIND
67345,2026-03-16,52,7435.64,7450.1,7519.82,7385.06,7793.07,5895.07,108901064.5,142613,1548,-19.39,-0.26,HOTELIND
67346,2026-03-16,53,2360.38,2395.51,2398.62,2356.86,2774.99,2182.68,283700808.2,298437,2945,-26.25,-1.09,OTHERSIND
67347,2026-03-16,54,3758.48,3790.55,3798.78,3749.72,3941.95,3147.74,7567466816.1,20795494,59899,-23.33,-0.61,HYDPOWIND
67348,2026-03-16,55,6034.01,6104.13,6122.66,6013.31,6557.35,5221.37,465695923.8,850271,4169,-51.46,-0.84,DEVBANKIND
67349,2026-03-16,56,9675.55,9620.09,9754.62,9615.7,9875.16,6932.08,859305408.0,831445,7459,24.76,0.25,MANPROCIND
67350,2026-03-16,57,480.41,486.78,486.94,479.1,518.59,434.97,3709732615.8,8422650,28792,-6.38,-1.31,SENSIND
67351,2026-03-16,58,2798.83,2827.34,2827.62,2792.13,3002.07,2487.17,11632379652.4,28219524,100615,-26.07,-0.92,NEPSE
67352,2026-03-16,59,11473.99,11510.01,11556.13,11409.34,13705.07,10448.66,131702249.8,198959,1464,-52.65,-0.45,NONLIFIND
67353,2026-03-16,60,2584.5,2593.97,2630.99,2572.92,2719.1,2157.02,495145952.7,701185,3255,-18.7,-0.71,FININD
67354,2026-03-16,61,3819.34,3827.51,3843.94,3771.87,4877.61,3538.87,7549913.2,1334,59,-8.17,-0.21,TRDIND
67355,2026-03-16,62,193.14,195.42,195.45,192.62,206.25,170.57,11632379652.4,28219524,100615,-2.07,-1.06,FLOATIND
67356,2026-03-16,63,163.91,165.96,166.06,163.42,177.3,145.59,3709732615.8,8422650,28792,-2.1,-1.26,SENSFLTIND
67340,2026-03-16,64,5027.07,5065.26,5072.38,5007.98,5688.96,4608.92,331601135.9,341646,3502,-38.16,-0.75,MICRFININD
67341,2026-03-16,65,13318.34,13521.85,13535.04,13255.71,14495.86,11763.82,248418430.0,426631,3667,-127.68,-0.94,LIFINSIND
67342,2026-03-16,66,21.72,21.85,21.85,21.62,21.87,18.9,11060134.11,1047312,768,-0.09,-0.43,MUTUALIND
67343,2026-03-16,67,108.82,110.91,110.91,108.37,122.47,98.94,400034097.5,769330,3381,-1.69,-1.52,INVIDX
67361,2026-03-17,51,1476.19,1461.28,1476.75,1453.8,1561.48,1296.0,736554539.3,3031036,8298,12.42,0.84,BANKSUBIND
67362,2026-03-17,52,7422.45,7441.06,7483.68,7380.96,7793.07,5895.07,108672211.8,152620,1456,-13.19,-0.17,HOTELIND
67363,2026-03-17,53,2357.98,2369.14,2387.83,2345.01,2774.99,2182.68,237580067.6,250724,2800,-2.4,-0.1,OTHERSIND
67364,2026-03-17,54,3818.47,3766.72,3818.57,3748.53,3941.95,3147.74,8361617977.6,24839785,69395,59.98,1.59,HYDPOWIND
67365,2026-03-17,55,6072.71,6034.66,6078.7,6020.61,6557.35,5221.37,455957353.7,658411,3798,38.7,0.64,DEVBANKIND
67366,2026-03-17,56,9704.33,9673.43,9707.63,9635.1,9875.16,6932.08,549492618.6,537014,4912,28.77,0.29,MANPROCIND
67367,2026-03-17,57,482.56,480.25,482.66,477.39,518.59,434.97,3674328954.6,9222027,29026,2.14,0.44,SENSIND
67368,2026-03-17,58,2812.34,2800.74,2812.34,2787.37,3002.07,2487.17,11572972933.2,31312777,103714,13.51,0.48,NEPSE
67369,2026-03-17,59,11470.35,11473.99,11518.81,11400.32,13705.07,10448.66,85313615.1,134772,1214,-3.64,-0.03,NONLIFIND
67370,2026-03-17,60,2579.52,2572.06,2588.74,2555.78,2719.1,2157.02,266359228.0,407314,2338,-4.97,-0.19,FININD
67371,2026-03-17,61,3810.94,3819.34,3861.77,3757.02,4877.61,3538.87,9994956.0,1677,65,-8.4,-0.21,TRDIND
67372,2026-03-17,62,194.04,193.24,194.04,192.03,206.25,170.57,11572972933.2,31312777,103714,0.89,0.46,FLOATIND
67373,2026-03-17,63,164.59,163.84,164.63,162.87,177.3,145.59,3674328954.6,9222027,29026,0.67,0.41,SENSFLTIND
67357,2026-03-17,64,5013.53,5026.02,5031.0,4990.77,5688.96,4608.92,235624964.6,250808,3132,-13.53,-0.26,MICRFININD
67358,2026-03-17,65,13275.78,13333.65,13333.65,13200.66,14495.86,11763.82,193735700.4,366274,3333,-42.56,-0.31,LIFINSIND
67359,2026-03-17,66,21.8,21.77,21.82,21.61,21.87,18.9,12679977.47,1260421,874,0.08,0.36,MUTUALIND
67360,2026-03-17,67,109.49,109.36,109.49,107.9,122.47,98.94,332069700.5,682342,2973,0.66,0.61,INVIDX
67378,2026-03-19,51,1522.89,1471.21,1529.35,1471.21,1561.48,1296.0,2370561573.4,9187356,24730,46.69,3.16,BANKSUBIND
67379,2026-03-19,52,7552.91,7434.7,7591.55,7420.66,7793.07,5895.07,257917001.9,356023,2900,130.46,1.75,HOTELIND
67380,2026-03-19,53,2404.63,2384.46,2409.7,2362.71,2774.99,2182.68,436557666.6,474344,5113,46.65,1.97,OTHERSIND
67381,2026-03-19,54,3906.32,3829.07,3939.74,3825.72,3941.95,3147.74,12338906568.5,34209705,105765,87.85,2.3,HYDPOWIND
67382,2026-03-19,55,6312.93,6072.54,6341.42,6063.53,6557.35,5221.37,1231982918.5,2123787,9923,240.22,3.95,DEVBANKIND
67383,2026-03-19,56,9887.94,9703.61,9888.1,9683.49,9887.94,6932.08,1183116064.6,1256152,8746,183.6,1.89,MANPROCIND
67384,2026-03-19,57,494.19,481.58,495.14,481.5,518.59,434.97,8210962032.8,19851685,64544,11.63,2.41,SENSIND
67385,2026-03-19,58,2877.03,2814.25,2882.86,2814.24,3002.07,2487.17,20797007433.3,52305786,187678,64.69,2.3,NEPSE
67386,2026-03-19,59,11677.78,11470.35,11717.41,11456.47,13705.07,10448.66,266393333.9,431019,3074,207.43,1.8,NONLIFIND
67387,2026-03-19,60,2629.57,2570.77,2629.57,2570.77,2719.1,2157.02,425794488.5,708536,3916,50.04,1.94,FININD
67388,2026-03-19,61,3816.58,3810.94,3858.8,3773.37,4877.61,3538.87,33052655.7,5610,130,5.64,0.14,TRDIND
67389,2026-03-19,62,198.89,193.98,199.33,193.98,206.25,170.57,20797007433.3,52305786,187678,4.85,2.5,FLOATIND
67390,2026-03-19,63,168.73,164.13,169.09,164.09,177.3,145.59,8210962032.8,19851685,64544,4.14,2.51,SENSFLTIND
67374,2026-03-19,64,5076.16,5011.45,5079.96,5004.83,5688.96,4608.92,570084486.7,626823,7662,62.62,1.24,MICRFININD
67375,2026-03-19,65,13643.08,13296.92,13653.56,13289.5,14495.86,11763.82,617684011.8,1073789,8543,367.29,2.76,LIFINSIND
67376,2026-03-19,66,21.81,21.82,21.83,21.67,21.87,18.9,29029509.53,2861668,1246,0.01,0.04,MUTUALIND
67377,2026-03-19,67,111.43,109.25,111.61,109.21,122.47,98.94,1064956663.2,1852642,7176,1.94,1.77,INVIDX
67395,2026-03-22,51,1560.92,1536.06,1566.83,1533.7,1561.48,1296.0,3097482330.5,11358801,29653,38.02,2.49,BANKSUBIND
67396,2026-03-22,52,7783.72,7556.01,7806.17,7544.39,7793.07,5895.07,299346764.4,413396,3240,230.81,3.05,HOTELIND
67397,2026-03-22,53,2445.92,2423.0,2456.91,2412.99,2774.99,2182.68,549948922.5,593448,6236,41.28,1.71,OTHERSIND
67398,2026-03-22,54,3919.56,3926.91,3955.57,3880.0,3941.95,3147.74,11560060974.1,31991936,94229,13.23,0.33,HYDPOWIND
67399,2026-03-22,55,6468.7,6344.05,6468.83,6344.03,6557.35,5221.37,1468468288.5,2623791,12350,155.76,2.46,DEVBANKIND
67400,2026-03-22,56,10078.87,9899.06,10147.11,9895.31,10078.87,6932.08,1768976243.4,2097991,12706,190.93,1.93,MANPROCIND
67401,2026-03-22,57,505.31,497.01,506.33,497.01,518.59,434.97,9238759968.0,21174834,70733,11.11,2.24,SENSIND
67402,2026-03-22,58,2931.55,2890.97,2939.08,2890.68,3002.07,2487.17,23170697985.7,55765260,201288,54.51,1.89,NEPSE
67403,2026-03-22,59,11996.38,11720.22,11997.63,11704.34,13705.07,10448.66,357778238.7,569349,3779,318.59,2.72,NONLIFIND
67404,2026-03-22,60,2685.83,2630.67,2693.61,2630.67,2719.1,2157.02,817929790.1,1298745,6223,56.26,2.13,FININD
67405,2026-03-22,61,3812.27,3816.58,3848.8,3812.27,4877.61,3538.87,25633297.0,4325,101,-4.31,-0.11,TRDIND
67406,2026-03-22,62,202.95,199.98,203.55,199.9,206.25,170.57,23170697985.7,55765260,201288,4.06,2.04,FLOATIND
67407,2026-03-22,63,172.56,169.78,172.98,169.76,177.3,145.59,9238759968.0,21174834,70733,3.82,2.26,SENSFLTIND
67391,2026-03-22,64,5289.94,5085.39,5300.4,5084.19,5688.96,4608.92,1576408594.0,1723462,16071,213.77,4.21,MICRFININD
67392,2026-03-22,65,13916.15,13672.76,13986.45,13656.21,14495.86,11763.82,927919434.9,1629136,10717,273.07,2.0,LIFINSIND
67393,2026-03-22,66,22.08,21.79,22.12,21.73,22.08,18.9,41280671.56,4024042,1623,0.27,1.24,MUTUALIND
67394,2026-03-22,67,112.29,111.9,112.9,111.42,122.47,98.94,720745107.6,1460880,5983,0.85,0.77,INVIDX
67412,2026-03-23,51,1556.55,1566.53,1566.53,1536.54,1561.48,1296.0,1869623275.86,7012558,19613,-4.36,-0.27,BANKSUBIND
67413,2026-03-23,52,7716.03,7785.32,7827.9,7671.47,7793.07,5895.07,195044587.4,268978,2284,-67.69,-0.86,HOTELIND
67414,2026-03-23,53,2446.35,2465.23,2465.23,2426.18,2774.99,2182.68,436820750.2,468165,4718,0.43,0.01,OTHERSIND
67415,2026-03-23,54,3957.28,3928.38,3958.18,3905.9,3957.28,3147.74,7361036292.3,19313140,61400,37.71,0.96,HYDPOWIND
67416,2026-03-23,55,6436.33,6466.01,6470.38,6341.48,6557.35,5221.37,1116155145.5,1567469,24090,-32.37,-0.5,DEVBANKIND
67417,2026-03-23,56,10233.3,10071.86,10251.45,10021.89,10233.3,6932.08,1464806673.7,1717593,11913,154.43,1.53,MANPROCIND
67418,2026-03-23,57,505.02,506.47,506.67,499.73,518.59,434.97,6385951878.56,13141450,49374,-0.28,-0.05,SENSIND
67419,2026-03-23,58,2936.56,2939.65,2941.53,2906.05,3002.07,2487.17,15560570179.96,34491025,153842,5.01,0.17,NEPSE
67420,2026-03-23,59,11991.39,11996.38,12041.48,11878.3,13705.07,10448.66,199800915.8,323556,2448,-4.98,-0.04,NONLIFIND
67421,2026-03-23,60,2691.39,2693.63,2713.72,2647.7,2719.1,2157.02,504626775.7,804638,3969,5.56,0.2,FININD
67422,2026-03-23,61,3788.14,3812.27,3875.7,3771.71,4877.61,3538.87,24713518.0,4205,112,-24.12,-0.63,TRDIND
67423,2026-03-23,62,203.28,203.53,203.56,200.9,206.25,170.57,15560570179.96,34491025,153842,0.33,0.16,FLOATIND
67424,2026-03-23,63,172.59,172.84,173.06,170.56,177.3,145.59,6385951878.56,13141450,49374,0.03,0.01,SENSFLTIND
67408,2026-03-23,64,5312.77,5304.84,5335.63,5244.83,5688.96,4608.92,986928864.3,1023090,10723,22.82,0.43,MICRFININD
67409,2026-03-23,65,13850.53,13971.28,13998.19,13738.2,14495.86,11763.82,480639532.0,856140,6787,-65.62,-0.47,LIFINSIND
67410,2026-03-23,66,22.28,22.09,22.28,21.85,22.28,18.9,27347401.26,2708162,1285,0.19,0.88,MUTUALIND
67411,2026-03-23,67,113.11,112.61,113.15,111.33,122.47,98.94,920373849.2,1131493,5785,0.81,0.72,INVIDX
67429,2026-03-24,51,1567.1,1561.47,1569.16,1544.1,1567.1,1296.0,1697526750.3,5875057,16139,10.55,0.67,BANKSUBIND
67430,2026-03-24,52,7703.22,7714.13,7774.22,7664.94,7793.07,5895.07,136857860.6,185788,1827,-12.8,-0.16,HOTELIND
67431,2026-03-24,53,2442.25,2466.86,2466.86,2431.72,2774.99,2182.68,331875309.8,352418,3783,-4.1,-0.16,OTHERSIND
67432,2026-03-24,54,4009.67,3970.83,4030.77,3965.54,4009.67,3147.74,7658144951.8,19043972,62653,52.39,1.32,HYDPOWIND
67433,2026-03-24,55,6525.43,6447.43,6527.36,6405.35,6557.35,5221.37,1021358494.8,1604016,8993,89.1,1.38,DEVBANKIND
67434,2026-03-24,56,10321.79,10255.99,10321.79,10193.9,10321.79,6932.08,1132994167.6,1167162,8409,88.48,0.86,MANPROCIND
67435,2026-03-24,57,507.0,506.56,507.13,502.57,518.59,434.97,6801713663.3,14438672,46485,1.97,0.39,SENSIND
67436,2026-03-24,58,2960.4,2943.47,2960.4,2928.34,3002.07,2487.17,14317175790.1,31457283,123913,23.83,0.81,NEPSE
67437,2026-03-24,59,11945.64,12005.56,12027.13,11879.23,13705.07,10448.66,163311995.0,245248,1843,-45.75,-0.38,NONLIFIND
67438,2026-03-24,60,2705.17,2688.64,2705.17,2666.56,2719.1,2157.02,531812206.1,775378,3259,13.77,0.51,FININD
67439,2026-03-24,61,4133.82,3788.14,4136.67,3788.14,4877.61,3538.87,49228396.5,9095,317,345.67,9.12,TRDIND
67440,2026-03-24,62,204.2,203.75,204.21,202.38,206.25,170.57,14317175790.1,31457283,123913,0.91,0.45,FLOATIND
67441,2026-03-24,63,173.41,173.01,173.41,171.69,177.3,145.59,6801713663.3,14438672,46485,0.82,0.47,SENSFLTIND
67425,2026-03-24,64,5288.4,5305.79,5308.09,5246.78,5688.96,4608.92,560873760.5,584123,7020,-24.37,-0.45,MICRFININD
67426,2026-03-24,65,13798.66,13850.53,13877.2,13701.22,14495.86,11763.82,371949868.3,656989,5312,-51.86,-0.37,LIFINSIND
67427,2026-03-24,66,22.33,22.28,22.33,22.08,22.33,18.9,22590079.9,2204421,1218,0.05,0.25,MUTUALIND
67428,2026-03-24,67,113.24,113.18,114.05,112.42,122.47,98.94,661242028.8,958037,4358,0.13,0.11,INVIDX
67446,2026-03-25,51,1545.06,1569.74,1572.6,1540.34,1567.1,1296.0,1617065745.8,5678351,14436,-22.04,-1.4,BANKSUBIND
67447,2026-03-25,52,7698.78,7726.42,7758.99,7665.35,7793.07,5895.07,197496915.4,254159,2448,-4.44,-0.05,HOTELIND
67448,2026-03-25,53,2400.63,2471.06,2471.06,2400.54,2774.99,2182.68,416295873.0,431004,4621,-41.61,-1.7,OTHERSIND
67449,2026-03-25,54,4002.98,4018.24,4042.78,3990.88,4009.67,3147.74,7276490156.1,18149634,59197,-6.68,-0.16,HYDPOWIND
67450,2026-03-25,55,6373.53,6526.7,6533.58,6363.37,6557.35,5221.37,1003174182.3,1419752,18977,-151.89,-2.32,DEVBANKIND
67451,2026-03-25,56,10371.37,10327.0,10474.67,10326.51,10371.37,6932.08,1445280617.0,1441094,11140,49.58,0.48,MANPROCIND
67452,2026-03-25,57,500.46,508.09,508.31,499.64,518.59,434.97,6270495290.49,13713947,43059,-6.54,-1.29,SENSIND
67453,2026-03-25,58,2935.94,2964.67,2969.5,2929.44,3002.07,2487.17,14797410616.39,31893539,135670,-24.45,-0.82,NEPSE
67454,2026-03-25,59,11808.08,11958.98,11962.17,11797.16,13705.07,10448.66,222316485.5,347038,2245,-137.55,-1.15,NONLIFIND
67455,2026-03-25,60,2648.4,2701.95,2718.97,2641.28,2719.1,2157.02,415780210.6,637431,3228,-56.76,-2.09,FININD
67456,2026-03-25,61,4276.68,4063.1,4348.83,3991.67,4877.61,3538.87,60402645.0,10643,337,142.86,3.45,TRDIND
67457,2026-03-25,62,201.74,204.44,204.71,201.31,206.25,170.57,14797410616.39,31893539,135670,-2.46,-1.2,FLOATIND
67458,2026-03-25,63,171.15,173.51,173.74,170.82,177.3,145.59,6270495290.49,13713947,43059,-2.26,-1.3,SENSFLTIND
67442,2026-03-25,64,5201.37,5285.25,5285.42,5183.8,5688.96,4608.92,670732529.79,709132,7546,-87.02,-1.64,MICRFININD
67443,2026-03-25,65,13605.93,13842.92,13842.92,13546.23,14495.86,11763.82,437785971.1,783499,5256,-192.72,-1.39,LIFINSIND
67444,2026-03-25,66,22.26,22.33,22.34,22.07,22.33,18.9,29734806.91,2729235,1280,-0.07,-0.34,MUTUALIND
67445,2026-03-25,67,112.63,113.17,114.26,112.39,122.47,98.94,1034589284.8,2031802,6239,-0.6,-0.53,INVIDX
67463,2026-03-26,51,1550.82,1545.12,1550.82,1522.97,1567.1,1296.0,1427107524.1,5201230,13636,5.75,0.37,BANKSUBIND
67464,2026-03-26,52,7761.14,7692.82,7780.41,7657.53,7793.07,5895.07,187545750.1,262493,2287,62.36,0.81,HOTELIND
67465,2026-03-26,53,2416.42,2374.36,2426.17,2374.36,2774.99,2182.68,343650887.0,368004,4179,15.79,0.65,OTHERSIND
67466,2026-03-26,54,4065.76,4005.14,4066.33,4004.81,4065.76,3147.74,6136874081.1,15489702,74753,62.78,1.56,HYDPOWIND
67467,2026-03-26,55,6369.68,6345.06,6391.86,6282.36,6557.35,5221.37,819866151.0,1112737,12184,-3.84,-0.06,DEVBANKIND
67468,2026-03-26,56,10527.9,10384.22,10543.07,10367.24,10527.9,6932.08,1537413463.3,1273863,13341,156.53,1.5,MANPROCIND
67469,2026-03-26,57,502.44,500.34,502.51,495.96,518.59,435.29,5344560443.1,11218790,36722,1.98,0.39,SENSIND
67470,2026-03-26,58,2950.16,2933.92,2951.28,2918.22,3002.07,2487.17,12908987990.1,26531224,140444,14.21,0.48,NEPSE
67471,2026-03-26,59,11858.96,11808.08,11863.83,11708.94,13705.07,10448.66,138676836.2,223401,1565,50.87,0.43,NONLIFIND
67472,2026-03-26,60,2652.93,2657.62,2657.62,2627.47,2719.1,2157.02,220500026.2,351719,2267,4.52,0.17,FININD
67473,2026-03-26,61,4155.1,4276.68,4276.68,4064.53,4877.61,3538.87,9545076.3,1720,85,-121.57,-2.84,TRDIND
67474,2026-03-26,62,202.77,201.74,202.81,200.17,206.25,170.57,12908987990.1,26531224,140444,1.03,0.51,FLOATIND
67475,2026-03-26,63,171.88,171.3,171.9,169.4,177.3,147.6,5344560443.1,11218790,36722,0.72,0.42,SENSFLTIND
67459,2026-03-26,64,5211.85,5197.28,5212.82,5158.93,5688.96,4608.92,466261072.0,463824,5885,10.48,0.2,MICRFININD
67460,2026-03-26,65,13600.3,13605.93,13628.2,13478.95,14495.86,11763.82,297984372.8,522598,4561,-5.63,-0.04,LIFINSIND
67461,2026-03-26,66,22.25,22.26,22.31,22.06,22.33,19.05,31327034.18,2909658,1184,0.0,0.0,MUTUALIND
67462,2026-03-26,67,113.21,113.24,113.27,111.6,122.47,98.94,1323562750.0,1259933,5701,0.57,0.51,INVIDX
67480,2026-03-29,51,1507.57,1557.94,1557.94,1505.29,1567.1,1296.0,1620088114.7,5773681,16457,-43.24,-2.78,BANKSUBIND
67481,2026-03-29,52,7587.32,7762.84,7767.46,7565.18,7793.07,5895.07,179638232.0,242561,2338,-173.81,-2.23,HOTELIND
67482,2026-03-29,53,2355.37,2422.73,2422.73,2350.9,2774.99,2182.68,580610134.5,635611,5367,-61.05,-2.52,OTHERSIND
67483,2026-03-29,54,3975.81,4084.2,4104.11,3966.17,4065.76,3147.74,7728205086.1,19615276,122149,-89.95,-2.21,HYDPOWIND
67484,2026-03-29,55,6186.91,6360.45,6360.45,6175.57,6557.35,5221.37,830485362.4,1414735,11092,-182.77,-2.86,DEVBANKIND
67485,2026-03-29,56,10414.81,10556.07,10635.95,10407.07,10527.9,6932.08,1331714779.1,1412005,10451,-113.09,-1.07,MANPROCIND
67486,2026-03-29,57,489.48,504.11,504.11,489.12,518.59,435.29,6476505897.6,14375490,48232,-12.96,-2.57,SENSIND
67487,2026-03-29,58,2879.11,2958.78,2958.79,2872.99,3002.07,2487.17,14780506355.1,32829045,193715,-71.05,-2.4,NEPSE
67488,2026-03-29,59,11594.31,11873.11,11886.2,11576.87,13705.07,10448.66,234775431.4,355192,2577,-264.65,-2.23,NONLIFIND
67489,2026-03-29,60,2563.43,2654.21,2655.04,2550.04,2719.1,2157.02,329912492.3,558124,3425,-89.49,-3.37,FININD
67490,2026-03-29,61,4051.96,4155.1,4155.1,3957.38,4877.61,3538.87,34053438.6,5904,148,-103.14,-2.48,TRDIND
67491,2026-03-29,62,197.45,203.44,203.44,197.24,206.25,170.57,14780506355.1,32829045,193715,-5.32,-2.62,FLOATIND
67492,2026-03-29,63,167.27,172.49,172.49,167.16,177.3,147.6,6476505897.6,14375490,48232,-4.6,-2.68,SENSFLTIND
67476,2026-03-29,64,5101.45,5220.52,5225.72,5083.56,5688.96,4608.92,728348214.8,751216,8066,-110.4,-2.11,MICRFININD
67477,2026-03-29,65,13299.8,13675.51,13675.51,13288.04,14495.86,11763.82,423108228.0,784179,5773,-300.5,-2.2,LIFINSIND
67478,2026-03-29,66,22.19,22.25,22.26,21.99,22.33,19.05,13291496.78,1292743,1058,-0.06,-0.28,MUTUALIND
67479,2026-03-29,67,109.83,113.22,113.45,109.79,122.47,98.94,759566841.2,1280561,5872,-3.37,-2.98,INVIDX
67497,2026-03-30,51,1479.52,1508.94,1516.03,1470.09,1567.1,1296.0,1348435079.9,4983210,14682,-28.04,-1.86,BANKSUBIND
67498,2026-03-30,52,7497.48,7587.32,7646.95,7486.3,7793.07,5895.07,152924787.8,212945,2141,-89.84,-1.18,HOTELIND
67499,2026-03-30,53,2305.19,2354.82,2365.94,2300.73,2774.99,2182.68,454628482.75,470753,4941,-50.18,-2.13,OTHERSIND
67500,2026-03-30,54,3898.93,3987.54,3998.24,3882.07,4065.76,3147.74,6688023204.59,17995274,93982,-76.88,-1.93,HYDPOWIND
67501,2026-03-30,55,6109.69,6181.84,6231.21,6060.7,6557.35,5221.37,821561784.9,1359194,10086,-77.21,-1.24,DEVBANKIND
67502,2026-03-30,56,10392.34,10413.69,10599.7,10389.73,10527.9,6932.08,1167678127.8,1235207,9098,-22.46,-0.21,MANPROCIND
67503,2026-03-30,57,481.58,489.34,491.76,479.46,518.59,435.29,5593720445.7,12768337,42773,-7.9,-1.61,SENSIND
67504,2026-03-30,58,2831.39,2881.97,2891.53,2821.82,3002.07,2487.17,12684011611.34,29275788,157006,-47.71,-1.65,NEPSE
67505,2026-03-30,59,11382.73,11594.31,11595.48,11337.71,13705.07,10448.66,189004398.4,311673,1984,-211.57,-1.82,NONLIFIND
67506,2026-03-30,60,2512.15,2561.86,2576.27,2499.66,2719.1,2157.02,225810191.0,399206,2643,-51.28,-2.0,FININD
67507,2026-03-30,61,3948.1,4051.96,4051.96,3898.81,4877.61,3538.87,19731837.9,3564,134,-103.86,-2.56,TRDIND
67508,2026-03-30,62,194.25,197.68,198.37,193.53,206.25,170.57,12684011611.34,29275788,157006,-3.2,-1.62,FLOATIND
67509,2026-03-30,63,164.72,167.24,168.13,163.84,177.3,147.6,5593720445.7,12768337,42773,-2.55,-1.52,SENSFLTIND
67493,2026-03-30,64,5035.09,5099.3,5112.68,5020.94,5688.96,4608.92,569594333.7,594861,7279,-66.35,-1.3,MICRFININD
67494,2026-03-30,65,13113.53,13361.83,13361.83,13103.62,14495.86,11763.82,307294606.9,576027,4899,-186.27,-1.4,LIFINSIND
67495,2026-03-30,66,21.97,22.17,22.21,21.93,22.33,19.05,10828214.0,1051662,912,-0.21,-0.98,MUTUALIND
67496,2026-03-30,67,108.08,109.82,110.44,107.98,122.47,98.94,739324775.7,1133874,5137,-1.75,-1.59,INVIDX
67514,2026-03-31,51,1490.91,1478.74,1495.34,1456.4,1567.1,1296.0,1194961484.9,4386692,13644,11.38,0.76,BANKSUBIND
67515,2026-03-31,52,7572.53,7495.48,7601.74,7437.69,7793.07,5895.07,102444189.6,141414,1802,75.04,1.0,HOTELIND
67516,2026-03-31,53,2292.41,2305.01,2325.75,2251.1,2774.99,2182.68,555744185.2,609837,5965,-12.77,-0.55,OTHERSIND
67517,2026-03-31,54,3928.34,3910.6,3957.05,3817.45,4065.76,3147.74,5670646079.9,15731143,77543,29.41,0.75,HYDPOWIND
67518,2026-03-31,55,6165.15,6087.07,6189.69,5993.89,6557.35,5221.37,686715924.8,1017079,8911,55.45,0.9,DEVBANKIND
67519,2026-03-31,56,10594.75,10389.26,10621.62,10389.26,10594.75,6932.08,1025471771.9,1029397,8453,202.41,1.94,MANPROCIND
67520,2026-03-31,57,484.84,481.39,486.0,474.81,518.59,435.29,4484252511.0,9929013,37672,3.26,0.67,SENSIND
67521,2026-03-31,58,2851.09,2831.36,2860.55,2788.84,3002.07,2487.17,10933824092.0,25253851,135883,19.7,0.69,NEPSE
67522,2026-03-31,59,11470.35,11382.73,11470.35,11227.73,13705.07,10448.66,144112087.6,230542,1814,87.61,0.76,NONLIFIND
67523,2026-03-31,60,2540.29,2515.41,2556.78,2475.55,2719.1,2157.02,229185267.1,393946,2496,28.13,1.12,FININD
67524,2026-03-31,61,3977.38,3948.1,4245.25,3833.0,4877.61,3538.87,14425628.9,2608,106,29.28,0.74,TRDIND
67525,2026-03-31,62,195.71,194.23,196.05,191.31,206.25,170.57,10933824092.0,25253851,135883,1.46,0.75,FLOATIND
67526,2026-03-31,63,165.97,164.62,166.17,162.26,177.3,147.6,4484252511.0,9929013,37672,1.25,0.75,SENSFLTIND
67510,2026-03-31,64,5061.1,5036.81,5069.09,4972.55,5688.96,4608.92,437504737.6,450191,5831,26.0,0.51,MICRFININD
67511,2026-03-31,65,13181.83,13097.32,13208.49,12955.46,14495.86,11763.82,249284152.0,472073,4730,68.3,0.52,LIFINSIND
67512,2026-03-31,66,21.96,21.97,21.98,21.74,22.33,19.05,19096120.57,1858574,932,-0.01,-0.07,MUTUALIND
67513,2026-03-31,67,108.69,107.87,108.95,106.38,122.47,98.94,623328582.5,788929,4588,0.61,0.56,INVIDX
67531,2026-04-01,51,1456.41,1496.48,1496.48,1449.43,1567.1,1296.0,1218986388.2,4702195,12198,-34.49,-2.31,BANKSUBIND
67532,2026-04-01,52,7411.84,7578.74,7590.96,7344.61,7793.07,5895.07,181658669.9,262510,2151,-160.69,-2.12,HOTELIND
67533,2026-04-01,53,2171.78,2271.25,2272.84,2165.76,2774.99,2171.78,1270814885.4,1429527,13220,-120.63,-5.26,OTHERSIND
67534,2026-04-01,54,3817.66,3933.07,3933.67,3785.46,4065.76,3147.74,5836563884.9,16040274,60234,-110.68,-2.81,HYDPOWIND
67535,2026-04-01,55,5968.73,6172.34,6172.34,5927.47,6557.35,5221.37,517749417.7,931902,5847,-196.41,-3.18,DEVBANKIND
67536,2026-04-01,56,10553.22,10592.41,10710.27,10516.54,10594.75,6932.08,968420895.1,1099234,7647,-41.53,-0.39,MANPROCIND
67537,2026-04-01,57,473.63,485.46,485.46,471.21,518.59,435.29,4736958880.8,10940721,38256,-11.21,-2.31,SENSIND
67538,2026-04-01,58,2776.36,2851.64,2851.65,2761.27,3002.07,2487.17,11839865944.9,27139624,121665,-74.73,-2.62,NEPSE
67539,2026-04-01,59,11214.58,11470.35,11470.35,11146.94,13705.07,10448.66,153624232.9,239508,1972,-255.76,-2.22,NONLIFIND
67540,2026-04-01,60,2463.17,2536.86,2546.66,2455.01,2719.1,2157.02,214285363.8,363776,2417,-77.11,-3.03,FININD
67541,2026-04-01,61,3819.61,3984.07,4045.53,3793.09,4877.61,3538.87,44362805.1,7773,158,-157.77,-3.96,TRDIND
67542,2026-04-01,62,190.58,195.84,195.84,189.55,206.25,170.57,11839865944.9,27139624,121665,-5.13,-2.62,FLOATIND
67543,2026-04-01,63,161.94,166.16,166.16,161.06,177.3,147.6,4736958880.8,10940721,38256,-4.02,-2.42,SENSFLTIND
67527,2026-04-01,64,4960.13,5056.47,5065.37,4931.4,5688.96,4608.92,494977567.5,534317,5907,-100.97,-1.99,MICRFININD
67528,2026-04-01,65,12914.31,13161.15,13188.48,12821.96,14495.86,11763.82,330418052.9,638614,5036,-267.52,-2.02,LIFINSIND
67529,2026-04-01,66,21.74,21.95,21.97,21.71,22.33,19.05,19251857.09,1825415,786,-0.21,-0.97,MUTUALIND
67530,2026-04-01,67,105.79,108.74,108.74,105.12,122.47,98.94,608003781.5,889994,4878,-2.9,-2.67,INVIDX
67548,2026-04-02,51,1454.77,1450.41,1469.11,1433.77,1567.1,1296.0,817578420.8,3120184,10557,-1.64,-0.11,BANKSUBIND
67549,2026-04-02,52,7441.32,7408.83,7478.5,7357.0,7793.07,5895.07,96097257.6,131162,1591,29.48,0.39,HOTELIND
67550,2026-04-02,53,2171.06,2153.24,2220.66,2132.82,2774.99,2171.06,562525026.3,649705,7083,-0.72,-0.03,OTHERSIND
67551,2026-04-02,54,3819.73,3812.75,3866.57,3755.28,4065.76,3147.74,4355803537.2,12414921,52345,2.07,0.05,HYDPOWIND
67552,2026-04-02,55,5997.67,5964.28,6043.96,5859.38,6557.35,5221.37,474484597.3,825597,5451,28.94,0.48,DEVBANKIND
67553,2026-04-02,56,10740.22,10565.12,10814.51,10565.12,10740.22,6932.08,924179018.3,870442,7506,187.0,1.77,MANPROCIND
67554,2026-04-02,57,473.23,471.97,477.56,467.63,518.59,435.29,3358543794.3,7562007,30810,-0.39,-0.08,SENSIND
67555,2026-04-02,58,2782.18,2770.81,2808.96,2740.22,3002.07,2487.17,8696007492.6,19987201,101730,5.82,0.2,NEPSE
67556,2026-04-02,59,11176.56,11197.71,11275.26,11093.74,13705.07,10448.66,113268658.9,185317,1518,-38.02,-0.33,NONLIFIND
67557,2026-04-02,60,2441.57,2466.32,2489.03,2410.78,2719.1,2157.02,222572511.4,377750,2443,-21.59,-0.87,FININD
67558,2026-04-02,61,3916.3,3819.61,3958.3,3747.46,4877.61,3538.87,18979248.5,3371,78,96.68,2.53,TRDIND
67559,2026-04-02,62,190.59,190.19,192.48,187.88,206.25,170.57,8696007492.6,19987201,101730,0.01,0.0,FLOATIND
67560,2026-04-02,63,161.9,161.48,163.41,159.78,177.3,147.6,3358543794.3,7562007,30810,-0.04,-0.02,SENSFLTIND
67544,2026-04-02,64,4945.43,4957.44,4985.02,4890.68,5688.96,4608.92,354837594.8,360583,5290,-14.69,-0.29,MICRFININD
67545,2026-04-02,65,12889.7,12892.82,12991.37,12697.67,14495.86,11763.82,221196314.1,408510,4076,-24.61,-0.19,LIFINSIND
67546,2026-04-02,66,21.78,21.74,21.78,21.55,22.33,19.05,8007311.09,794974,593,0.03,0.15,MUTUALIND
67547,2026-04-02,67,105.95,106.03,106.94,103.92,122.47,98.94,534485307.4,639659,3792,0.16,0.15,INVIDX
67565,2026-04-05,51,1406.4,1449.58,1449.58,1405.44,1567.1,1296.0,1348704544.1,5221298,15440,-48.36,-3.32,BANKSUBIND
67566,2026-04-05,52,7214.65,7441.32,7441.32,7206.68,7793.07,5895.07,180108702.8,255687,2653,-226.66,-3.04,HOTELIND
67567,2026-04-05,53,2038.83,2169.75,2169.75,2035.29,2774.99,2038.83,915704766.9,1187993,12166,-132.22,-6.09,OTHERSIND
67568,2026-04-05,54,3634.74,3820.67,3820.67,3628.94,4065.76,3147.74,5682612593.87,16384452,65945,-184.99,-4.84,HYDPOWIND
67569,2026-04-05,55,5738.12,5992.09,5992.09,5724.01,6557.35,5221.37,588123574.7,1074051,6906,-259.55,-4.32,DEVBANKIND
67570,2026-04-05,56,10596.49,10722.44,10862.9,10563.55,10740.22,6932.08,1193374361.6,1303199,10555,-143.72,-1.33,MANPROCIND
67571,2026-04-05,57,457.61,472.65,472.65,457.29,518.59,435.29,5015513061.45,11759920,44528,-15.62,-3.3,SENSIND
67572,2026-04-05,58,2676.68,2778.58,2778.58,2672.5,3002.07,2487.17,12185298452.57,28674287,139122,-105.5,-3.79,NEPSE
67573,2026-04-05,59,10743.81,11169.85,11169.85,10733.88,13705.07,10448.66,171358299.9,285972,2527,-432.74,-3.87,NONLIFIND
67574,2026-04-05,60,2345.35,2435.01,2439.44,2333.48,2719.1,2157.02,312034046.6,550127,3435,-96.21,-3.94,FININD
67575,2026-04-05,61,3775.8,3916.3,3916.3,3703.88,4796.38,3538.87,19792816.5,3765,163,-140.49,-3.58,TRDIND
67576,2026-04-05,62,183.18,190.18,190.18,183.0,206.25,170.57,12185298452.57,28674287,139122,-7.41,-3.88,FLOATIND
67577,2026-04-05,63,156.23,161.45,161.45,156.13,177.3,147.6,5015513061.45,11759920,44528,-5.66,-3.5,SENSFLTIND
67561,2026-04-05,64,4775.56,4952.04,4952.04,4763.33,5688.96,4608.92,556419428.4,602724,7543,-169.86,-3.43,MICRFININD
67562,2026-04-05,65,12425.98,12859.09,12866.24,12418.51,14495.86,11763.82,430632243.0,847291,6607,-463.71,-3.59,LIFINSIND
67563,2026-04-05,66,21.55,21.78,21.78,21.5,22.33,19.05,16305763.6,1603077,784,-0.22,-1.03,MUTUALIND
67564,2026-04-05,67,102.42,105.8,105.8,102.23,122.47,98.94,786433074.2,957728,5182,-3.52,-3.32,INVIDX
67582,2026-04-06,51,1451.19,1408.6,1459.02,1401.67,1567.1,1296.0,884458017.0,3517970,12059,44.79,3.18,BANKSUBIND
67583,2026-04-06,52,7448.59,7216.71,7509.29,7215.09,7793.07,5895.07,111165041.4,155215,1920,233.94,3.24,HOTELIND
67584,2026-04-06,53,2087.09,2018.68,2114.88,2004.91,2774.99,2038.83,816119779.0,1075944,10270,48.25,2.36,OTHERSIND
67585,2026-04-06,54,3801.65,3634.34,3824.22,3628.16,4065.76,3147.74,4604716898.0,13478552,56166,166.91,4.59,HYDPOWIND
67586,2026-04-06,55,5946.5,5734.79,5974.53,5690.58,6557.35,5221.37,525932220.8,947708,5583,208.37,3.63,DEVBANKIND
67587,2026-04-06,56,10759.36,10626.31,10922.35,10383.61,10759.36,6932.08,1948521537.0,1176421,16950,162.86,1.53,MANPROCIND
67588,2026-04-06,57,471.92,457.51,474.29,457.11,518.59,435.29,3881483626.7,8799455,35027,14.3,3.12,SENSIND
67589,2026-04-06,58,2760.02,2674.93,2776.08,2669.7,3002.07,2487.17,10752927123.9,22954149,122154,83.33,3.11,NEPSE
67590,2026-04-06,59,11061.03,10735.19,11091.84,10734.0,13705.07,10448.66,140361907.8,224845,1844,317.21,2.95,NONLIFIND
67591,2026-04-06,60,2440.01,2340.11,2448.0,2337.13,2719.1,2157.02,268941709.6,463625,2917,94.66,4.03,FININD
67592,2026-04-06,61,3866.69,3775.8,3895.95,3762.43,4679.88,3538.87,25726071.5,4673,100,90.88,2.4,TRDIND
67593,2026-04-06,62,189.19,183.08,190.12,182.79,206.25,170.57,10752927123.9,22954149,122154,6.01,3.28,FLOATIND
67594,2026-04-06,63,161.27,156.23,161.99,155.98,177.3,147.6,3881483626.7,8799455,35027,5.03,3.22,SENSFLTIND
67578,2026-04-06,64,4891.63,4769.68,4913.22,4753.35,5688.96,4608.92,403357633.0,435761,5434,116.06,2.43,MICRFININD
67579,2026-04-06,65,12756.62,12412.89,12796.24,12393.36,14495.86,11763.82,255145182.5,505903,4630,330.63,2.66,LIFINSIND
67580,2026-04-06,66,21.85,21.54,21.85,21.44,22.33,19.05,15031128.22,1441309,824,0.3,1.4,MUTUALIND
67581,2026-04-06,67,105.83,102.28,106.5,102.1,122.47,98.94,768481126.3,967532,4281,3.41,3.33,INVIDX
67599,2026-04-07,51,1451.87,1452.17,1470.28,1443.33,1567.1,1296.0,669452807.1,2540113,8939,0.67,0.04,BANKSUBIND
67600,2026-04-07,52,7529.75,7450.4,7588.53,7450.4,7793.07,5895.07,99077166.1,146663,1447,81.16,1.08,HOTELIND
67601,2026-04-07,53,2102.04,2092.24,2136.12,2086.81,2774.99,2038.83,356267643.7,439573,4481,14.95,0.71,OTHERSIND
67602,2026-04-07,54,3807.64,3814.34,3863.41,3787.08,4065.76,3147.74,3245008606.5,9495905,40465,5.98,0.15,HYDPOWIND
67603,2026-04-07,55,5909.18,5942.42,5989.11,5871.29,6557.35,5221.37,289078500.9,536704,3605,-37.32,-0.62,DEVBANKIND
67604,2026-04-07,56,10753.83,10775.49,10932.37,10699.79,10759.36,6932.08,882151427.0,715928,7364,-5.52,-0.05,MANPROCIND
67605,2026-04-07,57,471.13,472.28,477.06,468.59,518.59,435.29,2533650628.5,5813085,24174,-0.78,-0.16,SENSIND
67606,2026-04-07,58,2757.4,2762.73,2794.94,2743.36,3002.07,2487.17,6606133768.3,15362428,80007,-2.61,-0.09,NEPSE
67607,2026-04-07,59,11024.09,11061.03,11174.87,10944.03,13705.07,10448.66,89435030.7,143776,1322,-36.93,-0.33,NONLIFIND
67608,2026-04-07,60,2429.78,2443.1,2464.72,2412.6,2719.1,2157.02,165126745.0,272909,1763,-10.22,-0.41,FININD
67609,2026-04-07,61,3793.86,3860.2,3936.98,3793.86,4679.88,3538.87,18438939.2,3335,83,-72.83,-1.88,TRDIND
67610,2026-04-07,62,188.91,189.38,191.32,187.9,206.25,170.57,6606133768.3,15362428,80007,-0.27,-0.14,FLOATIND
67611,2026-04-07,63,160.94,161.41,162.92,160.0,177.3,147.6,2533650628.5,5813085,24174,-0.32,-0.2,SENSFLTIND
67595,2026-04-07,64,4881.91,4890.33,4939.39,4857.64,5688.96,4608.92,276873186.8,278026,3929,-9.71,-0.19,MICRFININD
67596,2026-04-07,65,12698.52,12756.62,12857.45,12653.01,14495.86,11763.82,161374628.7,322645,3494,-58.09,-0.45,LIFINSIND
67597,2026-04-07,66,21.73,21.85,21.91,21.62,22.33,19.05,16067024.66,1535000,804,-0.12,-0.55,MUTUALIND
67598,2026-04-07,67,105.34,105.85,106.72,104.6,122.47,98.94,353849086.6,466851,3115,-0.49,-0.46,INVIDX
67616,2026-04-08,51,1468.72,1460.96,1469.25,1453.23,1567.1,1296.0,823166909.9,2969340,8313,16.84,1.16,BANKSUBIND
67617,2026-04-08,52,7722.85,7550.32,7723.5,7550.32,7793.07,5895.07,175358175.8,241342,2044,193.09,2.56,HOTELIND
67618,2026-04-08,53,2105.26,2132.33,2135.76,2080.82,2774.99,2038.83,340315094.6,418348,4379,3.21,0.15,OTHERSIND
67619,2026-04-08,54,3907.16,3818.07,3907.73,3814.13,4065.76,3147.74,3562428037.3,9539520,53650,99.52,2.61,HYDPOWIND
67620,2026-04-08,55,6026.71,5908.88,6027.51,5905.17,6557.35,5221.37,313748028.3,534533,3964,117.52,1.98,DEVBANKIND
67621,2026-04-08,56,11170.97,10774.95,11188.39,10746.74,11170.97,6956.89,1657041479.3,1261085,10784,417.14,3.87,MANPROCIND
67622,2026-04-08,57,476.88,473.45,476.88,472.27,518.59,435.29,3036018054.6,6687163,23580,5.75,1.22,SENSIND
67623,2026-04-08,58,2802.52,2772.81,2802.52,2766.99,3002.07,2487.17,8157312632.7,16631168,96279,45.12,1.63,NEPSE
67624,2026-04-08,59,11135.74,11024.09,11154.69,11024.09,13705.07,10448.66,106562025.1,164527,1351,111.64,1.01,NONLIFIND
67625,2026-04-08,60,2465.06,2423.1,2465.47,2423.1,2719.1,2157.02,174606759.5,272407,1458,35.27,1.45,FININD
67626,2026-04-08,61,3817.38,3863.22,3869.68,3751.72,4679.88,3538.87,45128222.0,8134,93,23.51,0.61,TRDIND
67627,2026-04-08,62,191.81,189.74,191.81,189.42,206.25,170.57,8157312632.7,16631168,96279,2.89,1.53,FLOATIND
67628,2026-04-08,63,163.05,161.52,163.05,161.24,177.3,147.6,3036018054.6,6687163,23580,2.1,1.3,SENSFLTIND
67612,2026-04-08,64,4944.55,4878.61,4946.13,4877.6,5688.96,4608.92,300293393.5,307683,4031,62.64,1.28,MICRFININD
67613,2026-04-08,65,12865.81,12776.24,12869.43,12687.57,14495.86,11763.82,180000953.0,355547,3448,167.28,1.31,LIFINSIND
67614,2026-04-08,66,21.95,21.73,21.95,21.66,22.33,19.05,16412476.47,1523594,945,0.21,0.99,MUTUALIND
67615,2026-04-08,67,106.77,106.63,106.77,105.44,122.47,98.94,478663554.4,558702,2764,1.42,1.35,INVIDX
67633,2026-04-09,51,1486.99,1468.72,1490.77,1460.07,1567.1,1296.0,955337503.8,3614919,10400,18.27,1.24,BANKSUBIND
67634,2026-04-09,52,7907.86,7690.16,7919.09,7690.16,7907.86,5895.07,147000752.8,189808,2210,185.01,2.39,HOTELIND
67635,2026-04-09,53,2177.62,2107.91,2190.38,2100.59,2774.99,2038.83,636831296.0,785081,7056,72.35,3.43,OTHERSIND
67636,2026-04-09,54,4012.68,3923.09,4016.64,3906.97,4065.76,3147.74,4838906267.9,13018495,57857,105.51,2.7,HYDPOWIND
67637,2026-04-09,55,6074.02,6023.73,6089.07,5968.31,6557.35,5221.37,487221738.5,889132,4527,47.31,0.78,DEVBANKIND
67638,2026-04-09,56,11459.99,11222.26,11515.68,11136.39,11459.99,6956.89,1289522050.8,1036096,9456,289.01,2.58,MANPROCIND
67639,2026-04-09,57,481.53,476.99,482.11,474.8,518.59,435.29,3598630523.2,8031114,28698,4.64,0.97,SENSIND
67640,2026-04-09,58,2851.24,2805.18,2854.66,2797.49,3002.07,2487.17,9751188640.3,21328172,106933,48.71,1.73,NEPSE
67641,2026-04-09,59,11247.69,11151.12,11259.61,11106.39,13705.07,10448.66,113220856.4,179529,1567,111.95,1.0,NONLIFIND
67642,2026-04-09,60,2501.42,2459.21,2507.59,2458.69,2719.1,2157.02,214516152.8,362046,2113,36.35,1.47,FININD
67643,2026-04-09,61,3841.31,3817.38,3947.78,3805.68,4660.76,3538.87,14528380.6,2670,101,23.93,0.62,TRDIND
67644,2026-04-09,62,194.83,191.94,194.95,191.17,206.25,170.57,9751188640.3,21328172,106933,3.02,1.57,FLOATIND
67645,2026-04-09,63,164.74,163.06,164.95,162.21,177.3,147.6,3598630523.2,8031114,28698,1.69,1.03,SENSFLTIND
67629,2026-04-09,64,5003.96,4940.45,5006.85,4934.96,5688.96,4608.92,275692533.6,286898,4272,59.4,1.2,MICRFININD
67630,2026-04-09,65,12993.36,12858.48,13002.92,12788.34,14495.86,11763.82,189868181.2,358301,3885,127.54,0.99,LIFINSIND
67631,2026-04-09,66,21.98,21.94,22.0,21.76,22.33,19.05,72649219.84,6189053,1172,0.02,0.13,MUTUALIND
67632,2026-04-09,67,107.84,106.77,107.99,106.16,122.47,98.94,588542925.9,605197,3489,1.07,1.0,INVIDX
67650,2026-04-10,51,1475.94,1492.78,1496.01,1470.0,1567.1,1296.0,717695853.8,2619629,7664,-11.05,-0.74,BANKSUBIND
67651,2026-04-10,52,7872.88,7933.93,7983.49,7818.64,7907.86,5895.07,140776162.4,193379,1879,-34.98,-0.44,HOTELIND
67652,2026-04-10,53,2147.24,2176.6,2190.6,2128.04,2774.99,2038.83,369107621.0,437975,4470,-30.37,-1.39,OTHERSIND
67653,2026-04-10,54,4016.17,4026.64,4057.83,3992.83,4065.76,3147.74,4802759426.99,12724675,56239,3.49,0.08,HYDPOWIND
67654,2026-04-10,55,6033.17,6082.9,6083.99,5974.92,6557.35,5221.37,406248770.1,642855,4316,-40.85,-0.67,DEVBANKIND
67655,2026-04-10,56,11642.37,11506.32,11720.25,11499.48,11642.37,6956.89,1335264132.9,987866,8736,182.38,1.59,MANPROCIND
67656,2026-04-10,57,478.14,482.47,483.5,475.99,518.59,435.29,2969659638.7,6673273,23948,-3.39,-0.7,SENSIND
67657,2026-04-10,58,2837.78,2857.76,2866.63,2825.3,3002.07,2487.17,8908283246.79,19151118,95964,-13.45,-0.47,NEPSE
67658,2026-04-10,59,11194.27,11247.69,11291.12,11124.0,13705.07,10448.66,100191145.2,162739,1091,-53.42,-0.47,NONLIFIND
67659,2026-04-10,60,2486.22,2494.52,2510.27,2465.4,2719.1,2157.02,180601744.1,285582,1527,-15.19,-0.6,FININD
67660,2026-04-10,61,3800.37,3841.31,3907.6,3800.37,4655.55,3538.87,12318983.0,2245,81,-40.93,-1.06,TRDIND
67661,2026-04-10,62,192.53,195.25,195.69,192.53,206.25,170.57,8908283246.79,19151118,95964,-2.3,-1.18,FLOATIND
67662,2026-04-10,63,161.82,165.07,165.5,161.82,177.3,147.6,2969659638.7,6673273,23948,-2.91,-1.77,SENSFLTIND
67646,2026-04-10,64,4966.96,5001.78,5019.14,4948.23,5688.96,4608.92,264521328.7,265001,3779,-36.99,-0.73,MICRFININD
67647,2026-04-10,65,12899.98,12988.47,13027.36,12840.88,14495.86,11763.82,176868039.1,361953,3255,-93.37,-0.71,LIFINSIND
67648,2026-04-10,66,21.87,21.98,21.99,21.72,22.33,19.05,17718822.59,1647125,916,-0.1,-0.49,MUTUALIND
67649,2026-04-10,67,106.63,108.45,108.45,106.13,122.47,98.94,401930039.5,467219,2927,-1.21,-1.12,INVIDX
67667,2026-04-13,51,1468.9,1481.5,1481.5,1467.11,1567.1,1296.0,467775997.8,1711026,7106,-7.03,-0.47,BANKSUBIND
67668,2026-04-13,52,7953.24,7887.8,7993.54,7863.86,7953.24,5895.07,91410889.3,123890,1984,80.35,1.02,HOTELIND
67669,2026-04-13,53,2112.45,2143.62,2150.88,2105.52,2774.99,2038.83,250143200.8,297950,3690,-34.79,-1.62,OTHERSIND
67670,2026-04-13,54,4042.84,4026.84,4059.35,4008.11,4065.76,3147.74,5253792019.7,13910035,63467,26.67,0.66,HYDPOWIND
67671,2026-04-13,55,5999.85,6040.51,6051.61,5993.04,6557.35,5221.37,307687563.7,482494,3787,-33.31,-0.55,DEVBANKIND
67672,2026-04-13,56,11689.89,11686.58,11808.85,11600.41,11689.89,6956.89,1264993758.6,837971,7810,47.51,0.4,MANPROCIND
67673,2026-04-13,57,476.65,479.13,479.53,475.89,518.59,435.29,2550174854.4,5580068,21116,-1.49,-0.31,SENSIND
67674,2026-04-13,58,2833.6,2842.73,2849.09,2827.06,3002.07,2487.17,8602393372.2,18619984,99650,-4.18,-0.14,NEPSE
67675,2026-04-13,59,11245.96,11194.27,11245.96,11095.33,13705.07,10448.66,66900870.9,102142,1047,51.69,0.46,NONLIFIND
67676,2026-04-13,60,2478.96,2482.44,2517.25,2468.78,2719.1,2157.02,179179160.4,279434,1470,-7.25,-0.29,FININD
67677,2026-04-13,61,3792.16,3800.37,3853.23,3735.34,4605.35,3538.87,18194656.9,3224,70,-8.21,-0.21,TRDIND
67678,2026-04-13,62,192.13,192.86,193.05,191.72,206.25,170.57,8602393372.2,18619984,99650,-0.39,-0.2,FLOATIND
67679,2026-04-13,63,161.41,162.16,162.35,161.14,177.3,147.6,2550174854.4,5580068,21116,-0.41,-0.25,SENSFLTIND
67663,2026-04-13,64,4945.92,4964.08,4971.36,4924.3,5688.96,4608.92,221114712.3,215754,3617,-21.04,-0.42,MICRFININD
67664,2026-04-13,65,12840.53,12923.86,12936.73,12820.42,14495.86,11763.82,117952003.4,222580,3044,-59.45,-0.46,LIFINSIND
67665,2026-04-13,66,21.95,21.87,21.95,21.69,22.33,19.05,13838730.29,1298192,1051,0.08,0.36,MUTUALIND
67666,2026-04-13,67,106.77,106.63,107.3,106.26,122.47,98.94,363248538.4,433484,2558,0.14,0.13,INVIDX
67684,2026-04-15,51,1488.0,1468.45,1494.69,1468.45,1567.1,1296.0,945806427.9,3513360,11326,19.09,1.3,BANKSUBIND
67685,2026-04-15,52,8204.89,7969.66,8273.13,7969.66,8204.89,5895.07,208270852.2,324829,2865,251.64,3.16,HOTELIND
67686,2026-04-15,53,2114.79,2112.45,2129.85,2101.34,2774.99,2038.83,321054978.4,406523,4839,2.33,0.11,OTHERSIND
67687,2026-04-15,54,4129.68,4053.88,4151.22,4052.81,4129.68,3147.74,5693587268.4,15282366,71177,86.83,2.14,HYDPOWIND
67688,2026-04-15,55,6091.7,5999.85,6094.61,5993.37,6557.35,5221.37,415016746.8,727740,4126,91.85,1.53,DEVBANKIND
67689,2026-04-15,56,11703.55,11716.61,11849.5,11660.89,11703.55,6956.89,1571881267.6,1406052,11082,13.65,0.11,MANPROCIND
67690,2026-04-15,57,481.87,476.25,483.73,476.25,518.59,435.29,3587908187.9,7923969,29720,5.22,1.09,SENSIND
67691,2026-04-15,58,2866.87,2834.5,2879.21,2834.31,3002.07,2487.17,10284854006.2,23305670,120488,33.27,1.17,NEPSE
67692,2026-04-15,59,11290.17,11271.59,11327.04,11171.41,13705.07,10448.66,91266886.0,147929,1385,44.2,0.39,NONLIFIND
67693,2026-04-15,60,2509.19,2471.99,2522.12,2471.81,2719.1,2157.02,198213575.3,304673,1815,30.23,1.21,FININD
67694,2026-04-15,61,3880.89,3792.16,3904.01,3792.16,4605.35,3538.87,9691377.5,1736,48,88.73,2.33,TRDIND
67695,2026-04-15,62,194.28,192.2,195.13,192.19,206.25,170.57,10284854006.2,23305670,120488,2.14,1.11,FLOATIND
67696,2026-04-15,63,163.06,161.31,163.8,161.31,177.3,147.6,3587908187.9,7923969,29720,1.65,1.02,SENSFLTIND
67680,2026-04-15,64,4977.73,4935.2,4997.29,4935.2,5688.96,4608.92,286681740.7,291557,4351,31.8,0.64,MICRFININD
67681,2026-04-15,65,12900.62,12838.36,12971.51,12812.58,14495.86,11763.82,160023556.5,302631,4302,60.09,0.46,LIFINSIND
67682,2026-04-15,66,22.07,21.94,22.07,21.83,22.33,19.05,23479087.26,2106038,1273,0.12,0.56,MUTUALIND
67683,2026-04-15,67,107.72,106.41,108.5,106.41,122.47,98.94,383359328.9,596274,3172,0.95,0.89,INVIDX
67701,2026-04-16,51,1475.99,1490.72,1492.32,1470.63,1567.1,1296.0,547244155.3,2053262,7282,-12.0,-0.8,BANKSUBIND
67702,2026-04-16,52,8163.53,8217.34,8289.34,8130.83,8204.89,5895.07,104159010.3,147034,1976,-41.35,-0.5,HOTELIND
67703,2026-04-16,53,2074.49,2113.07,2113.07,2065.17,2774.99,2038.83,424053699.2,512787,5716,-40.29,-1.9,OTHERSIND
67704,2026-04-16,54,4067.28,4135.41,4140.59,4051.65,4129.68,3147.74,5032334160.6,12957304,67489,-62.39,-1.51,HYDPOWIND
67705,2026-04-16,55,6020.95,6088.38,6088.38,6001.47,6557.35,5221.37,478089321.7,871817,4694,-70.74,-1.16,DEVBANKIND
67706,2026-04-16,56,11523.14,11698.5,11733.11,11456.39,11703.55,6956.89,1619962692.3,1076362,10769,-180.4,-1.54,MANPROCIND
67707,2026-04-16,57,477.46,482.29,482.43,475.93,518.59,435.29,2707249732.0,6027512,23222,-4.41,-0.91,SENSIND
67708,2026-04-16,58,2833.03,2868.87,2869.67,2822.68,3002.07,2487.17,9201137626.6,19022613,109901,-33.83,-1.18,NEPSE
67709,2026-04-16,59,11144.58,11290.17,11290.17,11089.04,13705.07,10448.66,78327007.3,135467,1132,-145.58,-1.28,NONLIFIND
67710,2026-04-16,60,2459.27,2502.09,2502.11,2448.74,2719.1,2157.02,167446504.7,276915,1542,-49.92,-1.98,FININD
67711,2026-04-16,61,3841.66,3880.89,3890.95,3794.37,4605.35,3538.87,17798352.0,3118,100,-39.23,-1.01,TRDIND
67712,2026-04-16,62,192.0,194.41,194.47,191.43,206.25,170.57,9201137626.6,19022613,109901,-2.28,-1.17,FLOATIND
67713,2026-04-16,63,161.49,163.21,163.25,161.0,177.3,147.6,2707249732.0,6027512,23222,-1.56,-0.96,SENSFLTIND
67697,2026-04-16,64,4942.11,4974.69,4986.64,4907.69,5688.96,4608.92,236864568.2,243698,3578,-35.61,-0.71,MICRFININD
67698,2026-04-16,65,12783.6,12895.86,12895.86,12758.63,14495.86,11763.82,173704906.6,306750,3206,-117.02,-0.9,LIFINSIND
67699,2026-04-16,66,22.04,22.06,22.06,21.9,22.33,19.05,13264440.47,1193096,858,-0.03,-0.14,MUTUALIND
67700,2026-04-16,67,106.35,108.06,108.06,106.24,122.47,98.94,321153248.4,438099,2417,-1.37,-1.27,INVIDX
67718,2026-04-17,51,1471.96,1477.43,1481.98,1458.76,1567.1,1296.0,667106070.3,2714181,7446,-4.02,-0.27,BANKSUBIND
67719,2026-04-17,52,8276.85,8183.45,8330.65,8155.41,8276.85,5895.07,121030898.6,182823,2514,113.31,1.38,HOTELIND
67720,2026-04-17,53,2086.23,2069.36,2092.82,2060.31,2774.99,2038.83,222520613.0,295783,3734,11.74,0.56,OTHERSIND
67721,2026-04-17,54,4094.65,4072.13,4095.79,4025.28,4129.68,3147.74,4214016650.9,11127098,59075,27.37,0.67,HYDPOWIND
67722,2026-04-17,55,5998.07,6023.2,6038.8,5950.45,6557.35,5221.37,341755355.5,565933,3969,-22.88,-0.38,DEVBANKIND
67723,2026-04-17,56,11685.31,11531.14,11723.19,11469.67,11703.55,6956.89,954581324.1,715547,7304,162.16,1.4,MANPROCIND
67724,2026-04-17,57,476.92,478.5,479.3,473.16,518.59,435.29,2258408678.1,5024699,19333,-0.53,-0.11,SENSIND
67725,2026-04-17,58,2838.4,2835.21,2843.57,2808.02,3002.07,2487.17,7392738490.4,16872937,95093,5.36,0.18,NEPSE
67726,2026-04-17,59,11086.7,11144.58,11156.92,11055.35,13705.07,10448.66,57051595.6,91829,937,-57.88,-0.51,NONLIFIND
67727,2026-04-17,60,2451.33,2455.85,2480.91,2425.48,2719.1,2157.02,123306380.8,207228,1440,-7.94,-0.32,FININD
67728,2026-04-17,61,3843.03,3841.66,3880.81,3783.81,4605.35,3538.87,2644885.0,481,27,1.37,0.03,TRDIND
67729,2026-04-17,62,191.96,192.15,192.64,190.09,206.25,170.57,7392738490.4,16872937,95093,-0.03,-0.01,FLOATIND
67730,2026-04-17,63,161.25,161.87,162.13,159.98,177.3,147.6,2258408678.1,5024699,19333,-0.24,-0.15,SENSFLTIND
67714,2026-04-17,64,4925.53,4935.45,4947.88,4870.54,5688.96,4608.92,233624984.3,243959,3330,-16.58,-0.33,MICRFININD
67715,2026-04-17,65,12773.56,12780.18,12799.83,12655.51,14495.86,11763.82,140914192.0,277522,2993,-10.03,-0.07,LIFINSIND
67716,2026-04-17,66,22.01,22.03,22.03,21.88,22.33,19.05,9965848.28,920365,864,-0.02,-0.13,MUTUALIND
67717,2026-04-17,67,106.25,107.15,107.15,105.58,122.47,98.94,314185540.3,450553,2324,-0.09,-0.09,INVIDX
67735,2026-04-20,51,1459.49,1444.03,1480.05,1443.39,1567.1,1296.0,307712844.0,1110910,6017,-12.47,-0.84,BANKSUBIND
67736,2026-04-20,52,8360.91,8394.04,8454.29,8265.28,8360.91,5895.07,421869133.4,391952,28917,84.06,1.01,HOTELIND
67737,2026-04-20,53,2077.86,2052.04,2093.86,2046.88,2774.99,2038.83,214406951.3,246091,3429,-8.37,-0.4,OTHERSIND
67738,2026-04-20,54,4085.03,4125.02,4135.63,4053.06,4129.68,3147.74,2965058458.5,7083127,57977,-9.62,-0.23,HYDPOWIND
67739,2026-04-20,55,5988.41,6035.39,6035.79,5957.06,6557.35,5221.37,263344572.2,426464,3039,-9.65,-0.16,DEVBANKIND
67740,2026-04-20,56,11586.63,11789.83,11789.83,11569.21,11703.55,6956.89,617594907.4,486520,5833,-98.68,-0.84,MANPROCIND
67741,2026-04-20,57,473.71,475.56,478.88,472.72,518.59,435.29,1389236207.6,2988800,16053,-3.21,-0.67,SENSIND
67742,2026-04-20,58,2825.23,2832.09,2846.39,2813.24,3002.07,2487.17,5365129714.5,10528448,114837,-13.17,-0.46,NEPSE
67743,2026-04-20,59,11073.86,11121.08,11165.82,11029.84,13705.07,10448.66,34631519.4,57076,768,-12.84,-0.11,NONLIFIND
67744,2026-04-20,60,2434.03,2456.91,2484.06,2421.58,2719.1,2157.02,83527007.2,141037,1058,-17.3,-0.7,FININD
67745,2026-04-20,61,3862.49,3843.03,3892.29,3747.38,4605.35,3538.87,3851076.3,771,43,19.45,0.5,TRDIND
67746,2026-04-20,62,190.77,191.14,192.55,190.24,206.25,170.57,5365129714.5,10528448,114837,-1.19,-0.62,FLOATIND
67747,2026-04-20,63,160.01,160.38,162.04,159.73,177.3,147.6,1389236207.6,2988800,16053,-1.23,-0.76,SENSFLTIND
67731,2026-04-20,64,4901.0,4918.96,4930.33,4883.63,5688.96,4608.92,161054267.2,163721,2665,-24.52,-0.49,MICRFININD
67732,2026-04-20,65,12693.38,12860.9,12879.01,12642.71,14495.86,11763.82,74314498.0,147723,2987,-80.17,-0.62,LIFINSIND
67733,2026-04-20,66,21.99,21.98,21.99,21.72,22.33,19.05,9918505.4,890432,906,-0.01,-0.08,MUTUALIND
67734,2026-04-20,67,105.36,106.42,106.42,105.08,122.47,98.94,217764479.6,273056,2104,-0.89,-0.84,INVIDX
67752,2026-04-21,51,1452.92,1471.82,1473.25,1451.0,1567.1,1296.0,341063635.5,1259803,5954,-6.57,-0.45,BANKSUBIND
67753,2026-04-21,52,8457.99,8422.58,8564.26,8335.51,8457.99,5895.07,293915482.7,262439,15491,97.08,1.16,HOTELIND
67754,2026-04-21,53,2051.45,2065.7,2086.27,2047.04,2774.99,2038.83,182779763.3,210641,3463,-26.4,-1.27,OTHERSIND
67755,2026-04-21,54,4034.5,4095.3,4116.63,4015.87,4129.68,3147.74,2910791320.3,7115185,47247,-50.52,-1.23,HYDPOWIND
67756,2026-04-21,55,5988.35,5962.36,6035.17,5943.14,6557.35,5221.37,427146071.4,471787,5130,-0.05,0.0,DEVBANKIND
67757,2026-04-21,56,11525.1,11611.95,11735.03,11457.89,11703.55,6956.89,815044040.7,588305,6752,-61.52,-0.53,MANPROCIND
67758,2026-04-21,57,470.56,476.15,476.8,470.0,518.59,435.29,1505131286.9,3314645,16640,-3.15,-0.66,SENSIND
67759,2026-04-21,58,2807.12,2838.59,2838.59,2796.92,3002.07,2487.17,5660392970.3,10861067,94326,-18.1,-0.64,NEPSE
67760,2026-04-21,59,10977.55,11138.07,11138.07,10956.06,13705.07,10448.66,50193415.3,79346,958,-96.31,-0.86,NONLIFIND
67761,2026-04-21,60,2407.37,2467.07,2467.07,2399.0,2719.1,2157.02,185127432.0,268032,1270,-26.65,-1.09,FININD
67762,2026-04-21,61,3825.23,3862.49,3866.38,3746.66,4575.28,3538.87,6045201.8,1114,48,-37.25,-0.96,TRDIND
67763,2026-04-21,62,189.65,191.81,191.81,189.14,206.25,170.57,5660392970.3,10861067,94326,-1.12,-0.59,FLOATIND
67764,2026-04-21,63,158.98,160.74,161.05,158.75,177.3,147.6,1505131286.9,3314645,16640,-1.03,-0.64,SENSFLTIND
67748,2026-04-21,64,4876.58,4916.03,4918.78,4859.3,5688.96,4608.92,169269361.1,177913,3009,-24.41,-0.49,MICRFININD
67749,2026-04-21,65,12663.86,12973.53,12973.53,12621.69,14495.86,11763.82,77418024.9,146470,2894,-29.52,-0.23,LIFINSIND
67750,2026-04-21,66,21.89,21.99,22.01,21.76,22.33,19.05,19631055.28,1709416,995,-0.09,-0.45,MUTUALIND
67751,2026-04-21,67,104.72,105.43,105.67,104.5,122.47,98.94,201599221.3,280032,2110,-0.63,-0.6,INVIDX
67769,2026-04-22,51,1454.83,1455.99,1460.98,1432.66,1567.1,1296.0,627466692.91,2464620,8765,1.91,0.13,BANKSUBIND
67770,2026-04-22,52,8258.24,8566.31,8570.32,8128.7,8457.99,5895.07,383469908.3,369281,22910,-199.74,-2.36,HOTELIND
67771,2026-04-22,53,2050.88,2068.3,2068.3,2007.08,2774.99,2038.83,392477520.3,483819,5764,-0.57,-0.02,OTHERSIND
67772,2026-04-22,54,4031.94,4029.67,4067.26,3949.83,4129.68,3147.74,3814096092.9,10210411,55393,-2.56,-0.06,HYDPOWIND
67773,2026-04-22,55,5971.63,5985.8,6020.73,5900.44,6557.35,5221.37,541470886.6,823016,4660,-16.72,-0.27,DEVBANKIND
67774,2026-04-22,56,11554.91,11414.31,11654.85,11398.65,11703.55,6956.89,1036008468.0,807815,9057,29.8,0.25,MANPROCIND
67775,2026-04-22,57,471.22,471.47,473.14,465.01,518.59,435.29,2232993075.11,5155955,22521,0.65,0.13,SENSIND
67776,2026-04-22,58,2804.17,2810.04,2818.2,2762.37,3002.07,2487.17,7710136701.01,16517168,119893,-2.95,-0.1,NEPSE
67777,2026-04-22,59,11020.28,11079.83,11079.83,10768.04,13705.07,10448.66,117933712.0,201846,1488,42.73,0.38,NONLIFIND
67778,2026-04-22,60,2421.5,2416.89,2445.65,2375.01,2719.1,2157.02,144485514.3,263592,1886,14.13,0.58,FININD
67779,2026-04-22,61,3783.02,3825.23,3828.18,3736.51,4575.28,3538.87,5294114.4,978,48,-42.21,-1.1,TRDIND
67780,2026-04-22,62,189.65,189.86,190.61,186.78,206.25,170.57,7710136701.01,16517168,119893,0.0,0.0,FLOATIND
67781,2026-04-22,63,159.3,159.2,159.91,157.02,177.3,147.6,2232993075.11,5155955,22521,0.32,0.2,SENSFLTIND
67765,2026-04-22,64,4868.93,4910.63,4916.04,4807.08,5688.96,4608.92,227833453.8,244696,3796,-7.64,-0.15,MICRFININD
67766,2026-04-22,65,12631.88,12580.36,12725.98,12496.27,14495.86,11763.82,166033595.9,320371,3619,-31.97,-0.25,LIFINSIND
67767,2026-04-22,66,21.8,21.89,21.92,21.61,22.33,19.05,6568340.93,593719,751,-0.08,-0.4,MUTUALIND
67768,2026-04-22,67,104.83,104.72,105.72,103.47,122.47,98.94,253566741.6,326723,2507,0.1,0.09,INVIDX
67786,2026-04-23,51,1443.63,1455.21,1462.92,1437.85,1567.1,1296.0,313191705.5,1198537,5608,-11.2,-0.77,BANKSUBIND
67787,2026-04-23,52,8140.53,8269.58,8269.58,8107.9,8457.99,5895.07,276842062.3,266011,16475,-117.71,-1.42,HOTELIND
67788,2026-04-23,53,2033.25,2033.59,2078.72,2015.91,2774.99,2033.25,211428630.8,231365,3616,-17.63,-0.85,OTHERSIND
67789,2026-04-23,54,3989.49,4046.41,4053.45,3977.65,4129.68,3147.74,2649702283.03,6192867,48057,-42.45,-1.05,HYDPOWIND
67790,2026-04-23,55,5966.55,5955.99,6001.92,5911.4,6557.35,5221.37,287511680.6,359403,3459,-5.07,-0.08,DEVBANKIND
67791,2026-04-23,56,11624.53,11629.25,11766.92,11511.93,11703.55,6956.89,647788476.2,423743,6035,69.62,0.6,MANPROCIND
67792,2026-04-23,57,468.27,472.0,474.31,467.21,518.59,435.29,1231982547.03,2817306,14578,-2.94,-0.62,SENSIND
67793,2026-04-23,58,2787.15,2806.52,2817.1,2779.86,3002.07,2487.17,4995323495.83,9478374,92458,-17.01,-0.6,NEPSE
67794,2026-04-23,59,10888.87,11063.28,11063.32,10864.35,13705.07,10448.66,52086245.8,80613,987,-131.4,-1.19,NONLIFIND
67795,2026-04-23,60,2395.78,2446.89,2450.46,2383.26,2719.1,2157.02,101060745.3,172917,1129,-25.72,-1.06,FININD
67796,2026-04-23,61,3799.66,3783.02,3826.66,3738.8,4575.28,3538.87,24656860.0,4368,83,16.63,0.43,TRDIND
67797,2026-04-23,62,188.31,189.76,190.38,187.82,206.25,170.57,4995323495.83,9478374,92458,-1.34,-0.7,FLOATIND
67798,2026-04-23,63,158.14,159.46,160.09,157.75,177.3,147.6,1231982547.03,2817306,14578,-1.16,-0.72,SENSFLTIND
67782,2026-04-23,64,4842.76,4868.23,4906.71,4823.78,5688.96,4608.92,158045177.0,164141,2589,-26.16,-0.53,MICRFININD
67783,2026-04-23,65,12577.35,12643.09,12645.85,12510.37,14495.86,11763.82,91632381.2,164790,2688,-54.53,-0.43,LIFINSIND
67784,2026-04-23,66,21.81,21.79,21.82,21.65,22.33,19.05,17955523.04,1520710,908,0.01,0.05,MUTUALIND
67785,2026-04-23,67,104.27,104.74,105.11,103.82,122.47,98.94,181377248.1,219619,1732,-0.55,-0.53,INVIDX
67803,2026-04-24,51,1446.82,1453.56,1453.56,1429.03,1567.1,1296.0,342929917.8,1268397,5528,3.19,0.22,BANKSUBIND
67804,2026-04-24,52,8167.38,8000.62,8331.24,8000.62,8457.99,5895.07,174790978.2,180409,8827,26.84,0.32,HOTELIND
67805,2026-04-24,53,2012.43,2063.96,2063.96,1992.72,2774.99,2012.43,291536078.6,339582,3733,-20.82,-1.02,OTHERSIND
67806,2026-04-24,54,3999.67,3992.3,4000.34,3941.16,4129.68,3147.74,2576810202.0,6616106,37644,10.18,0.25,HYDPOWIND
67807,2026-04-24,55,5980.07,5983.37,5987.5,5888.09,6557.35,5221.37,430017756.8,616893,3324,13.52,0.22,DEVBANKIND
67808,2026-04-24,56,11702.19,11644.08,11761.95,11612.8,11703.55,6956.89,732833517.0,547658,6265,77.65,0.66,MANPROCIND
67809,2026-04-24,57,468.07,469.15,469.15,463.79,518.59,435.29,1615196293.4,3862211,15080,-0.2,-0.04,SENSIND
67810,2026-04-24,58,2788.7,2795.22,2795.98,2759.54,3002.07,2487.17,5168476004.5,10421320,74015,1.54,0.05,NEPSE
67811,2026-04-24,59,10881.84,10888.87,10888.87,10774.55,13705.07,10448.66,64950913.0,108799,1066,-7.02,-0.06,NONLIFIND
67812,2026-04-24,60,2380.8,2406.97,2409.38,2366.08,2719.1,2157.02,72364255.3,125992,948,-14.98,-0.62,FININD
67813,2026-04-24,61,3821.95,3799.66,3821.95,3696.08,4575.28,3538.87,55114484.0,9742,64,22.29,0.58,TRDIND
67814,2026-04-24,62,188.37,188.94,188.95,186.64,206.25,170.57,5168476004.5,10421320,74015,0.06,0.03,FLOATIND
67815,2026-04-24,63,158.11,158.57,158.57,156.63,177.3,147.6,1615196293.4,3862211,15080,-0.03,-0.02,SENSFLTIND
67799,2026-04-24,64,4825.55,4849.67,4871.21,4804.59,5688.96,4608.92,153641718.7,152182,2486,-17.21,-0.35,MICRFININD
67800,2026-04-24,65,12543.62,12578.84,12587.39,12430.39,14495.86,11763.82,91852097.3,170716,2310,-33.72,-0.26,LIFINSIND
67801,2026-04-24,66,21.81,21.81,21.82,21.6,22.33,19.05,16600223.44,1393657,661,0.0,-0.01,MUTUALIND
67802,2026-04-24,67,104.24,104.27,104.3,103.01,122.47,98.94,181634085.8,284844,1820,-0.02,-0.02,INVIDX
67820,2026-04-27,51,1456.75,1452.76,1457.15,1445.19,1567.1,1296.0,378271669.2,1391641,6194,9.93,0.68,BANKSUBIND
67821,2026-04-27,52,8246.77,8107.88,8302.75,8107.88,8457.99,5895.07,178167497.7,183323,7064,79.39,0.97,HOTELIND
67822,2026-04-27,53,2003.46,2009.2,2027.77,1996.69,2774.99,2003.46,249428258.1,252550,3931,-8.96,-0.44,OTHERSIND
67823,2026-04-27,54,3991.88,4019.75,4032.38,3983.56,4129.68,3147.74,2092107454.5,5199106,35385,-7.79,-0.19,HYDPOWIND
67824,2026-04-27,55,6048.34,5967.16,6054.31,5934.12,6557.35,5221.37,442211369.6,521003,4512,68.26,1.14,DEVBANKIND
67825,2026-04-27,56,11881.08,11798.21,11967.89,11792.51,11881.08,6956.89,715620334.9,495599,13125,178.89,1.52,MANPROCIND
67826,2026-04-27,57,469.72,469.03,471.2,467.96,518.59,435.29,1223770249.4,2918788,15493,1.64,0.35,SENSIND
67827,2026-04-27,58,2796.43,2795.21,2806.96,2789.22,3002.07,2487.17,4648919043.7,8884746,79760,7.73,0.27,NEPSE
67828,2026-04-27,59,10898.21,10983.81,10983.81,10834.33,13705.07,10448.66,34860867.9,56917,848,16.36,0.15,NONLIFIND
67829,2026-04-27,60,2391.31,2380.8,2400.34,2380.8,2719.1,2157.02,82351345.8,136629,856,10.51,0.44,FININD
67830,2026-04-27,61,3768.54,3821.95,3834.16,3744.3,4575.28,3538.87,28336262.1,4894,114,-53.4,-1.39,TRDIND
67831,2026-04-27,62,189.13,188.9,189.56,188.38,206.25,170.57,4648919043.7,8884746,79760,0.75,0.4,FLOATIND
67832,2026-04-27,63,158.73,158.49,159.1,158.0,177.3,147.6,1223770249.4,2918788,15493,0.61,0.39,SENSFLTIND
67816,2026-04-27,64,4839.84,4820.48,4849.34,4808.76,5688.96,4608.92,157489833.6,161088,2605,14.28,0.29,MICRFININD
67817,2026-04-27,65,12560.48,12526.12,12634.74,12498.65,14495.86,11763.82,117738937.3,233804,3258,16.85,0.13,LIFINSIND
67818,2026-04-27,66,21.79,21.79,21.82,21.51,22.33,19.05,17399171.11,1697237,837,-0.01,-0.07,MUTUALIND
67819,2026-04-27,67,103.94,104.24,104.58,103.64,122.47,98.94,172335213.0,248192,1868,-0.3,-0.28,INVIDX
67837,2026-04-28,51,1445.02,1458.81,1465.36,1441.12,1567.1,1296.0,604963320.1,2435641,9046,-11.73,-0.8,BANKSUBIND
67838,2026-04-28,52,8035.56,8190.53,8190.53,8005.68,8457.99,5895.07,271202600.0,293957,11265,-211.21,-2.56,HOTELIND
67839,2026-04-28,53,2018.19,2001.7,2024.57,1999.43,2774.99,2003.46,220050128.6,237971,3646,14.73,0.73,OTHERSIND
67840,2026-04-28,54,3922.11,3998.61,4011.69,3913.76,4129.68,3147.74,2723068154.0,6606570,51249,-69.76,-1.74,HYDPOWIND
67841,2026-04-28,55,5974.06,6010.55,6111.16,5972.59,6557.35,5221.37,639308777.5,592567,4924,-74.27,-1.22,DEVBANKIND
67842,2026-04-28,56,11588.14,11996.04,12106.75,11556.37,11881.08,6956.89,1319572058.4,1042743,58898,-292.94,-2.46,MANPROCIND
67843,2026-04-28,57,467.57,470.75,472.13,466.51,518.59,435.29,1503222859.3,3668077,17999,-2.14,-0.45,SENSIND
67844,2026-04-28,58,2770.26,2799.56,2812.29,2765.18,3002.07,2487.17,6412376226.7,12064314,149959,-26.16,-0.93,NEPSE
67845,2026-04-28,59,10854.86,10906.43,10906.43,10802.07,13705.07,10448.66,61551455.0,94744,1031,-43.34,-0.39,NONLIFIND
67846,2026-04-28,60,2377.68,2375.02,2405.21,2373.47,2719.1,2157.02,80690995.6,137824,989,-13.63,-0.56,FININD
67847,2026-04-28,61,3753.77,3768.54,4087.39,3732.61,4575.28,3538.87,34365690.2,5840,173,-14.77,-0.39,TRDIND
67848,2026-04-28,62,187.59,189.29,189.63,187.22,206.25,170.57,6412376226.7,12064314,149959,-1.53,-0.81,FLOATIND
67849,2026-04-28,63,157.89,158.92,159.45,157.52,177.3,147.6,1503222859.3,3668077,17999,-0.83,-0.52,SENSFLTIND
67833,2026-04-28,64,4818.11,4818.01,4865.54,4804.85,5688.96,4608.92,158706316.4,167073,3068,-21.73,-0.44,MICRFININD
67834,2026-04-28,65,12539.73,12549.97,12589.17,12487.65,14495.86,11763.82,107072118.3,219963,3635,-20.75,-0.16,LIFINSIND
67835,2026-04-28,66,21.72,21.76,21.82,21.6,22.33,19.05,17096580.56,1495381,864,-0.07,-0.35,MUTUALIND
67836,2026-04-28,67,103.45,105.01,105.01,103.14,122.47,98.94,191824612.6,229421,2035,-0.49,-0.47,INVIDX
67854,2026-04-29,51,1434.0,1445.02,1445.7,1428.89,1567.1,1296.0,403749297.2,1600202,7077,-11.01,-0.76,BANKSUBIND
67855,2026-04-29,52,7903.05,8035.56,8055.39,7870.61,8457.99,5895.07,171293489.9,190349,7465,-132.5,-1.64,HOTELIND
67856,2026-04-29,53,1999.58,2017.9,2028.8,1993.4,2774.99,1999.58,172091500.2,202306,2732,-18.61,-0.92,OTHERSIND
67857,2026-04-29,54,3865.06,3929.26,3949.24,3849.52,4129.68,3147.74,2122491827.7,5310085,45921,-57.04,-1.45,HYDPOWIND
67858,2026-04-29,55,5982.43,5968.66,6021.22,5895.13,6557.35,5221.37,551748396.3,746616,4275,8.36,0.14,DEVBANKIND
67859,2026-04-29,56,11327.72,11568.33,11621.98,11294.38,11881.08,6956.89,822418677.9,666475,25568,-260.41,-2.24,MANPROCIND
67860,2026-04-29,57,464.51,467.54,467.73,463.52,518.59,435.29,1308220976.2,3087201,15406,-3.06,-0.65,SENSIND
67861,2026-04-29,58,2744.45,2771.25,2774.16,2734.33,3002.07,2487.17,4845374358.8,9577254,102669,-25.81,-0.93,NEPSE
67862,2026-04-29,59,10733.97,10812.27,10821.73,10722.55,13705.07,10448.66,63802885.8,101275,1151,-120.88,-1.11,NONLIFIND
67863,2026-04-29,60,2362.27,2374.68,2397.42,2355.51,2719.1,2157.02,86456482.8,150724,926,-15.41,-0.64,FININD
67864,2026-04-29,61,3794.94,3753.77,3830.8,3729.7,4575.28,3538.87,7789480.1,1417,55,41.17,1.09,TRDIND
67865,2026-04-29,62,185.85,187.61,187.76,185.27,206.25,170.57,4845374358.8,9577254,102669,-1.74,-0.92,FLOATIND
67866,2026-04-29,63,156.8,157.85,157.91,156.4,177.3,147.6,1308220976.2,3087201,15406,-1.09,-0.69,SENSFLTIND
67850,2026-04-29,64,4791.73,4817.48,4825.21,4772.12,5688.96,4608.92,180137252.4,184503,2936,-26.37,-0.54,MICRFININD
67851,2026-04-29,65,12434.07,12539.73,12559.32,12403.45,14495.86,11763.82,106432144.0,191041,2735,-105.65,-0.84,LIFINSIND
67852,2026-04-29,66,21.72,21.71,21.74,21.12,22.33,19.05,20931760.06,1753034,848,0.0,0.01,MUTUALIND
67853,2026-04-29,67,102.76,104.11,104.11,102.45,122.47,98.94,156962924.5,232261,1828,-0.68,-0.66,INVIDX
67871,2026-04-30,51,1434.32,1427.35,1435.59,1415.8,1567.1,1296.0,369136420.3,1426109,6182,0.31,0.02,BANKSUBIND
67872,2026-04-30,52,7899.3,7850.33,8055.59,7767.37,8457.99,5895.07,168387546.7,207838,5018,-3.74,-0.04,HOTELIND
67873,2026-04-30,53,1980.01,2000.94,2003.18,1970.94,2774.99,1980.01,215382074.4,246458,2998,-19.56,-0.97,OTHERSIND
67874,2026-04-30,54,3849.42,3871.52,3871.52,3788.25,4129.68,3147.74,2162362250.9,5957724,35569,-15.63,-0.4,HYDPOWIND
67875,2026-04-30,55,5953.49,5975.76,5975.76,5856.13,6557.35,5221.37,377029569.0,474192,3673,-28.94,-0.48,DEVBANKIND
67876,2026-04-30,56,11423.84,11324.28,11479.04,11137.73,11881.08,6956.89,860286292.0,716489,15722,96.12,0.84,MANPROCIND
67877,2026-04-30,57,464.43,463.26,465.34,459.67,518.59,435.29,1438220794.1,3304524,16130,-0.07,-0.01,SENSIND
67878,2026-04-30,58,2738.72,2740.05,2745.55,2708.34,3002.07,2487.17,4826973680.6,10045845,79095,-5.73,-0.2,NEPSE
67879,2026-04-30,59,10730.98,10733.97,10733.97,10583.26,13705.07,10448.66,48692882.9,79983,993,-2.98,-0.02,NONLIFIND
67880,2026-04-30,60,2357.48,2346.31,2367.81,2333.62,2719.1,2157.02,88319471.4,156962,1217,-4.78,-0.2,FININD
67881,2026-04-30,61,3770.87,3794.94,3794.94,3693.94,4575.28,3538.87,3513381.0,631,24,-24.07,-0.63,TRDIND
67882,2026-04-30,62,185.56,185.38,185.84,183.47,206.25,170.57,4826973680.6,10045845,79095,-0.29,-0.15,FLOATIND
67883,2026-04-30,63,156.78,156.13,156.88,154.87,177.3,147.6,1438220794.1,3304524,16130,-0.01,0.0,SENSFLTIND
67867,2026-04-30,64,4775.31,4773.91,4779.77,4749.6,5688.96,4608.92,151553611.3,162094,2738,-16.41,-0.34,MICRFININD
67868,2026-04-30,65,12401.21,12434.07,12437.53,12311.08,14495.86,11763.82,106127059.3,209198,2538,-32.86,-0.26,LIFINSIND
67869,2026-04-30,66,21.61,21.72,21.72,21.45,22.33,19.05,4940676.46,484376,736,-0.11,-0.52,MUTUALIND
67870,2026-04-30,67,102.32,102.54,103.18,101.27,122.47,98.94,276183121.4,408167,2423,-0.43,-0.42,INVIDX
67888,2026-05-04,51,1421.96,1437.27,1442.26,1417.74,1567.1,1296.0,492242864.2,1786384,7605,-12.36,-0.86,BANKSUBIND
67889,2026-05-04,52,7792.29,7869.69,7891.66,7752.21,8457.99,5895.07,111409963.5,145461,3572,-107.01,-1.35,HOTELIND
67890,2026-05-04,53,1970.1,1980.22,1995.17,1967.02,2774.99,1970.1,187772642.4,202994,3055,-9.91,-0.5,OTHERSIND
67891,2026-05-04,54,3763.58,3841.24,3854.4,3751.62,4129.68,3147.74,1738538598.1,4722994,29434,-85.84,-2.23,HYDPOWIND
67892,2026-05-04,55,5825.92,5951.06,5951.06,5805.85,6557.35,5221.37,294907919.4,379857,3437,-127.56,-2.14,DEVBANKIND
67893,2026-05-04,56,11133.16,11437.06,11513.51,11113.73,11881.08,6956.89,597730987.4,480853,10844,-290.68,-2.54,MANPROCIND
67894,2026-05-04,57,461.05,465.13,465.5,459.72,518.59,435.29,1481585209.7,3162498,16550,-3.37,-0.72,SENSIND
67895,2026-05-04,58,2704.08,2739.04,2742.58,2697.14,3002.07,2487.17,4168659747.3,8661305,67515,-34.63,-1.26,NEPSE
67896,2026-05-04,59,10630.37,10730.98,10751.18,10589.19,13705.07,10448.66,52018868.5,87289,977,-100.61,-0.93,NONLIFIND
67897,2026-05-04,60,2334.81,2357.48,2373.86,2322.06,2719.1,2157.02,58720803.5,113953,1018,-22.66,-0.96,FININD
67898,2026-05-04,61,3718.8,3770.87,3781.66,3684.43,4575.28,3538.87,9512556.5,1737,43,-52.07,-1.38,TRDIND
67899,2026-05-04,62,183.34,185.73,185.92,182.8,206.25,170.57,4168659747.3,8661305,67515,-2.21,-1.19,FLOATIND
67900,2026-05-04,63,155.42,157.16,157.2,154.92,177.3,147.6,1481585209.7,3162498,16550,-1.36,-0.87,SENSFLTIND
67884,2026-05-04,64,4775.46,4773.56,4783.13,4730.03,5688.96,4608.92,136500013.6,142960,2786,0.14,0.0,MICRFININD
67885,2026-05-04,65,12339.88,12401.21,12433.95,12293.16,14495.86,11763.82,96685594.7,189537,2774,-61.32,-0.49,LIFINSIND
67886,2026-05-04,66,21.47,21.61,21.61,21.31,22.33,19.05,7152312.12,719411,758,-0.13,-0.62,MUTUALIND
67887,2026-05-04,67,100.93,102.42,102.74,100.78,122.47,98.94,392618935.5,407286,1970,-1.39,-1.36,INVIDX
67905,2026-05-05,51,1428.17,1423.04,1434.57,1412.38,1567.1,1296.0,311151406.7,1167066,6031,6.21,0.43,BANKSUBIND
67906,2026-05-05,52,7788.08,7792.29,7862.74,7729.93,8457.99,5895.07,95572165.0,114143,3255,-4.2,-0.05,HOTELIND
67907,2026-05-05,53,1971.86,1950.11,1990.61,1950.11,2774.99,1970.1,164465677.7,178461,3019,1.76,0.08,OTHERSIND
67908,2026-05-05,54,3802.29,3750.12,3819.63,3730.07,4129.68,3147.74,1672919590.2,4294175,28356,38.71,1.02,HYDPOWIND
67909,2026-05-05,55,5823.02,5840.2,5856.83,5740.07,6557.35,5221.37,200905683.4,321023,2738,-2.89,-0.04,DEVBANKIND
67910,2026-05-05,56,11203.55,11158.54,11287.54,11043.55,11881.08,6956.89,405358040.2,331114,8726,70.39,0.63,MANPROCIND
67911,2026-05-05,57,462.32,460.88,464.19,458.47,518.59,435.29,1013687113.9,2385317,14221,1.26,0.27,SENSIND
67912,2026-05-05,58,2712.86,2701.22,2726.18,2684.62,3002.07,2487.17,3391626792.3,7159954,61027,8.78,0.32,NEPSE
67913,2026-05-05,59,10616.58,10630.37,10674.35,10537.85,13705.07,10448.66,55665435.8,95764,941,-13.79,-0.12,NONLIFIND
67914,2026-05-05,60,2331.92,2334.81,2350.08,2319.93,2719.1,2157.02,65700433.9,112410,891,-2.89,-0.12,FININD
67915,2026-05-05,61,3707.66,3718.8,3768.37,3683.94,4575.28,3538.87,3098524.6,580,34,-11.14,-0.29,TRDIND
67916,2026-05-05,62,183.95,183.19,184.69,182.07,206.25,170.57,3391626792.3,7159954,61027,0.6,0.33,FLOATIND
67917,2026-05-05,63,155.89,155.4,156.53,154.54,177.3,147.6,1013687113.9,2385317,14221,0.47,0.3,SENSFLTIND
67901,2026-05-05,64,4765.08,4774.82,4774.82,4727.31,5688.96,4608.92,184498527.2,179261,2756,-10.37,-0.21,MICRFININD
67902,2026-05-05,65,12353.08,12329.13,12367.65,12232.51,14495.86,11763.82,87714259.5,174541,2474,13.2,0.1,LIFINSIND
67903,2026-05-05,66,21.57,21.47,21.57,21.3,22.33,19.05,3593256.57,360026,612,0.09,0.44,MUTUALIND
67904,2026-05-05,67,101.11,100.93,102.09,100.36,122.47,98.94,144577048.1,191416,1806,0.18,0.18,INVIDX
67922,2026-05-06,51,1430.58,1431.83,1436.87,1425.03,1567.1,1296.0,227905467.1,836056,4482,2.4,0.16,BANKSUBIND
67923,2026-05-06,52,7805.45,7788.08,7871.68,7729.87,8457.99,5895.07,86347304.7,108225,2660,17.36,0.22,HOTELIND
67924,2026-05-06,53,1972.58,1988.27,1988.27,1961.8,2774.99,1970.1,141710188.7,137478,1962,0.71,0.03,OTHERSIND
67925,2026-05-06,54,3785.68,3811.89,3825.04,3770.8,4129.68,3147.74,1601519196.5,4026191,21983,-16.61,-0.43,HYDPOWIND
67926,2026-05-06,55,5792.8,5823.02,5846.42,5776.39,6557.35,5221.37,250501970.5,404879,2397,-30.22,-0.51,DEVBANKIND
67927,2026-05-06,56,11140.12,11241.91,11255.8,11087.63,11881.08,6956.89,408447687.2,303990,6165,-63.43,-0.56,MANPROCIND
67928,2026-05-06,57,463.12,462.82,463.74,461.6,518.59,435.29,1038772018.7,2362663,11713,0.8,0.17,SENSIND
67929,2026-05-06,58,2711.22,2718.07,2724.27,2705.55,3002.07,2487.17,3156010438.7,6450414,46865,-1.64,-0.06,NEPSE
67930,2026-05-06,59,10636.97,10616.58,10650.95,10579.28,13705.07,10448.66,38026062.4,57524,635,20.39,0.19,NONLIFIND
67931,2026-05-06,60,2336.41,2318.97,2351.87,2316.89,2719.1,2157.02,42770527.1,77934,678,4.49,0.19,FININD
67932,2026-05-06,61,3698.38,3707.66,3779.8,3691.23,4575.28,3538.87,3358048.0,641,36,-9.27,-0.25,TRDIND
67933,2026-05-06,62,183.96,184.25,184.6,183.43,206.25,170.57,3156010438.7,6450414,46865,0.01,0.0,FLOATIND
67934,2026-05-06,63,156.14,155.85,156.47,155.61,177.3,147.6,1038772018.7,2362663,11713,0.24,0.15,SENSFLTIND
67918,2026-05-06,64,4787.98,4755.01,4795.84,4744.63,5688.96,4608.92,160571860.2,167012,2299,22.89,0.48,MICRFININD
67919,2026-05-06,65,12313.32,12382.46,12385.44,12268.41,14495.86,11763.82,88537187.0,176499,2263,-39.75,-0.32,LIFINSIND
67920,2026-05-06,66,21.74,21.57,21.74,21.33,22.33,19.05,5094415.66,503512,674,0.17,0.8,MUTUALIND
67921,2026-05-06,67,101.52,101.01,101.89,100.34,122.47,98.94,106314939.3,153985,1305,0.4,0.4,INVIDX
67939,2026-05-07,51,1435.3,1423.58,1436.5,1423.41,1567.1,1299.94,271444407.6,959607,4315,4.72,0.33,BANKSUBIND
67940,2026-05-07,52,7821.79,7805.45,7863.14,7767.91,8457.99,5895.07,72852397.3,90279,2181,16.34,0.2,HOTELIND
67941,2026-05-07,53,1988.98,1972.54,1989.42,1965.47,2774.99,1970.1,172583579.7,173551,2233,16.4,0.83,OTHERSIND
67942,2026-05-07,54,3786.01,3781.63,3793.23,3755.71,4129.68,3147.74,1266662213.6,3464768,19862,0.33,0.0,HYDPOWIND
67943,2026-05-07,55,5809.86,5792.8,5809.86,5760.99,6557.35,5236.74,121764481.1,218288,1827,17.06,0.29,DEVBANKIND
67944,2026-05-07,56,11131.03,11114.8,11165.7,11064.59,11881.08,6956.89,335376383.4,245108,5481,-9.08,-0.08,MANPROCIND
67945,2026-05-07,57,464.08,461.86,464.2,461.12,518.59,435.29,1170431556.2,2474831,12572,0.95,0.2,SENSIND
67946,2026-05-07,58,2718.16,2708.0,2718.16,2700.97,3002.07,2487.17,2880025017.5,5973212,44247,6.94,0.25,NEPSE
67947,2026-05-07,59,10576.8,10599.1,10687.15,10571.72,13705.07,10448.66,38402595.7,67464,657,-60.16,-0.56,NONLIFIND
67948,2026-05-07,60,2334.43,2336.41,2344.55,2326.46,2719.1,2157.02,98706126.0,166214,804,-1.97,-0.08,FININD
67949,2026-05-07,61,3756.66,3698.38,3769.03,3697.81,4575.28,3538.87,2580009.0,503,28,58.27,1.57,TRDIND
67950,2026-05-07,62,184.26,183.55,184.29,183.21,206.25,170.57,2880025017.5,5973212,44247,0.3,0.16,FLOATIND
67951,2026-05-07,63,156.37,155.57,156.53,155.37,177.3,147.6,1170431556.2,2474831,12572,0.22,0.14,SENSFLTIND
67935,2026-05-07,64,4805.13,4793.0,4805.13,4745.86,5688.96,4617.49,205119299.2,208866,2979,17.14,0.35,MICRFININD
67936,2026-05-07,65,12350.88,12326.42,12380.14,12267.24,14495.86,11763.82,64004521.2,129881,2008,37.55,0.3,LIFINSIND
67937,2026-05-07,66,21.71,21.74,21.76,21.55,22.33,19.05,4243014.77,403758,564,-0.03,-0.16,MUTUALIND
67938,2026-05-07,67,101.45,102.05,102.05,100.71,122.47,98.94,230529003.7,248683,1872,-0.07,-0.07,INVIDX
67956,2026-05-08,51,1444.93,1433.9,1445.44,1433.9,1567.1,1299.94,271503017.1,991589,4913,9.63,0.67,BANKSUBIND
67957,2026-05-08,52,7938.12,7795.72,7949.52,7776.94,8457.99,5895.07,204593304.5,227352,4887,116.33,1.48,HOTELIND
67958,2026-05-08,53,2011.66,2005.59,2021.63,1980.3,2774.99,1970.1,218981989.9,215557,2840,22.67,1.14,OTHERSIND
67959,2026-05-08,54,3850.87,3791.77,3852.25,3777.33,4129.68,3147.74,1386233183.5,3648252,21848,64.85,1.71,HYDPOWIND
67960,2026-05-08,55,5864.09,5826.92,5865.74,5791.59,6557.35,5236.74,120161686.0,212179,1963,54.22,0.93,DEVBANKIND
67961,2026-05-08,56,11287.55,11110.46,11293.58,11072.62,11881.08,6956.89,451663114.7,354401,7201,156.51,1.4,MANPROCIND
67962,2026-05-08,57,467.33,464.67,467.36,464.25,518.59,435.29,1037263768.6,2387929,12925,3.24,0.69,SENSIND
67963,2026-05-08,58,2745.65,2719.64,2745.79,2717.96,3002.07,2487.17,3237914962.0,6459098,51938,27.49,1.01,NEPSE
67964,2026-05-08,59,10738.52,10576.8,10738.52,10562.21,13705.07,10448.66,35705683.9,61704,648,161.71,1.52,NONLIFIND
67965,2026-05-08,60,2378.29,2334.43,2379.36,2334.43,2719.1,2157.02,125526669.5,194195,1024,43.86,1.87,FININD
67966,2026-05-08,61,3756.66,3756.66,3791.66,3717.37,4500.0,3538.87,3958545.0,743,26,0.0,0.0,TRDIND
67967,2026-05-08,62,186.14,184.48,186.15,184.23,206.25,170.57,3237914962.0,6459098,51938,1.88,1.02,FLOATIND
67968,2026-05-08,63,157.61,156.76,157.62,156.3,177.3,147.6,1037263768.6,2387929,12925,1.24,0.79,SENSFLTIND
67952,2026-05-08,64,4813.29,4782.82,4813.29,4777.72,5688.96,4617.49,191651542.6,201036,2636,8.16,0.16,MICRFININD
67953,2026-05-08,65,12430.11,12358.9,12461.29,12356.61,14495.86,11763.82,109622519.2,208051,2466,79.23,0.64,LIFINSIND
67954,2026-05-08,66,21.83,21.68,21.83,21.52,22.33,19.05,8670956.89,835659,665,0.12,0.55,MUTUALIND
67955,2026-05-08,67,102.58,101.84,102.65,101.05,122.47,98.94,118313706.1,144039,1486,1.13,1.12,INVIDX
67973,2026-05-11,51,1459.7,1446.52,1459.88,1445.16,1567.1,1299.94,327669429.5,1169288,6268,14.76,1.02,BANKSUBIND
67974,2026-05-11,52,7993.11,7885.06,8014.23,7885.06,8457.99,5895.07,166676465.3,199239,3832,54.99,0.69,HOTELIND
67975,2026-05-11,53,2054.24,2010.59,2054.7,2010.59,2774.99,1970.1,217499387.3,242505,3720,42.58,2.11,OTHERSIND
67976,2026-05-11,54,3920.08,3874.38,3920.1,3873.61,4129.68,3147.74,2315996325.3,6137642,32087,69.21,1.79,HYDPOWIND
67977,2026-05-11,55,5944.1,5865.92,5949.82,5865.77,6557.35,5236.74,180329480.5,310895,2501,80.01,1.36,DEVBANKIND
67978,2026-05-11,56,11435.0,11304.88,11474.94,11294.58,11881.08,6956.89,697659837.0,554800,8970,147.45,1.3,MANPROCIND
67979,2026-05-11,57,473.41,466.92,473.41,466.92,518.59,435.29,1437737264.6,3321662,16867,6.08,1.3,SENSIND
67980,2026-05-11,58,2783.85,2747.2,2783.99,2747.18,3002.07,2487.17,4541884060.9,9448088,67185,38.19,1.39,NEPSE
67981,2026-05-11,59,10911.29,10719.84,10917.87,10700.85,13705.07,10448.66,75709810.6,80685,951,172.76,1.6,NONLIFIND
67982,2026-05-11,60,2421.41,2382.14,2422.18,2382.14,2719.1,2157.02,89020396.3,150433,1123,43.12,1.81,FININD
67983,2026-05-11,61,3800.06,3756.66,3810.1,3721.66,4500.0,3538.87,8919250.9,1575,74,43.4,1.15,TRDIND
67984,2026-05-11,62,188.82,186.35,188.82,186.34,206.25,170.57,4541884060.9,9448088,67185,2.67,1.43,FLOATIND
67985,2026-05-11,63,159.7,157.57,159.7,157.57,177.3,147.6,1437737264.6,3321662,16867,2.09,1.32,SENSFLTIND
67969,2026-05-11,64,4895.4,4816.05,4895.72,4816.05,5688.96,4617.49,211357205.2,222619,3175,82.11,1.7,MICRFININD
67970,2026-05-11,65,12553.38,12429.75,12560.82,12429.75,14495.86,11763.82,89231601.7,178969,2690,123.26,0.99,LIFINSIND
67971,2026-05-11,66,21.84,21.83,21.88,21.71,22.33,19.05,7341969.38,681977,727,0.01,0.06,MUTUALIND
67972,2026-05-11,67,103.87,101.64,103.87,101.64,122.47,98.94,161814871.3,199438,1794,1.28,1.25,INVIDX
67990,2026-05-12,51,1447.55,1464.48,1471.36,1445.45,1567.1,1299.94,398020316.3,1454073,5719,-12.15,-0.83,BANKSUBIND
67991,2026-05-12,52,7831.11,8000.66,8023.82,7796.49,8457.99,5895.07,171457567.9,204414,3416,-162.0,-2.02,HOTELIND
67992,2026-05-12,53,2023.6,2058.66,2085.69,2018.31,2774.99,1970.1,207669487.8,239059,3087,-30.64,-1.49,OTHERSIND
67993,2026-05-12,54,3833.04,3943.74,3951.1,3826.38,4129.68,3147.74,2199906326.8,5878406,28634,-87.04,-2.22,HYDPOWIND
67994,2026-05-12,55,5862.14,5935.15,5965.7,5850.72,6557.35,5236.74,200426550.6,345285,2331,-81.95,-1.37,DEVBANKIND
67995,2026-05-12,56,11245.85,11407.99,11504.08,11201.38,11881.08,6956.89,714023287.3,607027,8408,-189.14,-1.65,MANPROCIND
67996,2026-05-12,57,468.26,474.39,476.87,467.7,518.59,435.29,1695207691.7,3809155,17351,-5.15,-1.08,SENSIND
67997,2026-05-12,58,2744.4,2788.89,2802.84,2741.17,3002.07,2487.17,4616722741.7,9771740,61423,-39.44,-1.41,NEPSE
67998,2026-05-12,59,10826.82,10911.29,10943.43,10780.82,13705.07,10448.66,51711433.2,91237,804,-84.47,-0.77,NONLIFIND
67999,2026-05-12,60,2372.2,2430.97,2430.97,2361.55,2719.1,2157.02,128460897.4,210726,1245,-49.2,-2.03,FININD
68000,2026-05-12,61,3711.42,3800.06,3871.09,3708.43,4489.29,3538.87,3465383.0,698,54,-88.64,-2.33,TRDIND
68001,2026-05-12,62,186.26,189.13,189.86,186.03,206.25,170.57,4616722741.7,9771740,61423,-2.55,-1.35,FLOATIND
68002,2026-05-12,63,157.8,159.94,160.66,157.6,177.3,147.6,1695207691.7,3809155,17351,-1.89,-1.18,SENSFLTIND
67986,2026-05-12,64,4821.39,4886.17,4892.65,4807.47,5688.96,4617.49,248640955.5,262332,3388,-74.01,-1.51,MICRFININD
67987,2026-05-12,65,12484.89,12563.0,12627.29,12452.62,14495.86,11763.82,95051774.9,182385,2226,-68.48,-0.54,LIFINSIND
67988,2026-05-12,66,21.88,21.84,21.88,21.67,22.33,19.05,7539418.84,724230,692,0.04,0.19,MUTUALIND
67989,2026-05-12,67,102.51,103.95,104.67,102.33,122.47,98.94,197888761.0,296098,2111,-1.35,-1.3,INVIDX
68007,2026-05-13,51,1444.04,1450.36,1450.36,1431.71,1567.1,1299.94,245872295.21,869461,4122,-3.5,-0.24,BANKSUBIND
68008,2026-05-13,52,7797.5,7831.11,7831.11,7746.41,8457.99,5895.07,79250746.6,100996,2076,-33.61,-0.42,HOTELIND
68009,2026-05-13,53,2017.44,2020.88,2029.68,2007.78,2774.99,1970.1,141337893.4,136902,1872,-6.16,-0.3,OTHERSIND
68010,2026-05-13,54,3828.21,3841.19,3846.69,3790.83,4129.68,3147.74,1160350492.1,2977755,18050,-4.82,-0.12,HYDPOWIND
68011,2026-05-13,55,5850.75,5862.14,5868.21,5804.97,6557.35,5236.74,122094465.1,189412,1604,-11.39,-0.19,DEVBANKIND
68012,2026-05-13,56,11299.83,11189.08,11299.83,11111.6,11881.08,6956.89,587857387.9,479822,6831,53.97,0.47,MANPROCIND
68013,2026-05-13,57,467.55,468.89,468.89,464.37,518.59,435.29,839594238.31,1917374,10395,-0.7,-0.15,SENSIND
68014,2026-05-13,58,2740.25,2746.96,2747.84,2720.41,3002.07,2487.17,2789184759.61,5348342,41408,-4.15,-0.15,NEPSE
68015,2026-05-13,59,10760.31,10890.18,10890.18,10687.11,13705.07,10448.66,37661547.0,55143,595,-66.5,-0.61,NONLIFIND
68016,2026-05-13,60,2363.57,2371.79,2371.79,2345.53,2719.1,2157.02,78932622.0,131297,887,-8.63,-0.36,FININD
68017,2026-05-13,61,3767.37,3711.42,3781.94,3706.01,4489.29,3538.87,15114537.0,2611,61,55.95,1.5,TRDIND
68018,2026-05-13,62,185.89,186.49,186.53,184.5,206.25,170.57,2789184759.61,5348342,41408,-0.36,-0.19,FLOATIND
68019,2026-05-13,63,157.54,158.06,158.06,156.4,177.3,147.6,839594238.31,1917374,10395,-0.26,-0.16,SENSFLTIND
68003,2026-05-13,64,4795.94,4822.29,4822.29,4775.21,5688.96,4617.49,134075167.4,130755,2231,-25.44,-0.52,MICRFININD
68004,2026-05-13,65,12421.76,12498.76,12498.76,12353.35,14495.86,11763.82,74926934.4,139890,1772,-63.12,-0.5,LIFINSIND
68005,2026-05-13,66,21.79,21.88,21.88,21.68,22.33,19.05,2242587.92,214518,528,-0.08,-0.39,MUTUALIND
68006,2026-05-13,67,102.29,102.94,102.95,101.67,122.47,98.94,111710671.5,134298,1307,-0.22,-0.22,INVIDX
68024,2026-05-14,51,1443.04,1443.56,1445.24,1435.63,1567.1,1299.94,226679833.4,821186,3973,-1.0,-0.06,BANKSUBIND
68025,2026-05-14,52,7774.55,7796.5,7801.87,7718.63,8457.99,5895.07,106395929.6,127916,2168,-22.94,-0.29,HOTELIND
68026,2026-05-14,53,1977.09,2001.58,2001.58,1963.82,2774.99,1970.1,504941590.0,730130,7096,-40.34,-2.0,OTHERSIND
68027,2026-05-14,54,3818.39,3852.63,3852.63,3795.14,4129.68,3147.74,1417908042.0,3347916,18686,-9.81,-0.25,HYDPOWIND
68028,2026-05-14,55,5819.4,5850.75,5857.44,5794.46,6557.35,5236.74,124019093.7,189897,1714,-31.34,-0.53,DEVBANKIND
68029,2026-05-14,56,11239.95,11318.56,11318.56,11193.44,11881.08,6956.89,442230293.9,351252,5565,-59.87,-0.52,MANPROCIND
68030,2026-05-14,57,467.2,468.17,468.73,465.28,518.59,435.29,800524754.3,1819275,10137,-0.34,-0.07,SENSIND
68031,2026-05-14,58,2730.17,2743.25,2743.25,2717.45,3002.07,2487.17,3243298548.7,6118038,45508,-10.07,-0.36,NEPSE
68032,2026-05-14,59,10705.07,10804.28,10826.31,10678.09,13705.07,10448.66,34410228.3,57755,600,-55.24,-0.51,NONLIFIND
68033,2026-05-14,60,2346.35,2370.87,2375.6,2340.85,2719.1,2157.02,66033209.1,112606,819,-17.21,-0.72,FININD
68034,2026-05-14,61,3779.66,3767.37,3788.74,3698.08,4489.29,3538.87,19358451.0,3249,102,12.28,0.32,TRDIND
68035,2026-05-14,62,185.3,186.14,186.14,184.49,206.25,170.57,3243298548.7,6118038,45508,-0.58,-0.31,FLOATIND
68036,2026-05-14,63,157.4,157.76,157.9,156.71,177.3,147.6,800524754.3,1819275,10137,-0.13,-0.08,SENSFLTIND
68020,2026-05-14,64,4784.1,4793.12,4815.41,4759.47,5688.96,4617.49,111727621.3,121321,1927,-11.83,-0.24,MICRFININD
68021,2026-05-14,65,12423.49,12407.1,12423.52,12345.33,14495.86,11763.82,58657984.4,106997,1734,1.73,0.01,LIFINSIND
68022,2026-05-14,66,21.81,21.79,21.81,21.67,22.33,19.05,17814285.54,1706863,623,0.01,0.08,MUTUALIND
68023,2026-05-14,67,102.01,103.02,103.02,101.51,122.47,98.94,130936272.0,147813,1124,-0.27,-0.26,INVIDX
68041,2026-05-15,51,1445.04,1429.24,1450.88,1429.24,1567.1,1299.94,270655828.3,964124,4242,1.99,0.13,BANKSUBIND
68042,2026-05-15,52,7796.08,7744.23,7811.7,7737.59,8457.99,5895.07,92444513.3,118164,2185,21.52,0.27,HOTELIND
68043,2026-05-15,53,1981.04,1975.53,1999.96,1970.57,2774.99,1970.1,163056663.0,232797,3089,3.95,0.19,OTHERSIND
68044,2026-05-15,54,3820.96,3826.08,3843.68,3802.86,4129.68,3147.74,1560250804.1,3887468,19769,2.57,0.06,HYDPOWIND
68045,2026-05-15,55,5816.89,5836.6,5858.44,5804.19,6557.35,5236.74,146474617.2,287406,1646,-2.51,-0.04,DEVBANKIND
68046,2026-05-15,56,11227.36,11260.86,11333.64,11210.47,11881.08,6956.89,343629189.1,293060,4637,-12.59,-0.11,MANPROCIND
68047,2026-05-15,57,467.55,465.73,469.45,465.62,518.59,435.29,1034805981.6,2456520,11231,0.34,0.07,SENSIND
68048,2026-05-15,58,2731.94,2726.98,2744.05,2724.88,3002.07,2487.17,3041415660.4,6478057,42770,1.77,0.06,NEPSE
68049,2026-05-15,59,10773.87,10705.07,10801.83,10654.8,13705.07,10448.66,34944252.3,56384,662,68.79,0.64,NONLIFIND
68050,2026-05-15,60,2355.09,2353.57,2377.76,2344.19,2719.1,2157.02,92951480.4,144643,830,8.73,0.37,FININD
68051,2026-05-15,61,3792.17,3779.66,3801.37,3720.17,4489.29,3538.87,5788506.0,1002,43,12.51,0.33,TRDIND
68052,2026-05-15,62,185.35,184.9,186.14,184.82,206.25,170.57,3041415660.4,6478057,42770,0.04,0.02,FLOATIND
68053,2026-05-15,63,157.49,156.71,158.15,156.68,177.3,147.6,1034805981.6,2456520,11231,0.09,0.05,SENSFLTIND
68037,2026-05-15,64,4777.13,4770.79,4796.78,4759.0,5688.96,4617.49,148979336.5,159079,2299,-6.96,-0.14,MICRFININD
68038,2026-05-15,65,12402.93,12477.02,12481.1,12351.86,14495.86,11763.82,87798595.8,170232,2079,-20.56,-0.16,LIFINSIND
68039,2026-05-15,66,21.74,21.83,21.84,21.64,22.33,19.05,13988586.83,1280645,548,-0.07,-0.33,MUTUALIND
68040,2026-05-15,67,101.74,102.72,102.9,101.34,122.47,98.94,94441874.4,163698,1289,-0.27,-0.27,INVIDX
68058,2026-05-18,51,1447.16,1450.91,1454.83,1439.53,1567.1,1299.94,270459480.3,1012379,4484,2.12,0.14,BANKSUBIND
68059,2026-05-18,52,7777.48,7766.21,7825.32,7748.83,8457.99,5895.07,63958690.9,87376,1928,-18.59,-0.23,HOTELIND
68060,2026-05-18,53,1987.32,2012.3,2012.3,1976.22,2774.99,1970.1,82479671.5,110924,1796,6.27,0.31,OTHERSIND
68061,2026-05-18,54,3827.39,3815.69,3828.15,3805.1,4129.68,3147.74,1156648074.1,2807956,19642,6.43,0.16,HYDPOWIND
68062,2026-05-18,55,5818.87,5795.94,5849.18,5791.38,6557.35,5236.74,162273836.1,351868,1544,1.97,0.03,DEVBANKIND
68063,2026-05-18,56,11161.68,11227.56,11291.42,11133.67,11881.08,6956.89,337147363.7,305391,6017,-65.67,-0.58,MANPROCIND
68064,2026-05-18,57,468.05,468.21,469.83,466.58,518.59,435.29,909941626.2,2172459,11181,0.5,0.1,SENSIND
68065,2026-05-18,58,2730.91,2737.46,2741.2,2722.67,3002.07,2487.17,2423124665.5,5211124,42434,-1.03,-0.03,NEPSE
68066,2026-05-18,59,10699.13,10846.22,10876.59,10667.24,13705.07,10448.66,30860851.3,56438,682,-74.73,-0.69,NONLIFIND
68067,2026-05-18,60,2354.66,2344.51,2362.34,2341.34,2719.1,2157.02,47755363.0,84408,628,-0.42,-0.01,FININD
68068,2026-05-18,61,3773.96,3792.17,3839.66,3721.44,4489.29,3538.87,15833009.9,2674,84,-18.2,-0.48,TRDIND
68069,2026-05-18,62,185.37,185.62,185.99,184.83,206.25,170.57,2423124665.5,5211124,42434,0.02,0.01,FLOATIND
68070,2026-05-18,63,157.68,157.62,158.32,157.11,177.3,147.6,909941626.2,2172459,11181,0.18,0.11,SENSFLTIND
68054,2026-05-18,64,4765.48,4779.79,4784.65,4749.06,5688.96,4617.49,104298153.2,120075,2184,-11.65,-0.24,MICRFININD
68055,2026-05-18,65,12393.49,12402.93,12452.74,12356.62,14495.86,11763.82,67354711.5,137097,2150,-9.43,-0.07,LIFINSIND
68056,2026-05-18,66,21.71,21.74,21.74,21.57,22.33,19.05,5746863.45,549760,637,-0.02,-0.13,MUTUALIND
68057,2026-05-18,67,101.84,101.74,102.33,101.29,122.47,98.94,84055460.0,134538,1295,0.1,0.09,INVIDX
68075,2026-05-19,51,1445.6,1446.44,1455.62,1441.0,1567.1,1315.24,267986466.3,888821,4265,-1.56,-0.1,BANKSUBIND
68076,2026-05-19,52,7733.2,7747.76,7752.77,7691.12,8457.99,5895.07,314083599.1,747403,4153,-44.27,-0.56,HOTELIND
68077,2026-05-19,53,1980.85,1985.78,1990.4,1978.0,2774.99,1970.1,122920165.7,175041,2203,-6.46,-0.32,OTHERSIND
68078,2026-05-19,54,3807.99,3805.38,3827.91,3800.37,4129.68,3147.74,1309866334.3,3206081,20073,-19.4,-0.5,HYDPOWIND
68079,2026-05-19,55,5864.23,5796.5,5864.23,5786.05,6557.35,5236.74,199101928.8,250553,1860,45.36,0.77,DEVBANKIND
68080,2026-05-19,56,11085.89,11173.37,11197.25,11069.92,11881.08,6956.89,332512438.8,316385,5706,-75.79,-0.67,MANPROCIND
68081,2026-05-19,57,467.37,467.83,469.63,466.49,518.59,435.29,897379099.2,2093848,10796,-0.68,-0.14,SENSIND
68082,2026-05-19,58,2724.39,2726.7,2734.73,2719.27,3002.07,2487.17,2911419626.2,6102034,44741,-6.51,-0.23,NEPSE
68083,2026-05-19,59,10759.24,10745.51,10759.24,10654.41,13705.07,10448.66,23718000.8,39965,559,60.1,0.56,NONLIFIND
68084,2026-05-19,60,2356.5,2342.09,2371.03,2342.09,2719.1,2157.02,47570841.5,82532,564,1.83,0.07,FININD
68085,2026-05-19,61,3727.04,3773.96,3797.31,3713.44,4489.29,3538.87,6204940.8,1118,58,-46.92,-1.24,TRDIND
68086,2026-05-19,62,185.13,185.04,185.68,184.65,206.25,170.57,2911419626.2,6102034,44741,-0.24,-0.13,FLOATIND
68087,2026-05-19,63,157.48,157.57,158.11,157.06,177.3,147.6,897379099.2,2093848,10796,-0.19,-0.12,SENSFLTIND
68071,2026-05-19,64,4771.63,4752.1,4780.25,4747.9,5688.96,4617.49,118035809.7,131681,1973,6.14,0.12,MICRFININD
68072,2026-05-19,65,12365.5,12390.88,12428.44,12352.44,14495.86,11763.82,63180271.4,127189,2064,-27.98,-0.22,LIFINSIND
68073,2026-05-19,66,21.66,21.71,21.73,21.56,22.33,19.05,15923671.54,1288543,504,-0.04,-0.21,MUTUALIND
68074,2026-05-19,67,101.61,101.84,102.02,101.21,122.47,98.94,106238829.0,135265,1263,-0.23,-0.22,INVIDX
68092,2026-05-20,51,1456.27,1443.55,1456.27,1441.38,1567.1,1326.12,357698578.39,1250411,4856,10.67,0.73,BANKSUBIND
68093,2026-05-20,52,7880.06,7736.22,7882.96,7713.03,8457.99,5895.07,162328197.8,251895,3215,146.85,1.89,HOTELIND
68094,2026-05-20,53,2002.62,1979.38,2002.79,1972.55,2774.99,1970.1,131401874.6,166439,2472,21.77,1.09,OTHERSIND
68095,2026-05-20,54,3880.23,3804.18,3883.51,3802.45,4129.68,3147.74,1894131905.1,4841002,25291,72.23,1.89,HYDPOWIND
68096,2026-05-20,55,5890.28,5872.94,5961.39,5837.93,6557.35,5236.74,321622962.8,320951,2478,26.04,0.44,DEVBANKIND
68097,2026-05-20,56,11214.0,11042.86,11227.0,11040.5,11881.08,6956.89,370039907.5,356524,5700,128.1,1.15,MANPROCIND
68098,2026-05-20,57,471.06,467.52,471.06,466.85,518.59,435.29,1187272005.99,2823427,12214,3.68,0.78,SENSIND
68099,2026-05-20,58,2754.48,2721.72,2756.11,2720.75,3002.07,2487.17,3715846486.28,7857743,51333,30.08,1.1,NEPSE
68100,2026-05-20,59,10806.84,10746.04,10807.64,10667.37,13705.07,10448.66,45231605.1,76638,754,47.6,0.44,NONLIFIND
68101,2026-05-20,60,2389.69,2359.6,2389.72,2355.72,2719.1,2157.02,98909963.2,156692,893,33.18,1.4,FININD
68102,2026-05-20,61,3783.66,3727.04,3785.08,3724.58,4489.29,3538.87,4693861.0,822,33,56.61,1.51,TRDIND
68103,2026-05-20,62,187.04,185.0,187.13,184.9,206.25,170.57,3715846486.28,7857743,51333,1.91,1.03,FLOATIND
68104,2026-05-20,63,158.78,157.5,158.78,157.35,177.3,147.6,1187272005.99,2823427,12214,1.29,0.82,SENSFLTIND
68088,2026-05-20,64,4801.54,4765.03,4801.54,4756.69,5688.96,4617.49,116219342.8,122606,2081,29.91,0.62,MICRFININD
68089,2026-05-20,65,12486.5,12365.5,12486.5,12352.21,14495.86,11763.82,79702141.49,154162,2210,120.99,0.97,LIFINSIND
68090,2026-05-20,66,21.84,21.64,21.84,21.58,22.33,19.05,30458029.67,2678583,640,0.17,0.82,MUTUALIND
68091,2026-05-20,67,102.77,101.59,102.83,101.51,122.47,98.94,133866146.5,159601,1350,1.16,1.15,INVIDX
68109,2026-05-21,51,1447.94,1453.73,1462.65,1443.6,1567.1,1326.12,504438273.2,1896967,5543,-8.33,-0.57,BANKSUBIND
68110,2026-05-21,52,7811.73,7918.9,7927.46,7772.54,8457.99,5895.07,216650366.8,341789,3460,-68.33,-0.86,HOTELIND
68111,2026-05-21,53,1996.29,2042.14,2042.14,1991.25,2774.99,1970.1,152682960.2,160792,2143,-6.33,-0.31,OTHERSIND
68112,2026-05-21,54,3853.57,3895.03,3895.03,3839.22,4129.68,3147.74,1748365789.7,4319720,20378,-26.65,-0.68,HYDPOWIND
68113,2026-05-21,55,5871.92,5847.47,5916.38,5847.47,6557.35,5236.74,183195088.1,253224,1942,-18.36,-0.31,DEVBANKIND
68114,2026-05-21,56,11173.35,11250.0,11270.66,11150.58,11881.08,6956.89,295709843.5,297407,4325,-40.64,-0.36,MANPROCIND
68115,2026-05-21,57,469.48,470.67,472.4,468.57,518.59,435.29,1375302077.3,2875553,11165,-1.57,-0.33,SENSIND
68116,2026-05-21,58,2742.11,2762.17,2764.14,2734.21,3002.07,2487.17,3715319797.8,8063836,43883,-12.36,-0.44,NEPSE
68117,2026-05-21,59,10760.7,10773.11,10833.14,10708.98,13705.07,10448.66,37094972.8,65961,584,-46.14,-0.42,NONLIFIND
68118,2026-05-21,60,2384.6,2390.7,2404.84,2364.98,2719.1,2157.02,111370747.7,158003,753,-5.08,-0.21,FININD
68119,2026-05-21,61,3783.66,3783.66,3875.8,3739.89,4489.29,3538.87,7448297.3,1293,55,0.0,0.0,TRDIND
68120,2026-05-21,62,186.16,187.35,187.49,185.62,206.25,170.57,3715319797.8,8063836,43883,-0.87,-0.46,FLOATIND
68121,2026-05-21,63,158.22,158.51,159.16,157.88,177.3,147.6,1375302077.3,2875553,11165,-0.55,-0.35,SENSFLTIND
68105,2026-05-21,64,4779.93,4807.52,4811.14,4756.98,5688.96,4617.49,197882406.7,234599,1955,-21.6,-0.45,MICRFININD
68106,2026-05-21,65,12473.07,12604.78,12611.89,12403.98,14495.86,11763.82,78349202.7,132901,1599,-13.43,-0.1,LIFINSIND
68107,2026-05-21,66,21.87,21.84,21.87,21.68,22.33,19.05,7340710.25,669836,537,0.03,0.14,MUTUALIND
68108,2026-05-21,67,102.43,102.85,103.33,102.11,122.47,98.94,182131849.1,201180,1146,-0.34,-0.33,INVIDX
68126,2026-05-22,51,1456.78,1448.03,1456.93,1443.62,1567.1,1326.12,292111966.3,1044857,4422,8.83,0.61,BANKSUBIND
68127,2026-05-22,52,7870.98,7811.73,7878.06,7805.6,8457.99,5895.07,226452492.2,308646,3843,59.25,0.75,HOTELIND
68128,2026-05-22,53,2001.7,1996.15,2004.89,1988.7,2774.99,1970.1,152993217.9,188206,2406,5.41,0.27,OTHERSIND
68129,2026-05-22,54,3903.48,3858.91,3903.52,3836.02,4129.68,3147.74,2688989134.95,6697114,29502,49.91,1.29,HYDPOWIND
68130,2026-05-22,55,5895.2,5878.88,5910.43,5848.0,6557.35,5236.74,214666081.5,306976,1941,23.28,0.39,DEVBANKIND
68131,2026-05-22,56,11280.19,11150.07,11284.05,11150.07,11881.08,6956.89,421434226.2,377637,5334,106.83,0.95,MANPROCIND
68132,2026-05-22,57,471.89,469.29,471.89,468.85,518.59,435.29,1362763074.3,3253775,12338,2.4,0.51,SENSIND
68133,2026-05-22,58,2758.49,2742.45,2758.49,2736.15,3002.07,2487.17,4464968052.85,9607234,53669,16.38,0.59,NEPSE
68134,2026-05-22,59,10791.28,10760.7,10793.23,10703.89,13705.07,10448.66,33640295.5,56615,510,30.57,0.28,NONLIFIND
68135,2026-05-22,60,2391.47,2378.75,2391.47,2370.68,2719.1,2157.02,103280855.0,156467,737,6.86,0.28,FININD
68136,2026-05-22,61,3767.66,3783.66,3794.94,3728.08,4489.29,3538.87,1855747.0,340,28,-16.0,-0.42,TRDIND
68137,2026-05-22,62,187.38,186.19,187.38,185.82,206.25,170.57,4464968052.85,9607234,53669,1.22,0.65,FLOATIND
68138,2026-05-22,63,159.11,158.14,159.11,157.95,177.3,147.6,1362763074.3,3253775,12338,0.88,0.55,SENSFLTIND
68122,2026-05-22,64,4789.45,4798.46,4798.96,4755.56,5688.96,4617.49,123421419.4,138740,1997,9.52,0.19,MICRFININD
68123,2026-05-22,65,12516.34,12471.11,12516.36,12417.33,14495.86,11763.82,81961518.5,159108,1729,43.27,0.34,LIFINSIND
68124,2026-05-22,66,21.89,21.88,21.9,21.68,22.33,19.05,13809904.06,1204855,562,0.02,0.09,MUTUALIND
68125,2026-05-22,67,102.91,102.06,103.04,102.04,122.47,98.94,124161098.4,172528,1220,0.48,0.47,INVIDX
68143,2026-05-25,51,1469.45,1448.27,1472.44,1448.27,1567.1,1326.12,463673764.2,1623443,6849,12.67,0.86,BANKSUBIND
68144,2026-05-25,52,7951.31,7904.27,7990.44,7843.47,8457.99,5895.07,239401418.5,352091,4418,80.32,1.02,HOTELIND
68145,2026-05-25,53,2026.33,2003.84,2033.99,1999.18,2774.99,1970.1,201915506.5,261693,3321,24.62,1.23,OTHERSIND
68146,2026-05-25,54,3962.23,3886.68,3973.13,3882.13,4129.68,3147.74,3564757873.9,8713469,39939,58.74,1.5,HYDPOWIND
68147,2026-05-25,55,5936.44,5865.79,5954.24,5861.14,6557.35,5236.74,205706113.3,336117,2301,41.24,0.69,DEVBANKIND
68148,2026-05-25,56,11433.2,11257.86,11460.78,11257.86,11881.08,6956.89,572120140.9,549504,7387,153.01,1.35,MANPROCIND
68149,2026-05-25,57,475.74,471.09,476.47,471.09,518.59,435.29,1855560872.1,4399849,18623,3.85,0.81,SENSIND
68150,2026-05-25,58,2786.35,2752.94,2790.34,2752.46,3002.07,2487.17,5877001786.7,12784275,74514,27.85,1.0,NEPSE
68151,2026-05-25,59,10895.01,10791.28,10926.56,10791.28,13705.07,10448.66,60074000.9,100216,954,103.73,0.96,NONLIFIND
68152,2026-05-25,60,2405.25,2380.34,2415.66,2380.34,2719.1,2157.02,74046339.0,135504,1072,13.78,0.57,FININD
68153,2026-05-25,61,3779.97,3767.66,3791.44,3741.34,4489.29,3538.87,6719105.8,1179,63,12.31,0.32,TRDIND
68154,2026-05-25,62,189.22,186.81,189.47,186.78,206.25,170.57,5877001786.7,12784275,74514,1.83,0.98,FLOATIND
68155,2026-05-25,63,160.4,158.74,160.7,158.74,177.3,147.6,1855560872.1,4399849,18623,1.29,0.81,SENSFLTIND
68139,2026-05-25,64,4837.13,4815.54,4837.13,4789.77,5688.96,4617.49,184317324.6,195992,3071,47.68,0.99,MICRFININD
68140,2026-05-25,65,12597.67,12512.75,12616.17,12448.64,14495.86,11763.82,125993029.9,230421,3146,81.33,0.64,LIFINSIND
68141,2026-05-25,66,21.85,21.89,21.92,21.8,22.33,19.05,17116315.39,1494150,748,-0.04,-0.2,MUTUALIND
68142,2026-05-25,67,103.68,102.91,104.0,102.68,122.47,98.94,178277169.2,284646,1993,0.77,0.74,INVIDX
68160,2026-05-26,51,1465.82,1468.28,1473.86,1458.0,1567.1,1326.12,478199470.1,1796384,5446,-3.63,-0.24,BANKSUBIND
68161,2026-05-26,52,7946.84,7900.15,7967.02,7892.57,8457.99,5895.07,192379488.5,296104,3276,-4.46,-0.05,HOTELIND
68162,2026-05-26,53,2025.06,2022.46,2033.2,2013.88,2774.99,1970.1,137580979.8,186732,2377,-1.26,-0.06,OTHERSIND
68163,2026-05-26,54,3946.79,3962.03,3978.84,3922.86,4129.68,3147.74,2659498249.46,6241287,26869,-15.43,-0.38,HYDPOWIND
68164,2026-05-26,55,5907.44,5970.33,6003.38,5883.88,6557.35,5236.74,221071741.0,319985,1922,-28.99,-0.48,DEVBANKIND
68165,2026-05-26,56,11378.64,11434.44,11468.19,11330.89,11881.08,6956.89,364248297.4,364398,4874,-54.55,-0.47,MANPROCIND
68166,2026-05-26,57,474.29,475.18,477.21,472.77,518.59,435.29,1532179242.2,3819349,13218,-1.45,-0.3,SENSIND
68167,2026-05-26,58,2777.1,2784.11,2791.85,2767.18,3002.07,2487.17,4602871678.26,10018163,51699,-9.24,-0.33,NEPSE
68168,2026-05-26,59,10933.39,10915.64,10933.39,10821.43,13705.07,10448.66,54663319.2,73313,612,38.38,0.35,NONLIFIND
68169,2026-05-26,60,2394.52,2401.2,2423.81,2386.25,2719.1,2157.02,69616819.8,110354,640,-10.73,-0.44,FININD
68170,2026-05-26,61,3775.36,3779.97,3786.33,3734.68,4489.29,3538.87,11268457.8,1940,114,-4.6,-0.12,TRDIND
68171,2026-05-26,62,188.53,189.08,189.61,187.94,206.25,170.57,4602871678.26,10018163,51699,-0.69,-0.36,FLOATIND
68172,2026-05-26,63,159.89,160.26,160.91,159.34,177.3,147.6,1532179242.2,3819349,13218,-0.51,-0.32,SENSFLTIND
68156,2026-05-26,64,4809.88,4835.91,4856.6,4803.83,5688.96,4617.49,124010803.8,134511,1926,-27.25,-0.56,MICRFININD
68157,2026-05-26,65,12529.95,12595.99,12606.66,12502.18,14495.86,11763.82,159037156.6,313969,2293,-67.72,-0.53,LIFINSIND
68158,2026-05-26,66,21.9,21.83,21.91,21.7,22.33,19.05,13287599.49,1169950,657,0.05,0.25,MUTUALIND
68159,2026-05-26,67,102.96,102.88,103.97,102.57,122.47,98.94,131296894.8,179186,1350,-0.71,-0.69,INVIDX
68177,2026-05-27,51,1469.8,1461.62,1471.01,1458.84,1567.1,1326.12,493250951.6,1713127,5365,3.98,0.27,BANKSUBIND
68178,2026-05-27,52,7927.36,8007.75,8010.56,7889.02,8457.99,5895.07,162722095.9,281379,2644,-19.47,-0.24,HOTELIND
68179,2026-05-27,53,2018.99,2023.69,2034.16,2014.28,2774.99,1970.1,149987154.0,188943,2384,-6.07,-0.3,OTHERSIND
68180,2026-05-27,54,3949.19,3952.61,3965.57,3930.75,4129.68,3147.74,3846676600.4,9312096,33426,2.4,0.06,HYDPOWIND
68181,2026-05-27,55,5915.63,5940.4,5940.4,5867.18,6557.35,5236.74,242882642.2,408743,2458,8.19,0.13,DEVBANKIND
68182,2026-05-27,56,11328.89,11388.74,11415.02,11303.56,11881.08,6956.89,431712546.7,445881,5247,-49.75,-0.43,MANPROCIND
68183,2026-05-27,57,475.51,474.68,476.0,472.8,518.59,435.29,2014916965.2,4906168,16913,1.21,0.25,SENSIND
68184,2026-05-27,58,2782.1,2777.71,2785.33,2766.78,3002.07,2487.17,5904009841.3,13201872,59410,4.99,0.17,NEPSE
68185,2026-05-27,59,10992.63,10906.04,10992.63,10865.38,13705.07,10448.66,73157079.1,115228,944,59.23,0.54,NONLIFIND
68186,2026-05-27,60,2385.35,2388.67,2403.29,2376.86,2719.1,2157.02,63458369.0,111622,858,-9.16,-0.38,FININD
68187,2026-05-27,61,3802.97,3775.36,3840.03,3742.94,4489.29,3538.87,18079422.7,3299,131,27.6,0.73,TRDIND
68188,2026-05-27,62,188.96,188.43,189.15,187.88,206.25,170.57,5904009841.3,13201872,59410,0.43,0.22,FLOATIND
68189,2026-05-27,63,160.32,159.99,160.53,159.34,177.3,147.6,2014916965.2,4906168,16913,0.43,0.26,SENSFLTIND
68173,2026-05-27,64,4824.54,4830.18,4839.92,4793.34,5688.96,4617.49,131858056.7,147896,2159,14.65,0.3,MICRFININD
68174,2026-05-27,65,12616.09,12527.5,12616.09,12491.04,14495.86,11763.82,121160026.6,209670,2249,86.13,0.68,LIFINSIND
68175,2026-05-27,66,21.99,21.9,21.99,21.79,22.33,19.05,19986587.0,1827441,758,0.08,0.39,MUTUALIND
68176,2026-05-27,67,103.55,102.89,103.58,102.81,122.47,98.94,169064896.4,263988,1545,0.58,0.57,INVIDX
68194,2026-06-01,51,1455.2,1466.99,1470.1,1449.37,1567.1,1326.12,418129921.9,1534908,5656,-14.6,-0.99,BANKSUBIND
68195,2026-06-01,52,7815.7,7928.39,7928.39,7756.16,8457.99,5895.07,177582862.1,306236,2854,-111.65,-1.4,HOTELIND
68196,2026-06-01,53,2086.84,2021.23,2125.15,1977.67,2774.99,1970.1,794066048.5,936644,8873,67.84,3.36,OTHERSIND
68197,2026-06-01,54,3871.02,3970.25,3970.55,3853.7,4129.68,3147.74,2569460697.8,6291928,27222,-78.16,-1.97,HYDPOWIND
68198,2026-06-01,55,5867.31,5916.43,5968.89,5840.55,6557.35,5236.74,149460892.8,248232,1991,-48.32,-0.81,DEVBANKIND
68199,2026-06-01,56,11167.64,11348.67,11348.67,11142.05,11881.08,6956.89,465891586.1,467204,5936,-161.24,-1.42,MANPROCIND
68200,2026-06-01,57,470.72,474.48,475.95,469.13,518.59,435.29,1716486020.8,3969334,17806,-4.78,-1.0,SENSIND
68201,2026-06-01,58,2755.37,2782.39,2789.56,2745.2,3002.07,2487.17,5315539367.42,10999086,62568,-26.72,-0.96,NEPSE
68202,2026-06-01,59,11143.55,11062.79,11332.91,10889.86,13705.07,10448.66,240416738.6,427698,2782,150.92,1.37,NONLIFIND
68203,2026-06-01,60,2373.31,2384.44,2389.17,2350.05,2719.1,2157.02,120601212.92,208664,1153,-12.03,-0.5,FININD
68204,2026-06-01,61,3569.23,3634.39,3731.66,3538.67,4489.29,3538.87,18971869.2,3917,223,-233.74,-6.14,TRDIND
68205,2026-06-01,62,187.5,189.36,189.74,186.78,206.25,170.57,5315539367.42,10999086,62568,-1.46,-0.77,FLOATIND
68206,2026-06-01,63,159.14,160.35,160.97,158.52,177.3,147.6,1716486020.8,3969334,17806,-1.17,-0.73,SENSFLTIND
68190,2026-06-01,64,4780.91,4843.21,4848.06,4760.46,5688.96,4617.49,127908648.2,141090,2005,-43.62,-0.9,MICRFININD
68191,2026-06-01,65,12515.85,12573.81,12666.32,12496.48,14495.86,11763.82,113596011.1,206808,2183,-100.23,-0.79,LIFINSIND
68192,2026-06-01,66,21.79,21.99,21.99,21.73,22.33,19.05,20076149.42,1896715,617,-0.2,-0.91,MUTUALIND
68193,2026-06-01,67,102.29,105.13,105.45,101.96,122.47,98.94,119452878.2,225757,1690,-1.26,-1.22,INVIDX
68211,2026-06-02,51,1461.21,1460.06,1461.21,1451.43,1567.1,1326.12,283264173.6,1008466,4578,6.0,0.41,BANKSUBIND
68212,2026-06-02,52,7825.15,7815.7,7843.43,7779.96,8457.99,5895.07,128276829.8,221812,2309,9.45,0.12,HOTELIND
68213,2026-06-02,53,2167.05,2084.52,2202.57,2082.9,2774.99,1970.1,523942132.4,597579,6331,80.21,3.84,OTHERSIND
68214,2026-06-02,54,3894.91,3870.24,3899.5,3859.56,4129.68,3147.74,2247594069.6,5492502,23924,23.88,0.61,HYDPOWIND
68215,2026-06-02,55,5902.23,5872.96,5914.14,5837.41,6557.35,5236.74,188226759.7,379379,2044,34.91,0.59,DEVBANKIND
68216,2026-06-02,56,11120.71,11126.18,11214.35,11095.32,11881.08,6956.89,451945314.0,423554,5708,-46.92,-0.42,MANPROCIND
68217,2026-06-02,57,473.51,471.54,473.51,470.11,518.59,435.29,1605277811.7,3614826,14900,2.78,0.59,SENSIND
68218,2026-06-02,58,2777.58,2758.07,2778.28,2745.66,3002.07,2487.17,5168731262.9,10252201,60674,22.21,0.8,NEPSE
68219,2026-06-02,59,11257.73,11090.73,11262.42,11059.48,13705.07,10448.66,144765658.9,247706,1628,114.17,1.02,NONLIFIND
68220,2026-06-02,60,2516.5,2399.01,2522.44,2378.25,2719.1,2157.02,778618857.2,1344942,7875,143.18,6.03,FININD
68221,2026-06-02,61,3616.41,3569.23,3624.2,3389.63,4489.29,3538.87,18058482.6,3894,154,47.18,1.32,TRDIND
68222,2026-06-02,62,188.86,187.75,188.91,187.17,206.25,170.57,5168731262.9,10252201,60674,1.36,0.72,FLOATIND
68223,2026-06-02,63,160.15,159.41,160.15,158.93,177.3,147.6,1605277811.7,3614826,14900,1.01,0.63,SENSFLTIND
68207,2026-06-02,64,4800.3,4782.81,4800.3,4763.25,5688.96,4617.49,138573666.5,141496,2099,19.39,0.4,MICRFININD
68208,2026-06-02,65,12550.87,12552.43,12593.57,12463.88,14495.86,11763.82,122002021.4,202224,2679,35.01,0.27,LIFINSIND
68209,2026-06-02,66,21.86,21.79,21.86,21.63,22.33,19.05,10065923.31,886127,573,0.07,0.32,MUTUALIND
68210,2026-06-02,67,102.5,102.82,103.41,101.81,122.47,98.94,143463297.2,188647,1345,0.21,0.2,INVIDX
68228,2026-06-03,51,1459.27,1463.88,1463.88,1453.03,1567.1,1326.12,348768891.8,1237178,4451,-1.93,-0.13,BANKSUBIND
68229,2026-06-03,52,7839.43,7853.36,7905.9,7809.29,8457.99,5895.07,107566940.9,184473,2271,14.28,0.18,HOTELIND
68230,2026-06-03,53,2115.9,2190.06,2193.19,2111.51,2774.99,1970.1,381983823.5,420155,4544,-51.14,-2.36,OTHERSIND
68231,2026-06-03,54,3890.41,3895.53,3917.96,3880.93,4129.68,3147.74,2345882570.4,5763714,24163,-4.5,-0.11,HYDPOWIND
68232,2026-06-03,55,5941.52,5938.01,5958.81,5889.25,6557.35,5236.74,276873662.8,505474,2760,39.28,0.66,DEVBANKIND
68233,2026-06-03,56,11168.06,10978.97,11252.81,10978.97,11881.08,6956.89,379454062.7,347715,5383,47.34,0.42,MANPROCIND
68234,2026-06-03,57,475.44,474.4,477.72,472.61,518.59,435.29,2023212151.3,4356668,18576,1.93,0.4,SENSIND
68235,2026-06-03,58,2780.25,2780.21,2799.15,2768.82,3002.07,2487.17,5336074958.1,10897508,61036,2.66,0.09,NEPSE
68236,2026-06-03,59,11637.89,11305.85,11746.66,11285.84,13705.07,10448.66,577456358.0,985317,5524,380.16,3.37,NONLIFIND
68237,2026-06-03,60,2487.07,2517.23,2526.42,2478.41,2719.1,2157.02,266121391.7,459081,2783,-29.42,-1.16,FININD
68238,2026-06-03,61,3607.71,3616.41,3630.6,3519.27,4489.29,3538.87,6180678.5,1215,68,-8.7,-0.24,TRDIND
68239,2026-06-03,62,189.28,189.2,190.39,188.37,206.25,170.57,5336074958.1,10897508,61036,0.41,0.21,FLOATIND
68240,2026-06-03,63,160.77,160.64,161.56,159.76,177.3,147.6,2023212151.3,4356668,18576,0.61,0.38,SENSFLTIND
68224,2026-06-03,64,4822.34,4801.54,4825.28,4786.69,5688.96,4617.49,132037747.1,151810,2386,22.03,0.45,MICRFININD
68225,2026-06-03,65,12768.27,12550.87,12917.3,12524.47,14495.86,11763.82,313056772.0,575613,4963,217.4,1.73,LIFINSIND
68226,2026-06-03,66,21.86,21.86,21.92,21.69,22.33,19.05,19578846.64,1764018,709,0.0,0.01,MUTUALIND
68227,2026-06-03,67,102.28,102.5,103.13,102.0,122.47,98.94,200692058.7,265763,1740,-0.21,-0.2,INVIDX
68245,2026-06-04,51,1458.78,1471.47,1471.47,1455.14,1567.1,1326.12,259767183.5,927738,3960,-0.48,-0.03,BANKSUBIND
68246,2026-06-04,52,7754.99,7894.82,7894.82,7748.4,8457.99,5895.07,203794100.9,351338,2451,-84.44,-1.07,HOTELIND
68247,2026-06-04,53,2099.87,2083.45,2144.7,2065.03,2774.99,1970.1,289586363.0,308041,3373,-16.03,-0.75,OTHERSIND
68248,2026-06-04,54,3870.51,3892.38,3900.03,3861.7,4129.68,3147.74,1903352182.1,4667953,21787,-19.89,-0.51,HYDPOWIND
68249,2026-06-04,55,5915.14,5945.01,5950.81,5901.07,6557.35,5236.74,282634554.0,413864,2792,-26.37,-0.44,DEVBANKIND
68250,2026-06-04,56,11108.5,11168.06,11197.93,11070.49,11881.08,6956.89,253641449.6,250271,4388,-59.55,-0.53,MANPROCIND
68251,2026-06-04,57,473.76,478.12,478.12,472.99,518.59,435.29,1271510616.1,2854978,13540,-1.67,-0.35,SENSIND
68252,2026-06-04,58,2766.78,2783.48,2786.5,2762.74,3002.07,2487.17,4223257685.71,8586017,50560,-13.46,-0.48,NEPSE
68253,2026-06-04,59,11496.87,11665.95,11730.55,11487.81,13705.07,10448.66,308733632.4,522817,2734,-141.02,-1.21,NONLIFIND
68254,2026-06-04,60,2481.37,2473.65,2534.35,2473.65,2719.1,2157.02,386955805.3,657330,3399,-5.69,-0.22,FININD
68255,2026-06-04,61,3545.83,3607.71,3615.52,3520.55,4489.29,3538.87,5641743.1,1084,54,-61.88,-1.71,TRDIND
68256,2026-06-04,62,188.58,189.71,189.71,188.26,206.25,170.57,4223257685.71,8586017,50560,-0.69,-0.36,FLOATIND
68257,2026-06-04,63,160.28,161.72,161.72,160.0,177.3,147.6,1271510616.1,2854978,13540,-0.48,-0.3,SENSFLTIND
68241,2026-06-04,64,4813.35,4824.68,4828.65,4797.88,5688.96,4617.49,118324114.11,126475,1979,-8.99,-0.18,MICRFININD
68242,2026-06-04,65,12708.37,12783.91,12794.6,12667.98,14495.86,11763.82,125276760.0,223495,2517,-59.9,-0.46,LIFINSIND
68243,2026-06-04,66,21.93,21.86,21.95,21.74,22.33,19.05,16358589.41,1510425,593,0.07,0.32,MUTUALIND
68244,2026-06-04,67,101.81,102.28,102.46,101.75,122.47,98.94,85549797.7,135611,1126,-0.47,-0.46,INVIDX
68262,2026-06-05,51,1452.22,1463.15,1463.15,1449.66,1567.1,1326.12,360127163.0,1254344,4184,-6.55,-0.44,BANKSUBIND
68263,2026-06-05,52,7759.2,7754.99,7770.66,7695.27,8457.99,5895.07,327740772.6,661724,4136,4.2,0.05,HOTELIND
68264,2026-06-05,53,2084.2,2072.14,2111.62,2069.15,2774.99,1970.1,180594169.7,210158,2544,-15.67,-0.74,OTHERSIND
68265,2026-06-05,54,3841.8,3870.39,3875.58,3833.37,4129.68,3147.74,2102361393.31,5230598,21238,-28.71,-0.74,HYDPOWIND
68266,2026-06-05,55,5905.4,5923.33,5951.29,5895.79,6557.35,5236.74,213534410.6,337237,2525,-9.73,-0.16,DEVBANKIND
68267,2026-06-05,56,11020.72,10943.64,11114.88,10943.64,11881.08,6956.89,411812470.4,361497,4749,-87.78,-0.79,MANPROCIND
68268,2026-06-05,57,471.99,473.02,474.69,471.52,518.59,435.29,1438607964.51,3287232,13284,-1.77,-0.37,SENSIND
68269,2026-06-05,58,2755.41,2759.84,2769.32,2749.26,3002.07,2487.17,5072735912.42,10455767,54546,-11.37,-0.41,NEPSE
68270,2026-06-05,59,11504.01,11465.43,11642.71,11440.65,13705.07,10448.66,197903831.3,330549,1901,7.14,0.06,NONLIFIND
68271,2026-06-05,60,2550.27,2461.55,2566.92,2458.46,2719.1,2157.02,859272880.6,1492118,7643,68.9,2.77,FININD
68272,2026-06-05,61,3537.66,3545.83,3560.16,3482.52,4489.29,3537.66,5166457.5,1043,48,-8.16,-0.23,TRDIND
68273,2026-06-05,62,187.87,188.16,188.8,187.54,206.25,170.57,5072735912.42,10455767,54546,-0.71,-0.37,FLOATIND
68274,2026-06-05,63,159.66,159.96,160.57,159.47,177.3,147.6,1438607964.51,3287232,13284,-0.62,-0.38,SENSFLTIND
68258,2026-06-05,64,4805.17,4807.11,4817.01,4776.7,5688.96,4617.49,132298649.6,129946,1893,-8.17,-0.16,MICRFININD
68259,2026-06-05,65,12652.03,12670.66,12718.98,12612.73,14495.86,11763.82,135208567.1,240076,2194,-56.33,-0.44,LIFINSIND
68260,2026-06-05,66,22.0,21.93,22.0,21.79,22.33,19.05,20007331.48,1700897,574,0.06,0.27,MUTUALIND
68261,2026-06-05,67,101.42,101.42,102.27,101.06,122.47,98.94,146715146.71,206477,1491,-0.38,-0.38,INVIDX
68279,2026-06-08,51,1445.6,1448.88,1454.6,1441.95,1567.1,1326.12,315528465.6,1165104,4844,-6.61,-0.45,BANKSUBIND
68280,2026-06-08,52,7703.38,7722.74,7790.18,7676.57,8457.99,5895.07,198978422.4,386942,3838,-55.82,-0.71,HOTELIND
68281,2026-06-08,53,2052.95,2082.77,2084.4,2041.93,2774.99,1970.1,204967326.1,254404,3225,-31.25,-1.49,OTHERSIND
68282,2026-06-08,54,3804.96,3838.78,3847.45,3798.27,4129.68,3147.74,1362570696.4,3495055,21928,-36.83,-0.95,HYDPOWIND
68283,2026-06-08,55,5847.31,5893.65,5901.62,5834.98,6557.35,5236.74,205075550.3,376949,2151,-58.09,-0.98,DEVBANKIND
68284,2026-06-08,56,10971.31,10936.73,11097.89,10936.43,11881.08,6956.89,350479524.7,298258,5920,-49.4,-0.44,MANPROCIND
68285,2026-06-08,57,469.37,470.56,472.23,468.11,518.59,435.29,1105066133.6,2583854,13291,-2.62,-0.55,SENSIND
68286,2026-06-08,58,2735.14,2749.31,2754.58,2726.38,3002.07,2487.17,3762393221.5,7835849,55843,-20.27,-0.73,NEPSE
68287,2026-06-08,59,11407.98,11474.67,11512.11,11327.82,13705.07,10448.66,142594514.3,246928,1581,-96.03,-0.83,NONLIFIND
68288,2026-06-08,60,2557.12,2543.56,2583.2,2541.33,2719.1,2157.02,614694269.7,1079854,5467,6.85,0.26,FININD
68289,2026-06-08,61,3474.76,3537.66,3537.66,3409.79,4489.29,3474.76,10700962.4,2230,77,-62.89,-1.77,TRDIND
68290,2026-06-08,62,186.63,187.35,187.76,186.18,206.25,170.57,3762393221.5,7835849,55843,-1.24,-0.66,FLOATIND
68291,2026-06-08,63,158.76,158.97,159.71,158.35,177.3,147.6,1105066133.6,2583854,13291,-0.89,-0.56,SENSFLTIND
68275,2026-06-08,64,4779.71,4790.38,4795.77,4759.45,5688.96,4617.49,135783729.6,147409,2426,-25.45,-0.52,MICRFININD
68276,2026-06-08,65,12583.34,12619.96,12643.66,12494.75,14495.86,11763.82,129313170.0,225313,2843,-68.69,-0.54,LIFINSIND
68277,2026-06-08,66,21.86,22.0,22.11,21.75,22.33,19.05,10578769.66,1029613,645,-0.13,-0.59,MUTUALIND
68278,2026-06-08,67,101.03,101.48,101.73,100.57,122.47,98.94,91706590.0,157403,1543,-0.38,-0.38,INVIDX
68296,2026-06-09,51,1445.56,1449.38,1449.84,1436.58,1567.1,1326.12,374031301.7,1393708,5108,-0.03,0.0,BANKSUBIND
68297,2026-06-09,52,7713.55,7703.38,7733.69,7573.02,8457.99,5895.07,202717940.6,382399,3011,10.17,0.13,HOTELIND
68298,2026-06-09,53,2058.92,2052.95,2084.02,2014.23,2774.99,1970.1,257322759.2,302858,3725,5.97,0.29,OTHERSIND
68299,2026-06-09,54,3805.49,3820.5,3839.41,3757.82,4129.68,3147.74,2076926571.8,5259107,26874,0.53,0.01,HYDPOWIND
68300,2026-06-09,55,5843.53,5856.61,5856.61,5754.03,6557.35,5236.74,311275981.8,477739,2987,-3.77,-0.06,DEVBANKIND
68301,2026-06-09,56,11000.7,10986.31,11025.03,10864.57,11881.08,6956.89,430545031.3,461643,6572,29.38,0.26,MANPROCIND
68302,2026-06-09,57,469.07,470.54,470.62,465.47,518.59,435.29,1494321197.0,3424606,15733,-0.29,-0.06,SENSIND
68303,2026-06-09,58,2733.59,2739.7,2741.31,2701.86,3002.07,2487.17,4971739544.0,10346928,62760,-1.54,-0.05,NEPSE
68304,2026-06-09,59,11360.98,11394.9,11410.67,11158.26,13705.07,10448.66,160236791.8,285230,1767,-46.99,-0.41,NONLIFIND
68305,2026-06-09,60,2531.27,2543.2,2557.81,2480.51,2719.1,2157.02,687248323.0,1135027,4875,-25.85,-1.01,FININD
68306,2026-06-09,61,3461.4,3474.76,3501.19,3340.88,4489.29,3461.4,11095402.8,2374,112,-13.35,-0.38,TRDIND
68307,2026-06-09,62,186.51,187.32,187.35,184.63,206.25,170.57,4971739544.0,10346928,62760,-0.12,-0.06,FLOATIND
68308,2026-06-09,63,158.67,159.51,159.53,157.32,177.3,147.6,1494321197.0,3424606,15733,-0.09,-0.05,SENSFLTIND
68292,2026-06-09,64,4770.69,4776.97,4778.16,4735.48,5688.96,4617.49,154569029.2,158292,2631,-9.02,-0.18,MICRFININD
68293,2026-06-09,65,12536.01,12700.69,12700.69,12426.57,14495.86,11763.82,134632222.6,245741,3118,-47.33,-0.37,LIFINSIND
68294,2026-06-09,66,21.83,21.86,21.88,21.74,22.33,19.05,3559603.31,347335,477,-0.03,-0.15,MUTUALIND
68295,2026-06-09,67,100.9,100.39,101.2,99.85,122.47,98.94,171138188.2,242810,1980,-0.12,-0.12,INVIDX
68313,2026-06-10,51,1445.57,1420.92,1451.85,1420.92,1567.1,1326.12,215725660.8,816858,4132,0.0,0.0,BANKSUBIND
68314,2026-06-10,52,7755.3,7668.37,7769.7,7668.37,8457.99,5895.07,253792545.8,518759,2715,41.75,0.54,HOTELIND
68315,2026-06-10,53,2058.2,2056.99,2080.66,2049.73,2774.99,1970.1,136809795.8,155303,2381,-0.72,-0.03,OTHERSIND
68316,2026-06-10,54,3830.54,3825.28,3843.64,3808.56,4129.68,3147.74,1722569409.8,3968821,22055,25.04,0.65,HYDPOWIND
68317,2026-06-10,55,5855.97,5833.2,5867.98,5796.85,6557.35,5236.74,374641091.5,500486,2812,12.43,0.21,DEVBANKIND
68318,2026-06-10,56,11021.22,10955.01,11088.38,10955.01,11881.08,6956.89,287647900.7,286988,4388,20.52,0.18,MANPROCIND
68319,2026-06-10,57,468.72,465.96,470.79,465.96,518.59,435.29,912079734.9,2107009,10659,-0.35,-0.07,SENSIND
68320,2026-06-10,58,2736.17,2722.8,2744.18,2722.66,3002.07,2487.17,3769746164.6,7489229,48366,2.57,0.09,NEPSE
68321,2026-06-10,59,11332.64,11360.98,11404.54,11276.44,13705.07,10448.66,66121660.6,111100,932,-28.34,-0.24,NONLIFIND
68322,2026-06-10,60,2533.4,2515.89,2564.96,2511.81,2719.1,2157.02,409966491.3,705038,3333,2.13,0.08,FININD
68323,2026-06-10,61,3446.49,3461.4,3473.01,3381.98,4489.29,3446.49,7824773.0,1488,39,-14.91,-0.43,TRDIND
68324,2026-06-10,62,186.63,185.49,187.2,185.49,206.25,170.57,3769746164.6,7489229,48366,0.12,0.06,FLOATIND
68325,2026-06-10,63,158.59,157.42,159.27,157.42,177.3,147.6,912079734.9,2107009,10659,-0.07,-0.04,SENSFLTIND
68309,2026-06-10,64,4770.25,4774.41,4791.11,4753.12,5688.96,4617.49,124025341.8,133817,2025,-0.44,0.0,MICRFININD
68310,2026-06-10,65,12495.25,12527.36,12559.84,12456.62,14495.86,11763.82,95345278.2,182701,2437,-40.75,-0.32,LIFINSIND
68311,2026-06-10,66,21.83,21.83,21.83,21.66,22.33,19.05,7096236.65,683919,557,0.0,0.01,MUTUALIND
68312,2026-06-10,67,100.82,100.97,101.24,100.6,122.47,98.94,75276215.3,107870,1117,-0.08,-0.08,INVIDX
68330,2026-06-11,51,1441.83,1449.5,1449.5,1439.16,1567.1,1326.12,235330457.9,801895,3948,-3.73,-0.25,BANKSUBIND
68331,2026-06-11,52,7792.23,7770.36,7801.69,7709.28,8457.99,5895.07,299806914.1,645225,3113,36.92,0.47,HOTELIND
68332,2026-06-11,53,2039.42,2056.87,2069.81,2037.85,2774.99,1970.1,123479682.9,156207,2132,-18.77,-0.91,OTHERSIND
68333,2026-06-11,54,3823.51,3819.58,3842.18,3810.34,4129.68,3147.74,1744755163.89,3939813,31522,-7.03,-0.18,HYDPOWIND
68334,2026-06-11,55,5826.01,5861.73,5861.73,5798.64,6557.35,5236.74,264037339.8,421315,2688,-29.95,-0.51,DEVBANKIND
68335,2026-06-11,56,11050.4,11011.11,11124.78,10979.75,11881.08,6956.89,313747561.8,302186,4628,29.17,0.26,MANPROCIND
68336,2026-06-11,57,467.62,468.72,470.21,466.48,518.59,435.29,949665555.8,2153650,11350,-1.09,-0.23,SENSIND
68337,2026-06-11,58,2728.03,2736.85,2740.61,2722.42,3002.07,2487.17,3736733151.09,7433902,57552,-8.14,-0.29,NEPSE
68338,2026-06-11,59,11312.27,11369.17,11454.07,11284.89,13705.07,10448.66,116089222.2,192070,1277,-20.37,-0.17,NONLIFIND
68339,2026-06-11,60,2496.6,2506.53,2536.17,2488.02,2719.1,2157.02,316716370.7,520423,2304,-36.8,-1.45,FININD
68340,2026-06-11,61,3403.81,3446.49,3447.99,3401.1,4489.29,3403.81,2388710.5,496,39,-42.68,-1.23,TRDIND
68341,2026-06-11,62,186.2,186.67,186.95,185.78,206.25,170.57,3736733151.09,7433902,57552,-0.42,-0.22,FLOATIND
68342,2026-06-11,63,158.24,158.49,159.09,157.86,177.3,147.6,949665555.8,2153650,11350,-0.35,-0.22,SENSFLTIND
68326,2026-06-11,64,4756.43,4783.98,4795.83,4738.75,5688.96,4617.49,125254173.7,130062,2146,-13.81,-0.28,MICRFININD
68327,2026-06-11,65,12467.78,12510.01,12602.16,12420.94,14495.86,11763.82,96548681.2,181895,2539,-27.47,-0.21,LIFINSIND
68328,2026-06-11,66,21.79,21.83,21.84,21.64,22.33,19.05,17560163.27,1599854,612,-0.04,-0.2,MUTUALIND
68329,2026-06-11,67,100.61,100.58,101.2,100.2,122.47,98.94,98578872.4,142315,1216,-0.21,-0.2,INVIDX
68347,2026-06-12,51,1439.97,1440.69,1443.55,1436.95,1567.1,1326.12,210336725.4,764642,3599,-1.85,-0.12,BANKSUBIND
68348,2026-06-12,52,7759.12,7891.65,7891.65,7736.8,8457.99,5895.07,344421595.4,684994,3655,-33.1,-0.42,HOTELIND
68349,2026-06-12,53,2043.28,2036.81,2054.32,2026.43,2774.99,1970.1,168839958.7,204036,2119,3.86,0.18,OTHERSIND
68350,2026-06-12,54,3813.7,3831.97,3836.61,3802.11,4129.68,3147.74,1722698480.38,4482899,27004,-9.8,-0.25,HYDPOWIND
68351,2026-06-12,55,5818.32,5849.71,5867.53,5784.25,6557.35,5236.74,222675474.9,317235,2043,-7.68,-0.13,DEVBANKIND
68352,2026-06-12,56,10995.57,11188.61,11195.2,10965.71,11881.08,6956.89,392475416.1,398992,5683,-54.83,-0.49,MANPROCIND
68353,2026-06-12,57,467.09,467.62,468.44,465.91,518.59,435.29,917098268.7,2124734,10797,-0.53,-0.11,SENSIND
68354,2026-06-12,58,2724.03,2731.53,2733.31,2717.69,3002.07,2487.17,3870634706.68,8114097,53263,-4.0,-0.14,NEPSE
68355,2026-06-12,59,11352.87,11244.64,11380.13,11244.64,13705.07,10448.66,106374672.2,187390,1172,40.6,0.35,NONLIFIND
68356,2026-06-12,60,2487.05,2458.52,2519.75,2458.52,2719.1,2157.02,397669617.2,639837,2497,-9.54,-0.38,FININD
68357,2026-06-12,61,3416.48,3403.81,3427.31,3350.95,4489.29,3403.81,3129025.0,652,48,12.67,0.37,TRDIND
68358,2026-06-12,62,185.89,186.34,186.5,185.48,206.25,170.57,3870634706.68,8114097,53263,-0.3,-0.16,FLOATIND
68359,2026-06-12,63,158.0,158.3,158.58,157.65,177.3,147.6,917098268.7,2124734,10797,-0.23,-0.15,SENSFLTIND
68343,2026-06-12,64,4737.89,4762.4,4762.4,4725.24,5688.96,4617.49,122376709.5,134139,2123,-18.54,-0.38,MICRFININD
68344,2026-06-12,65,12443.41,12459.76,12489.28,12404.03,14495.86,11763.82,75046012.0,137659,2128,-24.37,-0.19,LIFINSIND
68345,2026-06-12,66,21.87,21.83,21.9,21.75,22.33,19.05,13182455.21,1202187,621,0.08,0.38,MUTUALIND
68346,2026-06-12,67,100.57,100.59,101.04,100.21,122.47,98.94,104591019.9,161622,1192,-0.03,-0.03,INVIDX
68364,2026-06-15,51,1439.64,1439.13,1450.39,1434.19,1567.1,1326.12,485309548.8,1950493,4198,-0.33,-0.02,BANKSUBIND
68365,2026-06-15,52,7724.56,7704.79,7782.63,7697.06,8457.99,5895.07,192640712.3,385962,2622,-34.55,-0.44,HOTELIND
68366,2026-06-15,53,2006.07,2021.79,2043.01,2005.4,2774.99,1970.1,201289251.7,233294,2991,-37.21,-1.82,OTHERSIND
68367,2026-06-15,54,3794.86,3814.46,3821.46,3783.3,4129.68,3147.74,1644003660.1,4006265,23587,-18.84,-0.49,HYDPOWIND
68368,2026-06-15,55,5786.48,5807.12,5815.52,5769.39,6557.35,5236.74,168859748.8,283624,2023,-31.83,-0.54,DEVBANKIND
68369,2026-06-15,56,11008.43,10905.17,11067.58,10880.07,11881.08,6956.89,568714014.2,451335,6398,12.85,0.11,MANPROCIND
68370,2026-06-15,57,466.13,467.21,469.5,464.79,518.59,435.29,1174889875.41,3195283,11234,-0.96,-0.2,SENSIND
68371,2026-06-15,58,2711.76,2720.43,2729.59,2705.03,3002.07,2487.17,3988285210.21,8424557,50845,-12.26,-0.45,NEPSE
68372,2026-06-15,59,11249.05,11317.09,11398.48,11181.65,13705.07,10448.66,69447299.9,122064,941,-103.82,-0.91,NONLIFIND
68373,2026-06-15,60,2455.66,2512.92,2523.78,2450.31,2719.1,2157.02,332759717.2,547662,2319,-31.38,-1.26,FININD
68374,2026-06-15,61,3367.86,3416.48,3416.48,3357.69,4489.29,3367.86,3656502.0,714,40,-48.61,-1.42,TRDIND
68375,2026-06-15,62,185.32,185.77,186.5,184.84,206.25,170.57,3988285210.21,8424557,50845,-0.56,-0.3,FLOATIND
68376,2026-06-15,63,157.74,157.91,158.87,157.23,177.3,147.6,1174889875.41,3195283,11234,-0.26,-0.16,SENSFLTIND
68360,2026-06-15,64,4735.28,4744.89,4770.57,4721.01,5688.96,4617.49,114468600.6,122230,1999,-2.6,-0.05,MICRFININD
68361,2026-06-15,65,12411.88,12530.75,12562.67,12380.95,14495.86,11763.82,90184071.9,176472,2349,-31.53,-0.25,LIFINSIND
68362,2026-06-15,66,21.84,21.87,21.87,21.68,22.33,19.05,21170431.54,1845356,615,-0.03,-0.14,MUTUALIND
68363,2026-06-15,67,100.22,100.57,100.99,99.93,122.47,98.94,116952082.71,144442,1378,-0.34,-0.34,INVIDX
68381,2026-06-16,51,1434.95,1445.74,1446.98,1432.99,1567.1,1326.12,399371319.2,1249611,3795,-4.68,-0.32,BANKSUBIND
68382,2026-06-16,52,7711.48,7674.32,7754.21,7673.74,8457.99,5895.07,162877524.4,289792,2389,-13.08,-0.16,HOTELIND
68383,2026-06-16,53,2004.76,2021.49,2022.41,2000.03,2774.99,1970.1,112513642.9,149779,2048,-1.3,-0.06,OTHERSIND
68384,2026-06-16,54,3784.0,3818.58,3818.58,3774.52,4129.68,3147.74,1787063949.3,4299466,23138,-10.85,-0.28,HYDPOWIND
68385,2026-06-16,55,5762.13,5804.04,5810.73,5740.92,6557.35,5236.74,223574621.0,338452,2402,-24.35,-0.42,DEVBANKIND
68386,2026-06-16,56,10992.31,10851.81,11110.15,10849.36,11881.08,6956.89,423253333.9,370845,5311,-16.11,-0.14,MANPROCIND
68387,2026-06-16,57,464.64,466.74,467.3,464.26,518.59,435.29,1016679635.8,2442888,10186,-1.48,-0.31,SENSIND
68388,2026-06-16,58,2705.45,2722.51,2722.81,2701.56,3002.07,2487.17,3660935254.5,7572134,47067,-6.31,-0.23,NEPSE
68389,2026-06-16,59,11203.34,11213.67,11244.84,11142.93,13705.07,10448.66,69584168.2,110369,756,-45.71,-0.4,NONLIFIND
68390,2026-06-16,60,2440.32,2448.58,2472.39,2436.33,2719.1,2157.02,200010341.4,344816,1743,-15.34,-0.62,FININD
68391,2026-06-16,61,3378.43,3475.01,3475.01,3322.15,4489.29,3367.86,2388134.5,495,22,10.56,0.31,TRDIND
68392,2026-06-16,62,184.79,186.08,186.09,184.61,206.25,170.57,3660935254.5,7572134,47067,-0.53,-0.28,FLOATIND
68393,2026-06-16,63,157.16,158.2,158.32,157.03,177.3,147.6,1016679635.8,2442888,10186,-0.57,-0.36,SENSFLTIND
68377,2026-06-16,64,4729.85,4744.78,4744.91,4717.66,5688.96,4617.49,121281864.5,137043,1997,-5.43,-0.11,MICRFININD
68378,2026-06-16,65,12386.93,12601.97,12601.97,12351.6,14495.86,11763.82,66839884.7,126517,2207,-24.95,-0.2,LIFINSIND
68379,2026-06-16,66,21.85,21.89,21.89,21.7,22.33,19.05,27549930.42,2524890,699,0.01,0.05,MUTUALIND
68380,2026-06-16,67,99.95,100.22,100.61,99.85,122.47,98.94,92176470.5,154949,1259,-0.27,-0.27,INVIDX
68398,2026-06-17,51,1432.27,1427.45,1442.78,1422.56,1567.1,1326.12,378982262.0,1495419,4170,-2.68,-0.18,BANKSUBIND
68399,2026-06-17,52,7661.66,7675.68,7734.19,7636.9,8457.99,5895.07,161224024.9,325904,2052,-49.81,-0.64,HOTELIND
68400,2026-06-17,53,2003.0,2044.52,2044.97,1999.78,2774.99,1970.1,92027532.2,118654,1597,-1.75,-0.08,OTHERSIND
68401,2026-06-17,54,3795.54,3789.96,3812.06,3781.3,4129.68,3147.74,1485436160.1,3515378,20671,11.54,0.3,HYDPOWIND
68402,2026-06-17,55,5762.59,5729.2,5787.05,5707.39,6557.35,5236.74,121470403.7,219685,1658,0.46,0.0,DEVBANKIND
68403,2026-06-17,56,11048.38,10892.68,11178.3,10890.64,11881.08,6956.89,417504375.1,354891,4659,56.06,0.51,MANPROCIND
68404,2026-06-17,57,464.43,462.51,466.28,462.51,518.59,435.29,1092955410.1,2445490,10723,-0.2,-0.04,SENSIND
68405,2026-06-17,58,2705.53,2699.06,2714.67,2696.81,3002.07,2487.17,3461448810.2,7139518,43589,0.08,0.0,NEPSE
68406,2026-06-17,59,11140.84,11203.34,11209.63,11100.6,13705.07,10448.66,65890866.2,118797,726,-62.5,-0.55,NONLIFIND
68407,2026-06-17,60,2443.76,2434.51,2473.14,2428.61,2719.1,2157.02,279637438.9,469438,1750,3.44,0.14,FININD
68408,2026-06-17,61,3357.97,3257.71,3392.72,3257.71,4489.29,3357.97,1297545.2,278,20,-20.46,-0.6,TRDIND
68409,2026-06-17,62,184.89,184.49,185.55,184.31,206.25,170.57,3461448810.2,7139518,43589,0.1,0.05,FLOATIND
68410,2026-06-17,63,157.24,156.31,157.78,156.31,177.3,147.6,1092955410.1,2445490,10723,0.08,0.05,SENSFLTIND
68394,2026-06-17,64,4727.86,4713.03,4745.31,4713.03,5688.96,4617.49,94322702.9,107103,1955,-1.98,-0.04,MICRFININD
68395,2026-06-17,65,12378.07,12490.59,12518.01,12336.16,14495.86,11763.82,94464525.2,172187,2344,-8.85,-0.07,LIFINSIND
68396,2026-06-17,66,21.84,21.85,21.99,21.75,22.33,19.05,11404876.59,1021880,682,-0.01,-0.05,MUTUALIND
68397,2026-06-17,67,100.48,98.84,100.66,98.74,122.47,98.94,269190973.8,241784,1987,0.53,0.53,INVIDX
68415,2026-06-18,51,1432.63,1409.82,1440.37,1407.23,1567.1,1326.12,348659794.8,1105575,3784,0.35,0.02,BANKSUBIND
68416,2026-06-18,52,7630.65,7606.06,7707.16,7592.64,8457.99,5895.07,127933859.5,259766,2050,-31.01,-0.4,HOTELIND
68417,2026-06-18,53,1985.77,2004.15,2009.35,1984.49,2774.99,1970.1,111603899.0,132767,1734,-17.23,-0.86,OTHERSIND
68418,2026-06-18,54,3790.76,3818.75,3819.57,3773.87,4129.68,3147.74,1702642986.8,3966572,20129,-4.78,-0.12,HYDPOWIND
68419,2026-06-18,55,5730.13,5749.42,5772.57,5722.61,6557.35,5236.74,100836627.9,172552,1313,-32.45,-0.56,DEVBANKIND
68420,2026-06-18,56,11036.38,11048.58,11171.69,11001.5,11881.08,6956.89,265279472.2,288214,3898,-11.99,-0.1,MANPROCIND
68421,2026-06-18,57,463.66,461.36,465.68,460.12,518.59,435.29,960824964.3,2159211,9658,-0.77,-0.16,SENSIND
68422,2026-06-18,58,2700.47,2698.34,2709.79,2692.76,3002.07,2487.17,3306076955.3,6746176,40311,-5.06,-0.18,NEPSE
68423,2026-06-18,59,11106.7,11182.59,11220.56,11035.11,13705.07,10448.66,70029282.3,119692,843,-34.13,-0.3,NONLIFIND
68424,2026-06-18,60,2448.83,2434.61,2459.98,2428.12,2719.1,2157.02,168837947.2,277783,1395,5.06,0.2,FININD
68425,2026-06-18,61,3368.59,3357.97,3377.47,3309.61,4489.29,3357.97,2414277.6,528,38,10.62,0.31,TRDIND
68426,2026-06-18,62,184.55,184.47,185.19,183.95,206.25,170.57,3306076955.3,6746176,40311,-0.33,-0.18,FLOATIND
68427,2026-06-18,63,156.9,156.45,157.65,155.77,177.3,147.6,960824964.3,2159211,9658,-0.34,-0.21,SENSFLTIND
68411,2026-06-18,64,4729.99,4717.38,4730.62,4704.1,5688.96,4617.49,93593062.8,94834,1839,2.13,0.04,MICRFININD
68412,2026-06-18,65,12359.72,12393.51,12393.51,12308.67,14495.86,11763.82,72041721.8,130583,1892,-18.34,-0.14,LIFINSIND
68413,2026-06-18,66,21.88,21.89,21.92,21.73,22.33,19.05,8494772.08,803769,556,0.04,0.19,MUTUALIND
68414,2026-06-18,67,99.85,100.89,100.89,99.77,122.47,98.94,242204023.4,197310,1396,-0.62,-0.62,INVIDX
68432,2026-06-19,51,1432.55,1443.25,1443.25,1427.56,1567.1,1326.12,265643061.6,879812,3733,-0.08,0.0,BANKSUBIND
68433,2026-06-19,52,7606.8,7656.71,7665.16,7589.47,8457.99,5895.07,129688614.2,264636,1946,-23.84,-0.31,HOTELIND
68434,2026-06-19,53,1979.84,1984.35,2001.59,1971.46,2774.99,1970.1,109562596.1,141654,1899,-5.92,-0.29,OTHERSIND
68435,2026-06-19,54,3794.48,3797.86,3810.23,3774.54,4129.68,3147.74,1519591385.0,3507009,19735,3.71,0.09,HYDPOWIND
68436,2026-06-19,55,5722.61,5723.46,5749.82,5705.03,6557.35,5236.74,130518316.0,230845,1787,-7.51,-0.13,DEVBANKIND
68437,2026-06-19,56,11063.62,11106.57,11133.56,10984.85,11881.08,6956.89,459195732.7,456206,22925,27.23,0.24,MANPROCIND
68438,2026-06-19,57,463.98,465.62,465.85,462.38,518.59,435.29,802371731.3,1802523,9332,0.31,0.06,SENSIND
68439,2026-06-19,58,2702.11,2711.46,2712.45,2691.86,3002.07,2487.17,3238424506.9,6400259,60265,1.63,0.06,NEPSE
68440,2026-06-19,59,11069.95,11147.03,11186.89,11005.49,13705.07,10448.66,46594332.5,77956,732,-36.75,-0.33,NONLIFIND
68441,2026-06-19,60,2465.01,2417.17,2473.84,2417.17,2719.1,2157.02,215189345.9,386877,1984,16.18,0.66,FININD
68442,2026-06-19,61,3394.12,3368.59,3404.83,3319.83,4489.29,3357.97,3425738.4,746,49,25.52,0.75,TRDIND
68443,2026-06-19,62,184.67,185.45,185.57,184.02,206.25,170.57,3238424506.9,6400259,60265,0.11,0.06,FLOATIND
68444,2026-06-19,63,156.99,157.67,157.71,156.38,177.3,147.6,802371731.3,1802523,9332,0.09,0.06,SENSFLTIND
68428,2026-06-19,64,4731.37,4742.86,4743.31,4705.31,5688.96,4617.49,163517706.2,151811,2287,1.37,0.02,MICRFININD
68429,2026-06-19,65,12400.72,12546.71,12612.65,12317.61,14495.86,11763.82,88033650.2,162861,2052,41.0,0.33,LIFINSIND
68430,2026-06-19,66,21.78,21.88,21.88,21.67,22.33,19.05,35237960.06,3237867,649,-0.1,-0.49,MUTUALIND
68431,2026-06-19,67,99.97,99.85,100.25,99.57,122.47,98.94,107464028.1,139846,1136,0.11,0.11,INVIDX
68449,2026-06-22,51,1431.03,1439.92,1451.52,1428.33,1567.1,1326.12,257408616.21,881221,4108,-1.51,-0.1,BANKSUBIND
68450,2026-06-22,52,7595.89,7605.57,7651.71,7568.28,8457.99,5895.07,113843572.0,216586,2409,-10.91,-0.14,HOTELIND
68451,2026-06-22,53,1975.7,2037.05,2045.38,1970.32,2774.99,1970.1,114135164.3,142721,2020,-4.13,-0.2,OTHERSIND
68452,2026-06-22,54,3786.59,3813.76,3827.79,3772.96,4129.68,3147.74,1469251673.8,3388329,28549,-7.88,-0.2,HYDPOWIND
68453,2026-06-22,55,5718.59,5714.84,5747.3,5703.46,6557.35,5236.74,131360669.3,230199,1706,-4.02,-0.07,DEVBANKIND
68454,2026-06-22,56,11056.47,10919.39,11137.1,10919.39,11881.08,6956.89,696598686.6,619888,40683,-7.14,-0.06,MANPROCIND
68455,2026-06-22,57,463.8,465.79,467.86,462.95,518.59,435.29,1304380046.59,2380397,11346,-0.17,-0.03,SENSIND
68456,2026-06-22,58,2700.65,2709.29,2719.16,2694.19,3002.07,2487.17,3925379796.7,6938620,89815,-1.46,-0.05,NEPSE
68457,2026-06-22,59,11046.52,11069.95,11088.73,11014.99,13705.07,10448.66,43167132.7,74977,680,-23.42,-0.21,NONLIFIND
68458,2026-06-22,60,2490.06,2424.03,2522.72,2424.03,2719.1,2157.02,314094516.29,515190,2244,25.04,1.01,FININD
68459,2026-06-22,61,3425.38,3394.12,3439.83,3327.1,4489.29,3357.97,3255720.0,745,52,31.26,0.92,TRDIND
68460,2026-06-22,62,184.67,185.1,185.7,184.33,206.25,170.57,3925379796.7,6938620,89815,0.0,0.0,FLOATIND
68461,2026-06-22,63,157.09,157.24,158.13,156.75,177.3,147.6,1304380046.59,2380397,11346,0.1,0.06,SENSFLTIND
68445,2026-06-22,64,4751.25,4721.53,4754.68,4712.31,5688.96,4617.49,346867683.5,427571,2629,19.87,0.42,MICRFININD
68446,2026-06-22,65,12344.51,12366.68,12430.61,12323.03,14495.86,11763.82,78948004.8,135804,2428,-56.21,-0.45,LIFINSIND
68447,2026-06-22,66,21.65,21.76,21.76,21.55,22.33,19.05,7160853.47,689739,754,-0.12,-0.59,MUTUALIND
68448,2026-06-22,67,99.94,99.97,100.34,99.77,122.47,98.94,356448357.2,305389,2307,-0.02,-0.02,INVIDX
68466,2026-06-23,51,1426.87,1430.98,1434.79,1422.8,1567.1,1326.12,395450488.4,1378820,4675,-4.16,-0.29,BANKSUBIND
68467,2026-06-23,52,7511.31,7605.09,7775.68,7508.33,8457.99,5895.07,140705165.6,255932,2470,-84.57,-1.11,HOTELIND
68468,2026-06-23,53,1962.41,1974.62,1975.92,1955.25,2774.99,1962.41,135978800.0,198178,2583,-13.29,-0.67,OTHERSIND
68469,2026-06-23,54,3724.77,3779.57,3781.42,3715.92,4129.68,3147.74,1848489665.7,4629658,27920,-61.82,-1.63,HYDPOWIND
68470,2026-06-23,55,5693.68,5697.21,5714.75,5674.3,6557.35,5236.74,157236624.4,282857,1796,-24.91,-0.43,DEVBANKIND
68471,2026-06-23,56,10843.33,11003.65,11011.57,10796.18,11881.08,6956.89,690299050.3,642284,23050,-213.14,-1.92,MANPROCIND
68472,2026-06-23,57,461.48,462.59,463.97,460.49,518.59,435.29,1275624628.2,2911893,12349,-2.31,-0.5,SENSIND
68473,2026-06-23,58,2674.48,2696.76,2700.01,2669.25,3002.07,2487.17,4176317283.6,8587141,71658,-26.16,-0.96,NEPSE
68474,2026-06-23,59,10934.39,11046.52,11120.31,10917.76,13705.07,10448.66,71616697.7,124317,918,-112.12,-1.01,NONLIFIND
68475,2026-06-23,60,2457.98,2463.88,2476.92,2447.38,2719.1,2157.02,203751698.8,367215,1755,-32.07,-1.28,FININD
68476,2026-06-23,61,3371.38,3425.38,3439.67,3350.73,4489.29,3357.97,1468123.0,330,27,-54.0,-1.57,TRDIND
68477,2026-06-23,62,183.04,184.35,184.58,182.71,206.25,170.57,4176317283.6,8587141,71658,-1.63,-0.88,FLOATIND
68478,2026-06-23,63,156.2,156.59,157.13,155.88,177.3,147.6,1275624628.2,2911893,12349,-0.89,-0.56,SENSFLTIND
68462,2026-06-23,64,4718.2,4746.23,4746.99,4703.69,5688.96,4617.49,143999457.9,152936,2015,-33.04,-0.69,MICRFININD
68463,2026-06-23,65,12239.39,12316.97,12325.11,12221.64,14495.86,11763.82,95667751.0,169135,2346,-105.12,-0.85,LIFINSIND
68464,2026-06-23,66,21.74,21.65,21.75,21.43,22.33,19.05,11220605.09,1084292,711,0.09,0.45,MUTUALIND
68465,2026-06-23,67,98.91,99.86,100.68,98.65,122.47,98.91,291653760.8,385479,2103,-1.03,-1.03,INVIDX
68483,2026-06-24,51,1419.9,1435.19,1435.19,1409.66,1567.1,1326.12,406180836.6,1374436,5088,-6.96,-0.48,BANKSUBIND
68484,2026-06-24,52,7464.22,7478.18,7513.64,7359.99,8457.99,5895.07,131390150.1,215223,2570,-47.09,-0.62,HOTELIND
68485,2026-06-24,53,1942.39,1912.34,1972.76,1912.34,2774.99,1942.39,146246352.9,207457,2673,-20.02,-1.02,OTHERSIND
68486,2026-06-24,54,3701.31,3720.94,3724.94,3648.95,4129.68,3147.74,1892314957.7,4896631,28504,-23.46,-0.62,HYDPOWIND
68487,2026-06-24,55,5661.12,5696.97,5711.41,5604.16,6557.35,5236.74,262008837.9,450223,2490,-32.55,-0.57,DEVBANKIND
68488,2026-06-24,56,10723.5,10948.15,10948.15,10623.8,11881.08,6956.89,579475458.7,605468,19951,-119.82,-1.1,MANPROCIND
68489,2026-06-24,57,458.88,462.91,462.91,455.69,518.59,435.29,1348337220.2,3147472,14201,-2.6,-0.56,SENSIND
68490,2026-06-24,58,2660.02,2668.56,2678.29,2633.93,3002.07,2487.17,4315476421.0,9158085,72066,-14.45,-0.54,NEPSE
68491,2026-06-24,59,10863.36,10934.39,10952.51,10767.49,13705.07,10448.66,52485076.9,93010,772,-71.02,-0.64,NONLIFIND
68492,2026-06-24,60,2462.71,2447.65,2470.98,2431.8,2719.1,2157.02,315222709.3,576496,2812,4.72,0.19,FININD
68493,2026-06-24,61,3398.71,3371.38,3535.6,3280.58,4489.29,3357.97,4052622.0,891,57,27.33,0.81,TRDIND
68494,2026-06-24,62,182.07,182.63,183.05,180.37,206.25,170.57,4315476421.0,9158085,72066,-0.96,-0.52,FLOATIND
68495,2026-06-24,63,155.4,156.41,156.42,154.15,177.3,147.6,1348337220.2,3147472,14201,-0.8,-0.51,SENSFLTIND
68479,2026-06-24,64,4700.11,4696.91,4719.17,4659.59,5688.96,4617.49,180713049.8,193344,2705,-18.09,-0.38,MICRFININD
68480,2026-06-24,65,12181.89,12233.01,12269.55,12092.7,14495.86,11763.82,144907940.6,275519,2517,-57.5,-0.46,LIFINSIND
68481,2026-06-24,66,21.65,21.74,21.77,21.5,22.33,19.1,14404627.82,1370048,521,-0.09,-0.44,MUTUALIND
68482,2026-06-24,67,98.59,96.66,99.11,96.66,122.47,98.59,200478428.5,269387,1927,-0.31,-0.32,INVIDX
68500,2026-06-25,51,1417.2,1416.16,1420.26,1412.12,1567.1,1326.12,388075273.3,1221274,3925,-2.7,-0.19,BANKSUBIND
68501,2026-06-25,52,7424.41,7428.48,7511.49,7375.99,8457.99,5895.07,83284766.8,150262,1648,-39.8,-0.53,HOTELIND
68502,2026-06-25,53,1933.26,1941.25,1945.77,1922.67,2774.99,1933.26,80705389.1,113995,1573,-9.13,-0.47,OTHERSIND
68503,2026-06-25,54,3685.91,3694.11,3712.6,3667.25,4129.68,3147.74,1037680037.9,2659458,17918,-15.39,-0.41,HYDPOWIND
68504,2026-06-25,55,5652.55,5653.28,5670.69,5621.21,6557.35,5236.74,259376963.6,464415,1768,-8.57,-0.15,DEVBANKIND
68505,2026-06-25,56,10739.0,10720.97,10826.39,10667.61,11881.08,6956.89,407507510.1,374423,12144,15.5,0.14,MANPROCIND
68506,2026-06-25,57,458.23,457.9,459.49,456.72,518.59,435.29,991945585.7,2279925,9492,-0.64,-0.13,SENSIND
68507,2026-06-25,58,2651.52,2656.29,2663.47,2643.59,3002.07,2487.17,2804998440.9,5780176,45961,-8.5,-0.31,NEPSE
68508,2026-06-25,59,10819.63,10863.36,10902.39,10787.12,13705.07,10448.66,32873011.8,55087,531,-43.73,-0.4,NONLIFIND
68509,2026-06-25,60,2453.82,2449.85,2474.62,2442.69,2719.1,2157.02,181283383.9,308800,1280,-8.88,-0.36,FININD
68510,2026-06-25,61,3331.77,3398.71,3423.71,3318.13,4489.29,3331.77,1370631.0,298,23,-66.93,-1.96,TRDIND
68511,2026-06-25,62,181.65,181.76,182.23,180.95,206.25,170.57,2804998440.9,5780176,45961,-0.41,-0.22,FLOATIND
68512,2026-06-25,63,155.16,154.94,155.59,154.64,177.3,147.6,991945585.7,2279925,9492,-0.23,-0.15,SENSFLTIND
68496,2026-06-25,64,4692.67,4708.28,4713.07,4659.25,5688.96,4617.49,125119764.8,132203,2034,-7.43,-0.15,MICRFININD
68497,2026-06-25,65,12154.76,12173.09,12208.51,12074.34,14495.86,11763.82,90251758.0,156641,1909,-27.12,-0.22,LIFINSIND
68498,2026-06-25,66,21.62,21.65,21.68,21.47,22.33,19.12,6104764.12,580532,508,-0.03,-0.14,MUTUALIND
68499,2026-06-25,67,98.43,98.42,98.79,97.75,122.47,98.43,117469950.6,143320,1208,-0.16,-0.16,INVIDX
68517,2026-06-26,51,1416.24,1417.2,1426.41,1412.49,1567.1,1326.12,217967407.6,763612,3188,-0.96,-0.06,BANKSUBIND
68518,2026-06-26,52,7441.87,7425.47,7468.66,7419.2,8457.99,5895.07,157175738.1,345103,1787,17.45,0.23,HOTELIND
68519,2026-06-26,53,1931.7,1931.4,1946.41,1928.21,2774.99,1931.7,77020726.3,97198,1584,-1.55,-0.08,OTHERSIND
68520,2026-06-26,54,3688.31,3686.67,3712.7,3672.56,4129.68,3147.74,1093997409.5,2812847,15984,2.39,0.06,HYDPOWIND
68521,2026-06-26,55,5636.85,5642.46,5663.25,5612.04,6557.35,5236.74,241232374.7,429851,1817,-15.7,-0.27,DEVBANKIND
68522,2026-06-26,56,10697.95,10692.67,10788.11,10649.96,11881.08,6956.89,408586028.5,402260,7568,-41.04,-0.38,MANPROCIND
68523,2026-06-26,57,457.68,458.08,460.23,456.49,518.59,435.29,948886159.8,2123935,9132,-0.55,-0.12,SENSIND
68524,2026-06-26,58,2649.51,2649.76,2662.44,2640.26,3002.07,2487.17,2779841648.55,5707578,38779,-2.0,-0.07,NEPSE
68525,2026-06-26,59,10878.27,10800.8,10895.47,10780.1,13705.07,10448.66,43055370.0,75033,680,58.63,0.54,NONLIFIND
68526,2026-06-26,60,2446.0,2426.06,2483.69,2426.06,2719.1,2157.02,192652532.05,321046,1390,-7.82,-0.31,FININD
68527,2026-06-26,61,3367.81,3331.77,3396.06,3317.81,4489.29,3331.77,1585780.0,352,24,36.04,1.08,TRDIND
68528,2026-06-26,62,181.32,181.51,182.28,180.83,206.25,170.57,2779841648.55,5707578,38779,-0.32,-0.18,FLOATIND
68529,2026-06-26,63,154.93,155.11,155.81,154.52,177.3,147.6,948886159.8,2123935,9132,-0.22,-0.14,SENSFLTIND
68513,2026-06-26,64,4666.19,4699.51,4701.12,4651.7,5688.96,4623.9,127640760.4,137993,1851,-26.48,-0.56,MICRFININD
68514,2026-06-26,65,12147.5,12154.76,12171.86,12107.01,14495.86,11763.82,80485623.4,150318,1683,-7.26,-0.05,LIFINSIND
68515,2026-06-26,66,21.67,21.62,21.67,21.52,22.33,19.13,9250960.31,895130,481,0.05,0.23,MUTUALIND
68516,2026-06-26,67,97.85,98.43,98.9,97.56,122.47,97.85,138441898.0,171965,1223,-0.57,-0.58,INVIDX
68534,2026-06-29,51,1414.88,1409.06,1420.38,1407.61,1567.1,1326.12,306359347.39,1180093,3999,-1.35,-0.09,BANKSUBIND
68535,2026-06-29,52,7356.46,7429.35,7453.97,7346.42,8457.99,5895.07,138930121.4,268786,2100,-85.4,-1.14,HOTELIND
68536,2026-06-29,53,1921.72,1931.45,1935.88,1902.08,2774.99,1921.72,92486350.0,129060,1949,-9.98,-0.51,OTHERSIND
68537,2026-06-29,54,3661.4,3701.29,3707.12,3648.5,4129.68,3147.74,1007413507.1,2601828,17607,-26.9,-0.72,HYDPOWIND
68538,2026-06-29,55,5592.14,5646.0,5646.0,5575.77,6557.35,5236.74,120420592.3,241179,1546,-44.71,-0.79,DEVBANKIND
68539,2026-06-29,56,10575.54,10573.06,10648.11,10521.11,11881.08,6956.89,337720824.5,326862,9100,-122.41,-1.14,MANPROCIND
68540,2026-06-29,57,455.83,456.65,458.19,454.25,518.59,435.29,926914832.69,2270138,10231,-1.84,-0.4,SENSIND
68541,2026-06-29,58,2632.96,2643.81,2649.11,2623.93,3002.07,2487.17,2588376032.79,5588284,44067,-16.54,-0.62,NEPSE
68542,2026-06-29,59,10726.15,10878.27,10878.27,10687.06,13705.07,10448.66,51737894.2,89249,744,-152.12,-1.39,NONLIFIND
68543,2026-06-29,60,2418.15,2426.1,2456.01,2408.69,2719.1,2157.02,149814639.2,262817,1204,-27.84,-1.13,FININD
68544,2026-06-29,61,3356.89,3367.81,3382.1,3291.65,4489.29,3331.77,3051417.6,629,38,-10.92,-0.32,TRDIND
68545,2026-06-29,62,180.3,180.91,181.37,179.79,206.25,170.57,2588376032.79,5588284,44067,-1.02,-0.56,FLOATIND
68546,2026-06-29,63,154.34,154.51,155.09,153.78,177.3,147.6,926914832.69,2270138,10231,-0.58,-0.38,SENSFLTIND
68530,2026-06-29,64,4638.5,4659.81,4671.4,4621.92,5688.96,4638.5,115208554.6,114898,2160,-27.69,-0.59,MICRFININD
68531,2026-06-29,65,12063.84,12144.1,12161.45,12016.3,14495.86,11763.82,85193403.7,176689,2195,-83.65,-0.68,LIFINSIND
68532,2026-06-29,66,21.61,21.67,21.68,21.44,22.33,19.2,21780755.59,1989972,630,-0.05,-0.24,MUTUALIND
68533,2026-06-29,67,97.05,97.46,98.24,96.81,122.47,97.05,180039380.8,196194,1425,-0.8,-0.81,INVIDX
68551,2026-06-30,51,1404.49,1415.26,1419.82,1403.11,1567.1,1326.12,385252291.41,1305251,4697,-10.38,-0.73,BANKSUBIND
68552,2026-06-30,52,7287.6,7321.57,7381.6,7255.86,8457.99,5895.07,84279940.1,161293,1828,-68.85,-0.93,HOTELIND
68553,2026-06-30,53,1896.53,1935.91,1935.91,1894.09,2774.99,1896.53,82480739.2,119789,1798,-25.19,-1.31,OTHERSIND
68554,2026-06-30,54,3608.74,3658.89,3665.9,3603.48,4129.68,3147.74,1331305545.8,3355183,50615,-52.65,-1.43,HYDPOWIND
68555,2026-06-30,55,5591.27,5583.68,5609.97,5549.4,6557.35,5236.74,164473118.5,329545,1747,-0.86,-0.01,DEVBANKIND
68556,2026-06-30,56,10447.58,10479.97,10547.28,10420.83,11881.08,6982.78,331578023.4,345867,8642,-127.96,-1.2,MANPROCIND
68557,2026-06-30,57,452.79,455.79,456.54,452.11,518.59,435.29,1049644529.41,2470925,11769,-3.04,-0.66,SENSIND
68558,2026-06-30,58,2608.33,2631.55,2638.17,2603.44,3002.07,2487.17,3075657873.81,6592209,78381,-24.63,-0.93,NEPSE
68559,2026-06-30,59,10659.79,10726.15,10763.18,10617.93,13705.07,10448.66,38593973.5,69937,673,-66.35,-0.61,NONLIFIND
68560,2026-06-30,60,2393.78,2394.67,2419.22,2377.75,2719.1,2157.02,198609882.1,355441,1456,-24.37,-1.0,FININD
68561,2026-06-30,61,3298.37,3356.89,3366.96,3280.37,4489.29,3298.37,3301912.5,676,41,-58.51,-1.74,TRDIND
68562,2026-06-30,62,178.78,180.37,180.61,178.44,206.25,170.57,3075657873.81,6592209,78381,-1.52,-0.84,FLOATIND
68563,2026-06-30,63,153.24,154.46,154.55,152.98,177.3,147.6,1049644529.41,2470925,11769,-1.1,-0.71,SENSFLTIND
68547,2026-06-30,64,4612.21,4632.25,4650.16,4590.46,5688.96,4612.21,184219323.4,181828,3006,-26.28,-0.56,MICRFININD
68548,2026-06-30,65,11996.07,12048.69,12059.75,11964.47,14495.86,11763.82,83850214.3,168688,2312,-67.77,-0.56,LIFINSIND
68549,2026-06-30,66,21.55,21.57,21.6,21.38,22.33,19.27,17646105.99,1642099,545,-0.06,-0.31,MUTUALIND
68550,2026-06-30,67,96.33,97.45,99.48,96.01,122.47,96.33,187712909.6,198711,1566,-0.71,-0.74,INVIDX
68568,2026-07-01,51,1420.59,1408.32,1425.02,1402.19,1567.1,1326.12,619621209.35,2524136,4469,16.09,1.14,BANKSUBIND
68569,2026-07-01,52,7408.74,7311.73,7420.32,7245.04,8457.99,5895.07,150063126.4,278419,1952,121.14,1.66,HOTELIND
68570,2026-07-01,53,1930.01,1896.39,1937.95,1896.39,2774.99,1896.53,82989619.4,107686,1708,33.47,1.76,OTHERSIND
68571,2026-07-01,54,3696.3,3592.9,3701.64,3590.59,4129.68,3147.74,1351662337.3,3500804,31649,87.56,2.42,HYDPOWIND
68572,2026-07-01,55,5655.9,5581.33,5705.39,5550.63,6557.35,5236.74,222772297.3,384420,1816,64.62,1.15,DEVBANKIND
68573,2026-07-01,56,10692.75,10407.4,10743.22,10358.81,11881.08,6982.78,441099163.8,371917,6623,245.17,2.34,MANPROCIND
68574,2026-07-01,57,458.57,452.71,459.34,451.94,518.59,435.29,1435809159.35,3936940,10878,5.77,1.27,SENSIND
68575,2026-07-01,58,2652.93,2606.86,2654.02,2602.39,3002.07,2487.17,3574167587.25,8052577,55984,44.59,1.7,NEPSE
68576,2026-07-01,59,10877.2,10659.79,10877.2,10659.79,13705.07,10448.66,46628853.9,82802,626,217.41,2.03,NONLIFIND
68577,2026-07-01,60,2429.48,2395.44,2438.93,2380.36,2719.1,2157.02,144572677.7,266878,1355,35.7,1.49,FININD
68578,2026-07-01,61,3384.2,3298.37,3384.2,3263.47,4489.29,3298.37,14770070.0,2971,53,85.82,2.6,TRDIND
68579,2026-07-01,62,181.61,178.66,181.81,178.3,206.25,170.57,3574167587.25,8052577,55984,2.82,1.58,FLOATIND
68580,2026-07-01,63,155.28,153.21,155.53,152.8,177.3,147.6,1435809159.35,3936940,10878,2.04,1.33,SENSFLTIND
68564,2026-07-01,64,4663.43,4602.26,4663.47,4596.92,5688.96,4612.21,181151123.5,186779,2383,51.22,1.11,MICRFININD
68565,2026-07-01,65,12174.72,11981.41,12234.54,11947.19,14495.86,11763.82,53803007.5,107442,1884,178.65,1.48,LIFINSIND
68566,2026-07-01,66,21.67,21.55,21.67,21.45,22.33,19.33,7346365.33,676014,493,0.11,0.55,MUTUALIND
68567,2026-07-01,67,97.92,96.49,98.18,96.09,122.47,96.33,265034101.1,238323,1466,1.59,1.65,INVIDX
68585,2026-07-02,51,1449.65,1433.13,1453.17,1410.43,1567.1,1326.12,917238807.25,3555481,5771,29.06,2.04,BANKSUBIND
68586,2026-07-02,52,7398.56,7408.74,7458.5,7313.01,8457.99,5895.07,106809516.7,226268,1463,-10.17,-0.13,HOTELIND
68587,2026-07-02,53,1926.03,1929.81,1940.51,1919.75,2774.99,1896.53,53532656.7,71543,1128,-3.97,-0.2,OTHERSIND
68588,2026-07-02,54,3686.66,3699.96,3717.58,3647.7,4129.68,3147.74,879430319.7,2187387,20669,-9.64,-0.26,HYDPOWIND
68589,2026-07-02,55,5649.54,5672.94,5698.66,5608.02,6557.35,5236.74,121340190.7,171042,1527,-6.36,-0.11,DEVBANKIND
68590,2026-07-02,56,10600.3,10596.49,10617.0,10504.39,11881.08,6982.78,410273428.5,279334,4888,-92.45,-0.86,MANPROCIND
68591,2026-07-02,57,462.47,459.88,462.61,454.73,518.59,435.29,1310143369.95,4076587,10291,3.89,0.85,SENSIND
68592,2026-07-02,58,2661.71,2659.58,2662.01,2625.46,3002.07,2487.17,3085912145.55,7278585,42263,8.78,0.33,NEPSE
68593,2026-07-02,59,10839.38,10877.2,10884.03,10741.46,13705.07,10448.66,41205524.8,73725,564,-37.81,-0.34,NONLIFIND
68594,2026-07-02,60,2436.4,2410.13,2436.77,2405.09,2719.1,2157.02,145787163.2,267456,1250,6.91,0.28,FININD
68595,2026-07-02,61,3367.18,3384.2,3384.45,3295.04,4489.29,3298.37,7026447.2,1400,42,-17.01,-0.5,TRDIND
68596,2026-07-02,62,182.61,182.37,182.61,179.81,206.25,170.57,3085912145.55,7278585,42263,0.99,0.54,FLOATIND
68597,2026-07-02,63,156.68,155.72,156.68,153.87,177.3,147.6,1310143369.95,4076587,10291,1.39,0.89,SENSFLTIND
68581,2026-07-02,64,4666.23,4653.46,4666.23,4607.63,5688.96,4612.21,206232313.1,162968,2256,2.79,0.05,MICRFININD
68582,2026-07-02,65,12194.86,12361.09,12383.95,12012.56,14495.86,11763.82,82942627.3,142491,1672,20.13,0.16,LIFINSIND
68583,2026-07-02,66,21.68,21.67,21.71,21.49,22.33,19.35,7405829.73,674072,446,0.01,0.06,MUTUALIND
68584,2026-07-02,67,97.89,97.77,98.04,96.75,122.47,96.33,114093150.4,139490,1033,-0.03,-0.03,INVIDX
68602,2026-07-03,51,1435.73,1464.53,1464.53,1432.56,1567.1,1326.12,517706789.0,1808426,4937,-13.91,-0.96,BANKSUBIND
68603,2026-07-03,52,7370.34,7435.3,7435.3,7358.36,8457.99,5895.07,94714032.9,194662,1429,-28.22,-0.38,HOTELIND
68604,2026-07-03,53,1923.35,1917.87,1936.73,1916.91,2774.99,1896.53,93317584.7,114970,1371,-2.67,-0.13,OTHERSIND
68605,2026-07-03,54,3692.61,3692.39,3704.39,3680.47,4129.68,3147.74,1132482322.1,2902094,21414,5.94,0.16,HYDPOWIND
68606,2026-07-03,55,5649.83,5670.3,5677.27,5630.39,6557.35,5236.74,122058905.4,237247,1538,0.29,0.0,DEVBANKIND
68607,2026-07-03,56,10553.36,10660.37,10660.37,10513.46,11881.08,6982.78,308787291.2,312521,4549,-46.93,-0.44,MANPROCIND
68608,2026-07-03,57,459.81,463.71,463.71,459.06,518.59,435.29,1311406321.8,3041125,10956,-2.65,-0.57,SENSIND
68609,2026-07-03,58,2653.4,2673.14,2673.14,2646.78,3002.07,2487.17,3263305047.9,6933482,44471,-8.3,-0.31,NEPSE
68610,2026-07-03,59,10847.95,10839.38,10907.61,10782.45,13705.07,10448.66,74074899.7,130417,691,8.57,0.07,NONLIFIND
68611,2026-07-03,60,2462.25,2418.64,2469.12,2418.64,2719.1,2157.02,364773445.9,639374,2651,25.85,1.06,FININD
68612,2026-07-03,61,3385.13,3367.18,3394.6,3320.04,4489.29,3298.37,13188363.3,2605,40,17.95,0.53,TRDIND
68613,2026-07-03,62,181.96,183.54,183.54,181.46,206.25,170.57,3263305047.9,6933482,44471,-0.64,-0.35,FLOATIND
68614,2026-07-03,63,155.77,157.15,157.15,155.48,177.3,147.6,1311406321.8,3041125,10956,-0.9,-0.57,SENSFLTIND
68598,2026-07-03,64,4673.62,4668.45,4679.91,4646.76,5688.96,4612.21,174885652.4,181334,2501,7.39,0.15,MICRFININD
68599,2026-07-03,65,12108.14,12362.99,12420.36,12076.32,14495.86,11763.82,88324470.9,152197,1855,-86.72,-0.71,LIFINSIND
68600,2026-07-03,66,21.64,21.68,21.68,21.5,22.33,19.57,5918357.65,539210,373,-0.04,-0.2,MUTUALIND
68601,2026-07-03,67,97.28,97.89,98.27,97.24,122.47,96.33,278991290.4,257635,1495,-0.61,-0.62,INVIDX
68619,2026-07-06,51,1420.46,1442.31,1444.72,1417.67,1567.1,1326.12,241120690.9,858926,3992,-15.27,-1.06,BANKSUBIND
68620,2026-07-06,52,7312.46,7370.34,7380.96,7277.37,8457.99,5895.07,122151881.2,262976,1790,-57.87,-0.78,HOTELIND
68621,2026-07-06,53,1913.25,1923.17,1929.16,1909.58,2774.99,1896.53,55592581.2,73075,1306,-10.09,-0.52,OTHERSIND
68622,2026-07-06,54,3656.31,3693.22,3703.07,3649.89,4129.68,3147.74,1122381519.7,2820455,23380,-36.3,-0.98,HYDPOWIND
68623,2026-07-06,55,5632.62,5611.65,5662.42,5574.5,6557.35,5236.74,148026529.2,229581,1593,-17.21,-0.3,DEVBANKIND
68624,2026-07-06,56,10429.1,10659.92,10660.63,10413.49,11881.08,6982.78,299670039.7,318685,5184,-124.26,-1.17,MANPROCIND
68625,2026-07-06,57,456.27,459.39,460.69,455.46,518.59,435.29,934195347.8,2062761,9906,-3.53,-0.76,SENSIND
68626,2026-07-06,58,2627.11,2658.63,2661.46,2623.25,3002.07,2487.17,2767443313.19,5694380,45289,-26.29,-0.99,NEPSE
68627,2026-07-06,59,10740.77,10847.95,10848.91,10717.61,13705.07,10448.66,63475509.5,101306,557,-107.18,-0.98,NONLIFIND
68628,2026-07-06,60,2431.4,2466.96,2466.96,2423.7,2719.1,2157.02,333290365.8,562227,2188,-30.84,-1.25,FININD
68629,2026-07-06,61,3278.42,3385.13,3385.13,3278.42,4489.29,3278.42,7928059.0,1614,42,-106.71,-3.15,TRDIND
68630,2026-07-06,62,180.22,182.27,182.53,179.92,206.25,170.57,2767443313.19,5694380,45289,-1.73,-0.95,FLOATIND
68631,2026-07-06,63,154.42,155.62,156.12,154.12,177.3,147.6,934195347.8,2062761,9906,-1.34,-0.86,SENSFLTIND
68615,2026-07-06,64,4631.83,4682.61,4685.92,4625.46,5688.96,4612.21,118928597.89,124165,1909,-41.79,-0.89,MICRFININD
68616,2026-07-06,65,12024.59,12123.24,12188.74,11992.18,14495.86,11763.82,78605123.0,151473,2047,-83.54,-0.69,LIFINSIND
68617,2026-07-06,66,21.56,21.64,21.65,21.45,22.33,19.59,10758950.92,1026589,578,-0.07,-0.35,MUTUALIND
68618,2026-07-06,67,96.58,97.28,97.56,96.39,122.47,96.33,176272416.1,189897,1301,-0.7,-0.72,INVIDX
68636,2026-07-07,51,1442.0,1416.0,1447.01,1415.19,1567.1,1326.12,629012024.8,2039936,5556,21.53,1.51,BANKSUBIND
68637,2026-07-07,52,7352.65,7283.65,7505.01,7283.65,8457.99,5895.07,179956050.8,377753,2103,40.19,0.54,HOTELIND
68638,2026-07-07,53,1928.37,1911.11,1934.75,1907.3,2774.99,1896.53,87373823.3,112611,1569,15.11,0.79,OTHERSIND
68639,2026-07-07,54,3692.58,3648.37,3692.6,3644.75,4129.68,3147.74,1348924968.4,3387803,46405,36.27,0.99,HYDPOWIND
68640,2026-07-07,55,5689.36,5567.7,5696.43,5544.7,6557.35,5236.74,270103013.7,334701,2326,56.73,1.0,DEVBANKIND
68641,2026-07-07,56,10473.76,10389.21,10473.76,10373.66,11881.08,6982.78,325526738.6,297790,5297,44.65,0.42,MANPROCIND
68642,2026-07-07,57,460.61,455.22,461.28,455.13,518.59,435.29,1301110396.8,3256741,11260,4.33,0.95,SENSIND
68643,2026-07-07,58,2651.68,2620.54,2651.86,2619.68,3002.07,2487.17,3426653914.8,7386187,70681,24.57,0.93,NEPSE
68644,2026-07-07,59,10818.52,10740.77,10837.13,10689.47,13705.07,10448.66,51371306.5,90424,637,77.75,0.72,NONLIFIND
68645,2026-07-07,60,2445.49,2420.29,2450.13,2416.48,2719.1,2157.02,173660003.7,279497,1215,14.08,0.57,FININD
68646,2026-07-07,61,3340.44,3278.42,3351.28,3278.42,4489.29,3278.42,14439787.0,2939,54,62.02,1.89,TRDIND
68647,2026-07-07,62,181.96,179.69,181.97,179.62,206.25,170.57,3426653914.8,7386187,70681,1.73,0.96,FLOATIND
68648,2026-07-07,63,156.0,154.02,156.26,153.98,177.3,147.6,1301110396.8,3256741,11260,1.57,1.02,SENSFLTIND
68632,2026-07-07,64,4643.58,4633.34,4654.68,4611.51,5688.96,4612.21,157561956.6,167464,2267,11.75,0.25,MICRFININD
68633,2026-07-07,65,12107.62,11993.04,12107.62,11985.96,14495.86,11763.82,98457233.2,174613,2093,83.02,0.69,LIFINSIND
68634,2026-07-07,66,21.62,21.56,21.64,21.43,22.33,19.59,12163139.7,1180787,644,0.06,0.3,MUTUALIND
68635,2026-07-07,67,96.95,96.58,97.25,96.32,122.47,96.33,90267008.2,120656,1159,0.37,0.38,INVIDX
68653,2026-07-08,51,1424.87,1439.55,1441.59,1419.8,1567.1,1326.12,240142359.6,857695,3985,-17.12,-1.18,BANKSUBIND
68654,2026-07-08,52,7257.23,7324.15,7349.14,7216.42,8457.99,5895.07,106526625.3,242254,1672,-95.42,-1.29,HOTELIND
68655,2026-07-08,53,1906.09,1928.37,1934.69,1903.16,2774.99,1896.53,76210762.9,101322,1512,-22.27,-1.15,OTHERSIND
68656,2026-07-08,54,3629.79,3685.64,3695.29,3616.61,4129.68,3147.74,1239877349.6,3113964,54112,-62.78,-1.7,HYDPOWIND
68657,2026-07-08,55,5606.14,5677.25,5677.25,5570.31,6557.35,5236.74,139671771.1,228645,1604,-83.21,-1.46,DEVBANKIND
68658,2026-07-08,56,10355.24,10408.4,10489.18,10323.89,11881.08,6982.78,276355967.3,300253,4818,-118.52,-1.13,MANPROCIND
68659,2026-07-08,57,456.68,460.0,460.64,454.96,518.59,435.29,859508758.2,1950873,10249,-3.92,-0.85,SENSIND
68660,2026-07-08,58,2621.59,2646.68,2649.56,2610.33,3002.07,2487.17,2713877405.1,5800715,75322,-30.09,-1.13,NEPSE
68661,2026-07-08,59,10704.9,10818.52,10832.05,10637.49,13705.07,10448.66,99575277.0,175391,769,-113.62,-1.05,NONLIFIND
68662,2026-07-08,60,2410.35,2440.6,2440.6,2393.82,2719.1,2157.02,181548950.9,318814,1418,-35.13,-1.43,FININD
68663,2026-07-08,61,3333.17,3340.44,3349.02,3261.15,4489.29,3278.42,9503918.0,1909,33,-7.27,-0.21,TRDIND
68664,2026-07-08,62,179.89,181.65,181.82,179.15,206.25,170.57,2713877405.1,5800715,75322,-2.06,-1.13,FLOATIND
68665,2026-07-08,63,154.58,155.72,155.96,153.94,177.3,147.6,859508758.2,1950873,10249,-1.42,-0.91,SENSFLTIND
68649,2026-07-08,64,4605.88,4638.78,4641.44,4573.71,5688.96,4605.88,122437456.0,137046,2192,-37.69,-0.81,MICRFININD
68650,2026-07-08,65,12007.05,12088.27,12121.05,11945.26,14495.86,11763.82,76828245.9,150015,1834,-100.56,-0.83,LIFINSIND
68651,2026-07-08,66,21.65,21.62,21.65,21.44,22.33,19.59,8288514.48,780992,566,0.02,0.11,MUTUALIND
68652,2026-07-08,67,96.57,96.75,96.98,96.14,122.47,96.33,145198721.5,173407,1373,-0.37,-0.39,INVIDX
68670,2026-07-09,51,1417.67,1424.87,1426.03,1415.21,1567.1,1326.12,269662164.6,1003574,3712,-7.19,-0.5,BANKSUBIND
68671,2026-07-09,52,7201.43,7257.23,7275.05,7167.22,8457.99,5895.07,102771916.7,238055,1701,-55.8,-0.76,HOTELIND
68672,2026-07-09,53,1902.52,1904.98,1915.05,1896.29,2774.99,1896.53,100619139.6,126427,1543,-3.56,-0.18,OTHERSIND
68673,2026-07-09,54,3604.05,3631.89,3642.38,3584.63,4129.68,3147.74,1112429746.1,2847730,33970,-25.74,-0.7,HYDPOWIND
68674,2026-07-09,55,5543.87,5594.97,5594.97,5521.63,6557.35,5236.74,181277186.2,311165,2010,-62.27,-1.11,DEVBANKIND
68675,2026-07-09,56,10231.32,10299.81,10400.08,10196.25,11881.08,6982.78,410431518.8,371377,5255,-123.91,-1.19,MANPROCIND
68676,2026-07-09,57,454.19,456.63,456.63,453.51,518.59,435.29,922617594.6,2192982,9906,-2.49,-0.54,SENSIND
68677,2026-07-09,58,2601.92,2619.77,2620.87,2595.76,3002.07,2487.17,2868775480.7,5957322,55356,-19.67,-0.75,NEPSE
68678,2026-07-09,59,10633.97,10704.9,10761.27,10602.09,13705.07,10448.66,63408537.6,108169,632,-70.93,-0.66,NONLIFIND
68679,2026-07-09,60,2395.2,2402.34,2412.11,2383.44,2719.1,2157.02,248271313.9,428505,1166,-15.14,-0.62,FININD
68680,2026-07-09,61,3254.23,3333.17,3333.17,3251.42,4489.29,3254.23,11607823.8,2314,50,-78.93,-2.36,TRDIND
68681,2026-07-09,62,178.68,179.78,179.87,178.25,206.25,170.57,2868775480.7,5957322,55356,-1.21,-0.67,FLOATIND
68682,2026-07-09,63,153.67,154.56,154.56,153.43,177.3,147.6,922617594.6,2192982,9906,-0.9,-0.58,SENSFLTIND
68666,2026-07-09,64,4573.78,4599.12,4603.6,4541.77,5688.96,4573.78,170105349.4,192270,2376,-32.1,-0.69,MICRFININD
68667,2026-07-09,65,11933.69,12002.28,12002.28,11911.18,14495.86,11763.82,86391587.9,168190,1755,-73.35,-0.61,LIFINSIND
68668,2026-07-09,66,21.4,21.65,21.66,21.38,22.33,19.59,7160110.23,710376,564,-0.25,-1.16,MUTUALIND
68669,2026-07-09,67,95.65,96.57,96.65,95.52,122.47,95.65,111799196.1,159546,1186,-0.91,-0.95,INVIDX
68687,2026-07-10,51,1415.17,1410.82,1432.04,1403.34,1567.1,1326.12,362609282.5,1251328,4049,-2.5,-0.17,BANKSUBIND
68688,2026-07-10,52,7174.3,7174.13,7289.53,7147.14,8457.99,5895.07,211531454.1,387288,1839,-27.13,-0.37,HOTELIND
68689,2026-07-10,53,1899.89,1901.03,1920.82,1896.96,2774.99,1896.53,61349401.1,86090,1285,-2.63,-0.13,OTHERSIND
68690,2026-07-10,54,3594.18,3597.29,3637.82,3582.52,4129.68,3147.74,1296462604.9,3257263,28926,-9.87,-0.27,HYDPOWIND
68691,2026-07-10,55,5522.03,5541.04,5624.16,5504.21,6557.35,5236.74,228800603.7,288666,2154,-21.83,-0.39,DEVBANKIND
68692,2026-07-10,56,10257.21,10205.62,10285.78,10196.44,11881.08,6982.78,314086814.0,299116,4327,25.88,0.25,MANPROCIND
68693,2026-07-10,57,453.6,453.39,457.8,452.57,518.59,435.29,1063548537.5,2560342,10133,-0.58,-0.12,SENSIND
68694,2026-07-10,58,2600.78,2596.6,2623.24,2592.67,3002.07,2487.17,3081394259.4,6493670,49702,-1.13,-0.04,NEPSE
68695,2026-07-10,59,10642.71,10633.97,10708.31,10589.63,13705.07,10448.66,61678289.0,111131,701,8.74,0.08,NONLIFIND
68696,2026-07-10,60,2388.47,2401.01,2415.04,2379.21,2719.1,2157.02,127451177.2,224567,1251,-6.73,-0.28,FININD
68697,2026-07-10,61,3299.28,3254.23,3324.17,3244.14,4489.29,3254.23,8115739.5,1632,48,45.04,1.38,TRDIND
68698,2026-07-10,62,178.52,178.2,180.17,177.94,206.25,170.57,3081394259.4,6493670,49702,-0.15,-0.08,FLOATIND
68699,2026-07-10,63,153.47,153.3,154.98,153.03,177.3,147.6,1063548537.5,2560342,10133,-0.19,-0.12,SENSFLTIND
68683,2026-07-10,64,4579.86,4567.06,4603.42,4546.38,5688.96,4573.78,122545047.4,139309,1916,6.07,0.13,MICRFININD
68684,2026-07-10,65,11923.74,11929.76,12025.95,11884.27,14495.86,11763.82,137335314.6,259597,2000,-9.95,-0.08,LIFINSIND
68685,2026-07-10,66,21.47,21.41,21.55,21.29,22.33,19.76,5968060.2,615448,485,0.07,0.34,MUTUALIND
68686,2026-07-10,67,95.79,95.65,96.68,95.49,122.47,95.65,149428531.4,187683,1206,0.14,0.14,INVIDX
68704,2026-07-13,51,1405.52,1417.49,1419.47,1403.63,1567.1,1326.12,376356228.7,1329375,4996,-9.64,-0.68,BANKSUBIND
68705,2026-07-13,52,7031.3,7168.71,7186.49,7023.7,8457.99,5895.07,120329287.5,262389,1886,-142.99,-1.99,HOTELIND
68706,2026-07-13,53,1883.62,1899.89,1940.0,1878.62,2774.99,1883.62,97948276.6,132151,1528,-16.27,-0.85,OTHERSIND
68707,2026-07-13,54,3522.94,3581.64,3596.75,3513.09,4129.68,3147.74,1447517672.4,3815686,26779,-71.24,-1.98,HYDPOWIND
68708,2026-07-13,55,5475.84,5524.47,5561.56,5460.82,6557.35,5236.74,244799223.7,414943,1860,-46.18,-0.83,DEVBANKIND
68709,2026-07-13,56,10116.96,10228.84,10251.59,10067.63,11881.08,6982.78,340776988.0,357457,4937,-140.24,-1.36,MANPROCIND
68710,2026-07-13,57,450.55,453.64,454.27,449.81,518.59,435.29,1091361277.3,2613233,11616,-3.04,-0.67,SENSIND
68711,2026-07-13,58,2570.18,2599.65,2607.04,2566.27,3002.07,2487.17,3435393232.5,7449701,49945,-30.6,-1.17,NEPSE
68712,2026-07-13,59,10562.46,10642.71,10670.74,10515.67,13705.07,10448.66,87860715.7,154802,717,-80.24,-0.75,NONLIFIND
68713,2026-07-13,60,2356.86,2386.6,2386.86,2352.95,2719.1,2157.02,191980100.4,337782,1274,-31.6,-1.32,FININD
68714,2026-07-13,61,3223.33,3299.28,3299.28,3215.75,4489.29,3223.33,6514237.0,1332,33,-75.94,-2.3,TRDIND
68715,2026-07-13,62,176.56,178.46,178.79,176.32,206.25,170.57,3435393232.5,7449701,49945,-1.95,-1.09,FLOATIND
68716,2026-07-13,63,152.29,153.45,153.78,152.06,177.3,147.6,1091361277.3,2613233,11616,-1.17,-0.76,SENSFLTIND
68700,2026-07-13,64,4539.86,4589.52,4592.61,4519.53,5688.96,4539.86,147520186.6,165240,2321,-39.99,-0.87,MICRFININD
68701,2026-07-13,65,11795.45,11920.13,11997.6,11780.94,14495.86,11763.82,136824600.1,267771,2252,-128.29,-1.07,LIFINSIND
68702,2026-07-13,66,21.3,21.47,21.48,21.22,22.33,19.82,297687692.71,30911510,653,-0.17,-0.81,MUTUALIND
68703,2026-07-13,67,94.95,95.64,95.88,94.8,122.47,94.95,236965715.8,210773,1362,-0.84,-0.88,INVIDX
68721,2026-07-14,51,1406.84,1405.52,1416.58,1397.72,1567.1,1326.12,413492999.4,1467204,4671,1.32,0.09,BANKSUBIND
68722,2026-07-14,52,7036.83,6975.32,7063.67,6921.65,8457.99,5895.07,143586808.8,317528,2225,5.53,0.07,HOTELIND
68723,2026-07-14,53,1886.56,1883.06,1899.38,1866.7,2774.99,1883.62,96902662.61,144199,1874,2.93,0.15,OTHERSIND
68724,2026-07-14,54,3532.48,3519.8,3553.69,3467.77,4129.68,3147.74,1519886214.5,4311577,28067,9.53,0.27,HYDPOWIND
68725,2026-07-14,55,5492.16,5443.72,5518.18,5429.73,6557.35,5236.74,285693647.2,428733,2280,16.31,0.29,DEVBANKIND
68726,2026-07-14,56,10098.62,10061.79,10166.94,10014.39,11881.08,6982.78,407126270.1,411732,5273,-18.34,-0.18,MANPROCIND
68727,2026-07-14,57,451.34,450.88,452.99,447.62,518.59,435.29,1249118082.6,2948770,11758,0.79,0.17,SENSIND
68728,2026-07-14,58,2576.29,2569.2,2584.3,2546.69,3002.07,2487.17,3555949490.61,8103859,52427,6.11,0.23,NEPSE
68729,2026-07-14,59,10584.49,10603.1,10627.92,10437.7,13705.07,10448.66,73795443.0,128203,841,22.02,0.2,NONLIFIND
68730,2026-07-14,60,2369.04,2356.86,2375.83,2333.29,2719.1,2157.02,145339051.1,251071,1155,12.17,0.51,FININD
68731,2026-07-14,61,3271.02,3223.33,3271.02,3187.71,4489.29,3223.33,8516447.6,1727,46,47.68,1.47,TRDIND
68732,2026-07-14,62,176.88,176.63,177.55,175.03,206.25,170.57,3555949490.61,8103859,52427,0.32,0.18,FLOATIND
68733,2026-07-14,63,152.5,152.35,153.16,151.28,177.3,147.6,1249118082.6,2948770,11758,0.2,0.13,SENSFLTIND
68717,2026-07-14,64,4543.43,4539.27,4547.07,4481.33,5688.96,4539.86,235332810.3,299245,2537,3.57,0.07,MICRFININD
68718,2026-07-14,65,11839.77,11973.72,11973.72,11718.65,14495.86,11763.82,83011581.3,159172,2063,44.32,0.37,LIFINSIND
68719,2026-07-14,66,21.43,21.26,21.43,21.22,22.33,19.82,55886863.11,5867906,643,0.13,0.61,MUTUALIND
68720,2026-07-14,67,95.46,94.07,95.58,94.05,122.47,94.95,143265554.7,183468,1395,0.51,0.54,INVIDX
68738,2026-07-15,51,1417.34,1401.04,1425.41,1401.04,1567.1,1326.12,416581170.3,1317396,3838,10.49,0.74,BANKSUBIND
68739,2026-07-15,52,7079.76,7036.83,7114.19,7036.83,8457.99,5895.07,122906223.3,222934,1171,42.92,0.61,HOTELIND
68740,2026-07-15,53,1892.36,1914.72,1916.27,1887.08,2774.99,1883.62,84803853.9,114037,1418,5.79,0.3,OTHERSIND
68741,2026-07-15,54,3549.36,3538.66,3579.22,3535.06,4129.68,3147.74,1108999286.1,2977981,19257,16.88,0.47,HYDPOWIND
68742,2026-07-15,55,5567.73,5503.12,5570.78,5486.5,6557.35,5236.74,214561712.4,282571,2250,75.57,1.37,DEVBANKIND
68743,2026-07-15,56,10156.78,10076.32,10231.5,10045.39,11881.08,6982.78,322615214.6,318582,3794,58.16,0.57,MANPROCIND
68744,2026-07-15,57,453.94,449.98,456.5,449.98,518.59,435.29,1020364580.3,2405967,9389,2.59,0.57,SENSIND
68745,2026-07-15,58,2590.29,2577.23,2601.99,2576.61,3002.07,2487.17,2784931186.9,5940883,37920,14.0,0.54,NEPSE
68746,2026-07-15,59,10694.49,10584.49,10694.49,10549.29,13705.07,10448.66,45884971.8,81857,622,110.0,1.03,NONLIFIND
68747,2026-07-15,60,2381.3,2369.12,2397.47,2342.14,2719.1,2157.02,119916159.2,202672,933,12.26,0.51,FININD
68748,2026-07-15,61,3290.84,3271.02,3304.91,3216.33,4489.29,3223.33,27863351.0,5517,38,19.82,0.6,TRDIND
68749,2026-07-15,62,177.96,176.76,178.68,176.74,206.25,170.57,2784931186.9,5940883,37920,1.07,0.6,FLOATIND
68750,2026-07-15,63,153.5,151.93,154.34,151.93,177.3,147.6,1020364580.3,2405967,9389,0.99,0.65,SENSFLTIND
68734,2026-07-15,64,4556.05,4552.32,4596.69,4539.53,5688.96,4539.86,104120867.0,123549,1645,12.61,0.27,MICRFININD
68735,2026-07-15,65,11907.64,11833.69,12012.32,11784.96,14495.86,11763.82,80665055.2,142407,1687,67.86,0.57,LIFINSIND
68736,2026-07-15,66,21.43,21.46,21.46,21.3,22.33,19.82,10937345.64,1092761,533,0.0,0.0,MUTUALIND
68737,2026-07-15,67,95.02,95.2,96.5,94.95,122.47,94.95,136013322.1,151380,1267,-0.44,-0.46,INVIDX
68755,2026-07-16,51,1426.16,1417.36,1429.65,1416.51,1567.1,1326.12,329091145.9,1093722,3650,8.81,0.62,BANKSUBIND
68756,2026-07-16,52,7073.09,7157.69,7157.69,7033.6,8457.99,5895.07,73678430.4,159679,1146,-6.66,-0.09,HOTELIND
68757,2026-07-16,53,1898.24,1938.47,1938.47,1886.29,2774.99,1883.62,73779622.3,105471,1313,5.88,0.31,OTHERSIND
68758,2026-07-16,54,3537.3,3554.01,3562.38,3511.83,4129.68,3147.74,1670552613.6,4584709,19893,-12.06,-0.34,HYDPOWIND
68759,2026-07-16,55,5572.23,5622.25,5622.25,5501.62,6557.35,5236.74,259806756.1,325655,2188,4.49,0.08,DEVBANKIND
68760,2026-07-16,56,10145.5,10133.43,10231.79,10105.63,11881.08,6982.78,343612384.4,341584,4211,-11.28,-0.11,MANPROCIND
68761,2026-07-16,57,456.86,455.88,457.07,453.25,518.59,435.29,1350984588.6,2986691,9889,2.92,0.64,SENSIND
68762,2026-07-16,58,2597.8,2605.26,2606.89,2581.09,3002.07,2487.17,3491525532.8,7644661,38721,7.5,0.28,NEPSE
68763,2026-07-16,59,10814.22,10821.69,10821.69,10597.04,13705.07,10448.66,49093472.3,87738,673,119.73,1.11,NONLIFIND
68764,2026-07-16,60,2365.5,2375.71,2424.58,2359.43,2719.1,2157.02,88310921.0,161122,821,-15.8,-0.66,FININD
68765,2026-07-16,61,3301.5,3290.84,3351.56,3254.41,4489.29,3223.33,536846.0,116,10,10.65,0.32,TRDIND
68766,2026-07-16,62,178.57,179.11,179.25,177.24,206.25,170.57,3491525532.8,7644661,38721,0.61,0.34,FLOATIND
68767,2026-07-16,63,154.43,154.35,154.51,153.09,177.3,147.6,1350984588.6,2986691,9889,0.93,0.6,SENSFLTIND
68751,2026-07-16,64,4612.21,4563.97,4617.97,4532.25,5688.96,4539.86,172557049.2,214908,1878,56.16,1.23,MICRFININD
68752,2026-07-16,65,11938.24,12161.37,12181.34,11841.81,14495.86,11763.82,128046542.2,268237,1649,30.6,0.25,LIFINSIND
68753,2026-07-16,66,21.79,21.59,21.79,21.33,22.33,19.82,8072981.76,784634,513,0.35,1.66,MUTUALIND
68754,2026-07-16,67,95.14,95.74,95.98,94.79,122.47,94.95,302459749.4,301720,1289,0.12,0.12,INVIDX
68772,2026-07-17,51,1460.6,1430.06,1461.42,1427.67,1567.1,1326.12,422740938.1,1568415,5628,34.43,2.41,BANKSUBIND
68773,2026-07-17,52,7332.48,7073.09,7353.29,7073.09,8457.99,5895.07,146256437.3,316239,2373,259.38,3.66,HOTELIND
68774,2026-07-17,53,1950.92,1896.47,1954.98,1896.47,2774.99,1883.62,147518211.1,207533,2051,52.68,2.77,OTHERSIND
68775,2026-07-17,54,3699.61,3555.2,3700.77,3537.01,4129.68,3147.74,2128399985.9,5678410,29344,162.31,4.58,HYDPOWIND
68776,2026-07-17,55,5694.15,5569.14,5694.15,5545.03,6557.35,5236.74,296991852.1,352268,3067,121.92,2.18,DEVBANKIND
68777,2026-07-17,56,10612.86,10073.9,10614.68,10073.9,11881.08,6982.78,562293693.5,555069,6242,467.35,4.6,MANPROCIND
68778,2026-07-17,57,468.38,456.17,468.38,456.17,518.59,435.29,1527986354.3,3506992,14401,11.51,2.51,SENSIND
68779,2026-07-17,58,2677.54,2599.42,2677.64,2598.24,3002.07,2487.17,4537381622.2,9891406,57403,79.74,3.06,NEPSE
68780,2026-07-17,59,11043.12,10846.24,11049.11,10824.19,13705.07,10448.66,93358531.2,177517,973,228.89,2.11,NONLIFIND
68781,2026-07-17,60,2445.74,2365.5,2447.32,2362.49,2719.1,2157.02,272146243.2,435442,1586,80.24,3.39,FININD
68782,2026-07-17,61,3329.2,3301.5,3371.5,3273.87,4489.29,3223.33,3780031.0,737,30,27.7,0.83,TRDIND
68783,2026-07-17,62,184.03,178.73,184.04,178.6,206.25,170.57,4537381622.2,9891406,57403,5.45,3.05,FLOATIND
68784,2026-07-17,63,158.56,154.17,158.56,154.17,177.3,147.6,1527986354.3,3506992,14401,4.13,2.67,SENSFLTIND
68768,2026-07-17,64,4695.63,4603.22,4695.72,4602.28,5688.96,4539.86,160833620.6,184959,2484,83.41,1.8,MICRFININD
68769,2026-07-17,65,12266.37,11908.85,12266.37,11846.41,14495.86,11763.82,92950830.6,160785,1973,328.12,2.74,LIFINSIND
68770,2026-07-17,66,21.72,21.79,21.8,21.56,22.33,19.82,3705241.21,371830,367,-0.06,-0.29,MUTUALIND
68771,2026-07-17,67,99.06,95.1,99.06,95.1,122.47,94.95,210111247.6,254032,1652,3.92,4.12,INVIDX
68789,2026-07-20,51,1468.68,1426.34,1475.95,1424.95,1567.1,1326.12,445398173.0,1541484,6117,8.08,0.55,BANKSUBIND
68790,2026-07-20,52,7477.96,7427.97,7477.96,7307.5,8457.99,5895.07,164834923.9,328504,2236,145.47,1.98,HOTELIND
68791,2026-07-20,53,2005.92,1917.96,2012.44,1917.96,2774.99,1883.62,221964464.6,303357,2984,55.0,2.81,OTHERSIND
68792,2026-07-20,54,3802.89,3710.72,3803.86,3685.65,4129.68,3147.74,2591994340.4,6772832,35198,103.28,2.79,HYDPOWIND
68793,2026-07-20,55,5778.86,5689.33,5778.86,5662.26,6557.35,5236.74,500572441.8,669443,3626,84.7,1.48,DEVBANKIND
68794,2026-07-20,56,10955.4,10649.5,10956.79,10582.38,11881.08,6982.78,746862054.7,626489,7082,342.54,3.22,MANPROCIND
68795,2026-07-20,57,472.6,464.76,473.5,464.06,518.59,435.29,1753367857.3,3987850,16027,4.22,0.9,SENSIND
68796,2026-07-20,58,2719.24,2661.97,2719.28,2659.53,3002.07,2487.17,5445373685.9,11339512,66258,41.7,1.55,NEPSE
68797,2026-07-20,59,11092.04,11043.12,11149.08,10946.65,13705.07,10448.66,70715792.7,123018,924,48.92,0.44,NONLIFIND
68798,2026-07-20,60,2468.7,2443.42,2472.02,2435.37,2719.1,2157.02,194173346.9,321024,1571,22.96,0.93,FININD
68799,2026-07-20,61,3367.24,3329.2,3403.27,3258.55,4489.29,3223.33,3132243.0,650,43,38.03,1.14,TRDIND
68800,2026-07-20,62,186.42,182.73,186.43,182.56,206.25,170.57,5445373685.9,11339512,66258,2.39,1.29,FLOATIND
68801,2026-07-20,63,160.02,157.17,160.29,156.87,177.3,147.6,1753367857.3,3987850,16027,1.46,0.92,SENSFLTIND
68785,2026-07-20,64,4713.32,4687.93,4716.58,4682.24,5688.96,4539.86,156203711.0,152464,2270,17.69,0.37,MICRFININD
68786,2026-07-20,65,12369.66,12315.21,12401.51,12169.31,14495.86,11763.82,121946734.4,216184,2300,103.28,0.84,LIFINSIND
68787,2026-07-20,66,21.72,21.72,21.72,21.56,22.33,19.82,6720213.68,659680,438,0.0,-0.02,MUTUALIND
68788,2026-07-20,67,100.6,99.0,100.6,98.37,122.47,94.95,227575459.5,284063,1907,1.53,1.55,INVIDX
68806,2026-07-21,51,1470.24,1464.81,1480.39,1460.44,1567.1,1326.12,544004191.9,1941596,6215,1.56,0.1,BANKSUBIND
68807,2026-07-21,52,7460.09,7477.96,7538.78,7385.09,8457.99,5895.07,175160475.6,346596,2454,-17.87,-0.23,HOTELIND
68808,2026-07-21,53,2030.05,2004.81,2053.76,2004.58,2774.99,1883.62,358145530.0,500924,4247,24.12,1.2,OTHERSIND
68809,2026-07-21,54,3800.76,3798.23,3846.85,3764.0,4129.68,3147.74,3170105861.5,8096997,39191,-2.13,-0.05,HYDPOWIND
68810,2026-07-21,55,5755.69,5782.51,5805.96,5710.5,6557.35,5236.74,410322393.1,585382,4193,-23.17,-0.4,DEVBANKIND
68811,2026-07-21,56,11025.87,10911.34,11108.32,10880.37,11881.08,6982.78,809032433.7,660656,7394,70.46,0.64,MANPROCIND
68812,2026-07-21,57,472.42,472.74,475.4,469.37,518.59,435.29,2306411291.5,5321798,18393,-0.18,-0.03,SENSIND
68813,2026-07-21,58,2726.49,2719.38,2754.08,2704.96,3002.07,2487.17,6471635168.1,13483585,74085,7.25,0.26,NEPSE
68814,2026-07-21,59,11075.86,11092.04,11139.18,10993.5,13705.07,10448.66,68210365.1,119783,960,-16.18,-0.14,NONLIFIND
68815,2026-07-21,60,2451.5,2443.05,2482.09,2436.01,2719.1,2157.02,234872771.6,407767,1806,-17.2,-0.69,FININD
68816,2026-07-21,61,3464.43,3367.24,3690.83,3305.1,4489.29,3223.33,10862087.0,2393,85,97.19,2.88,TRDIND
68817,2026-07-21,62,186.62,186.32,188.11,185.22,206.25,170.57,6471635168.1,13483585,74085,0.19,0.1,FLOATIND
68818,2026-07-21,63,160.02,159.7,161.08,158.95,177.3,147.6,2306411291.5,5321798,18393,0.0,0.0,SENSFLTIND
68802,2026-07-21,64,4712.15,4722.73,4742.68,4678.77,5688.96,4539.86,176933662.2,190082,2575,-1.17,-0.02,MICRFININD
68803,2026-07-21,65,12354.95,12482.77,12502.36,12225.06,14495.86,11763.82,128593760.0,242055,2427,-14.71,-0.11,LIFINSIND
68804,2026-07-21,66,21.56,21.72,21.72,21.47,22.33,19.82,12230918.94,1162844,555,-0.15,-0.71,MUTUALIND
68805,2026-07-21,67,101.1,101.42,102.0,99.77,122.47,94.95,385391636.4,389354,2538,0.5,0.49,INVIDX
68823,2026-07-22,51,1466.14,1470.24,1474.53,1458.42,1567.1,1326.12,346914096.1,1245718,4337,-4.1,-0.27,BANKSUBIND
68824,2026-07-22,52,7436.49,7424.05,7482.14,7382.05,8457.99,5895.07,213518331.2,483428,2551,-23.59,-0.31,HOTELIND
68825,2026-07-22,53,2010.09,2047.95,2047.95,1996.34,2774.99,1883.62,191431595.9,258149,2216,-19.96,-0.98,OTHERSIND
68826,2026-07-22,54,3778.85,3775.24,3794.47,3749.57,4129.68,3147.74,2361713586.45,5971087,28099,-21.91,-0.57,HYDPOWIND
68827,2026-07-22,55,5741.82,5726.63,5757.86,5707.85,6557.35,5236.74,307200611.0,425478,3266,-13.86,-0.24,DEVBANKIND
68828,2026-07-22,56,11076.44,10934.73,11079.31,10897.62,11881.08,6982.78,707367283.2,547804,5817,50.57,0.45,MANPROCIND
68829,2026-07-22,57,470.31,471.77,473.24,467.94,518.59,435.29,1831204050.15,3939082,13349,-2.1,-0.44,SENSIND
68830,2026-07-22,58,2712.54,2719.81,2722.58,2694.54,3002.07,2487.17,5145771935.45,10323928,55294,-13.95,-0.51,NEPSE
68831,2026-07-22,59,10935.25,11075.86,11075.86,10868.98,13705.07,10448.66,72295382.7,123879,639,-140.61,-1.26,NONLIFIND
68832,2026-07-22,60,2463.68,2429.12,2484.37,2429.12,2719.1,2157.02,371007101.2,647738,2903,12.17,0.49,FININD
68833,2026-07-22,61,3374.15,3464.43,3468.44,3364.96,4489.29,3223.33,8701871.0,1765,35,-90.27,-2.6,TRDIND
68834,2026-07-22,62,185.85,186.13,186.6,184.77,206.25,170.57,5145771935.45,10323928,55294,-0.77,-0.41,FLOATIND
68835,2026-07-22,63,159.43,159.76,160.4,158.65,177.3,147.6,1831204050.15,3939082,13349,-0.58,-0.36,SENSFLTIND
68819,2026-07-22,64,4692.29,4711.56,4718.82,4656.87,5688.96,4539.86,139261864.0,151465,1892,-19.85,-0.42,MICRFININD
68820,2026-07-22,65,12274.93,12280.42,12343.25,12195.89,14495.86,11763.82,78199271.1,144880,1692,-80.01,-0.64,LIFINSIND
68821,2026-07-22,66,21.54,21.56,21.57,21.41,22.33,19.82,8913725.12,902850,519,-0.01,-0.07,MUTUALIND
68822,2026-07-22,67,100.59,100.74,101.3,99.59,122.47,94.95,348160941.6,322537,1847,-0.5,-0.5,INVIDX
68840,2026-07-23,51,1471.79,1433.76,1471.79,1433.76,1567.1,1326.12,358271471.6,1352973,4433,5.64,0.38,BANKSUBIND
68841,2026-07-23,52,7510.39,7409.56,7510.39,7354.64,8457.99,5895.07,135081656.5,233233,2002,73.9,0.99,HOTELIND
68842,2026-07-23,53,2008.47,2008.28,2014.56,1987.74,2774.99,1883.62,122035211.2,165552,1839,-1.61,-0.08,OTHERSIND
68843,2026-07-23,54,3821.18,3777.2,3821.65,3729.79,4129.68,3147.74,2291972387.1,5386957,31827,42.32,1.12,HYDPOWIND
68844,2026-07-23,55,5784.67,5718.5,5786.78,5694.67,6557.35,5236.74,311269726.3,389809,2981,42.84,0.74,DEVBANKIND
68845,2026-07-23,56,11115.12,10923.23,11160.56,10923.23,11881.08,6982.78,750378194.8,546219,7096,38.67,0.34,MANPROCIND
68846,2026-07-23,57,471.3,466.43,471.3,466.43,518.59,435.29,1359320370.0,3164304,11137,0.98,0.21,SENSIND
68847,2026-07-23,58,2726.72,2695.63,2726.77,2689.3,3002.07,2487.17,4641435105.3,9026032,57111,14.17,0.52,NEPSE
68848,2026-07-23,59,11005.85,10935.25,11005.85,10844.02,13620.87,10448.66,45595628.5,82778,604,70.6,0.64,NONLIFIND
68849,2026-07-23,60,2470.46,2452.14,2470.46,2435.44,2719.1,2157.02,171670097.8,293972,1446,6.78,0.27,FININD
68850,2026-07-23,61,3461.3,3374.15,3461.3,3354.87,4489.29,3223.33,7994920.0,1603,39,87.14,2.58,TRDIND
68851,2026-07-23,62,186.58,184.45,186.58,184.27,206.25,170.57,4641435105.3,9026032,57111,0.73,0.39,FLOATIND
68852,2026-07-23,63,159.73,157.79,159.73,157.79,177.3,147.6,1359320370.0,3164304,11137,0.29,0.18,SENSFLTIND
68836,2026-07-23,64,4698.69,4681.54,4698.69,4648.45,5688.96,4539.86,135319748.6,156466,1668,6.39,0.13,MICRFININD
68837,2026-07-23,65,12303.08,12459.07,12467.87,12144.1,14422.97,11763.82,90429781.8,162042,1883,28.15,0.22,LIFINSIND
68838,2026-07-23,66,21.66,21.57,21.66,21.39,22.33,19.82,9433132.18,942647,451,0.11,0.53,MUTUALIND
68839,2026-07-23,67,100.16,100.37,100.87,99.41,122.47,94.95,221416281.1,254428,1293,-0.42,-0.42,INVIDX
68857,2026-07-24,51,1489.12,1469.18,1493.5,1466.34,1567.1,1326.12,966119803.65,3644113,10036,17.33,1.17,BANKSUBIND
68858,2026-07-24,52,7542.4,7510.39,7640.47,7510.39,8457.99,5895.07,178232464.5,292164,2748,32.0,0.42,HOTELIND
68859,2026-07-24,53,2003.17,2003.05,2022.01,1982.29,2774.99,1883.62,202637836.8,252370,2561,-5.3,-0.26,OTHERSIND
68860,2026-07-24,54,3816.33,3816.04,3857.68,3801.43,4129.68,3147.74,2600099251.5,6051896,33798,-4.84,-0.12,HYDPOWIND
68861,2026-07-24,55,5840.76,5771.7,5847.66,5750.97,6557.35,5236.74,508298135.3,734868,4254,56.09,0.96,DEVBANKIND
68862,2026-07-24,56,11049.18,11024.58,11268.27,11005.59,11881.08,6982.78,665052777.1,569645,7132,-65.93,-0.59,MANPROCIND
68863,2026-07-24,57,473.47,469.25,474.92,469.06,518.59,435.29,1930873008.45,4396612,15245,2.16,0.45,SENSIND
68864,2026-07-24,58,2734.6,2719.74,2747.23,2715.51,3002.07,2487.17,6148469458.85,12849127,69381,7.88,0.28,NEPSE
68865,2026-07-24,59,11008.71,11005.85,11084.6,10940.77,13542.65,10448.66,56975373.6,96962,813,2.85,0.02,NONLIFIND
68866,2026-07-24,60,2465.49,2459.84,2485.7,2456.8,2717.59,2157.02,248527871.0,412772,1705,-4.97,-0.2,FININD
68867,2026-07-24,61,3449.02,3461.3,3463.71,3363.74,4489.29,3223.33,7351964.0,1436,32,-12.27,-0.35,TRDIND
68868,2026-07-24,62,187.4,186.0,188.04,185.8,206.25,170.57,6148469458.85,12849127,69381,0.82,0.43,FLOATIND
68869,2026-07-24,63,160.53,158.91,160.94,158.83,177.3,147.6,1930873008.45,4396612,15245,0.8,0.5,SENSFLTIND
68853,2026-07-24,64,4715.96,4669.25,4717.33,4659.47,5688.96,4539.86,172005201.0,174985,2360,17.26,0.36,MICRFININD
68854,2026-07-24,65,12319.59,12301.62,12365.56,12274.17,14388.61,11763.82,137742784.4,232995,2178,16.5,0.13,LIFINSIND
68855,2026-07-24,66,21.21,21.41,21.41,21.08,22.33,19.82,7110590.32,726054,501,-0.45,-2.08,MUTUALIND
68856,2026-07-24,67,100.46,99.74,101.07,99.74,122.47,94.95,405425996.0,384921,1764,0.29,0.29,INVIDX
68874,2026-07-27,51,1490.75,1463.24,1521.98,1460.5,1567.1,1326.12,1271410860.2,4639639,12488,1.63,0.1,BANKSUBIND
68875,2026-07-27,52,7374.56,7509.81,7535.21,7365.93,8457.99,5895.07,177829098.7,315296,2168,-167.84,-2.22,HOTELIND
68876,2026-07-27,53,1969.13,2006.5,2007.38,1963.19,2774.99,1883.62,190699501.4,268727,2600,-34.03,-1.69,OTHERSIND
68877,2026-07-27,54,3743.78,3806.77,3813.31,3726.23,4129.68,3147.74,1989554119.8,5138651,31280,-72.55,-1.9,HYDPOWIND
68878,2026-07-27,55,5733.96,5775.05,5850.08,5712.95,6557.35,5236.74,368679000.1,561773,3403,-106.8,-1.82,DEVBANKIND
68879,2026-07-27,56,10792.81,10926.13,11034.6,10722.95,11881.08,6982.78,743263221.3,537942,6944,-256.37,-2.32,MANPROCIND
68880,2026-07-27,57,471.49,469.39,477.97,468.88,518.59,435.29,2009454116.0,5326368,18209,-1.98,-0.41,SENSIND
68881,2026-07-27,58,2701.32,2716.41,2744.89,2693.03,3002.07,2487.17,5811033101.2,12948232,68972,-33.28,-1.21,NEPSE
68882,2026-07-27,59,10875.18,11008.71,11017.01,10838.81,13504.64,10448.66,52689910.9,88463,794,-133.53,-1.21,NONLIFIND
68883,2026-07-27,60,2448.04,2434.55,2494.3,2434.55,2717.59,2157.02,416769705.9,690068,2899,-17.45,-0.7,FININD
68884,2026-07-27,61,3372.01,3449.02,3452.64,3368.17,4489.29,3223.33,7434817.7,1447,28,-77.01,-2.23,TRDIND
68885,2026-07-27,62,185.53,185.87,188.63,184.95,206.25,170.57,5811033101.2,12948232,68972,-1.86,-0.99,FLOATIND
68886,2026-07-27,63,159.88,158.92,162.34,158.71,177.3,147.6,2009454116.0,5326368,18209,-0.65,-0.4,SENSFLTIND
68870,2026-07-27,64,4655.75,4706.26,4712.91,4642.76,5688.96,4539.86,154487369.2,158450,2246,-60.21,-1.27,MICRFININD
68871,2026-07-27,65,12164.76,12334.59,12352.84,12153.45,14223.74,11763.82,133949499.6,265944,2230,-154.82,-1.25,LIFINSIND
68872,2026-07-27,66,21.24,21.26,21.34,21.09,22.33,19.82,6779488.85,636571,478,0.03,0.15,MUTUALIND
68873,2026-07-27,67,99.75,100.18,101.37,99.21,121.45,94.95,304265996.4,281832,1892,-0.71,-0.7,INVIDX
68891,2026-07-28,51,1489.62,1492.65,1496.91,1479.2,1567.1,1326.12,666198466.5,2417527,6354,-1.13,-0.07,BANKSUBIND
68892,2026-07-28,52,7388.24,7374.56,7427.21,7336.01,8457.99,5895.07,113453874.8,213064,1887,13.68,0.18,HOTELIND
68893,2026-07-28,53,1953.28,2001.57,2005.34,1948.72,2774.99,1883.62,106145827.9,153362,1749,-15.84,-0.8,OTHERSIND
68894,2026-07-28,54,3749.73,3729.7,3756.46,3710.31,4129.68,3147.74,1885394587.14,4733300,28960,5.94,0.15,HYDPOWIND
68895,2026-07-28,55,5722.99,5696.36,5740.67,5677.44,6557.35,5236.74,246670617.9,325148,2948,-10.97,-0.19,DEVBANKIND
68896,2026-07-28,56,10764.11,10883.84,10883.84,10663.73,11881.08,6982.78,506127844.0,418946,5855,-28.7,-0.26,MANPROCIND
68897,2026-07-28,57,470.79,471.76,471.91,468.28,518.59,435.29,1369521438.0,3523850,11885,-0.7,-0.14,SENSIND
68898,2026-07-28,58,2696.67,2704.76,2705.83,2680.87,3002.07,2487.17,4379490102.54,9442501,54869,-4.64,-0.17,NEPSE
68899,2026-07-28,59,10848.47,10875.18,10905.96,10793.22,13504.64,10448.66,36705112.4,64868,633,-26.7,-0.24,NONLIFIND
68900,2026-07-28,60,2449.52,2431.52,2464.2,2431.52,2717.59,2157.02,451613233.0,709492,1898,1.48,0.06,FININD
68901,2026-07-28,61,3397.01,3372.01,3432.73,3327.35,4489.29,3223.33,17535205.0,3451,45,25.0,0.74,TRDIND
68902,2026-07-28,62,185.22,185.65,185.82,184.17,206.25,170.57,4379490102.54,9442501,54869,-0.31,-0.16,FLOATIND
68903,2026-07-28,63,159.7,160.1,160.11,158.71,177.3,147.6,1369521438.0,3523850,11885,-0.18,-0.11,SENSFLTIND
68887,2026-07-28,64,4649.51,4640.59,4663.02,4627.2,5688.96,4539.86,99000388.2,97509,1558,-6.23,-0.13,MICRFININD
68888,2026-07-28,65,12093.88,12159.0,12173.9,12071.02,14223.74,11763.82,69393914.1,137238,1747,-70.87,-0.58,LIFINSIND
68889,2026-07-28,66,21.14,21.24,21.25,21.02,22.33,19.82,8853700.33,905394,527,-0.09,-0.46,MUTUALIND
68890,2026-07-28,67,98.98,100.11,100.11,98.94,121.45,94.95,181251031.6,168596,1235,-0.76,-0.76,INVIDX
68908,2026-07-29,51,1485.48,1498.21,1498.21,1479.85,1567.1,1326.12,553774682.9,2006917,5365,-4.13,-0.27,BANKSUBIND
68909,2026-07-29,52,7349.58,7370.75,7425.61,7343.61,8457.99,5895.07,78033991.7,143798,1376,-38.65,-0.52,HOTELIND
68910,2026-07-29,53,1961.84,1955.51,1979.3,1948.91,2774.99,1883.62,87681346.2,124242,1398,8.55,0.43,OTHERSIND
68911,2026-07-29,54,3735.09,3746.05,3761.77,3713.57,4129.68,3147.74,1807726920.6,4661096,24553,-14.64,-0.39,HYDPOWIND
68912,2026-07-29,55,5713.21,5727.32,5734.09,5688.92,6533.55,5236.74,361841036.9,453115,3619,-9.77,-0.17,DEVBANKIND
68913,2026-07-29,56,10704.2,10627.46,10809.98,10627.46,11881.08,6982.78,365276165.9,277509,4333,-59.9,-0.55,MANPROCIND
68914,2026-07-29,57,470.0,470.68,472.14,468.42,518.59,435.29,1254752357.4,3046455,10728,-0.78,-0.16,SENSIND
68915,2026-07-29,58,2688.88,2698.54,2706.85,2681.15,3002.07,2487.17,3970728636.1,8620971,47320,-7.79,-0.28,NEPSE
68916,2026-07-29,59,10785.97,10848.47,10932.09,10746.29,13504.64,10448.66,59715753.2,102251,656,-62.5,-0.57,NONLIFIND
68917,2026-07-29,60,2435.54,2451.53,2453.22,2428.41,2714.27,2157.02,281485211.4,441119,1271,-13.97,-0.57,FININD
68918,2026-07-29,61,3396.39,3397.01,3414.87,3332.72,4477.93,3223.33,8308536.2,1641,36,-0.62,-0.01,TRDIND
68919,2026-07-29,62,184.57,185.5,185.92,183.98,206.25,170.57,3970728636.1,8620971,47320,-0.65,-0.35,FLOATIND
68920,2026-07-29,63,159.27,159.55,160.16,158.73,177.3,147.6,1254752357.4,3046455,10728,-0.42,-0.26,SENSFLTIND
68904,2026-07-29,64,4621.23,4648.5,4662.3,4604.63,5688.96,4539.86,109131023.6,115611,1698,-28.28,-0.6,MICRFININD
68905,2026-07-29,65,12069.98,12182.65,12198.48,12046.58,14223.74,11763.82,62019126.8,115512,1701,-23.9,-0.19,LIFINSIND
68906,2026-07-29,66,21.21,21.14,21.23,21.01,22.33,19.82,8688850.78,861950,520,0.06,0.31,MUTUALIND
68907,2026-07-29,67,98.75,98.81,99.48,98.47,121.45,94.95,195734840.7,178160,1314,-0.22,-0.23,INVIDX
68925,2026-07-30,51,1480.5,1432.54,1495.37,1432.54,1567.1,1326.12,412690078.3,1534466,4345,-4.98,-0.33,BANKSUBIND
68926,2026-07-30,52,7334.15,7349.58,7375.34,7284.44,8457.99,5895.07,74200254.3,146720,1424,-15.43,-0.21,HOTELIND
68927,2026-07-30,53,1948.24,1961.84,1968.6,1943.13,2774.99,1883.62,62234536.4,90465,1141,-13.59,-0.69,OTHERSIND
68928,2026-07-30,54,3690.16,3721.37,3737.37,3676.16,4129.68,3147.74,1446363319.6,3623234,21914,-44.92,-1.2,HYDPOWIND
68929,2026-07-30,55,5648.79,5718.21,5718.21,5631.54,6525.43,5236.74,313934293.3,393711,3539,-64.42,-1.12,DEVBANKIND
68930,2026-07-30,56,10632.14,10665.75,10771.46,10559.27,11881.08,6982.78,512124478.8,395999,5517,-72.06,-0.67,MANPROCIND
68931,2026-07-30,57,467.69,463.09,471.64,463.09,507.84,435.29,978740615.6,2401447,9224,-2.31,-0.49,SENSIND
68932,2026-07-30,58,2672.58,2661.13,2695.86,2657.63,2960.4,2487.17,3354371852.5,6918623,44046,-16.29,-0.6,NEPSE
68933,2026-07-30,59,10768.16,10785.97,10843.64,10641.97,13295.96,10448.66,56396749.8,82807,731,-17.8,-0.16,NONLIFIND
68934,2026-07-30,60,2432.3,2409.36,2444.41,2409.36,2705.17,2157.02,166192812.6,269658,1174,-3.24,-0.13,FININD
68935,2026-07-30,61,3382.04,3396.39,3467.82,3057.08,4400.57,3223.33,4782346.5,1052,43,-14.34,-0.42,TRDIND
68936,2026-07-30,62,183.59,182.17,185.06,182.15,204.2,170.57,3354371852.5,6918623,44046,-0.97,-0.52,FLOATIND
68937,2026-07-30,63,158.5,156.62,159.84,156.62,173.56,147.6,978740615.6,2401447,9224,-0.77,-0.48,SENSFLTIND
68921,2026-07-30,64,4599.37,4615.2,4629.21,4582.65,5502.25,4539.86,110730698.0,106885,1636,-21.86,-0.47,MICRFININD
68922,2026-07-30,65,12018.4,12031.78,12128.78,11976.51,13972.79,11763.82,67602887.0,127541,1488,-51.58,-0.42,LIFINSIND
68923,2026-07-30,66,21.06,21.18,21.18,20.97,22.33,19.82,4734168.74,477260,381,-0.15,-0.72,MUTUALIND
68924,2026-07-30,67,98.21,98.75,99.1,97.85,119.44,94.95,127119397.9,146085,1094,-0.54,-0.55,INVIDX
68942,2026-07-31,51,1491.29,1472.67,1494.89,1466.51,1567.1,1326.12,578971455.4,2044940,5368,10.78,0.72,BANKSUBIND
68943,2026-07-31,52,7369.43,7271.3,7373.56,7271.3,8457.99,5895.07,82970099.9,153312,1456,35.27,0.48,HOTELIND
68944,2026-07-31,53,1966.42,1934.42,2013.48,1929.33,2766.63,1883.62,109854286.09,144736,1493,18.18,0.93,OTHERSIND
68945,2026-07-31,54,3715.96,3690.2,3717.35,3659.99,4129.68,3147.74,1557216140.4,3930603,22221,25.79,0.69,HYDPOWIND
68946,2026-07-31,55,5676.15,5638.66,5687.85,5607.5,6525.43,5236.74,297018509.7,408584,3558,27.36,0.48,DEVBANKIND
68947,2026-07-31,56,10659.55,10634.8,10682.79,10526.51,11881.08,6982.78,388831834.0,334906,5766,27.41,0.25,MANPROCIND
68948,2026-07-31,57,470.13,466.82,470.86,465.07,507.0,435.29,1235480462.1,3179733,10327,2.44,0.52,SENSIND
68949,2026-07-31,58,2685.54,2665.81,2692.23,2653.23,2960.4,2487.17,3680578912.79,7971199,46273,12.96,0.48,NEPSE
68950,2026-07-31,59,10749.96,10768.16,10789.12,10627.27,13201.72,10448.66,31073047.0,58636,543,-18.19,-0.16,NONLIFIND
68951,2026-07-31,60,2436.71,2417.86,2441.66,2408.5,2705.17,2157.02,261578610.6,434044,1479,4.41,0.18,FININD
68952,2026-07-31,61,3379.6,3382.04,3394.87,3315.31,4353.86,3223.33,2180344.0,450,27,-2.43,-0.07,TRDIND
68953,2026-07-31,62,184.59,183.09,184.81,182.39,204.2,170.57,3680578912.79,7971199,46273,1.0,0.54,FLOATIND
68954,2026-07-31,63,159.48,158.34,159.63,157.55,173.41,147.6,1235480462.1,3179733,10327,0.97,0.61,SENSFLTIND
68938,2026-07-31,64,4610.43,4590.05,4610.52,4563.6,5474.4,4539.86,109150494.8,114795,1661,11.06,0.24,MICRFININD
68939,2026-07-31,65,12042.14,12032.96,12067.67,11947.75,13916.15,11763.82,100503837.8,194765,1627,23.74,0.19,LIFINSIND
68940,2026-07-31,66,21.11,21.06,21.11,20.96,22.33,19.82,2269568.17,233475,303,0.05,0.25,MUTUALIND
68941,2026-07-31,67,98.44,98.01,98.52,97.56,117.86,94.95,161230253.1,151428,1074,0.22,0.23,INVIDX
68959,2026-08-03,51,1495.24,1430.26,1508.11,1430.26,1567.1,1326.12,815485395.8,2925432,7432,3.94,0.26,BANKSUBIND
68960,2026-08-03,52,7370.59,7369.43,7432.87,7324.43,8457.99,5895.07,66888961.1,124530,1390,1.16,0.01,HOTELIND
68961,2026-08-03,53,1950.09,1966.42,1987.34,1946.82,2761.49,1883.62,105747739.2,142153,1657,-16.33,-0.83,OTHERSIND
68962,2026-08-03,54,3716.27,3710.8,3743.94,3703.18,4129.68,3147.74,1605815614.5,3954713,27632,0.31,0.0,HYDPOWIND
68963,2026-08-03,55,5689.48,5674.05,5715.6,5651.64,6525.43,5236.74,428270408.0,568160,3055,13.32,0.23,DEVBANKIND
68964,2026-08-03,56,10598.42,10696.41,10756.35,10572.84,11881.08,6982.78,798579989.2,585646,14403,-61.12,-0.57,MANPROCIND
68965,2026-08-03,57,470.63,462.6,473.76,462.24,507.0,435.29,1539076721.0,3940200,13210,0.49,0.1,SENSIND
68966,2026-08-03,58,2684.33,2659.11,2705.46,2658.08,2960.4,2487.17,4521016076.2,9217959,62854,-1.2,-0.04,NEPSE
68967,2026-08-03,59,10782.8,10749.96,10841.14,10719.29,12972.18,10448.66,38942495.5,68833,591,32.84,0.3,NONLIFIND
68968,2026-08-03,60,2429.41,2422.4,2454.47,2422.4,2705.17,2157.02,167804671.0,276089,1148,-7.3,-0.29,FININD
68969,2026-08-03,61,3348.08,3379.6,3451.03,3340.58,4353.86,3223.33,1569418.0,325,21,-31.51,-0.93,TRDIND
68970,2026-08-03,62,184.73,182.11,185.81,181.93,204.2,170.57,4521016076.2,9217959,62854,0.14,0.07,FLOATIND
68971,2026-08-03,63,159.65,156.6,160.64,156.3,173.41,147.6,1539076721.0,3940200,13210,0.17,0.11,SENSFLTIND
68955,2026-08-03,64,4624.57,4601.64,4638.95,4601.64,5463.04,4539.86,178139820.3,150999,2129,14.14,0.3,MICRFININD
68956,2026-08-03,65,12053.94,12016.13,12112.52,11970.9,13916.15,11763.82,100190383.6,179251,2125,11.8,0.09,LIFINSIND
68957,2026-08-03,66,21.21,21.11,21.27,20.97,22.33,19.82,20417664.4,2071775,516,0.1,0.49,MUTUALIND
68958,2026-08-03,67,98.33,99.57,99.64,98.06,115.41,94.95,213581180.0,241828,1271,-0.1,-0.1,INVIDX
68976,2026-08-04,51,1483.14,1498.08,1501.58,1479.45,1567.1,1326.12,571618917.0,1872306,5411,-12.09,-0.8,BANKSUBIND
68977,2026-08-04,52,7325.17,7406.83,7406.83,7276.82,8457.99,5895.07,85686024.0,182652,1244,-45.41,-0.61,HOTELIND
68978,2026-08-04,53,1929.75,1951.34,1963.79,1929.75,2761.49,1883.62,95962505.0,127108,1506,-20.34,-1.04,OTHERSIND
68979,2026-08-04,54,3695.61,3712.57,3712.57,3682.26,4129.68,3147.74,1862782062.19,5294201,26388,-20.66,-0.55,HYDPOWIND
68980,2026-08-04,55,5660.79,5681.96,5681.96,5633.1,6525.43,5236.74,292447458.7,482959,2921,-28.68,-0.5,DEVBANKIND
68981,2026-08-04,56,10458.58,10652.59,10707.04,10440.82,11881.08,6982.78,421745448.0,386493,6500,-139.84,-1.31,MANPROCIND
68982,2026-08-04,57,467.96,471.17,471.78,467.18,507.0,435.29,1280554672.2,3130200,11701,-2.66,-0.56,SENSIND
68983,2026-08-04,58,2663.18,2685.41,2687.17,2659.8,2960.4,2487.17,3971563599.87,9363582,51531,-21.15,-0.78,NEPSE
68984,2026-08-04,59,10723.6,10782.8,10793.33,10662.83,12905.83,10448.66,45960386.7,81383,633,-59.2,-0.54,NONLIFIND
68985,2026-08-04,60,2426.0,2428.65,2433.89,2411.01,2705.17,2157.02,282044082.2,457615,1785,-3.4,-0.14,FININD
68986,2026-08-04,61,3308.16,3348.08,3386.65,3298.79,4353.86,3223.33,1866883.0,393,25,-39.91,-1.19,TRDIND
68987,2026-08-04,62,183.33,184.95,185.04,183.02,204.2,170.57,3971563599.87,9363582,51531,-1.4,-0.75,FLOATIND
68988,2026-08-04,63,158.57,160.01,160.21,158.26,173.41,147.6,1280554672.2,3130200,11701,-1.08,-0.68,SENSFLTIND
68972,2026-08-04,64,4590.92,4617.07,4626.49,4575.32,5463.04,4539.86,106424049.18,122081,1885,-33.65,-0.72,MICRFININD
68973,2026-08-04,65,11955.01,12034.95,12062.99,11935.34,13916.15,11763.82,93423292.6,180722,2047,-98.93,-0.82,LIFINSIND
68974,2026-08-04,66,21.12,21.21,21.33,21.09,22.33,19.82,5667369.07,556416,495,-0.09,-0.44,MUTUALIND
68975,2026-08-04,67,97.62,98.0,98.72,97.36,115.41,94.95,111602491.3,175669,1186,-0.71,-0.72,INVIDX
68993,2026-08-05,51,1476.78,1487.97,1488.02,1470.67,1567.1,1326.12,503468703.9,1728320,5069,-6.35,-0.42,BANKSUBIND
68994,2026-08-05,52,7341.93,7297.57,7349.19,7287.63,8457.99,5895.07,79771819.7,172155,1543,16.75,0.22,HOTELIND
68995,2026-08-05,53,1934.96,1945.87,1952.08,1922.32,2761.49,1883.62,101610657.7,133170,1412,5.2,0.26,OTHERSIND
68996,2026-08-05,54,3749.4,3690.08,3749.52,3680.47,4129.68,3147.74,2310703483.89,5555771,30117,53.79,1.45,HYDPOWIND
68997,2026-08-05,55,5632.33,5666.32,5675.69,5618.56,6525.43,5236.74,264377630.3,417072,2453,-28.46,-0.5,DEVBANKIND
68998,2026-08-05,56,10460.84,10519.76,10524.19,10382.06,11881.08,6982.78,461630683.9,379611,13307,2.25,0.02,MANPROCIND
68999,2026-08-05,57,467.36,468.17,468.94,464.98,507.0,435.29,1407074380.9,3338012,10899,-0.6,-0.12,SENSIND
69000,2026-08-05,58,2667.97,2666.95,2673.12,2652.91,2960.4,2487.17,4372757985.39,9310855,60616,4.79,0.18,NEPSE
69001,2026-08-05,59,10712.26,10756.86,10794.6,10658.46,12749.0,10448.66,19203590.1,34833,427,-11.33,-0.1,NONLIFIND
69002,2026-08-05,60,2417.57,2420.88,2430.2,2405.13,2705.17,2157.02,286486283.7,447898,1444,-8.42,-0.34,FININD
69003,2026-08-05,61,3361.29,3308.16,3393.88,3266.73,4297.17,3223.33,2351598.0,505,29,53.13,1.6,TRDIND
69004,2026-08-05,62,183.29,183.7,183.76,182.63,204.2,170.57,4372757985.39,9310855,60616,-0.03,-0.02,FLOATIND
69005,2026-08-05,63,158.26,158.76,158.9,157.6,173.41,147.6,1407074380.9,3338012,10899,-0.3,-0.19,SENSFLTIND
68989,2026-08-05,64,4575.94,4593.54,4598.68,4561.95,5463.04,4539.86,109092923.1,116508,1699,-14.97,-0.32,MICRFININD
68990,2026-08-05,65,11946.28,11954.84,11959.8,11902.13,13916.15,11763.82,66326579.9,131804,1959,-8.72,-0.07,LIFINSIND
68991,2026-08-05,66,21.11,21.12,21.13,20.98,22.33,19.82,5312740.82,511989,488,-0.01,-0.06,MUTUALIND
68992,2026-08-05,67,97.56,97.06,98.47,96.82,114.23,94.95,167734031.2,193208,1157,-0.05,-0.06,INVIDX
69010,2026-08-06,51,1464.26,1472.58,1497.31,1460.72,1567.1,1326.12,498282463.35,1821428,5862,-12.52,-0.84,BANKSUBIND
69011,2026-08-06,52,7309.45,7358.67,7367.94,7301.35,8457.99,5895.07,89893245.3,168408,1344,-32.47,-0.44,HOTELIND
69012,2026-08-06,53,1929.45,1951.08,1953.94,1919.84,2761.49,1883.62,56064844.4,77650,1146,-5.5,-0.28,OTHERSIND
69013,2026-08-06,54,3735.06,3754.0,3774.31,3725.39,4129.68,3147.74,2470275474.4,6257099,30688,-14.34,-0.38,HYDPOWIND
69014,2026-08-06,55,5610.56,5622.32,5639.58,5593.31,6525.43,5236.74,316082963.4,505252,3801,-21.77,-0.38,DEVBANKIND
69015,2026-08-06,56,10367.79,10380.73,10443.01,10359.71,11881.08,6982.78,494607586.5,392084,9992,-93.04,-0.88,MANPROCIND
69016,2026-08-06,57,464.73,466.44,470.15,464.18,507.0,435.29,1488688684.1,3677703,12348,-2.62,-0.56,SENSIND
69017,2026-08-06,58,2654.15,2666.12,2678.22,2647.72,2960.4,2487.17,4571655650.45,10113599,59451,-13.82,-0.51,NEPSE
69018,2026-08-06,59,10633.61,10712.26,10719.02,10617.58,12749.0,10448.66,37352773.4,67892,553,-78.64,-0.73,NONLIFIND
69019,2026-08-06,60,2415.14,2400.08,2441.23,2400.08,2705.17,2157.02,276621040.0,416063,1403,-2.43,-0.1,FININD
69020,2026-08-06,61,3381.3,3361.29,3411.23,3300.58,4297.17,3223.33,2238680.1,525,40,20.0,0.59,TRDIND
69021,2026-08-06,62,182.26,183.23,184.16,181.95,204.2,170.57,4571655650.45,10113599,59451,-1.03,-0.56,FLOATIND
69022,2026-08-06,63,157.34,158.13,159.22,157.12,173.41,147.6,1488688684.1,3677703,12348,-0.91,-0.57,SENSFLTIND
69006,2026-08-06,64,4562.05,4580.61,4583.97,4552.97,5463.04,4539.86,98396215.7,107143,1568,-13.89,-0.3,MICRFININD
69007,2026-08-06,65,11865.57,11924.13,11953.6,11846.76,13916.15,11763.82,85955444.5,167225,2009,-80.71,-0.67,LIFINSIND
69008,2026-08-06,66,20.97,21.11,21.11,20.87,22.33,19.82,4883507.84,483769,752,-0.13,-0.65,MUTUALIND
69009,2026-08-06,67,97.26,97.49,97.99,97.1,114.23,94.95,145884919.4,132830,1045,-0.29,-0.3,INVIDX
69027,2026-08-07,51,1460.63,1464.26,1468.01,1456.19,1567.1,1326.12,515634213.1,1686162,5183,-3.62,-0.24,BANKSUBIND
69028,2026-08-07,52,7289.43,7282.3,7326.76,7265.34,8457.99,5895.07,135940145.3,239156,1476,-20.01,-0.27,HOTELIND
69029,2026-08-07,53,1925.19,1940.74,1940.74,1916.47,2761.49,1883.62,73945613.6,101523,1309,-4.25,-0.22,OTHERSIND
69030,2026-08-07,54,3729.96,3729.56,3741.86,3702.72,4129.68,3147.74,1996525373.0,4903950,23570,-5.09,-0.13,HYDPOWIND
69031,2026-08-07,55,5598.39,5616.44,5616.44,5577.71,6525.43,5236.74,162331012.6,259023,2162,-12.16,-0.21,DEVBANKIND
69032,2026-08-07,56,10394.12,10308.36,10463.61,10303.27,11881.08,6982.78,293494854.51,270259,5601,26.32,0.25,MANPROCIND
69033,2026-08-07,57,463.56,464.66,465.57,462.84,507.0,435.29,1156304884.2,2803891,10674,-1.16,-0.25,SENSIND
69034,2026-08-07,58,2650.09,2652.91,2657.44,2641.93,2960.4,2487.17,3659936161.11,8131107,46013,-4.05,-0.15,NEPSE
69035,2026-08-07,59,10607.18,10633.61,10650.21,10571.31,12749.0,10448.66,45832709.6,83598,667,-26.43,-0.24,NONLIFIND
69036,2026-08-07,60,2398.02,2392.93,2409.54,2392.93,2705.17,2157.02,96025756.7,167606,951,-17.11,-0.7,FININD
69037,2026-08-07,61,3387.9,3381.3,3391.03,3305.31,4297.17,3223.33,3084226.0,615,24,6.6,0.19,TRDIND
69038,2026-08-07,62,181.79,182.17,182.4,181.33,204.2,170.57,3659936161.11,8131107,46013,-0.47,-0.25,FLOATIND
69039,2026-08-07,63,156.9,157.32,157.54,156.63,173.41,147.6,1156304884.2,2803891,10674,-0.44,-0.28,SENSFLTIND
69023,2026-08-07,64,4562.77,4557.63,4572.73,4544.88,5463.04,4539.86,150852363.2,152626,2139,0.71,0.01,MICRFININD
69024,2026-08-07,65,11828.29,11880.16,11880.16,11792.2,13916.15,11763.82,71424933.3,136917,1930,-37.28,-0.31,LIFINSIND
69025,2026-08-07,66,21.08,20.97,21.08,20.85,22.33,19.82,13851057.4,1364841,699,0.1,0.51,MUTUALIND
69026,2026-08-07,67,97.09,97.26,97.7,96.88,114.23,94.95,114844960.2,129672,1001,-0.17,-0.17,INVIDX
69044,2026-08-10,51,1449.97,1468.25,1468.91,1448.45,1567.1,1326.12,338900185.1,1284326,5412,-10.65,-0.72,BANKSUBIND
69045,2026-08-10,52,7237.95,7289.43,7294.1,7232.34,8457.99,5895.07,70513319.5,133221,1324,-51.48,-0.7,HOTELIND
69046,2026-08-10,53,1916.58,1941.32,1941.41,1915.04,2761.49,1883.62,59867598.0,82635,1421,-8.61,-0.44,OTHERSIND
69047,2026-08-10,54,3732.6,3722.04,3739.15,3717.27,4129.68,3147.74,1859294865.6,4294685,26782,2.63,0.07,HYDPOWIND
69048,2026-08-10,55,5591.18,5596.78,5624.02,5573.46,6525.43,5236.74,305062449.2,445657,3162,-7.2,-0.12,DEVBANKIND
69049,2026-08-10,56,10406.87,10284.53,10422.12,10284.53,11881.08,6982.78,370673050.3,312468,6187,12.74,0.12,MANPROCIND
69050,2026-08-10,57,461.36,463.83,465.24,460.73,507.0,435.29,1180023424.1,2778129,12295,-2.2,-0.47,SENSIND
69051,2026-08-10,58,2641.06,2651.46,2653.95,2636.28,2960.4,2487.17,3599232616.8,7465188,52382,-9.02,-0.34,NEPSE
69052,2026-08-10,59,10609.77,10607.18,10659.11,10529.51,12590.79,10448.66,38574115.5,75176,566,2.58,0.02,NONLIFIND
69053,2026-08-10,60,2388.14,2383.51,2398.56,2377.74,2705.17,2157.02,129083489.7,222460,1076,-9.88,-0.41,FININD
69054,2026-08-10,61,3358.7,3387.9,3390.76,3288.61,4276.68,3223.33,2067539.0,452,25,-29.19,-0.86,TRDIND
69055,2026-08-10,62,181.18,182.03,182.14,180.77,204.2,170.57,3599232616.8,7465188,52382,-0.61,-0.33,FLOATIND
69056,2026-08-10,63,156.17,156.99,157.51,155.97,173.41,147.6,1180023424.1,2778129,12295,-0.72,-0.46,SENSFLTIND
69040,2026-08-10,64,4571.78,4561.89,4571.78,4529.78,5334.19,4539.86,227847294.3,262545,2718,9.01,0.19,MICRFININD
69041,2026-08-10,65,11754.32,11824.62,11843.15,11721.26,13916.15,11754.32,94360755.5,199479,2465,-73.96,-0.62,LIFINSIND
69042,2026-08-10,66,20.97,21.08,21.08,20.78,22.33,19.82,34848005.91,3231856,840,-0.1,-0.48,MUTUALIND
69043,2026-08-10,67,96.5,97.02,97.42,96.17,113.77,94.95,102987955.1,152084,1244,-0.58,-0.6,INVIDX
69061,2026-08-11,51,1454.64,1446.64,1459.21,1446.64,1567.1,1326.12,349205676.5,1287773,4283,4.67,0.32,BANKSUBIND
69062,2026-08-11,52,7274.48,7234.93,7322.11,7227.85,8457.99,5895.07,74935973.5,143116,1271,36.53,0.5,HOTELIND
69063,2026-08-11,53,1917.2,1884.99,1938.99,1884.99,2761.49,1883.62,54425718.6,76701,1284,0.62,0.03,OTHERSIND
69064,2026-08-11,54,3734.77,3701.58,3754.0,3701.58,4129.68,3147.74,2389024055.6,5564295,27354,2.16,0.05,HYDPOWIND
69065,2026-08-11,55,5585.4,5580.21,5613.34,5567.66,6525.43,5236.74,200823475.5,313472,2364,-5.78,-0.1,DEVBANKIND
69066,2026-08-11,56,10397.55,10259.63,10483.42,10258.61,11881.08,6982.78,357384384.3,312447,6125,-9.31,-0.08,MANPROCIND
69067,2026-08-11,57,462.22,461.57,464.11,460.98,507.0,435.29,1380497643.5,3319840,11720,0.85,0.18,SENSIND
69068,2026-08-11,58,2641.85,2629.78,2656.21,2629.76,2960.4,2487.17,4078431137.6,8602491,51167,0.79,0.03,NEPSE
69069,2026-08-11,59,10566.7,10585.82,10696.93,10547.08,12590.79,10448.66,40819597.0,70886,591,-43.06,-0.4,NONLIFIND
69070,2026-08-11,60,2386.36,2381.04,2404.86,2378.57,2705.17,2157.02,127076333.8,214636,1091,-1.77,-0.07,FININD
69071,2026-08-11,61,3332.65,3358.7,3380.85,3289.37,4276.68,3223.33,7951845.0,1576,38,-26.05,-0.77,TRDIND
69072,2026-08-11,62,181.35,180.64,182.13,180.64,204.2,170.57,4078431137.6,8602491,51167,0.17,0.09,FLOATIND
69073,2026-08-11,63,156.47,156.15,157.08,156.02,173.41,147.6,1380497643.5,3319840,11720,0.3,0.19,SENSFLTIND
69057,2026-08-11,64,4555.18,4576.16,4579.43,4540.14,5334.19,4539.86,295490646.6,315054,3518,-16.6,-0.36,MICRFININD
69058,2026-08-11,65,11765.84,11768.59,11830.57,11718.04,13916.15,11754.32,96859583.3,176937,2280,11.51,0.09,LIFINSIND
69059,2026-08-11,66,20.89,20.97,20.97,20.78,22.33,19.82,8680061.16,836121,648,-0.08,-0.4,MUTUALIND
69060,2026-08-11,67,96.57,97.14,97.14,96.4,113.77,94.95,84433847.9,125598,968,0.07,0.07,INVIDX
69078,2026-08-12,51,1455.41,1457.46,1463.71,1451.84,1567.1,1326.12,365689669.1,1374082,4157,0.77,0.05,BANKSUBIND
69079,2026-08-12,52,7336.79,7294.18,7361.71,7256.33,8457.99,5895.07,73651856.5,152522,1199,62.3,0.85,HOTELIND
69080,2026-08-12,53,1915.1,1925.76,1937.9,1910.77,2761.49,1883.62,57972570.7,80127,1111,-2.1,-0.1,OTHERSIND
69081,2026-08-12,54,3719.7,3722.94,3741.49,3702.45,4129.68,3147.74,1556866870.0,3667056,20622,-15.06,-0.4,HYDPOWIND
69082,2026-08-12,55,5572.73,5565.36,5597.85,5540.69,6525.43,5236.74,165776981.9,287937,2058,-12.66,-0.22,DEVBANKIND
69083,2026-08-12,56,10323.64,10364.6,10418.26,10300.99,11881.08,6982.78,288654147.0,266623,5247,-73.9,-0.71,MANPROCIND
69084,2026-08-12,57,463.61,461.03,463.85,460.86,507.0,435.29,1323253313.9,2811679,10748,1.39,0.3,SENSIND
69085,2026-08-12,58,2642.4,2641.27,2648.57,2629.22,2960.4,2487.17,3497540517.2,7186487,43157,0.55,0.02,NEPSE
69086,2026-08-12,59,10576.56,10566.7,10596.28,10511.92,12522.18,10448.66,31367290.7,53686,523,9.85,0.09,NONLIFIND
69087,2026-08-12,60,2392.29,2376.71,2400.78,2374.79,2705.17,2157.02,318215604.6,510356,1823,5.93,0.24,FININD
69088,2026-08-12,61,3325.58,3332.65,3361.92,3266.12,4276.68,3223.33,5763784.3,1167,32,-7.07,-0.21,TRDIND
69089,2026-08-12,62,181.56,181.23,181.81,180.75,204.2,170.57,3497540517.2,7186487,43157,0.2,0.11,FLOATIND
69090,2026-08-12,63,156.96,155.89,156.98,155.85,173.41,147.6,1323253313.9,2811679,10748,0.48,0.31,SENSFLTIND
69074,2026-08-12,64,4553.27,4551.09,4577.93,4530.3,5312.77,4539.86,130484759.4,137499,2095,-1.9,-0.04,MICRFININD
69075,2026-08-12,65,11747.52,11780.35,11813.56,11704.0,13916.15,11747.52,75561712.9,156312,2153,-18.31,-0.15,LIFINSIND
69076,2026-08-12,66,20.95,20.88,20.99,20.87,22.33,19.82,13934457.57,1388426,610,0.06,0.29,MUTUALIND
69077,2026-08-12,67,98.71,96.41,98.71,96.36,113.77,94.95,427535270.1,499120,2137,2.14,2.21,INVIDX
69095,2026-08-13,51,1461.15,1455.41,1464.73,1450.47,1567.1,1326.12,336591215.0,1215915,3740,5.73,0.39,BANKSUBIND
69096,2026-08-13,52,7363.35,7336.79,7385.81,7315.57,8457.99,5895.07,58468572.0,104767,1117,26.56,0.36,HOTELIND
69097,2026-08-13,53,1921.33,1943.15,1958.66,1909.17,2761.49,1883.62,51069924.8,75471,1008,6.23,0.32,OTHERSIND
69098,2026-08-13,54,3740.77,3709.85,3752.03,3705.35,4129.68,3147.74,2135357845.89,6127229,25474,21.06,0.56,HYDPOWIND
69099,2026-08-13,55,5602.35,5577.21,5602.51,5549.06,6525.43,5236.74,133293437.3,214582,1699,29.62,0.53,DEVBANKIND
69100,2026-08-13,56,10382.96,10208.96,10414.72,10191.2,11881.08,6982.78,303149940.9,313778,5087,59.32,0.57,MANPROCIND
69101,2026-08-13,57,464.59,465.1,466.08,462.25,507.0,435.29,977027235.9,2227958,8783,0.97,0.21,SENSIND
69102,2026-08-13,58,2651.21,2642.64,2656.54,2636.93,2960.4,2487.17,3690070387.89,8977482,44990,8.81,0.33,NEPSE
69103,2026-08-13,59,10631.69,10593.48,10631.69,10537.09,12522.18,10448.66,24599663.5,43234,474,55.13,0.52,NONLIFIND
69104,2026-08-13,60,2392.58,2360.15,2396.26,2360.15,2705.17,2157.02,213576017.9,344616,1184,0.29,0.01,FININD
69105,2026-08-13,61,3325.58,3325.58,3343.65,3298.43,4276.68,3223.33,637749.0,142,11,0.0,0.0,TRDIND
69106,2026-08-13,62,182.16,181.62,182.54,181.16,204.2,170.57,3690070387.89,8977482,44990,0.6,0.33,FLOATIND
69107,2026-08-13,63,157.33,157.32,157.84,156.52,173.41,147.6,977027235.9,2227958,8783,0.36,0.23,SENSFLTIND
69091,2026-08-13,64,4563.32,4548.84,4570.09,4541.26,5312.77,4539.86,137340255.1,137829,1977,10.04,0.22,MICRFININD
69092,2026-08-13,65,11771.43,11761.98,11786.17,11695.42,13916.15,11747.52,67137114.2,133128,1942,23.91,0.2,LIFINSIND
69093,2026-08-13,66,20.9,20.95,20.99,20.8,22.33,19.82,11982709.86,1141500,553,-0.04,-0.22,MUTUALIND
69094,2026-08-13,67,98.22,99.28,99.38,97.38,113.77,94.95,228848652.3,266791,1277,-0.49,-0.49,INVIDX
69112,2026-08-14,51,1458.99,1470.0,1470.33,1454.56,1567.1,1326.12,354582002.8,1350925,4690,-2.15,-0.14,BANKSUBIND
69113,2026-08-14,52,7338.95,7363.35,7399.19,7317.32,8457.99,5895.07,97770172.2,211576,1308,-24.4,-0.33,HOTELIND
69114,2026-08-14,53,1929.84,1923.86,1929.94,1914.3,2761.49,1883.62,75006024.3,99426,1139,8.51,0.44,OTHERSIND
69115,2026-08-14,54,3727.72,3728.4,3742.22,3719.4,4129.68,3147.74,2002888726.01,5366965,22594,-13.04,-0.34,HYDPOWIND
69116,2026-08-14,55,5583.79,5593.59,5610.24,5565.92,6525.43,5236.74,152013946.7,255236,1806,-18.56,-0.33,DEVBANKIND
69117,2026-08-14,56,10342.91,10283.66,10419.76,10279.58,11881.08,6982.78,260881154.5,262206,3881,-40.04,-0.38,MANPROCIND
69118,2026-08-14,57,464.73,463.73,465.54,463.08,507.0,435.29,1143733738.8,2564406,9949,0.13,0.02,SENSIND
69119,2026-08-14,58,2643.83,2649.11,2653.48,2638.64,2960.4,2487.17,3544682057.11,8417649,42371,-7.37,-0.27,NEPSE
69120,2026-08-14,59,10585.05,10631.69,10637.61,10558.8,12522.18,10448.66,23690329.6,42301,472,-46.64,-0.43,NONLIFIND
69121,2026-08-14,60,2374.89,2367.75,2400.61,2366.0,2705.17,2157.02,198441835.9,332071,1417,-17.69,-0.73,FININD
69122,2026-08-14,61,3239.86,3325.58,3334.66,3237.51,4276.68,3223.33,7368964.0,1590,49,-85.71,-2.57,TRDIND
69123,2026-08-14,62,181.76,182.16,182.31,181.37,204.2,170.57,3544682057.11,8417649,42371,-0.4,-0.22,FLOATIND
69124,2026-08-14,63,157.13,157.13,157.53,156.8,173.41,147.6,1143733738.8,2564406,9949,-0.19,-0.12,SENSFLTIND
69108,2026-08-14,64,4576.54,4560.99,4576.8,4545.91,5312.77,4539.86,144962450.1,159618,2073,13.21,0.28,MICRFININD
69109,2026-08-14,65,11803.83,11782.12,11861.63,11760.98,13916.15,11747.52,60449369.4,120432,1653,32.39,0.27,LIFINSIND
69110,2026-08-14,66,20.95,20.9,21.02,20.86,22.33,19.82,5266770.23,536450,515,0.05,0.24,MUTUALIND
69111,2026-08-14,67,97.32,97.09,98.63,97.05,113.77,94.95,166627081.6,215303,1289,-0.9,-0.92,INVIDX
69129,2026-08-17,51,1451.68,1459.11,1462.43,1447.43,1567.1,1326.12,658648979.9,2524752,7161,-7.3,-0.5,BANKSUBIND
69130,2026-08-17,52,7316.22,7340.49,7353.95,7278.73,8457.99,5895.07,61853872.6,106672,1295,-22.72,-0.3,HOTELIND
69131,2026-08-17,53,1938.95,1929.6,1946.08,1916.07,2761.49,1883.62,79027440.7,106910,1585,9.1,0.47,OTHERSIND
69132,2026-08-17,54,3744.97,3712.01,3745.53,3709.92,4129.68,3147.74,2235769427.5,5142265,29579,17.25,0.46,HYDPOWIND
69133,2026-08-17,55,5567.07,5579.57,5589.52,5538.62,6525.43,5236.74,203674094.8,359711,1986,-16.72,-0.29,DEVBANKIND
69134,2026-08-17,56,10477.79,10370.62,10528.17,10207.9,11881.08,6982.78,1626066878.2,787447,6717,134.87,1.3,MANPROCIND
69135,2026-08-17,57,463.64,464.63,465.66,461.95,507.0,435.29,1288997831.1,3334011,12041,-1.08,-0.23,SENSIND
69136,2026-08-17,58,2641.82,2641.83,2648.57,2633.37,2960.4,2487.17,5487739216.0,9944492,55963,-2.01,-0.07,NEPSE
69137,2026-08-17,59,10520.19,10601.07,10601.07,10475.95,12522.18,10448.66,45708464.0,82408,588,-64.85,-0.61,NONLIFIND
69138,2026-08-17,60,2347.58,2365.53,2378.11,2338.1,2705.17,2157.02,191254838.8,320976,1396,-27.31,-1.14,FININD
69139,2026-08-17,61,3244.41,3239.86,3329.71,3231.39,4276.68,3223.33,5154177.0,1035,30,4.55,0.14,TRDIND
69140,2026-08-17,62,181.28,181.54,182.09,180.82,204.2,170.57,5487739216.0,9944492,55963,-0.47,-0.26,FLOATIND
69141,2026-08-17,63,156.64,157.05,157.48,156.25,173.41,147.6,1288997831.1,3334011,12041,-0.49,-0.31,SENSFLTIND
69125,2026-08-17,64,4546.08,4564.82,4585.46,4534.94,5312.77,4539.86,184722744.6,201414,2652,-30.45,-0.66,MICRFININD
69126,2026-08-17,65,11761.01,11803.34,11871.54,11715.28,13916.15,11747.52,100743120.9,189392,1862,-42.82,-0.36,LIFINSIND
69127,2026-08-17,66,21.02,20.96,21.03,20.83,22.33,19.82,20140118.65,1874673,658,0.06,0.29,MUTUALIND
69128,2026-08-17,67,96.74,97.32,98.21,96.49,113.77,94.95,95115177.0,121510,1112,-0.57,-0.59,INVIDX
69146,2026-08-18,51,1443.05,1458.43,1458.43,1438.97,1567.1,1326.12,441217743.2,1724395,6060,-8.63,-0.59,BANKSUBIND
69147,2026-08-18,52,7254.24,7316.22,7324.43,7218.73,8457.99,5895.07,86999915.0,166131,1377,-61.97,-0.84,HOTELIND
69148,2026-08-18,53,1920.03,1930.61,1938.94,1907.31,2761.49,1883.62,70106722.0,93653,1423,-18.92,-0.97,OTHERSIND
69149,2026-08-18,54,3710.41,3738.59,3751.33,3698.33,4129.68,3147.74,2538735774.5,6115316,29032,-34.55,-0.92,HYDPOWIND
69150,2026-08-18,55,5533.91,5565.86,5573.59,5521.33,6525.43,5236.74,235674851.3,387419,2371,-33.15,-0.59,DEVBANKIND
69151,2026-08-18,56,10330.73,10507.78,10564.51,10322.5,11881.08,6982.78,458280811.6,394889,5392,-147.06,-1.4,MANPROCIND
69152,2026-08-18,57,461.09,464.61,464.76,459.85,507.0,435.29,1127098171.95,2839514,11758,-2.55,-0.55,SENSIND
69153,2026-08-18,58,2622.48,2644.41,2646.86,2616.17,2960.4,2487.17,4483257735.55,9885200,54109,-19.34,-0.73,NEPSE
69154,2026-08-18,59,10459.52,10570.1,10580.24,10413.67,12522.18,10448.66,53241445.45,99230,752,-60.66,-0.57,NONLIFIND
69155,2026-08-18,60,2338.62,2342.98,2346.07,2324.72,2705.17,2157.02,184216229.7,333417,1519,-8.95,-0.38,FININD
69156,2026-08-18,61,3257.86,3244.41,3319.91,3244.41,4276.68,3223.33,4096746.1,835,34,13.44,0.41,TRDIND
69157,2026-08-18,62,179.97,181.45,181.61,179.56,204.2,170.57,4483257735.55,9885200,54109,-1.3,-0.72,FLOATIND
69158,2026-08-18,63,155.76,156.94,157.03,155.41,173.41,147.6,1127098171.95,2839514,11758,-0.88,-0.56,SENSFLTIND
69142,2026-08-18,64,4529.07,4552.38,4562.89,4508.59,5312.77,4529.07,183619599.4,196022,2555,-17.01,-0.37,MICRFININD
69143,2026-08-18,65,11670.68,11758.64,11765.82,11649.2,13916.15,11670.68,81910978.0,164067,2034,-90.33,-0.76,LIFINSIND
69144,2026-08-18,66,20.87,21.02,21.02,20.79,22.33,19.82,51014828.75,4650987,801,-0.14,-0.7,MUTUALIND
69145,2026-08-18,67,95.93,96.74,96.9,95.68,113.77,94.95,145156919.3,209826,1560,-0.8,-0.83,INVIDX
69163,2026-08-19,51,1443.96,1447.89,1449.27,1434.59,1567.1,1326.12,377965487.6,1352658,4487,0.91,0.06,BANKSUBIND
69164,2026-08-19,52,7226.25,7254.24,7278.69,7201.87,8457.99,5895.07,56382477.1,111992,986,-27.99,-0.38,HOTELIND
69165,2026-08-19,53,1922.43,1920.03,1922.43,1896.45,2761.49,1883.62,56162996.2,78719,1153,2.4,0.12,OTHERSIND
69166,2026-08-19,54,3713.91,3711.77,3723.04,3686.17,4129.68,3147.74,1843148138.4,4692340,23020,3.5,0.09,HYDPOWIND
69167,2026-08-19,55,5532.51,5525.48,5543.21,5502.67,6525.43,5236.74,132917324.8,232090,1658,-1.4,-0.02,DEVBANKIND
69168,2026-08-19,56,10326.02,10291.96,10340.79,10258.7,11881.08,6982.78,359421531.1,294789,3996,-4.71,-0.04,MANPROCIND
69169,2026-08-19,57,461.0,462.3,462.3,458.49,507.0,435.29,878189826.9,2125713,9087,-0.08,-0.01,SENSIND
69170,2026-08-19,58,2622.22,2622.84,2627.11,2609.84,2960.4,2487.17,3260119720.0,7380328,41899,-0.26,0.0,NEPSE
69171,2026-08-19,59,10474.98,10459.52,10474.98,10404.05,12522.18,10448.66,29530876.5,50036,465,15.45,0.14,NONLIFIND
69172,2026-08-19,60,2333.44,2336.01,2338.91,2321.55,2705.17,2157.02,83069968.3,147430,889,-5.18,-0.22,FININD
69173,2026-08-19,61,3282.72,3257.86,3307.33,3253.43,4276.68,3223.33,1199358.5,247,18,24.86,0.76,TRDIND
69174,2026-08-19,62,179.95,180.0,180.32,179.16,204.2,170.57,3260119720.0,7380328,41899,-0.02,-0.01,FLOATIND
69175,2026-08-19,63,155.75,156.15,156.17,155.01,173.41,147.6,878189826.9,2125713,9087,0.0,0.0,SENSFLTIND
69159,2026-08-19,64,4514.1,4513.25,4533.49,4505.6,5312.77,4514.1,150635720.3,159928,2137,-14.96,-0.33,MICRFININD
69160,2026-08-19,65,11633.71,11593.13,11669.01,11583.35,13916.15,11633.71,72389882.1,136118,1909,-36.96,-0.31,LIFINSIND
69161,2026-08-19,66,20.84,20.87,20.87,20.61,22.33,19.82,20782522.59,2030761,574,-0.03,-0.15,MUTUALIND
69162,2026-08-19,67,95.65,96.56,96.6,95.3,113.77,94.95,97295959.1,123981,1181,-0.27,-0.28,INVIDX
69180,2026-08-20,51,1448.15,1443.86,1448.56,1439.0,1567.1,1326.12,376626166.2,1306531,4073,4.18,0.28,BANKSUBIND
69181,2026-08-20,52,7222.57,7253.25,7253.25,7183.5,8457.99,5895.07,62038720.0,124170,1008,-3.68,-0.05,HOTELIND
69182,2026-08-20,53,1924.31,1914.3,1930.61,1896.39,2761.49,1883.62,82722586.4,109857,1476,1.87,0.09,OTHERSIND
69183,2026-08-20,54,3750.98,3720.05,3752.29,3687.98,4129.68,3147.74,2272024525.0,5132188,27114,37.06,0.99,HYDPOWIND
69184,2026-08-20,55,5511.85,5530.18,5531.84,5492.27,6525.43,5236.74,177800252.6,296518,2348,-20.65,-0.37,DEVBANKIND
69185,2026-08-20,56,10402.47,10355.61,10404.24,10265.08,11881.08,6982.78,470579827.7,309650,4364,76.45,0.74,MANPROCIND
69186,2026-08-20,57,462.89,461.2,462.89,459.06,507.0,435.29,1032339046.0,2522958,9973,1.88,0.4,SENSIND
69187,2026-08-20,58,2629.4,2622.97,2629.56,2608.38,2960.4,2487.17,3866106334.79,7909323,47215,7.17,0.27,NEPSE
69188,2026-08-20,59,10424.34,10524.6,10545.32,10393.26,12522.18,10424.34,39940676.9,73623,634,-50.63,-0.48,NONLIFIND
69189,2026-08-20,60,2328.83,2329.29,2337.82,2318.41,2705.17,2157.02,80592641.8,142214,917,-4.6,-0.19,FININD
69190,2026-08-20,61,3275.58,3282.72,3361.29,3244.32,4276.68,3223.33,7164180.0,1469,34,-7.14,-0.21,TRDIND
69191,2026-08-20,62,180.38,179.98,180.39,179.1,204.2,170.57,3866106334.79,7909323,47215,0.42,0.23,FLOATIND
69192,2026-08-20,63,156.31,155.82,156.31,155.2,173.41,147.6,1032339046.0,2522958,9973,0.55,0.35,SENSFLTIND
69176,2026-08-20,64,4511.5,4506.5,4513.09,4485.78,5312.77,4511.5,117157796.5,118835,2007,-2.6,-0.05,MICRFININD
69177,2026-08-20,65,11636.64,11624.28,11640.37,11546.75,13916.15,11633.71,90687573.89,177258,2117,2.93,0.02,LIFINSIND
69178,2026-08-20,66,20.7,20.84,20.84,20.62,22.33,19.82,10278686.05,985781,463,-0.13,-0.65,MUTUALIND
69179,2026-08-20,67,95.71,95.68,95.71,95.04,113.77,94.95,88771387.8,117010,1123,0.05,0.05,INVIDX
