securityId,securityName,symbol,snapshot_date,securitySymbol
131,Nabil Bank Limited,NABIL,2026-07-25,
132,Nepal Investment Mega Bank Limited,NIMB,2026-07-25,
133,Standard Chartered Bank  Nepal Limited,SCB,2026-07-25,
134,Himalayan Bank Limited,HBL,2026-07-25,
135,Nepal SBI Bank Limited,SBI,2026-07-25,
137,Everest Bank Limited,EBL,2026-07-25,
139,NIC Asia Bank Ltd.,NICA,2026-07-25,
140,Machhapuchhre Bank Limited,MBL,2026-07-25,
141,Laxmi Sunrise Bank Limited,LSL,2026-07-25,
142,Kumari Bank Limited,KBL,2026-07-25,
145,Siddhartha Bank Limited,SBL,2026-07-25,
146,Yak And Yeti Hotel Limited,YHL,2026-07-25,
147,Soaltee Hotel Limited,SHL,2026-07-25,
148,Taragaon Regency Hotel Limited,TRH,2026-07-25,
149,Oriental Hotels Limited,OHL,2026-07-25,
151,Nepal Film Development Company Limited,NFD,2026-07-25,
152,National Hydro Power Company Limited,NHPC,2026-07-25,
153,Butwal Power Company Limited,BPCL,2026-07-25,
154,Chilime Hydropower Company Limited,CHCL,2026-07-25,
155,Salt Trading Corporation,STC,2026-07-25,
156,Bishal Bazar Company Limited,BBC,2026-07-25,
158,Nepal Tading Limited,NTL,2026-07-25,
159,Nepal Welfare Company Limited,NWC,2026-07-25,
163,Nirdhan Utthan Laghubitta Bittiya Sanstha Limited,NUBL,2026-07-25,
164,Chhimek Laghubitta Bittiya Sanstha Limited,CBBL,2026-07-25,
166,Deprosc Laghubitta Bittiya Sanstha Limited,DDBL,2026-07-25,
171,Sanima Bank Limited,SANIMA,2026-07-25,
172,Narayani Development Bank Limited,NABBC,2026-07-25,
1741,Meromicrofinance Laghubitta Bittiya Sanstha Ltd.,MERO,2026-07-25,
176,Nepal Insurance Co. Ltd.,NICL,2026-07-25,
177,Rastriya Beema Company Limited,RBCL,2026-07-25,
178,National Life Insurance Co. Ltd.,NLICL,2026-07-25,
179,Himalayan Everest Insurance Limited,HEI,2026-07-25,
180,United Ajod Insurance Limited,UAIL,2026-07-25,
182,Siddhartha Premier Insurance Limited,SPIL,2026-07-25,
183,Neco Insurance Limited,NIL,2026-07-25,
184,Prabhu Insurance Limited,PRIN,2026-07-25,
185,Sagarmatha Lumbini Insurance Co. Limited,SALICO,2026-07-25,
186,IGI Prudential Insurance Limited,IGI,2026-07-25,
187,NEPAL LIFE INSURANCE COMPANY LIMITED,NLIC,2026-07-25,
188,Life Insurance Corporation (Nepal) Limited,LICN,2026-07-25,
192,Shikhar Insurance Co. Ltd.,SICL,2026-07-25,
194,Nepal Finance Ltd.,NFS,2026-07-25,
195,Bottlers Nepal (Balaju) Limited,BNL,2026-07-25,
198,Nepal Lube Oil Limited,NLO,2026-07-25,
200,Nepal Share Markets Ltd.,NSM,2026-07-25,
201,Nepal Vanaspati Ghee Udhyog Limited,NVG,2026-07-25,
203,Raghupati Jute Mills Limited,RJM,2026-07-25,
204,Gurkhas Finance Ltd.,GUFL,2026-07-25,
205,Butwal Spinning Mills Limited,BSM,2026-07-25,
207,Gorakhkali Rubber Udhyog Limited,GRU,2026-07-25,
209,Jyoti Sinning Mills Limited,JSM,2026-07-25,
210,Citizen Investment Trust,CIT,2026-07-25,
211,Arun Vanaspati Udhyog Limited,AVU,2026-07-25,
213,Bottlers Nepal (Terai) Limited,BNT,2026-07-25,
215,Harisiddhi Brick And Tiles Limited,HBT,2026-07-25,
217,Birat Shoe Limited,BSL,2026-07-25,
219,Unilever Nepal Limited,UNL,2026-07-25,
221,Samjhana Finance Co. Ltd.,SFC,2026-07-25,
222,Nepal Khadya Udhyog Limited,NKU,2026-07-25,
226,Shree Bhrikuti Pulp And Paper Limited,SBPP,2026-07-25,
227,Best Finance Company Ltd.,BFC,2026-07-25,
228,Fleur Himalayan Limited,FHL,2026-07-25,
230,Shree Ram Sugar Mills Limited,SRS,2026-07-25,
232,Goodwill Finance Limited,GFCL,2026-07-25,
233,Nepal Bitumin And Barrel Udhyog Limited,NBBU,2026-07-25,
235,Himalayan Distillery Limited,HDL,2026-07-25,
236,Pokhara Finance Ltd.,PFL,2026-07-25,
238,NMB Bank Limited,NMB,2026-07-25,
244,Shree Investment Finance Co. Ltd.,SIFC,2026-07-25,
245,Central Finance Co. Ltd.,CFCL,2026-07-25,
250,Janaki Finance Company Limited,JFL,2026-07-25,
255,Prabhu  Bank Limited,PRVU,2026-07-25,
256,Samriddhi Finance Company Limited,SFCL,2026-07-25,
259,Capital Merchant Bank & Finance Co. Ltd.,CMB,2026-07-25,
263,Guheswori Merchant Banking & Finance Ltd.,GMFIL,2026-07-25,
268,Swabalamban Laghubitta Bittiya Sanstha Limited,SWBBL,2026-07-25,
273,ICFC Finance Limited,ICFC,2026-07-25,
274,Excel Development Bank Ltd.,EDBL,2026-07-25,
2742,Hydorelectricity Investment and Development Company Ltd,HIDCL,2026-07-25,
2743,Ngadi Group Power Ltd.,NGPL,2026-07-25,
2744,Green Development Bank Ltd.,GRDBL,2026-07-25,
2746,National  Laghubitta Bittiya Sanstha Limited,NMFBS,2026-07-25,
2748,RSDC Laghubitta Bittiya Sanstha Ltd.,RSDC,2026-07-25,
2751,Khanikhola Hydropower Co. Ltd.,KKHC,2026-07-25,
2754,Dibyashwori Hydropower Ltd.,DHPL,2026-07-25,
2757,Arun Kabeli Power Ltd.,AKPL,2026-07-25,
2758,Forward Microfinance Laghubitta Bittiya Sanstha Limited,FOWAD,2026-07-25,
2759,Synergy Power Development Ltd.,SPDL,2026-07-25,
2760,United Modi Hydropower Ltd.,UMHL,2026-07-25,
2761,Samata Gharelu Laghubitta Bittiya Sanstha Limited,SMATA,2026-07-25,
2766,Chhyangdi Hydropower Ltd.,CHL,2026-07-25,
2767,Himalayan Power Partner Ltd.,HPPL,2026-07-25,
2768,Mahuli Laghubitta Bittiya Sanstha Limited,MSLB,2026-07-25,
2769,Nepal Hydro Developers Ltd,NHDL,2026-07-25,
2770,Siddhartha Bank Limited,SEF,2026-07-25,
2771,Support Lagubitta Bittiya Sanstha Limited,SMB,2026-07-25,
2774,Unnati Sahakarya Laghubitta Bittiya Sanstha Limited,USLB,2026-07-25,
2776,Radhi Bidyut Company Ltd,RADHI,2026-07-25,
2781,Wean Nepal Laghubitta Bittiya Sanstha Limited,WNLB,2026-07-25,
2784,Nadep Laghubittiya bittya Sanstha Ltd.,NADEP,2026-07-25,
2786,Panchakanya Mai Hydropower Ltd,PMHPL,2026-07-25,
2787,Kalika power Company Ltd,KPCL,2026-07-25,
2788,Ankhu Khola Jalvidhyut Company Limited,AKJCL,2026-07-25,
2789,Joshi Hydropower Development Company Ltd,JOSHI,2026-07-25,
2790,Aarambha Chautari Laghubitta Bittya Sanstha Limited,ACLBSL,2026-07-25,
2792,Upper Tamakoshi Hydropower Ltd,UPPER,2026-07-25,
2804,Samudayik Laghubitta Bittiya Sanstha Limited,SLBSL,2026-07-25,
2806,Ghalemdi Hydro Limited,GHL,2026-07-25,
2807,Asha Laghubitta Bittiya Sanstha Ltd.,ALBSL,2026-07-25,
2809,Shivam Cements Limited,SHIVM,2026-07-25,
2810,Universal Power Company Limited,UPCL,2026-07-25,
2811,Mountain Hydro Nepal Limited,MHNL,2026-07-25,
2813,Panchthar Power Company Ltd,PPCL,2026-07-25,
2815,Ganapati Laghubitta Bittiya Sanstha Ltd,GMFBS,2026-07-25,
2824,Himalaya Urja Bikas Company Limited,HURJA,2026-07-25,
2825,NIC Asia Bank Ltd.,NICAD85/86,2026-07-25,
2826,Gurans Laghubitta Bittiya Sanstha Ltd,GLBSL,2026-07-25,
2828,Sanima Bank Limited,SAND2085,2026-07-25,
2829,Swabhumaan Laghubitta Bittiya Sanstha Ltd,SMFBS,2026-07-25,
2831,Union Hydropower Limited,UNHPL,2026-07-25,
2832,Infinity Laghubitta Bittiya Sastha Ltd,ILBS,2026-07-25,
2835,Nabil Bank Limited,NBF2,2026-07-25,
2841,Rasuwagadhi Hydropower Company Limited,RHPL,2026-07-25,
2842,SANJEN JALAVIDHYUT COMPANY LTD,SJCL,2026-07-25,
2850,NMB Bank Limited,NMBD2085,2026-07-25,
2854,Nepal Bangladesh Bank Limited,NBBD2085,2026-07-25,
2859,Siddhartha Bank Limited,SIGS2,2026-07-25,
2860,Saptakoshi Development bank Ltd,SAPDBL,2026-07-25,
2863,NIC ASIA Capital Ltd,NICBF,2026-07-25,
2864,Siddhartha Bank Limited,SBLD83,2026-07-25,
2866,Machhapuchhre Bank Limited,MBLD2085,2026-07-25,
2867,NMB Capital Ltd.,NMB50,2026-07-25,
2868,NIC Asia Bank Ltd.,NICD83/84,2026-07-25,
2873,Himalayan Bank Limited,HBLD83,2026-07-25,
2875,Prabhu  Bank Limited,PBLD86,2026-07-25,
2877,Laxmi Sunrise Bank Limited,SFMF,2026-07-25,
2878,Sunrise Bank Limited,SRBLD83,2026-07-25,
2879,Laxmi Sunrise Bank Limited,LBLD86,2026-07-25,
2880,Himal Dolakha Hydropower Com. Ltd.,HDHPC,2026-07-25,
2881,Nepal Reinsurance Company Limited,NRIC,2026-07-25,
2882,ICFC Finance Limited,ICFCD83,2026-07-25,
2883,Goodwill Finance Limited,GWFD83,2026-07-25,
2885,Kumari Bank Limited,KBLD86,2026-07-25,
2886,Agricultural Development Bank Limited,ADBLD83,2026-07-25,
2887,NIC ASIA Laghubitta Bittiya Sanstha Limited,NICLBSL,2026-07-25,
2889,Citizens Bank International Limited,CIZBD86,2026-07-25,
2890,Nepal SBI Bank Limited,SBIBD86,2026-07-25,
2892,Nabil Bank Limited,NBLD82,2026-07-25,
2896,Sampada Laghubitta Bittiya Sanstha Limited,SMPDA,2026-07-25,
2898,NRN Infrastructure and Development Limited,NRN,2026-07-25,
2902,Laxmi Capital Market Limited,LUK,2026-07-25,
2903,Liberty Energy Company Limited,LEC,2026-07-25,
2904,Prabhu  Bank Limited,PBLD84,2026-07-25,
2907,Shiva Shree Hydropower Limited,SSHL,2026-07-25,
2908,Sanima GIC Insurance Limited,SGIC,2026-07-25,
2912,Siddhartha Bank Limited,SBLD84,2026-07-25,
2913,Mountain Energy Nepal Limited,MEN,2026-07-25,
2914,United Idi Mardi & RB Hydropower Ltd,UMRH,2026-07-25,
2915,Prabhu Mahalaxmi Life Insurance Limited,PMLI,2026-07-25,
2917,Chandragiri Hills Limited,CGH,2026-07-25,
2919,Nepal Infrastructure Bank Limited,NIFRA,2026-07-25,
2922,Sanima Bank Limited,SBD87,2026-07-25,
2923,Sanima Bank Limited,SLCF,2026-07-25,
2924,Greenlife Hydropower Limited,GLH,2026-07-25,
2925,Mahila Laghubitta Bittiya Sanstha Ltd,MLBSL,2026-07-25,
2931,Nepal Investment Mega Bank Limited,NIBD84,2026-07-25,
2932,Manjushree Finance Ltd.,MFLD85,2026-07-25,
2933,Kumari Bank Limited,KEF,2026-07-25,
2934,Singati Hydro Energy Ltd,SHEL,2026-07-25,
2935,Ru Ru Jalbidhyut  Pariyojana Ltd.,RURU,2026-07-25,
2936,Nepal Credit And Commercial Bank Limited,NCCD86,2026-07-25,
2937,Sunrise Bank Limited,SBCF,2026-07-25,
307,Nepal Doorsanchar Company Limited,NTC,2026-07-25,
338,Progressive Finance Limited,PROFL,2026-07-25,
341,Global IME Bank Limited,GBIME,2026-07-25,
348,Citizens Bank International Limited,CZBIL,2026-07-25,
357,Prime Commercial Bank Ltd.,PCBL,2026-07-25,
358,Lumbini Bikas Bank Ltd.,LBBL,2026-07-25,
360,Arun Valley Hydropower Development Company Limited,AHPC,2026-07-25,
361,Crystal Finance Ltd.,CFL,2026-07-25,
371,Miteri Development Bank Limited,MDB,2026-07-25,
385,Asian Life Insurance Co Limited,ALICL,2026-07-25,
393,Himalayan Life Insurance Limited,HLI,2026-07-25,
3946,CEDB Hydropower Development Company Limited,CHDC,2026-07-25,
396,Nerude Mirmire Laghubitta Bittiya Sanstha Ltd.,NMLBBL,2026-07-25,
397,Agricultural Development Bank Limited,ADBL,2026-07-25,
401,Mahalaxmi Bikas Bank Ltd.,MLBL,2026-07-25,
403,SuryaJyoti Life Insurance Company Limited,SJLIC,2026-07-25,
417,Garima Bikas Bank Limited,GBBL,2026-07-25,
418,Jyoti Bikas Bank Limited,JBBL,2026-07-25,
428,Karnali Development Bank Limited,KRBL,2026-07-25,
441,Himalayan Finance Limited (Bittiya Sanstha),HFL,2026-07-25,
450,Corporate Development Bank Limited,CORBL,2026-07-25,
459,Kamana Sewa Bikas Bank Limited,KSBBL,2026-07-25,
471,Multipurpose Finance Company  Limited,MPFL,2026-07-25,
472,SHANGRI-LA DEVELOPMENT BANK LIMITED,SADBL,2026-07-25,
473,SHINE RESUNGA DEVELOPMENT BANK LTD,SHINE,2026-07-25,
474,Muktinath Bikas Bank Ltd.,MNBBL,2026-07-25,
490,First Micro Finance Laghubitta Bittiya Sanstha Limited,FMDBL,2026-07-25,
4947,Prabhu  Bank Limited,PSF,2026-07-25,
4948,Kamana Sewa Bikas Bank Limited,KSBBLD87,2026-07-25,
4949,Nepal Investment Mega Bank Limited,NIBSF2,2026-07-25,
4951,Jeevan Bikas Laghubitta Bittiya Sanstha Ltd,JBLB,2026-07-25,
4959,Nepal Bank Limited,NBLD87,2026-07-25,
4960,Agricultural Development Bank Limited,ADBLB,2026-07-25,
4961,Bank of Kathmandu Ltd.,BOKD86,2026-07-25,
4962,Prabhu  Bank Limited,PBLD87,2026-07-25,
4963,NMB Bank Limited,NMBD87/88,2026-07-25,
4964,NMB Bank Limited,NMBEB92/93,2026-07-25,
4967,NIC ASIA Capital Ltd,NICSF,2026-07-25,
4968,RBB Merchant Banking Limited,RMF1,2026-07-25,
4969,Muktinath Bikas Bank Ltd.,MND84/85,2026-07-25,
516,Manjushree Finance Ltd.,MFIL,2026-07-25,
517,Nepal Bank Limited,NBL,2026-07-25,
545,Swarojgar Laghubitta Bittiya Sanstha Ltd.,SLBBL,2026-07-25,
559,NLG Insurance Company Ltd.,NLG,2026-07-25,
561,Sindhu Bikash Bank Ltd,SINDU,2026-07-25,
574,Sana Kisan Bikas Laghubitta Bittiya Sanstha Limited,SKBBL,2026-07-25,
583,Grameen Bikas Laghubitta Bittiya Sanstha Ltd.,GBLBS,2026-07-25,
587,Reliance Finance Ltd.,RLFL,2026-07-25,
591,Sanima Mai Hydropower Limited,SHPC,2026-07-25,
593,Kalika Laghubitta Bittiya Sanstha Ltd,KMCDB,2026-07-25,
5982,Sanima Reliance Life Insurance Limited,SRLI,2026-07-25,
5984,Laxmi Sunrise Bank Limited,LBLD88,2026-07-25,
601,Mithila LaghuBitta Bittiya Sanstha Limited,MLBBL,2026-07-25,
610,Ridi Power Company Limited,RIDI,2026-07-25,
618,Laxmi Laghubitta Bittiya Sanstha Ltd.,LLBS,2026-07-25,
686,Barun Hydropower Co. Ltd.,BARUN,2026-07-25,
687,Vijaya laghubitta Bittiya Sanstha Ltd.,VLBS,2026-07-25,
693,Himalayan Laghubitta Bittiya Sanstha Limited,HLBSL,2026-07-25,
694,Matribhumi Lagubitta Bittiya Sanstha Limited,MATRI,2026-07-25,
695,Janautthan Samudayic Laghubitta Bittya Sanstha Limited,JSLBB,2026-07-25,
697,API POWER COMPANY LIMITED,API,2026-07-25,
6984,Prime Commercial Bank Ltd.,PBD85,2026-07-25,
6985,SHANGRI-LA DEVELOPMENT BANK LIMITED,SDBD87,2026-07-25,
704,NMB  Microfinance Bittiya Sanstha Ltd.,NMBMF,2026-07-25,
705,Global IME Laghubitta Bittiya Sanstha Ltd.,GILB,2026-07-25,
706,Suryodaya Womi Laghubitta Bittiya Sanstha Limited,SWMF,2026-07-25,
7985,Machhapuchhre Bank Limited,MBLD87,2026-07-25,
7986,NIC Asia Bank Ltd.,NICD88,2026-07-25,
8003,Rastriya Banijya Bank,RBBD83,2026-07-25,
8004,Global IME Bank Limited,GBILD86/87,2026-07-25,
8005,Mailung Khola Jal Vidhyut Company Limited,MKJC,2026-07-25,
8018,Manushi Laghubitta Bittiya Sanstha Limited,MLBS,2026-07-25,
8020,Jyoti Bikas Bank Limited,JBBD87,2026-07-25,
8021,Sahas Urja Limited,SAHAS,2026-07-25,
8022,Terhathum Power Company Limited,TPC,2026-07-25,
8023,Mega  Bank Nepal Ltd.,MMF1,2026-07-25,
8024,Nabil Bank Limited,NBF3,2026-07-25,
8025,Samling power company limited,SPC,2026-07-25,
8026,Nyadi hydropower limited,NYADI,2026-07-25,
8027,Nabil Bank Limited,NBLD85,2026-07-25,
8028,Agricultural Development Bank Limited,,2026-07-25,
8029,Agricultural Development Bank Limited,ADBLB86,2026-07-25,
8030,Agricultural Development Bank Limited,ADBLB87,2026-07-25,
8031,Madhya Bhotekoshi Jalavidyut Company Limited,MBJC,2026-07-25,
8032,Buddha bhumi nepal hydro power company limited,BNHC,2026-07-25,
8033,Garima Bikas Bank Limited,GBBD85,2026-07-25,
8034,Emerging nepal limited,ENL,2026-07-25,
8041,NESDO Sambridha Laghubitta Bittiya Sanstha Limited,NESDO,2026-07-25,
8043,Civil Bank Ltd,CBLD88,2026-07-25,
8044,Everest Bank Limited,EBLD86,2026-07-25,
8045,Green Ventures Limited,GVL,2026-07-25,
8055,Balephi Hydropower Limited,BHL,2026-07-25,
8063,Upakar Laghubitta Bittiya  Sanstha  Limited,ULBSL,2026-07-25,
8065,CYC Nepal laghubitta Bittiya Sanstha Limited,CYCL,2026-07-25,
8066,River Falls power Limited,RFPL,2026-07-25,
8068,Century Commercial Bank Ltd.,CCBD88,2026-07-25,
8070,Dordi Khola Jal Bidyut Company limited,DORDI,2026-07-25,
8073,NIC Asia Bank Ltd.,NICFC,2026-07-25,
8074,Kumari Bank Limited,KDBY,2026-07-25,
8075,Bindhyabasini Hydropower Development Company Limited,BHDC,2026-07-25,
8076,Himalayan Hydropower Limited,HHL,2026-07-25,
8097,Prime Commercial Bank Ltd.,PBD88,2026-07-25,
8098,Siddhartha Bank Limited,SBLD89,2026-07-25,
8099,Upper Hewakhola Hydropower company Limited,UHEWA,2026-07-25,
8100,Swet-Ganga Hydropower and Construction Limited,SGHC,2026-07-25,
8101,Agricultural Development Bank Limited,,2026-07-25,
8102,Mandakini Hydropower Limited,MHL,2026-07-25,
8104,Upper solu Electric company Limited,USHEC,2026-07-25,
8105,NMB Bank Limited,NMBUR93/94,2026-07-25,
8106,Global IME Balanced Fund-1,GIBF1,2026-07-25,
8107,Sanima Bank Limited,,2026-07-25,
8108,Rapti Hydro and General Construction Limited,RHGCL,2026-07-25,
8109,Sanima Bank Limited,SBD89,2026-07-25,
8110,Nepal SBI Bank Limited,SBID83,2026-07-25,
8116,Prime Commercial Bank Ltd.,PBD84,2026-07-25,
8117,Aviyan laghubittya bittiya sanstha limited,AVYAN,2026-07-25,
8118,Everest Bank Limited,,2026-07-25,
8119,Everest Bank Limited,EBLD85,2026-07-25,
8121,Sayapatri Hydropower Limited,SPHL,2026-07-25,
8122,Peoples Power Limited,PPL,2026-07-25,
8123,Dhaulagiri laghubitta Sanstha Limited,DLBS,2026-07-25,
8125,NMB Capital Ltd.,NSIF2,2026-07-25,
8126,Sikles Hydropower Limited,SIKLES,2026-07-25,
8127,Kumari Bank Limited,KBLD89,2026-07-25,
8131,Eastern Hydropower Limited,EHPL,2026-07-25,
8132,Shrijanshil Laghubitta Baittiya sanstha Limited,SHLB,2026-07-25,
8133,Peoples Hydropower Company Limited,PHCL,2026-07-25,
9135,Barahi Hydropower Public Limited,BHPL,2026-07-25,
9136,Bank of Kathmandu Ltd.,BOKD86KA,2026-07-25,
9137,Himalayan Bank Limited,HBLD86,2026-07-25,
9138,NIBL Growth Fund,NIBLGF,2026-07-25,
9139,Sanima Growth Fund,SAGF,2026-07-25,
9140,Unique Nepal Laghubitta Bittiya Sanstha Limited,UNLB,2026-07-25,
9141,Nepal Infrastructure Bank Limited,NIFRAUR85/86,2026-07-25,
9146,Super Madi Hydropower Limited,SMHL,2026-07-25,
9147,SHUVAM POWER LIMITED,SPL,2026-07-25,
9148,Supermai Hydropower Limited,SMH,2026-07-25,
9149,Maya Khola Hydropower Company Limited,MKHC,2026-07-25,
9150,Asian Hydropower Limited,AHL,2026-07-25,
9151,KALINCHOWK DARSHAN LIMITED ,KDL,2026-07-25,
9152,Everest Bank Limited,EBLEB89,2026-07-25,
9154,Sunrise Capital Limited,SFEF,2026-07-25,
9156,Sanima Middle Tamor Hydropower Limited,TAMOR,2026-07-25,
9158,Molung Hydropower Company Limited,MHCL,2026-07-25,
9159,Sagarmatha Jalabidhyut Company Limited,SMJC,2026-07-25,
9161,Aatmanirbhar Laghubitta Bittitya Sanstha Limited,ANLB,2026-07-25,
9166,Makar Jitumaya Suri Hydropower Ltd ,MAKAR,2026-07-25,
9167,MaiKhola Hydropower Limited,MKHL,2026-07-25,
9168,Global IME Bank Limited,GBILD84/85,2026-07-25,
9170,Dolti Power Company Ltd.,DOLTI,2026-07-25,
9171,Bhugol Energy Development Company Ltd,BEDC,2026-07-25,
9173,CITY HOTEL LIMITED ,CITY,2026-07-25,
9174,Prabhu Capital Limited,PRSF,2026-07-25,
9175,Menchhiyam Hydro Power Ltd,MCHL,2026-07-25,
9176,Ingwa Hydropower Limited,IHL,2026-07-25,
9177,Standard Chartered Bank  Nepal Limited,SCBD,2026-07-25,
9178,RBB Merchant Banking Limited,RMF2,2026-07-25,
9179,Modi Energy Limited,MEL,2026-07-25,
9180,NMB Bank Limited,NMBD89/90,2026-07-25,
9181,Rawa Energy Development Ltd.,RAWA,2026-07-25,
9182,Siddhartha Bank Limited,SIGS3,2026-07-25,
9183,Nepal Republic Media Ltd,NRM,2026-07-25,
9184,I.M.E. Life Insurance company Limited ,ILI,2026-07-25,
9191,Citizens Bank International Limited,C30MF,2026-07-25,
9192, Upper Syange Hydropower Limited,USHL,2026-07-25,
9193,Ghorahi Cement Industry Limited,GCIL,2026-07-25,
9194,Three Star Hydropower Ltd,TSHL,2026-07-25,
9195,Mahalaxmi Bikas Bank Ltd.,MLBLD89,2026-07-25,
9196,Kutheli Bukhari Small Hydropower Ltd,KBSH,2026-07-25,
9197,Lumbini Bikas Bank Ltd.,LBBLD89,2026-07-25,
9198,Laxmi Sunrise Bank Limited,LVF2,2026-07-25,
9199,Reliable Nepal Life Insurance Ltd,RNLI,2026-07-25,
9201,Sun Nepal Life Insurance Company Limited,SNLI,2026-07-25,
9203,Manakamana Engineering Hydropower Limited,MEHL,2026-07-25,
9208,Upper Lohore Khola Hydropower Company Limited,ULHC,2026-07-25,
9209,Citizen Life Insurance Company Limited,CLI,2026-07-25,
9211,Nepal SBI Bank Limited,SBID89,2026-07-25,
9212,Mandu Hydropower Limited,MANDU,2026-07-25,
9213,HATHWAY INVESTMENT NEPAL LIMITED,HATHY,2026-07-25,
9214,Bhagawati Hyropower Development Company Ltd.,BGWT,2026-07-25,
9215,Mid solu Hydropower Limited,MSHL,2026-07-25,
9216,Sonapur Minerals And Oil Limited,SONA,2026-07-25,
9217,Mathillo Mailun Khola Jalvidhyut Ltd.,MMKJL,2026-07-25,
9218,Trishuli Jal Vidhyut Company Limited ,TVCL,2026-07-25,
9220,Kumari Bank Limited,KBLD90,2026-07-25,
9221,Himalayan Bank Limited,H8020,2026-07-25,
9225,Vision Lumbini Urja Company Limited,VLUCL,2026-07-25,
9230,Muktinath Krishi Company Limited,MKCL,2026-07-25,
9231,Citizens Bank International Limited,CIZBD90,2026-07-25,
9232,Chirkhwa Hydropower Limited,CKHL,2026-07-25,
9233,Nepal Warehousing Company Limited,NWCL,2026-07-25,
9234,Himalayan Reinsurance Limited,HRL,2026-07-25,
9236,NIC Asia Bank Ltd.,NICGF2,2026-07-25,
9238,Nabil Bank Limited,NABILD87,2026-07-25,
9241,Kumari Bank Limited,KSY,2026-07-25,
9242,Sarbottam Cement Limited,SARBTM,2026-07-25,
9243,Nepal Investment Mega Bank Limited,NIMBD90,2026-07-25,
9244,Nepal Investment Mega Bank Limited,NIBLSTF,2026-07-25,
9245,Muktinath Bikas Bank Ltd.,MNMF1,2026-07-25,
9246,GUARDIAN MICRO LIFE INSURANCE LIMITED,GMLI,2026-07-25,
9248,Garima Bikas Bank Limited,GSY,2026-07-25,
9249,ICFC Finance Limited,ICFCD88,2026-07-25,
9250,Nepal Micro Insurance Company Limited,NMIC,2026-07-25,
9252,Crest Micro Life Insurance Limited,CREST,2026-07-25,
9254,NMB Bank Limited,NMBHF2,2026-07-25,
9255,Everest Bank Limited,EBLD91,2026-07-25,
9256,Om Megashree Pharmaceuticals Limited,OMPL,2026-07-25,
9257,Machhapuchhre Bank Limited,MBLEF,2026-07-25,
9258,Pure Energy Limited,PURE,2026-07-25,
9259,Reliable Nepal Life Insurance Ltd,RSY,2026-07-25,
9260,Nepal Infrastructure Bank Limited,,2026-07-25,
9261,Nepal Infrastructure Bank Limited,NIFRAGED,2026-07-25,
9262,Trade Tower Limited,TTL,2026-07-25,
9263,Sanvi Energy Limited,SANVI,2026-07-25,
9264,Rastriya Banijya Bank,RBBD2088,2026-07-25,
9265,NIC Asia Bank Ltd.,,2026-07-25,
9266,NIC Asia Bank Ltd.,NICAD2091,2026-07-25,
9267,Bikash Hydropower Company Ltd,BHCL,2026-07-25,
9268,Global IME Bank Limited,,2026-07-25,
9269,Global IME Bank Limited,GBIMESY2,2026-07-25,
9270,Himstar Urja Company Ltd.,HIMSTAR,2026-07-25,
9271,Siddhartha Bank Limited,SBLD2091,2026-07-25,
9286,SHINE RESUNGA DEVELOPMENT BANK LTD,SHINED,2026-07-25,
9287,Mabilung Energy Limited,MABEL,2026-07-25,
9288,Nepal SBI Bank Limited,,2026-07-25,
9289,Nepal SBI Bank Limited,SBID2090,2026-07-25,
9290,Himalayan Life Insurance Limited,HLICF,2026-07-25,
9293,Daramkhola hydro Energy Ltd.,DHEL,2026-07-25,
9294,Sagar Distillery Limited,SAGAR,2026-07-25,
9295,SWASTIK LAGHUBITTA BITTIYA SANSTHA LTD.,SWASTIK,2026-07-25,
9296,Bungal Hydro Limited,BUNGAL,2026-07-25,
9297,Bandipur Cable Car and Tourism Limited,BANDIPUR,2026-07-25,
9299,Nabil Bank Limited,NABILD2089,2026-07-25,
9300,Jhapa Energy Limited,JHAPA,2026-07-25,
9301,SHREENAGAR AGRITECH INDUSTRIES LIMITED,SAIL,2026-07-25,
9302,RBB Merchant Banking Limited,RBBF40,2026-07-25,
9303,SY PANEL NEPAL LIMITED,SYPNL,2026-07-25,
9304,Citizens Bank International Limited,CSY,2026-07-25,
9305,Salapa Bikas Bank Limited,SABBL,2026-07-25,
9306,Reliance Spinning Mills Limited,RSML,2026-07-25,
9308,Hotel Forest Inn Limited,HFIN,2026-07-25,
9311,Solu Hydropower Limited,SOHL,2026-07-25,
9312,NEPAL LIFE INSURANCE COMPANY LIMITED,NSY,2026-07-25,
9322,Bhujung Hydropower Limited,BJHL,2026-07-25,
9323,Super Khudi Hydropower Ltd.,SKHL,2026-07-25,
9324,RIDGE LINE ENERGY LIMITED,RLEL,2026-07-25,
9325,Suryakunda Hydro Electric Limited,SKHEL,2026-07-25,
9326,Nabil Bank Limited,NABILPNP,2026-07-25,
9327,ICFC Finance Limited,ICFCD89,2026-07-25,
9328,Kamana Sewa Bikas Bank Limited,KSBBLPNP,2026-07-25,
9329,Shikhar Power Development Ltd.,SIPD,2026-07-25,
9330,Palpa Cement Industries Limited,PCIL,2026-07-25,
9331,Siddhartha Bank Limited,SBLPNP,2026-07-25,
9332,NMB Bank Limited,NMBPNP,2026-07-25,
9333,Sanima Bank Limited,SANIMAPNP,2026-07-25,
9334,Kalinchock Hydropower Limited,KHPL,2026-07-25,
9335,Machhapuchhre Bank Limited,MBLPNP,2026-07-25,
9336,Sopan Pharmaceuticals Limited,SOPL,2026-07-25,
9337,Appolo Hydropower Limited,APHL,2026-07-25,
9342,Yambaling Hydropower Ltd.,YMHL,2026-07-25,
9343,Taksar Pikhuwa Khola Hydropower Ltd.,TPKHL,2026-07-25,
9344,Snow Rivers Limited,SNORL,2026-07-25,
9345,Sanigad Hydro Limited,SGHL,2026-07-25,
9346,Kalanga Hydro Limited,KAHL,2026-07-25,
9347,Everest Colour Ltd.,ECL,2026-07-25,
131,Nabil Bank Limited,,2026-08-02,NABIL
132,Nepal Investment Mega Bank Limited,,2026-08-02,NIMB
133,Standard Chartered Bank  Nepal Limited,,2026-08-02,SCB
134,Himalayan Bank Limited,,2026-08-02,HBL
135,Nepal SBI Bank Limited,,2026-08-02,SBI
137,Everest Bank Limited,,2026-08-02,EBL
139,NIC Asia Bank Ltd.,,2026-08-02,NICA
140,Machhapuchhre Bank Limited,,2026-08-02,MBL
141,Laxmi Sunrise Bank Limited,,2026-08-02,LSL
142,Kumari Bank Limited,,2026-08-02,KBL
145,Siddhartha Bank Limited,,2026-08-02,SBL
146,Yak And Yeti Hotel Limited,,2026-08-02,YHL
147,Soaltee Hotel Limited,,2026-08-02,SHL
148,Taragaon Regency Hotel Limited,,2026-08-02,TRH
149,Oriental Hotels Limited,,2026-08-02,OHL
151,Nepal Film Development Company Limited,,2026-08-02,NFD
152,National Hydro Power Company Limited,,2026-08-02,NHPC
153,Butwal Power Company Limited,,2026-08-02,BPCL
154,Chilime Hydropower Company Limited,,2026-08-02,CHCL
155,Salt Trading Corporation,,2026-08-02,STC
156,Bishal Bazar Company Limited,,2026-08-02,BBC
158,Nepal Tading Limited,,2026-08-02,NTL
159,Nepal Welfare Company Limited,,2026-08-02,NWC
163,Nirdhan Utthan Laghubitta Bittiya Sanstha Limited,,2026-08-02,NUBL
164,Chhimek Laghubitta Bittiya Sanstha Limited,,2026-08-02,CBBL
166,Deprosc Laghubitta Bittiya Sanstha Limited,,2026-08-02,DDBL
171,Sanima Bank Limited,,2026-08-02,SANIMA
172,Narayani Development Bank Limited,,2026-08-02,NABBC
1741,Meromicrofinance Laghubitta Bittiya Sanstha Ltd.,,2026-08-02,MERO
176,Nepal Insurance Co. Ltd.,,2026-08-02,NICL
177,Rastriya Beema Company Limited,,2026-08-02,RBCL
178,National Life Insurance Co. Ltd.,,2026-08-02,NLICL
179,Himalayan Everest Insurance Limited,,2026-08-02,HEI
180,United Ajod Insurance Limited,,2026-08-02,UAIL
182,Siddhartha Premier Insurance Limited,,2026-08-02,SPIL
183,Neco Insurance Limited,,2026-08-02,NIL
184,Prabhu Insurance Limited,,2026-08-02,PRIN
185,Sagarmatha Lumbini Insurance Co. Limited,,2026-08-02,SALICO
186,IGI Prudential Insurance Limited,,2026-08-02,IGI
187,NEPAL LIFE INSURANCE COMPANY LIMITED,,2026-08-02,NLIC
188,Life Insurance Corporation (Nepal) Limited,,2026-08-02,LICN
192,Shikhar Insurance Co. Ltd.,,2026-08-02,SICL
194,Nepal Finance Ltd.,,2026-08-02,NFS
195,Bottlers Nepal (Balaju) Limited,,2026-08-02,BNL
198,Nepal Lube Oil Limited,,2026-08-02,NLO
200,Nepal Share Markets Ltd.,,2026-08-02,NSM
201,Nepal Vanaspati Ghee Udhyog Limited,,2026-08-02,NVG
203,Raghupati Jute Mills Limited,,2026-08-02,RJM
204,Gurkhas Finance Ltd.,,2026-08-02,GUFL
205,Butwal Spinning Mills Limited,,2026-08-02,BSM
207,Gorakhkali Rubber Udhyog Limited,,2026-08-02,GRU
209,Jyoti Sinning Mills Limited,,2026-08-02,JSM
210,Citizen Investment Trust,,2026-08-02,CIT
211,Arun Vanaspati Udhyog Limited,,2026-08-02,AVU
213,Bottlers Nepal (Terai) Limited,,2026-08-02,BNT
215,Harisiddhi Brick And Tiles Limited,,2026-08-02,HBT
217,Birat Shoe Limited,,2026-08-02,BSL
219,Unilever Nepal Limited,,2026-08-02,UNL
221,Samjhana Finance Co. Ltd.,,2026-08-02,SFC
222,Nepal Khadya Udhyog Limited,,2026-08-02,NKU
226,Shree Bhrikuti Pulp And Paper Limited,,2026-08-02,SBPP
227,Best Finance Company Ltd.,,2026-08-02,BFC
228,Fleur Himalayan Limited,,2026-08-02,FHL
230,Shree Ram Sugar Mills Limited,,2026-08-02,SRS
232,Goodwill Finance Limited,,2026-08-02,GFCL
233,Nepal Bitumin And Barrel Udhyog Limited,,2026-08-02,NBBU
235,Himalayan Distillery Limited,,2026-08-02,HDL
236,Pokhara Finance Ltd.,,2026-08-02,PFL
238,NMB Bank Limited,,2026-08-02,NMB
244,Shree Investment Finance Co. Ltd.,,2026-08-02,SIFC
245,Central Finance Co. Ltd.,,2026-08-02,CFCL
250,Janaki Finance Company Limited,,2026-08-02,JFL
255,Prabhu  Bank Limited,,2026-08-02,PRVU
256,Samriddhi Finance Company Limited,,2026-08-02,SFCL
259,Capital Merchant Bank & Finance Co. Ltd.,,2026-08-02,CMB
263,Guheswori Merchant Banking & Finance Ltd.,,2026-08-02,GMFIL
268,Swabalamban Laghubitta Bittiya Sanstha Limited,,2026-08-02,SWBBL
273,ICFC Finance Limited,,2026-08-02,ICFC
274,Excel Development Bank Ltd.,,2026-08-02,EDBL
2742,Hydorelectricity Investment and Development Company Ltd,,2026-08-02,HIDCL
2743,Ngadi Group Power Ltd.,,2026-08-02,NGPL
2744,Green Development Bank Ltd.,,2026-08-02,GRDBL
2746,National  Laghubitta Bittiya Sanstha Limited,,2026-08-02,NMFBS
2748,RSDC Laghubitta Bittiya Sanstha Ltd.,,2026-08-02,RSDC
2751,Khanikhola Hydropower Co. Ltd.,,2026-08-02,KKHC
2754,Dibyashwori Hydropower Ltd.,,2026-08-02,DHPL
2757,Arun Kabeli Power Ltd.,,2026-08-02,AKPL
2758,Forward Microfinance Laghubitta Bittiya Sanstha Limited,,2026-08-02,FOWAD
2759,Synergy Power Development Ltd.,,2026-08-02,SPDL
2760,United Modi Hydropower Ltd.,,2026-08-02,UMHL
2761,Samata Gharelu Laghubitta Bittiya Sanstha Limited,,2026-08-02,SMATA
2766,Chhyangdi Hydropower Ltd.,,2026-08-02,CHL
2767,Himalayan Power Partner Ltd.,,2026-08-02,HPPL
2768,Mahuli Laghubitta Bittiya Sanstha Limited,,2026-08-02,MSLB
2769,Nepal Hydro Developers Ltd,,2026-08-02,NHDL
2770,Siddhartha Bank Limited,,2026-08-02,SEF
2771,Support Lagubitta Bittiya Sanstha Limited,,2026-08-02,SMB
2774,Unnati Sahakarya Laghubitta Bittiya Sanstha Limited,,2026-08-02,USLB
2776,Radhi Bidyut Company Ltd,,2026-08-02,RADHI
2781,Wean Nepal Laghubitta Bittiya Sanstha Limited,,2026-08-02,WNLB
2784,Nadep Laghubittiya bittya Sanstha Ltd.,,2026-08-02,NADEP
2786,Panchakanya Mai Hydropower Ltd,,2026-08-02,PMHPL
2787,Kalika power Company Ltd,,2026-08-02,KPCL
2788,Ankhu Khola Jalvidhyut Company Limited,,2026-08-02,AKJCL
2789,Joshi Hydropower Development Company Ltd,,2026-08-02,JOSHI
2790,Aarambha Chautari Laghubitta Bittya Sanstha Limited,,2026-08-02,ACLBSL
2792,Upper Tamakoshi Hydropower Ltd,,2026-08-02,UPPER
2804,Samudayik Laghubitta Bittiya Sanstha Limited,,2026-08-02,SLBSL
2806,Ghalemdi Hydro Limited,,2026-08-02,GHL
2807,Asha Laghubitta Bittiya Sanstha Ltd.,,2026-08-02,ALBSL
2809,Shivam Cements Limited,,2026-08-02,SHIVM
2810,Universal Power Company Limited,,2026-08-02,UPCL
2811,Mountain Hydro Nepal Limited,,2026-08-02,MHNL
2813,Panchthar Power Company Ltd,,2026-08-02,PPCL
2815,Ganapati Laghubitta Bittiya Sanstha Ltd,,2026-08-02,GMFBS
2824,Himalaya Urja Bikas Company Limited,,2026-08-02,HURJA
2825,NIC Asia Bank Ltd.,,2026-08-02,NICAD85/86
2826,Gurans Laghubitta Bittiya Sanstha Ltd,,2026-08-02,GLBSL
2828,Sanima Bank Limited,,2026-08-02,SAND2085
2829,Swabhumaan Laghubitta Bittiya Sanstha Ltd,,2026-08-02,SMFBS
2831,Union Hydropower Limited,,2026-08-02,UNHPL
2832,Infinity Laghubitta Bittiya Sastha Ltd,,2026-08-02,ILBS
2835,Nabil Bank Limited,,2026-08-02,NBF2
2841,Rasuwagadhi Hydropower Company Limited,,2026-08-02,RHPL
2842,SANJEN JALAVIDHYUT COMPANY LTD,,2026-08-02,SJCL
2850,NMB Bank Limited,,2026-08-02,NMBD2085
2854,Nepal Bangladesh Bank Limited,,2026-08-02,NBBD2085
2859,Siddhartha Bank Limited,,2026-08-02,SIGS2
2860,Saptakoshi Development bank Ltd,,2026-08-02,SAPDBL
2863,NIC ASIA Capital Ltd,,2026-08-02,NICBF
2864,Siddhartha Bank Limited,,2026-08-02,SBLD83
2866,Machhapuchhre Bank Limited,,2026-08-02,MBLD2085
2867,NMB Capital Ltd.,,2026-08-02,NMB50
2868,NIC Asia Bank Ltd.,,2026-08-02,NICD83/84
2873,Himalayan Bank Limited,,2026-08-02,HBLD83
2875,Prabhu  Bank Limited,,2026-08-02,PBLD86
2877,Laxmi Sunrise Bank Limited,,2026-08-02,SFMF
2878,Sunrise Bank Limited,,2026-08-02,SRBLD83
2879,Laxmi Sunrise Bank Limited,,2026-08-02,LBLD86
2880,Himal Dolakha Hydropower Com. Ltd.,,2026-08-02,HDHPC
2881,Nepal Reinsurance Company Limited,,2026-08-02,NRIC
2882,ICFC Finance Limited,,2026-08-02,ICFCD83
2883,Goodwill Finance Limited,,2026-08-02,GWFD83
2885,Kumari Bank Limited,,2026-08-02,KBLD86
2886,Agricultural Development Bank Limited,,2026-08-02,ADBLD83
2887,NIC ASIA Laghubitta Bittiya Sanstha Limited,,2026-08-02,NICLBSL
2889,Citizens Bank International Limited,,2026-08-02,CIZBD86
2890,Nepal SBI Bank Limited,,2026-08-02,SBIBD86
2892,Nabil Bank Limited,,2026-08-02,NBLD82
2896,Sampada Laghubitta Bittiya Sanstha Limited,,2026-08-02,SMPDA
2898,NRN Infrastructure and Development Limited,,2026-08-02,NRN
2902,Laxmi Capital Market Limited,,2026-08-02,LUK
2903,Liberty Energy Company Limited,,2026-08-02,LEC
2904,Prabhu  Bank Limited,,2026-08-02,PBLD84
2907,Shiva Shree Hydropower Limited,,2026-08-02,SSHL
2908,Sanima GIC Insurance Limited,,2026-08-02,SGIC
2912,Siddhartha Bank Limited,,2026-08-02,SBLD84
2913,Mountain Energy Nepal Limited,,2026-08-02,MEN
2914,United Idi Mardi & RB Hydropower Ltd,,2026-08-02,UMRH
2915,Prabhu Mahalaxmi Life Insurance Limited,,2026-08-02,PMLI
2917,Chandragiri Hills Limited,,2026-08-02,CGH
2919,Nepal Infrastructure Bank Limited,,2026-08-02,NIFRA
2922,Sanima Bank Limited,,2026-08-02,SBD87
2923,Sanima Bank Limited,,2026-08-02,SLCF
2924,Greenlife Hydropower Limited,,2026-08-02,GLH
2925,Mahila Laghubitta Bittiya Sanstha Ltd,,2026-08-02,MLBSL
2931,Nepal Investment Mega Bank Limited,,2026-08-02,NIBD84
2932,Manjushree Finance Ltd.,,2026-08-02,MFLD85
2933,Kumari Bank Limited,,2026-08-02,KEF
2934,Singati Hydro Energy Ltd,,2026-08-02,SHEL
2935,Ru Ru Jalbidhyut  Pariyojana Ltd.,,2026-08-02,RURU
2936,Nepal Credit And Commercial Bank Limited,,2026-08-02,NCCD86
2937,Sunrise Bank Limited,,2026-08-02,SBCF
307,Nepal Doorsanchar Company Limited,,2026-08-02,NTC
338,Progressive Finance Limited,,2026-08-02,PROFL
341,Global IME Bank Limited,,2026-08-02,GBIME
348,Citizens Bank International Limited,,2026-08-02,CZBIL
357,Prime Commercial Bank Ltd.,,2026-08-02,PCBL
358,Lumbini Bikas Bank Ltd.,,2026-08-02,LBBL
360,Arun Valley Hydropower Development Company Limited,,2026-08-02,AHPC
361,Crystal Finance Ltd.,,2026-08-02,CFL
371,Miteri Development Bank Limited,,2026-08-02,MDB
385,Asian Life Insurance Co Limited,,2026-08-02,ALICL
393,Himalayan Life Insurance Limited,,2026-08-02,HLI
3946,CEDB Hydropower Development Company Limited,,2026-08-02,CHDC
396,Nerude Mirmire Laghubitta Bittiya Sanstha Ltd.,,2026-08-02,NMLBBL
397,Agricultural Development Bank Limited,,2026-08-02,ADBL
401,Mahalaxmi Bikas Bank Ltd.,,2026-08-02,MLBL
403,SuryaJyoti Life Insurance Company Limited,,2026-08-02,SJLIC
417,Garima Bikas Bank Limited,,2026-08-02,GBBL
418,Jyoti Bikas Bank Limited,,2026-08-02,JBBL
428,Karnali Development Bank Limited,,2026-08-02,KRBL
441,Himalayan Finance Limited (Bittiya Sanstha),,2026-08-02,HFL
450,Corporate Development Bank Limited,,2026-08-02,CORBL
459,Kamana Sewa Bikas Bank Limited,,2026-08-02,KSBBL
471,Multipurpose Finance Company  Limited,,2026-08-02,MPFL
472,SHANGRI-LA DEVELOPMENT BANK LIMITED,,2026-08-02,SADBL
473,SHINE RESUNGA DEVELOPMENT BANK LTD,,2026-08-02,SHINE
474,Muktinath Bikas Bank Ltd.,,2026-08-02,MNBBL
490,First Micro Finance Laghubitta Bittiya Sanstha Limited,,2026-08-02,FMDBL
4947,Prabhu  Bank Limited,,2026-08-02,PSF
4948,Kamana Sewa Bikas Bank Limited,,2026-08-02,KSBBLD87
4949,Nepal Investment Mega Bank Limited,,2026-08-02,NIBSF2
4951,Jeevan Bikas Laghubitta Bittiya Sanstha Ltd,,2026-08-02,JBLB
4959,Nepal Bank Limited,,2026-08-02,NBLD87
4960,Agricultural Development Bank Limited,,2026-08-02,ADBLB
4961,Bank of Kathmandu Ltd.,,2026-08-02,BOKD86
4962,Prabhu  Bank Limited,,2026-08-02,PBLD87
4963,NMB Bank Limited,,2026-08-02,NMBD87/88
4964,NMB Bank Limited,,2026-08-02,NMBEB92/93
4967,NIC ASIA Capital Ltd,,2026-08-02,NICSF
4968,RBB Merchant Banking Limited,,2026-08-02,RMF1
4969,Muktinath Bikas Bank Ltd.,,2026-08-02,MND84/85
516,Manjushree Finance Ltd.,,2026-08-02,MFIL
517,Nepal Bank Limited,,2026-08-02,NBL
545,Swarojgar Laghubitta Bittiya Sanstha Ltd.,,2026-08-02,SLBBL
559,NLG Insurance Company Ltd.,,2026-08-02,NLG
561,Sindhu Bikash Bank Ltd,,2026-08-02,SINDU
574,Sana Kisan Bikas Laghubitta Bittiya Sanstha Limited,,2026-08-02,SKBBL
583,Grameen Bikas Laghubitta Bittiya Sanstha Ltd.,,2026-08-02,GBLBS
587,Reliance Finance Ltd.,,2026-08-02,RLFL
591,Sanima Mai Hydropower Limited,,2026-08-02,SHPC
593,Kalika Laghubitta Bittiya Sanstha Ltd,,2026-08-02,KMCDB
5982,Sanima Reliance Life Insurance Limited,,2026-08-02,SRLI
5984,Laxmi Sunrise Bank Limited,,2026-08-02,LBLD88
601,Mithila LaghuBitta Bittiya Sanstha Limited,,2026-08-02,MLBBL
610,Ridi Power Company Limited,,2026-08-02,RIDI
618,Laxmi Laghubitta Bittiya Sanstha Ltd.,,2026-08-02,LLBS
686,Barun Hydropower Co. Ltd.,,2026-08-02,BARUN
687,Vijaya laghubitta Bittiya Sanstha Ltd.,,2026-08-02,VLBS
693,Himalayan Laghubitta Bittiya Sanstha Limited,,2026-08-02,HLBSL
694,Matribhumi Lagubitta Bittiya Sanstha Limited,,2026-08-02,MATRI
695,Janautthan Samudayic Laghubitta Bittya Sanstha Limited,,2026-08-02,JSLBB
697,API POWER COMPANY LIMITED,,2026-08-02,API
6984,Prime Commercial Bank Ltd.,,2026-08-02,PBD85
6985,SHANGRI-LA DEVELOPMENT BANK LIMITED,,2026-08-02,SDBD87
704,NMB  Microfinance Bittiya Sanstha Ltd.,,2026-08-02,NMBMF
705,Global IME Laghubitta Bittiya Sanstha Ltd.,,2026-08-02,GILB
706,Suryodaya Womi Laghubitta Bittiya Sanstha Limited,,2026-08-02,SWMF
7985,Machhapuchhre Bank Limited,,2026-08-02,MBLD87
7986,NIC Asia Bank Ltd.,,2026-08-02,NICD88
8003,Rastriya Banijya Bank,,2026-08-02,RBBD83
8004,Global IME Bank Limited,,2026-08-02,GBILD86/87
8005,Mailung Khola Jal Vidhyut Company Limited,,2026-08-02,MKJC
8018,Manushi Laghubitta Bittiya Sanstha Limited,,2026-08-02,MLBS
8020,Jyoti Bikas Bank Limited,,2026-08-02,JBBD87
8021,Sahas Urja Limited,,2026-08-02,SAHAS
8022,Terhathum Power Company Limited,,2026-08-02,TPC
8023,Mega  Bank Nepal Ltd.,,2026-08-02,MMF1
8024,Nabil Bank Limited,,2026-08-02,NBF3
8025,Samling power company limited,,2026-08-02,SPC
8026,Nyadi hydropower limited,,2026-08-02,NYADI
8027,Nabil Bank Limited,,2026-08-02,NBLD85
8028,Agricultural Development Bank Limited,,2026-08-02,
8029,Agricultural Development Bank Limited,,2026-08-02,ADBLB86
8030,Agricultural Development Bank Limited,,2026-08-02,ADBLB87
8031,Madhya Bhotekoshi Jalavidyut Company Limited,,2026-08-02,MBJC
8032,Buddha bhumi nepal hydro power company limited,,2026-08-02,BNHC
8033,Garima Bikas Bank Limited,,2026-08-02,GBBD85
8034,Emerging nepal limited,,2026-08-02,ENL
8041,NESDO Sambridha Laghubitta Bittiya Sanstha Limited,,2026-08-02,NESDO
8043,Civil Bank Ltd,,2026-08-02,CBLD88
8044,Everest Bank Limited,,2026-08-02,EBLD86
8045,Green Ventures Limited,,2026-08-02,GVL
8055,Balephi Hydropower Limited,,2026-08-02,BHL
8063,Upakar Laghubitta Bittiya  Sanstha  Limited,,2026-08-02,ULBSL
8065,CYC Nepal laghubitta Bittiya Sanstha Limited,,2026-08-02,CYCL
8066,River Falls power Limited,,2026-08-02,RFPL
8068,Century Commercial Bank Ltd.,,2026-08-02,CCBD88
8070,Dordi Khola Jal Bidyut Company limited,,2026-08-02,DORDI
8073,NIC Asia Bank Ltd.,,2026-08-02,NICFC
8074,Kumari Bank Limited,,2026-08-02,KDBY
8075,Bindhyabasini Hydropower Development Company Limited,,2026-08-02,BHDC
8076,Himalayan Hydropower Limited,,2026-08-02,HHL
8097,Prime Commercial Bank Ltd.,,2026-08-02,PBD88
8098,Siddhartha Bank Limited,,2026-08-02,SBLD89
8099,Upper Hewakhola Hydropower company Limited,,2026-08-02,UHEWA
8100,Swet-Ganga Hydropower and Construction Limited,,2026-08-02,SGHC
8101,Agricultural Development Bank Limited,,2026-08-02,
8102,Mandakini Hydropower Limited,,2026-08-02,MHL
8104,Upper solu Electric company Limited,,2026-08-02,USHEC
8105,NMB Bank Limited,,2026-08-02,NMBUR93/94
8106,Global IME Balanced Fund-1,,2026-08-02,GIBF1
8107,Sanima Bank Limited,,2026-08-02,
8108,Rapti Hydro and General Construction Limited,,2026-08-02,RHGCL
8109,Sanima Bank Limited,,2026-08-02,SBD89
8110,Nepal SBI Bank Limited,,2026-08-02,SBID83
8116,Prime Commercial Bank Ltd.,,2026-08-02,PBD84
8117,Aviyan laghubittya bittiya sanstha limited,,2026-08-02,AVYAN
8118,Everest Bank Limited,,2026-08-02,
8119,Everest Bank Limited,,2026-08-02,EBLD85
8121,Sayapatri Hydropower Limited,,2026-08-02,SPHL
8122,Peoples Power Limited,,2026-08-02,PPL
8123,Dhaulagiri laghubitta Sanstha Limited,,2026-08-02,DLBS
8125,NMB Capital Ltd.,,2026-08-02,NSIF2
8126,Sikles Hydropower Limited,,2026-08-02,SIKLES
8127,Kumari Bank Limited,,2026-08-02,KBLD89
8131,Eastern Hydropower Limited,,2026-08-02,EHPL
8132,Shrijanshil Laghubitta Baittiya sanstha Limited,,2026-08-02,SHLB
8133,Peoples Hydropower Company Limited,,2026-08-02,PHCL
9135,Barahi Hydropower Public Limited,,2026-08-02,BHPL
9136,Bank of Kathmandu Ltd.,,2026-08-02,BOKD86KA
9137,Himalayan Bank Limited,,2026-08-02,HBLD86
9138,NIBL Growth Fund,,2026-08-02,NIBLGF
9139,Sanima Growth Fund,,2026-08-02,SAGF
9140,Unique Nepal Laghubitta Bittiya Sanstha Limited,,2026-08-02,UNLB
9141,Nepal Infrastructure Bank Limited,,2026-08-02,NIFRAUR85/86
9146,Super Madi Hydropower Limited,,2026-08-02,SMHL
9147,SHUVAM POWER LIMITED,,2026-08-02,SPL
9148,Supermai Hydropower Limited,,2026-08-02,SMH
9149,Maya Khola Hydropower Company Limited,,2026-08-02,MKHC
9150,Asian Hydropower Limited,,2026-08-02,AHL
9151,KALINCHOWK DARSHAN LIMITED ,,2026-08-02,KDL
9152,Everest Bank Limited,,2026-08-02,EBLEB89
9154,Sunrise Capital Limited,,2026-08-02,SFEF
9156,Sanima Middle Tamor Hydropower Limited,,2026-08-02,TAMOR
9158,Molung Hydropower Company Limited,,2026-08-02,MHCL
9159,Sagarmatha Jalabidhyut Company Limited,,2026-08-02,SMJC
9161,Aatmanirbhar Laghubitta Bittitya Sanstha Limited,,2026-08-02,ANLB
9166,Makar Jitumaya Suri Hydropower Ltd ,,2026-08-02,MAKAR
9167,MaiKhola Hydropower Limited,,2026-08-02,MKHL
9168,Global IME Bank Limited,,2026-08-02,GBILD84/85
9170,Dolti Power Company Ltd.,,2026-08-02,DOLTI
9171,Bhugol Energy Development Company Ltd,,2026-08-02,BEDC
9173,CITY HOTEL LIMITED ,,2026-08-02,CITY
9174,Prabhu Capital Limited,,2026-08-02,PRSF
9175,Menchhiyam Hydro Power Ltd,,2026-08-02,MCHL
9176,Ingwa Hydropower Limited,,2026-08-02,IHL
9177,Standard Chartered Bank  Nepal Limited,,2026-08-02,SCBD
9178,RBB Merchant Banking Limited,,2026-08-02,RMF2
9179,Modi Energy Limited,,2026-08-02,MEL
9180,NMB Bank Limited,,2026-08-02,NMBD89/90
9181,Rawa Energy Development Ltd.,,2026-08-02,RAWA
9182,Siddhartha Bank Limited,,2026-08-02,SIGS3
9183,Nepal Republic Media Ltd,,2026-08-02,NRM
9184,I.M.E. Life Insurance company Limited ,,2026-08-02,ILI
9191,Citizens Bank International Limited,,2026-08-02,C30MF
9192, Upper Syange Hydropower Limited,,2026-08-02,USHL
9193,Ghorahi Cement Industry Limited,,2026-08-02,GCIL
9194,Three Star Hydropower Ltd,,2026-08-02,TSHL
9195,Mahalaxmi Bikas Bank Ltd.,,2026-08-02,MLBLD89
9196,Kutheli Bukhari Small Hydropower Ltd,,2026-08-02,KBSH
9197,Lumbini Bikas Bank Ltd.,,2026-08-02,LBBLD89
9198,Laxmi Sunrise Bank Limited,,2026-08-02,LVF2
9199,Reliable Nepal Life Insurance Ltd,,2026-08-02,RNLI
9201,Sun Nepal Life Insurance Company Limited,,2026-08-02,SNLI
9203,Manakamana Engineering Hydropower Limited,,2026-08-02,MEHL
9208,Upper Lohore Khola Hydropower Company Limited,,2026-08-02,ULHC
9209,Citizen Life Insurance Company Limited,,2026-08-02,CLI
9211,Nepal SBI Bank Limited,,2026-08-02,SBID89
9212,Mandu Hydropower Limited,,2026-08-02,MANDU
9213,HATHWAY INVESTMENT NEPAL LIMITED,,2026-08-02,HATHY
9214,Bhagawati Hyropower Development Company Ltd.,,2026-08-02,BGWT
9215,Mid solu Hydropower Limited,,2026-08-02,MSHL
9216,Sonapur Minerals And Oil Limited,,2026-08-02,SONA
9217,Mathillo Mailun Khola Jalvidhyut Ltd.,,2026-08-02,MMKJL
9218,Trishuli Jal Vidhyut Company Limited ,,2026-08-02,TVCL
9220,Kumari Bank Limited,,2026-08-02,KBLD90
9221,Himalayan Bank Limited,,2026-08-02,H8020
9225,Vision Lumbini Urja Company Limited,,2026-08-02,VLUCL
9230,Muktinath Krishi Company Limited,,2026-08-02,MKCL
9231,Citizens Bank International Limited,,2026-08-02,CIZBD90
9232,Chirkhwa Hydropower Limited,,2026-08-02,CKHL
9233,Nepal Warehousing Company Limited,,2026-08-02,NWCL
9234,Himalayan Reinsurance Limited,,2026-08-02,HRL
9236,NIC Asia Bank Ltd.,,2026-08-02,NICGF2
9238,Nabil Bank Limited,,2026-08-02,NABILD87
9241,Kumari Bank Limited,,2026-08-02,KSY
9242,Sarbottam Cement Limited,,2026-08-02,SARBTM
9243,Nepal Investment Mega Bank Limited,,2026-08-02,NIMBD90
9244,Nepal Investment Mega Bank Limited,,2026-08-02,NIBLSTF
9245,Muktinath Bikas Bank Ltd.,,2026-08-02,MNMF1
9246,GUARDIAN MICRO LIFE INSURANCE LIMITED,,2026-08-02,GMLI
9248,Garima Bikas Bank Limited,,2026-08-02,GSY
9249,ICFC Finance Limited,,2026-08-02,ICFCD88
9250,Nepal Micro Insurance Company Limited,,2026-08-02,NMIC
9252,Crest Micro Life Insurance Limited,,2026-08-02,CREST
9254,NMB Bank Limited,,2026-08-02,NMBHF2
9255,Everest Bank Limited,,2026-08-02,EBLD91
9256,Om Megashree Pharmaceuticals Limited,,2026-08-02,OMPL
9257,Machhapuchhre Bank Limited,,2026-08-02,MBLEF
9258,Pure Energy Limited,,2026-08-02,PURE
9259,Reliable Nepal Life Insurance Ltd,,2026-08-02,RSY
9260,Nepal Infrastructure Bank Limited,,2026-08-02,
9261,Nepal Infrastructure Bank Limited,,2026-08-02,NIFRAGED
9262,Trade Tower Limited,,2026-08-02,TTL
9263,Sanvi Energy Limited,,2026-08-02,SANVI
9264,Rastriya Banijya Bank,,2026-08-02,RBBD2088
9265,NIC Asia Bank Ltd.,,2026-08-02,
9266,NIC Asia Bank Ltd.,,2026-08-02,NICAD2091
9267,Bikash Hydropower Company Ltd,,2026-08-02,BHCL
9268,Global IME Bank Limited,,2026-08-02,
9269,Global IME Bank Limited,,2026-08-02,GBIMESY2
9270,Himstar Urja Company Ltd.,,2026-08-02,HIMSTAR
9271,Siddhartha Bank Limited,,2026-08-02,SBLD2091
9286,SHINE RESUNGA DEVELOPMENT BANK LTD,,2026-08-02,SHINED
9287,Mabilung Energy Limited,,2026-08-02,MABEL
9288,Nepal SBI Bank Limited,,2026-08-02,
9289,Nepal SBI Bank Limited,,2026-08-02,SBID2090
9290,Himalayan Life Insurance Limited,,2026-08-02,HLICF
9293,Daramkhola hydro Energy Ltd.,,2026-08-02,DHEL
9294,Sagar Distillery Limited,,2026-08-02,SAGAR
9295,SWASTIK LAGHUBITTA BITTIYA SANSTHA LTD.,,2026-08-02,SWASTIK
9296,Bungal Hydro Limited,,2026-08-02,BUNGAL
9297,Bandipur Cable Car and Tourism Limited,,2026-08-02,BANDIPUR
9299,Nabil Bank Limited,,2026-08-02,NABILD2089
9300,Jhapa Energy Limited,,2026-08-02,JHAPA
9301,SHREENAGAR AGRITECH INDUSTRIES LIMITED,,2026-08-02,SAIL
9302,RBB Merchant Banking Limited,,2026-08-02,RBBF40
9303,SY PANEL NEPAL LIMITED,,2026-08-02,SYPNL
9304,Citizens Bank International Limited,,2026-08-02,CSY
9305,Salapa Bikas Bank Limited,,2026-08-02,SABBL
9306,Reliance Spinning Mills Limited,,2026-08-02,RSML
9308,Hotel Forest Inn Limited,,2026-08-02,HFIN
9311,Solu Hydropower Limited,,2026-08-02,SOHL
9312,NEPAL LIFE INSURANCE COMPANY LIMITED,,2026-08-02,NSY
9322,Bhujung Hydropower Limited,,2026-08-02,BJHL
9323,Super Khudi Hydropower Ltd.,,2026-08-02,SKHL
9324,RIDGE LINE ENERGY LIMITED,,2026-08-02,RLEL
9325,Suryakunda Hydro Electric Limited,,2026-08-02,SKHEL
9326,Nabil Bank Limited,,2026-08-02,NABILPNP
9327,ICFC Finance Limited,,2026-08-02,ICFCD89
9328,Kamana Sewa Bikas Bank Limited,,2026-08-02,KSBBLPNP
9329,Shikhar Power Development Ltd.,,2026-08-02,SIPD
9330,Palpa Cement Industries Limited,,2026-08-02,PCIL
9331,Siddhartha Bank Limited,,2026-08-02,SBLPNP
9332,NMB Bank Limited,,2026-08-02,NMBPNP
9333,Sanima Bank Limited,,2026-08-02,SANIMAPNP
9334,Kalinchock Hydropower Limited,,2026-08-02,KHPL
9335,Machhapuchhre Bank Limited,,2026-08-02,MBLPNP
9336,Sopan Pharmaceuticals Limited,,2026-08-02,SOPL
9337,Appolo Hydropower Limited,,2026-08-02,APHL
9342,Yambaling Hydropower Ltd.,,2026-08-02,YMHL
9343,Taksar Pikhuwa Khola Hydropower Ltd.,,2026-08-02,TPKHL
9344,Snow Rivers Limited,,2026-08-02,SNORL
9345,Sanigad Hydro Limited,,2026-08-02,SGHL
9346,Kalanga Hydro Limited,,2026-08-02,KAHL
9347,Everest Colour Ltd.,,2026-08-02,ECL
131,Nabil Bank Limited,,2026-08-03,NABIL
132,Nepal Investment Mega Bank Limited,,2026-08-03,NIMB
133,Standard Chartered Bank  Nepal Limited,,2026-08-03,SCB
134,Himalayan Bank Limited,,2026-08-03,HBL
135,Nepal SBI Bank Limited,,2026-08-03,SBI
137,Everest Bank Limited,,2026-08-03,EBL
139,NIC Asia Bank Ltd.,,2026-08-03,NICA
140,Machhapuchhre Bank Limited,,2026-08-03,MBL
141,Laxmi Sunrise Bank Limited,,2026-08-03,LSL
142,Kumari Bank Limited,,2026-08-03,KBL
145,Siddhartha Bank Limited,,2026-08-03,SBL
146,Yak And Yeti Hotel Limited,,2026-08-03,YHL
147,Soaltee Hotel Limited,,2026-08-03,SHL
148,Taragaon Regency Hotel Limited,,2026-08-03,TRH
149,Oriental Hotels Limited,,2026-08-03,OHL
151,Nepal Film Development Company Limited,,2026-08-03,NFD
152,National Hydro Power Company Limited,,2026-08-03,NHPC
153,Butwal Power Company Limited,,2026-08-03,BPCL
154,Chilime Hydropower Company Limited,,2026-08-03,CHCL
155,Salt Trading Corporation,,2026-08-03,STC
156,Bishal Bazar Company Limited,,2026-08-03,BBC
158,Nepal Tading Limited,,2026-08-03,NTL
159,Nepal Welfare Company Limited,,2026-08-03,NWC
163,Nirdhan Utthan Laghubitta Bittiya Sanstha Limited,,2026-08-03,NUBL
164,Chhimek Laghubitta Bittiya Sanstha Limited,,2026-08-03,CBBL
166,Deprosc Laghubitta Bittiya Sanstha Limited,,2026-08-03,DDBL
171,Sanima Bank Limited,,2026-08-03,SANIMA
172,Narayani Development Bank Limited,,2026-08-03,NABBC
1741,Meromicrofinance Laghubitta Bittiya Sanstha Ltd.,,2026-08-03,MERO
176,Nepal Insurance Co. Ltd.,,2026-08-03,NICL
177,Rastriya Beema Company Limited,,2026-08-03,RBCL
178,National Life Insurance Co. Ltd.,,2026-08-03,NLICL
179,Himalayan Everest Insurance Limited,,2026-08-03,HEI
180,United Ajod Insurance Limited,,2026-08-03,UAIL
182,Siddhartha Premier Insurance Limited,,2026-08-03,SPIL
183,Neco Insurance Limited,,2026-08-03,NIL
184,Prabhu Insurance Limited,,2026-08-03,PRIN
185,Sagarmatha Lumbini Insurance Co. Limited,,2026-08-03,SALICO
186,IGI Prudential Insurance Limited,,2026-08-03,IGI
187,NEPAL LIFE INSURANCE COMPANY LIMITED,,2026-08-03,NLIC
188,Life Insurance Corporation (Nepal) Limited,,2026-08-03,LICN
192,Shikhar Insurance Co. Ltd.,,2026-08-03,SICL
194,Nepal Finance Ltd.,,2026-08-03,NFS
195,Bottlers Nepal (Balaju) Limited,,2026-08-03,BNL
198,Nepal Lube Oil Limited,,2026-08-03,NLO
200,Nepal Share Markets Ltd.,,2026-08-03,NSM
201,Nepal Vanaspati Ghee Udhyog Limited,,2026-08-03,NVG
203,Raghupati Jute Mills Limited,,2026-08-03,RJM
204,Gurkhas Finance Ltd.,,2026-08-03,GUFL
205,Butwal Spinning Mills Limited,,2026-08-03,BSM
207,Gorakhkali Rubber Udhyog Limited,,2026-08-03,GRU
209,Jyoti Sinning Mills Limited,,2026-08-03,JSM
210,Citizen Investment Trust,,2026-08-03,CIT
211,Arun Vanaspati Udhyog Limited,,2026-08-03,AVU
213,Bottlers Nepal (Terai) Limited,,2026-08-03,BNT
215,Harisiddhi Brick And Tiles Limited,,2026-08-03,HBT
217,Birat Shoe Limited,,2026-08-03,BSL
219,Unilever Nepal Limited,,2026-08-03,UNL
221,Samjhana Finance Co. Ltd.,,2026-08-03,SFC
222,Nepal Khadya Udhyog Limited,,2026-08-03,NKU
226,Shree Bhrikuti Pulp And Paper Limited,,2026-08-03,SBPP
227,Best Finance Company Ltd.,,2026-08-03,BFC
228,Fleur Himalayan Limited,,2026-08-03,FHL
230,Shree Ram Sugar Mills Limited,,2026-08-03,SRS
232,Goodwill Finance Limited,,2026-08-03,GFCL
233,Nepal Bitumin And Barrel Udhyog Limited,,2026-08-03,NBBU
235,Himalayan Distillery Limited,,2026-08-03,HDL
236,Pokhara Finance Ltd.,,2026-08-03,PFL
238,NMB Bank Limited,,2026-08-03,NMB
244,Shree Investment Finance Co. Ltd.,,2026-08-03,SIFC
245,Central Finance Co. Ltd.,,2026-08-03,CFCL
250,Janaki Finance Company Limited,,2026-08-03,JFL
255,Prabhu  Bank Limited,,2026-08-03,PRVU
256,Samriddhi Finance Company Limited,,2026-08-03,SFCL
259,Capital Merchant Bank & Finance Co. Ltd.,,2026-08-03,CMB
263,Guheswori Merchant Banking & Finance Ltd.,,2026-08-03,GMFIL
268,Swabalamban Laghubitta Bittiya Sanstha Limited,,2026-08-03,SWBBL
273,ICFC Finance Limited,,2026-08-03,ICFC
274,Excel Development Bank Ltd.,,2026-08-03,EDBL
2742,Hydorelectricity Investment and Development Company Ltd,,2026-08-03,HIDCL
2743,Ngadi Group Power Ltd.,,2026-08-03,NGPL
2744,Green Development Bank Ltd.,,2026-08-03,GRDBL
2746,National  Laghubitta Bittiya Sanstha Limited,,2026-08-03,NMFBS
2748,RSDC Laghubitta Bittiya Sanstha Ltd.,,2026-08-03,RSDC
2751,Khanikhola Hydropower Co. Ltd.,,2026-08-03,KKHC
2754,Dibyashwori Hydropower Ltd.,,2026-08-03,DHPL
2757,Arun Kabeli Power Ltd.,,2026-08-03,AKPL
2758,Forward Microfinance Laghubitta Bittiya Sanstha Limited,,2026-08-03,FOWAD
2759,Synergy Power Development Ltd.,,2026-08-03,SPDL
2760,United Modi Hydropower Ltd.,,2026-08-03,UMHL
2761,Samata Gharelu Laghubitta Bittiya Sanstha Limited,,2026-08-03,SMATA
2766,Chhyangdi Hydropower Ltd.,,2026-08-03,CHL
2767,Himalayan Power Partner Ltd.,,2026-08-03,HPPL
2768,Mahuli Laghubitta Bittiya Sanstha Limited,,2026-08-03,MSLB
2769,Nepal Hydro Developers Ltd,,2026-08-03,NHDL
2770,Siddhartha Bank Limited,,2026-08-03,SEF
2771,Support Lagubitta Bittiya Sanstha Limited,,2026-08-03,SMB
2774,Unnati Sahakarya Laghubitta Bittiya Sanstha Limited,,2026-08-03,USLB
2776,Radhi Bidyut Company Ltd,,2026-08-03,RADHI
2781,Wean Nepal Laghubitta Bittiya Sanstha Limited,,2026-08-03,WNLB
2784,Nadep Laghubittiya bittya Sanstha Ltd.,,2026-08-03,NADEP
2786,Panchakanya Mai Hydropower Ltd,,2026-08-03,PMHPL
2787,Kalika power Company Ltd,,2026-08-03,KPCL
2788,Ankhu Khola Jalvidhyut Company Limited,,2026-08-03,AKJCL
2789,Joshi Hydropower Development Company Ltd,,2026-08-03,JOSHI
2790,Aarambha Chautari Laghubitta Bittya Sanstha Limited,,2026-08-03,ACLBSL
2792,Upper Tamakoshi Hydropower Ltd,,2026-08-03,UPPER
2804,Samudayik Laghubitta Bittiya Sanstha Limited,,2026-08-03,SLBSL
2806,Ghalemdi Hydro Limited,,2026-08-03,GHL
2807,Asha Laghubitta Bittiya Sanstha Ltd.,,2026-08-03,ALBSL
2809,Shivam Cements Limited,,2026-08-03,SHIVM
2810,Universal Power Company Limited,,2026-08-03,UPCL
2811,Mountain Hydro Nepal Limited,,2026-08-03,MHNL
2813,Panchthar Power Company Ltd,,2026-08-03,PPCL
2815,Ganapati Laghubitta Bittiya Sanstha Ltd,,2026-08-03,GMFBS
2824,Himalaya Urja Bikas Company Limited,,2026-08-03,HURJA
2825,NIC Asia Bank Ltd.,,2026-08-03,NICAD85/86
2826,Gurans Laghubitta Bittiya Sanstha Ltd,,2026-08-03,GLBSL
2828,Sanima Bank Limited,,2026-08-03,SAND2085
2829,Swabhumaan Laghubitta Bittiya Sanstha Ltd,,2026-08-03,SMFBS
2831,Union Hydropower Limited,,2026-08-03,UNHPL
2832,Infinity Laghubitta Bittiya Sastha Ltd,,2026-08-03,ILBS
2835,Nabil Bank Limited,,2026-08-03,NBF2
2841,Rasuwagadhi Hydropower Company Limited,,2026-08-03,RHPL
2842,SANJEN JALAVIDHYUT COMPANY LTD,,2026-08-03,SJCL
2850,NMB Bank Limited,,2026-08-03,NMBD2085
2854,Nepal Bangladesh Bank Limited,,2026-08-03,NBBD2085
2859,Siddhartha Bank Limited,,2026-08-03,SIGS2
2860,Saptakoshi Development bank Ltd,,2026-08-03,SAPDBL
2863,NIC ASIA Capital Ltd,,2026-08-03,NICBF
2864,Siddhartha Bank Limited,,2026-08-03,SBLD83
2866,Machhapuchhre Bank Limited,,2026-08-03,MBLD2085
2867,NMB Capital Ltd.,,2026-08-03,NMB50
2868,NIC Asia Bank Ltd.,,2026-08-03,NICD83/84
2873,Himalayan Bank Limited,,2026-08-03,HBLD83
2875,Prabhu  Bank Limited,,2026-08-03,PBLD86
2877,Laxmi Sunrise Bank Limited,,2026-08-03,SFMF
2878,Sunrise Bank Limited,,2026-08-03,SRBLD83
2879,Laxmi Sunrise Bank Limited,,2026-08-03,LBLD86
2880,Himal Dolakha Hydropower Com. Ltd.,,2026-08-03,HDHPC
2881,Nepal Reinsurance Company Limited,,2026-08-03,NRIC
2882,ICFC Finance Limited,,2026-08-03,ICFCD83
2883,Goodwill Finance Limited,,2026-08-03,GWFD83
2885,Kumari Bank Limited,,2026-08-03,KBLD86
2886,Agricultural Development Bank Limited,,2026-08-03,ADBLD83
2887,NIC ASIA Laghubitta Bittiya Sanstha Limited,,2026-08-03,NICLBSL
2889,Citizens Bank International Limited,,2026-08-03,CIZBD86
2890,Nepal SBI Bank Limited,,2026-08-03,SBIBD86
2892,Nabil Bank Limited,,2026-08-03,NBLD82
2896,Sampada Laghubitta Bittiya Sanstha Limited,,2026-08-03,SMPDA
2898,NRN Infrastructure and Development Limited,,2026-08-03,NRN
2902,Laxmi Capital Market Limited,,2026-08-03,LUK
2903,Liberty Energy Company Limited,,2026-08-03,LEC
2904,Prabhu  Bank Limited,,2026-08-03,PBLD84
2907,Shiva Shree Hydropower Limited,,2026-08-03,SSHL
2908,Sanima GIC Insurance Limited,,2026-08-03,SGIC
2912,Siddhartha Bank Limited,,2026-08-03,SBLD84
2913,Mountain Energy Nepal Limited,,2026-08-03,MEN
2914,United Idi Mardi & RB Hydropower Ltd,,2026-08-03,UMRH
2915,Prabhu Mahalaxmi Life Insurance Limited,,2026-08-03,PMLI
2917,Chandragiri Hills Limited,,2026-08-03,CGH
2919,Nepal Infrastructure Bank Limited,,2026-08-03,NIFRA
2922,Sanima Bank Limited,,2026-08-03,SBD87
2923,Sanima Bank Limited,,2026-08-03,SLCF
2924,Greenlife Hydropower Limited,,2026-08-03,GLH
2925,Mahila Laghubitta Bittiya Sanstha Ltd,,2026-08-03,MLBSL
2931,Nepal Investment Mega Bank Limited,,2026-08-03,NIBD84
2932,Manjushree Finance Ltd.,,2026-08-03,MFLD85
2933,Kumari Bank Limited,,2026-08-03,KEF
2934,Singati Hydro Energy Ltd,,2026-08-03,SHEL
2935,Ru Ru Jalbidhyut  Pariyojana Ltd.,,2026-08-03,RURU
2936,Nepal Credit And Commercial Bank Limited,,2026-08-03,NCCD86
2937,Sunrise Bank Limited,,2026-08-03,SBCF
307,Nepal Doorsanchar Company Limited,,2026-08-03,NTC
338,Progressive Finance Limited,,2026-08-03,PROFL
341,Global IME Bank Limited,,2026-08-03,GBIME
348,Citizens Bank International Limited,,2026-08-03,CZBIL
357,Prime Commercial Bank Ltd.,,2026-08-03,PCBL
358,Lumbini Bikas Bank Ltd.,,2026-08-03,LBBL
360,Arun Valley Hydropower Development Company Limited,,2026-08-03,AHPC
361,Crystal Finance Ltd.,,2026-08-03,CFL
371,Miteri Development Bank Limited,,2026-08-03,MDB
385,Asian Life Insurance Co Limited,,2026-08-03,ALICL
393,Himalayan Life Insurance Limited,,2026-08-03,HLI
3946,CEDB Hydropower Development Company Limited,,2026-08-03,CHDC
396,Nerude Mirmire Laghubitta Bittiya Sanstha Ltd.,,2026-08-03,NMLBBL
397,Agricultural Development Bank Limited,,2026-08-03,ADBL
401,Mahalaxmi Bikas Bank Ltd.,,2026-08-03,MLBL
403,SuryaJyoti Life Insurance Company Limited,,2026-08-03,SJLIC
417,Garima Bikas Bank Limited,,2026-08-03,GBBL
418,Jyoti Bikas Bank Limited,,2026-08-03,JBBL
428,Karnali Development Bank Limited,,2026-08-03,KRBL
441,Himalayan Finance Limited (Bittiya Sanstha),,2026-08-03,HFL
450,Corporate Development Bank Limited,,2026-08-03,CORBL
459,Kamana Sewa Bikas Bank Limited,,2026-08-03,KSBBL
471,Multipurpose Finance Company  Limited,,2026-08-03,MPFL
472,SHANGRI-LA DEVELOPMENT BANK LIMITED,,2026-08-03,SADBL
473,SHINE RESUNGA DEVELOPMENT BANK LTD,,2026-08-03,SHINE
474,Muktinath Bikas Bank Ltd.,,2026-08-03,MNBBL
490,First Micro Finance Laghubitta Bittiya Sanstha Limited,,2026-08-03,FMDBL
4947,Prabhu  Bank Limited,,2026-08-03,PSF
4948,Kamana Sewa Bikas Bank Limited,,2026-08-03,KSBBLD87
4949,Nepal Investment Mega Bank Limited,,2026-08-03,NIBSF2
4951,Jeevan Bikas Laghubitta Bittiya Sanstha Ltd,,2026-08-03,JBLB
4959,Nepal Bank Limited,,2026-08-03,NBLD87
4960,Agricultural Development Bank Limited,,2026-08-03,ADBLB
4961,Bank of Kathmandu Ltd.,,2026-08-03,BOKD86
4962,Prabhu  Bank Limited,,2026-08-03,PBLD87
4963,NMB Bank Limited,,2026-08-03,NMBD87/88
4964,NMB Bank Limited,,2026-08-03,NMBEB92/93
4967,NIC ASIA Capital Ltd,,2026-08-03,NICSF
4968,RBB Merchant Banking Limited,,2026-08-03,RMF1
4969,Muktinath Bikas Bank Ltd.,,2026-08-03,MND84/85
516,Manjushree Finance Ltd.,,2026-08-03,MFIL
517,Nepal Bank Limited,,2026-08-03,NBL
545,Swarojgar Laghubitta Bittiya Sanstha Ltd.,,2026-08-03,SLBBL
559,NLG Insurance Company Ltd.,,2026-08-03,NLG
561,Sindhu Bikash Bank Ltd,,2026-08-03,SINDU
574,Sana Kisan Bikas Laghubitta Bittiya Sanstha Limited,,2026-08-03,SKBBL
583,Grameen Bikas Laghubitta Bittiya Sanstha Ltd.,,2026-08-03,GBLBS
587,Reliance Finance Ltd.,,2026-08-03,RLFL
591,Sanima Mai Hydropower Limited,,2026-08-03,SHPC
593,Kalika Laghubitta Bittiya Sanstha Ltd,,2026-08-03,KMCDB
5982,Sanima Reliance Life Insurance Limited,,2026-08-03,SRLI
5984,Laxmi Sunrise Bank Limited,,2026-08-03,LBLD88
601,Mithila LaghuBitta Bittiya Sanstha Limited,,2026-08-03,MLBBL
610,Ridi Power Company Limited,,2026-08-03,RIDI
618,Laxmi Laghubitta Bittiya Sanstha Ltd.,,2026-08-03,LLBS
686,Barun Hydropower Co. Ltd.,,2026-08-03,BARUN
687,Vijaya laghubitta Bittiya Sanstha Ltd.,,2026-08-03,VLBS
693,Himalayan Laghubitta Bittiya Sanstha Limited,,2026-08-03,HLBSL
694,Matribhumi Lagubitta Bittiya Sanstha Limited,,2026-08-03,MATRI
695,Janautthan Samudayic Laghubitta Bittya Sanstha Limited,,2026-08-03,JSLBB
697,API POWER COMPANY LIMITED,,2026-08-03,API
6984,Prime Commercial Bank Ltd.,,2026-08-03,PBD85
6985,SHANGRI-LA DEVELOPMENT BANK LIMITED,,2026-08-03,SDBD87
704,NMB  Microfinance Bittiya Sanstha Ltd.,,2026-08-03,NMBMF
705,Global IME Laghubitta Bittiya Sanstha Ltd.,,2026-08-03,GILB
706,Suryodaya Womi Laghubitta Bittiya Sanstha Limited,,2026-08-03,SWMF
7985,Machhapuchhre Bank Limited,,2026-08-03,MBLD87
7986,NIC Asia Bank Ltd.,,2026-08-03,NICD88
8003,Rastriya Banijya Bank,,2026-08-03,RBBD83
8004,Global IME Bank Limited,,2026-08-03,GBILD86/87
8005,Mailung Khola Jal Vidhyut Company Limited,,2026-08-03,MKJC
8018,Manushi Laghubitta Bittiya Sanstha Limited,,2026-08-03,MLBS
8020,Jyoti Bikas Bank Limited,,2026-08-03,JBBD87
8021,Sahas Urja Limited,,2026-08-03,SAHAS
8022,Terhathum Power Company Limited,,2026-08-03,TPC
8023,Mega  Bank Nepal Ltd.,,2026-08-03,MMF1
8024,Nabil Bank Limited,,2026-08-03,NBF3
8025,Samling power company limited,,2026-08-03,SPC
8026,Nyadi hydropower limited,,2026-08-03,NYADI
8027,Nabil Bank Limited,,2026-08-03,NBLD85
8028,Agricultural Development Bank Limited,,2026-08-03,
8029,Agricultural Development Bank Limited,,2026-08-03,ADBLB86
8030,Agricultural Development Bank Limited,,2026-08-03,ADBLB87
8031,Madhya Bhotekoshi Jalavidyut Company Limited,,2026-08-03,MBJC
8032,Buddha bhumi nepal hydro power company limited,,2026-08-03,BNHC
8033,Garima Bikas Bank Limited,,2026-08-03,GBBD85
8034,Emerging nepal limited,,2026-08-03,ENL
8041,NESDO Sambridha Laghubitta Bittiya Sanstha Limited,,2026-08-03,NESDO
8043,Civil Bank Ltd,,2026-08-03,CBLD88
8044,Everest Bank Limited,,2026-08-03,EBLD86
8045,Green Ventures Limited,,2026-08-03,GVL
8055,Balephi Hydropower Limited,,2026-08-03,BHL
8063,Upakar Laghubitta Bittiya  Sanstha  Limited,,2026-08-03,ULBSL
8065,CYC Nepal laghubitta Bittiya Sanstha Limited,,2026-08-03,CYCL
8066,River Falls power Limited,,2026-08-03,RFPL
8068,Century Commercial Bank Ltd.,,2026-08-03,CCBD88
8070,Dordi Khola Jal Bidyut Company limited,,2026-08-03,DORDI
8073,NIC Asia Bank Ltd.,,2026-08-03,NICFC
8074,Kumari Bank Limited,,2026-08-03,KDBY
8075,Bindhyabasini Hydropower Development Company Limited,,2026-08-03,BHDC
8076,Himalayan Hydropower Limited,,2026-08-03,HHL
8097,Prime Commercial Bank Ltd.,,2026-08-03,PBD88
8098,Siddhartha Bank Limited,,2026-08-03,SBLD89
8099,Upper Hewakhola Hydropower company Limited,,2026-08-03,UHEWA
8100,Swet-Ganga Hydropower and Construction Limited,,2026-08-03,SGHC
8101,Agricultural Development Bank Limited,,2026-08-03,
8102,Mandakini Hydropower Limited,,2026-08-03,MHL
8104,Upper solu Electric company Limited,,2026-08-03,USHEC
8105,NMB Bank Limited,,2026-08-03,NMBUR93/94
8106,Global IME Balanced Fund-1,,2026-08-03,GIBF1
8107,Sanima Bank Limited,,2026-08-03,
8108,Rapti Hydro and General Construction Limited,,2026-08-03,RHGCL
8109,Sanima Bank Limited,,2026-08-03,SBD89
8110,Nepal SBI Bank Limited,,2026-08-03,SBID83
8116,Prime Commercial Bank Ltd.,,2026-08-03,PBD84
8117,Aviyan laghubittya bittiya sanstha limited,,2026-08-03,AVYAN
8118,Everest Bank Limited,,2026-08-03,
8119,Everest Bank Limited,,2026-08-03,EBLD85
8121,Sayapatri Hydropower Limited,,2026-08-03,SPHL
8122,Peoples Power Limited,,2026-08-03,PPL
8123,Dhaulagiri laghubitta Sanstha Limited,,2026-08-03,DLBS
8125,NMB Capital Ltd.,,2026-08-03,NSIF2
8126,Sikles Hydropower Limited,,2026-08-03,SIKLES
8127,Kumari Bank Limited,,2026-08-03,KBLD89
8131,Eastern Hydropower Limited,,2026-08-03,EHPL
8132,Shrijanshil Laghubitta Baittiya sanstha Limited,,2026-08-03,SHLB
8133,Peoples Hydropower Company Limited,,2026-08-03,PHCL
9135,Barahi Hydropower Public Limited,,2026-08-03,BHPL
9136,Bank of Kathmandu Ltd.,,2026-08-03,BOKD86KA
9137,Himalayan Bank Limited,,2026-08-03,HBLD86
9138,NIBL Growth Fund,,2026-08-03,NIBLGF
9139,Sanima Growth Fund,,2026-08-03,SAGF
9140,Unique Nepal Laghubitta Bittiya Sanstha Limited,,2026-08-03,UNLB
9141,Nepal Infrastructure Bank Limited,,2026-08-03,NIFRAUR85/86
9146,Super Madi Hydropower Limited,,2026-08-03,SMHL
9147,SHUVAM POWER LIMITED,,2026-08-03,SPL
9148,Supermai Hydropower Limited,,2026-08-03,SMH
9149,Maya Khola Hydropower Company Limited,,2026-08-03,MKHC
9150,Asian Hydropower Limited,,2026-08-03,AHL
9151,KALINCHOWK DARSHAN LIMITED ,,2026-08-03,KDL
9152,Everest Bank Limited,,2026-08-03,EBLEB89
9154,Sunrise Capital Limited,,2026-08-03,SFEF
9156,Sanima Middle Tamor Hydropower Limited,,2026-08-03,TAMOR
9158,Molung Hydropower Company Limited,,2026-08-03,MHCL
9159,Sagarmatha Jalabidhyut Company Limited,,2026-08-03,SMJC
9161,Aatmanirbhar Laghubitta Bittitya Sanstha Limited,,2026-08-03,ANLB
9166,Makar Jitumaya Suri Hydropower Ltd ,,2026-08-03,MAKAR
9167,MaiKhola Hydropower Limited,,2026-08-03,MKHL
9168,Global IME Bank Limited,,2026-08-03,GBILD84/85
9170,Dolti Power Company Ltd.,,2026-08-03,DOLTI
9171,Bhugol Energy Development Company Ltd,,2026-08-03,BEDC
9173,CITY HOTEL LIMITED ,,2026-08-03,CITY
9174,Prabhu Capital Limited,,2026-08-03,PRSF
9175,Menchhiyam Hydro Power Ltd,,2026-08-03,MCHL
9176,Ingwa Hydropower Limited,,2026-08-03,IHL
9177,Standard Chartered Bank  Nepal Limited,,2026-08-03,SCBD
9178,RBB Merchant Banking Limited,,2026-08-03,RMF2
9179,Modi Energy Limited,,2026-08-03,MEL
9180,NMB Bank Limited,,2026-08-03,NMBD89/90
9181,Rawa Energy Development Ltd.,,2026-08-03,RAWA
9182,Siddhartha Bank Limited,,2026-08-03,SIGS3
9183,Nepal Republic Media Ltd,,2026-08-03,NRM
9184,I.M.E. Life Insurance company Limited ,,2026-08-03,ILI
9191,Citizens Bank International Limited,,2026-08-03,C30MF
9192, Upper Syange Hydropower Limited,,2026-08-03,USHL
9193,Ghorahi Cement Industry Limited,,2026-08-03,GCIL
9194,Three Star Hydropower Ltd,,2026-08-03,TSHL
9195,Mahalaxmi Bikas Bank Ltd.,,2026-08-03,MLBLD89
9196,Kutheli Bukhari Small Hydropower Ltd,,2026-08-03,KBSH
9197,Lumbini Bikas Bank Ltd.,,2026-08-03,LBBLD89
9198,Laxmi Sunrise Bank Limited,,2026-08-03,LVF2
9199,Reliable Nepal Life Insurance Ltd,,2026-08-03,RNLI
9201,Sun Nepal Life Insurance Company Limited,,2026-08-03,SNLI
9203,Manakamana Engineering Hydropower Limited,,2026-08-03,MEHL
9208,Upper Lohore Khola Hydropower Company Limited,,2026-08-03,ULHC
9209,Citizen Life Insurance Company Limited,,2026-08-03,CLI
9211,Nepal SBI Bank Limited,,2026-08-03,SBID89
9212,Mandu Hydropower Limited,,2026-08-03,MANDU
9213,HATHWAY INVESTMENT NEPAL LIMITED,,2026-08-03,HATHY
9214,Bhagawati Hyropower Development Company Ltd.,,2026-08-03,BGWT
9215,Mid solu Hydropower Limited,,2026-08-03,MSHL
9216,Sonapur Minerals And Oil Limited,,2026-08-03,SONA
9217,Mathillo Mailun Khola Jalvidhyut Ltd.,,2026-08-03,MMKJL
9218,Trishuli Jal Vidhyut Company Limited ,,2026-08-03,TVCL
9220,Kumari Bank Limited,,2026-08-03,KBLD90
9221,Himalayan Bank Limited,,2026-08-03,H8020
9225,Vision Lumbini Urja Company Limited,,2026-08-03,VLUCL
9230,Muktinath Krishi Company Limited,,2026-08-03,MKCL
9231,Citizens Bank International Limited,,2026-08-03,CIZBD90
9232,Chirkhwa Hydropower Limited,,2026-08-03,CKHL
9233,Nepal Warehousing Company Limited,,2026-08-03,NWCL
9234,Himalayan Reinsurance Limited,,2026-08-03,HRL
9236,NIC Asia Bank Ltd.,,2026-08-03,NICGF2
9238,Nabil Bank Limited,,2026-08-03,NABILD87
9241,Kumari Bank Limited,,2026-08-03,KSY
9242,Sarbottam Cement Limited,,2026-08-03,SARBTM
9243,Nepal Investment Mega Bank Limited,,2026-08-03,NIMBD90
9244,Nepal Investment Mega Bank Limited,,2026-08-03,NIBLSTF
9245,Muktinath Bikas Bank Ltd.,,2026-08-03,MNMF1
9246,GUARDIAN MICRO LIFE INSURANCE LIMITED,,2026-08-03,GMLI
9248,Garima Bikas Bank Limited,,2026-08-03,GSY
9249,ICFC Finance Limited,,2026-08-03,ICFCD88
9250,Nepal Micro Insurance Company Limited,,2026-08-03,NMIC
9252,Crest Micro Life Insurance Limited,,2026-08-03,CREST
9254,NMB Bank Limited,,2026-08-03,NMBHF2
9255,Everest Bank Limited,,2026-08-03,EBLD91
9256,Om Megashree Pharmaceuticals Limited,,2026-08-03,OMPL
9257,Machhapuchhre Bank Limited,,2026-08-03,MBLEF
9258,Pure Energy Limited,,2026-08-03,PURE
9259,Reliable Nepal Life Insurance Ltd,,2026-08-03,RSY
9260,Nepal Infrastructure Bank Limited,,2026-08-03,
9261,Nepal Infrastructure Bank Limited,,2026-08-03,NIFRAGED
9262,Trade Tower Limited,,2026-08-03,TTL
9263,Sanvi Energy Limited,,2026-08-03,SANVI
9264,Rastriya Banijya Bank,,2026-08-03,RBBD2088
9265,NIC Asia Bank Ltd.,,2026-08-03,
9266,NIC Asia Bank Ltd.,,2026-08-03,NICAD2091
9267,Bikash Hydropower Company Ltd,,2026-08-03,BHCL
9268,Global IME Bank Limited,,2026-08-03,
9269,Global IME Bank Limited,,2026-08-03,GBIMESY2
9270,Himstar Urja Company Ltd.,,2026-08-03,HIMSTAR
9271,Siddhartha Bank Limited,,2026-08-03,SBLD2091
9286,SHINE RESUNGA DEVELOPMENT BANK LTD,,2026-08-03,SHINED
9287,Mabilung Energy Limited,,2026-08-03,MABEL
9288,Nepal SBI Bank Limited,,2026-08-03,
9289,Nepal SBI Bank Limited,,2026-08-03,SBID2090
9290,Himalayan Life Insurance Limited,,2026-08-03,HLICF
9293,Daramkhola hydro Energy Ltd.,,2026-08-03,DHEL
9294,Sagar Distillery Limited,,2026-08-03,SAGAR
9295,SWASTIK LAGHUBITTA BITTIYA SANSTHA LTD.,,2026-08-03,SWASTIK
9296,Bungal Hydro Limited,,2026-08-03,BUNGAL
9297,Bandipur Cable Car and Tourism Limited,,2026-08-03,BANDIPUR
9299,Nabil Bank Limited,,2026-08-03,NABILD2089
9300,Jhapa Energy Limited,,2026-08-03,JHAPA
9301,SHREENAGAR AGRITECH INDUSTRIES LIMITED,,2026-08-03,SAIL
9302,RBB Merchant Banking Limited,,2026-08-03,RBBF40
9303,SY PANEL NEPAL LIMITED,,2026-08-03,SYPNL
9304,Citizens Bank International Limited,,2026-08-03,CSY
9305,Salapa Bikas Bank Limited,,2026-08-03,SABBL
9306,Reliance Spinning Mills Limited,,2026-08-03,RSML
9308,Hotel Forest Inn Limited,,2026-08-03,HFIN
9311,Solu Hydropower Limited,,2026-08-03,SOHL
9312,NEPAL LIFE INSURANCE COMPANY LIMITED,,2026-08-03,NSY
9322,Bhujung Hydropower Limited,,2026-08-03,BJHL
9323,Super Khudi Hydropower Ltd.,,2026-08-03,SKHL
9324,RIDGE LINE ENERGY LIMITED,,2026-08-03,RLEL
9325,Suryakunda Hydro Electric Limited,,2026-08-03,SKHEL
9326,Nabil Bank Limited,,2026-08-03,NABILPNP
9327,ICFC Finance Limited,,2026-08-03,ICFCD89
9328,Kamana Sewa Bikas Bank Limited,,2026-08-03,KSBBLPNP
9329,Shikhar Power Development Ltd.,,2026-08-03,SIPD
9330,Palpa Cement Industries Limited,,2026-08-03,PCIL
9331,Siddhartha Bank Limited,,2026-08-03,SBLPNP
9332,NMB Bank Limited,,2026-08-03,NMBPNP
9333,Sanima Bank Limited,,2026-08-03,SANIMAPNP
9334,Kalinchock Hydropower Limited,,2026-08-03,KHPL
9335,Machhapuchhre Bank Limited,,2026-08-03,MBLPNP
9336,Sopan Pharmaceuticals Limited,,2026-08-03,SOPL
9337,Appolo Hydropower Limited,,2026-08-03,APHL
9342,Yambaling Hydropower Ltd.,,2026-08-03,YMHL
9343,Taksar Pikhuwa Khola Hydropower Ltd.,,2026-08-03,TPKHL
9344,Snow Rivers Limited,,2026-08-03,SNORL
9345,Sanigad Hydro Limited,,2026-08-03,SGHL
9346,Kalanga Hydro Limited,,2026-08-03,KAHL
9347,Everest Colour Ltd.,,2026-08-03,ECL
9348,Siddhartha Bank Limited,,2026-08-03,
131,Nabil Bank Limited,,2026-08-04,NABIL
132,Nepal Investment Mega Bank Limited,,2026-08-04,NIMB
133,Standard Chartered Bank  Nepal Limited,,2026-08-04,SCB
134,Himalayan Bank Limited,,2026-08-04,HBL
135,Nepal SBI Bank Limited,,2026-08-04,SBI
137,Everest Bank Limited,,2026-08-04,EBL
139,NIC Asia Bank Ltd.,,2026-08-04,NICA
140,Machhapuchhre Bank Limited,,2026-08-04,MBL
141,Laxmi Sunrise Bank Limited,,2026-08-04,LSL
142,Kumari Bank Limited,,2026-08-04,KBL
145,Siddhartha Bank Limited,,2026-08-04,SBL
146,Yak And Yeti Hotel Limited,,2026-08-04,YHL
147,Soaltee Hotel Limited,,2026-08-04,SHL
148,Taragaon Regency Hotel Limited,,2026-08-04,TRH
149,Oriental Hotels Limited,,2026-08-04,OHL
151,Nepal Film Development Company Limited,,2026-08-04,NFD
152,National Hydro Power Company Limited,,2026-08-04,NHPC
153,Butwal Power Company Limited,,2026-08-04,BPCL
154,Chilime Hydropower Company Limited,,2026-08-04,CHCL
155,Salt Trading Corporation,,2026-08-04,STC
156,Bishal Bazar Company Limited,,2026-08-04,BBC
158,Nepal Tading Limited,,2026-08-04,NTL
159,Nepal Welfare Company Limited,,2026-08-04,NWC
163,Nirdhan Utthan Laghubitta Bittiya Sanstha Limited,,2026-08-04,NUBL
164,Chhimek Laghubitta Bittiya Sanstha Limited,,2026-08-04,CBBL
166,Deprosc Laghubitta Bittiya Sanstha Limited,,2026-08-04,DDBL
171,Sanima Bank Limited,,2026-08-04,SANIMA
172,Narayani Development Bank Limited,,2026-08-04,NABBC
1741,Meromicrofinance Laghubitta Bittiya Sanstha Ltd.,,2026-08-04,MERO
176,Nepal Insurance Co. Ltd.,,2026-08-04,NICL
177,Rastriya Beema Company Limited,,2026-08-04,RBCL
178,National Life Insurance Co. Ltd.,,2026-08-04,NLICL
179,Himalayan Everest Insurance Limited,,2026-08-04,HEI
180,United Ajod Insurance Limited,,2026-08-04,UAIL
182,Siddhartha Premier Insurance Limited,,2026-08-04,SPIL
183,Neco Insurance Limited,,2026-08-04,NIL
184,Prabhu Insurance Limited,,2026-08-04,PRIN
185,Sagarmatha Lumbini Insurance Co. Limited,,2026-08-04,SALICO
186,IGI Prudential Insurance Limited,,2026-08-04,IGI
187,NEPAL LIFE INSURANCE COMPANY LIMITED,,2026-08-04,NLIC
188,Life Insurance Corporation (Nepal) Limited,,2026-08-04,LICN
192,Shikhar Insurance Co. Ltd.,,2026-08-04,SICL
194,Nepal Finance Ltd.,,2026-08-04,NFS
195,Bottlers Nepal (Balaju) Limited,,2026-08-04,BNL
198,Nepal Lube Oil Limited,,2026-08-04,NLO
200,Nepal Share Markets Ltd.,,2026-08-04,NSM
201,Nepal Vanaspati Ghee Udhyog Limited,,2026-08-04,NVG
203,Raghupati Jute Mills Limited,,2026-08-04,RJM
204,Gurkhas Finance Ltd.,,2026-08-04,GUFL
205,Butwal Spinning Mills Limited,,2026-08-04,BSM
207,Gorakhkali Rubber Udhyog Limited,,2026-08-04,GRU
209,Jyoti Sinning Mills Limited,,2026-08-04,JSM
210,Citizen Investment Trust,,2026-08-04,CIT
211,Arun Vanaspati Udhyog Limited,,2026-08-04,AVU
213,Bottlers Nepal (Terai) Limited,,2026-08-04,BNT
215,Harisiddhi Brick And Tiles Limited,,2026-08-04,HBT
217,Birat Shoe Limited,,2026-08-04,BSL
219,Unilever Nepal Limited,,2026-08-04,UNL
221,Samjhana Finance Co. Ltd.,,2026-08-04,SFC
222,Nepal Khadya Udhyog Limited,,2026-08-04,NKU
226,Shree Bhrikuti Pulp And Paper Limited,,2026-08-04,SBPP
227,Best Finance Company Ltd.,,2026-08-04,BFC
228,Fleur Himalayan Limited,,2026-08-04,FHL
230,Shree Ram Sugar Mills Limited,,2026-08-04,SRS
232,Goodwill Finance Limited,,2026-08-04,GFCL
233,Nepal Bitumin And Barrel Udhyog Limited,,2026-08-04,NBBU
235,Himalayan Distillery Limited,,2026-08-04,HDL
236,Pokhara Finance Ltd.,,2026-08-04,PFL
238,NMB Bank Limited,,2026-08-04,NMB
244,Shree Investment Finance Co. Ltd.,,2026-08-04,SIFC
245,Central Finance Co. Ltd.,,2026-08-04,CFCL
250,Janaki Finance Company Limited,,2026-08-04,JFL
255,Prabhu  Bank Limited,,2026-08-04,PRVU
256,Samriddhi Finance Company Limited,,2026-08-04,SFCL
259,Capital Merchant Bank & Finance Co. Ltd.,,2026-08-04,CMB
263,Guheswori Merchant Banking & Finance Ltd.,,2026-08-04,GMFIL
268,Swabalamban Laghubitta Bittiya Sanstha Limited,,2026-08-04,SWBBL
273,ICFC Finance Limited,,2026-08-04,ICFC
274,Excel Development Bank Ltd.,,2026-08-04,EDBL
2742,Hydorelectricity Investment and Development Company Ltd,,2026-08-04,HIDCL
2743,Ngadi Group Power Ltd.,,2026-08-04,NGPL
2744,Green Development Bank Ltd.,,2026-08-04,GRDBL
2746,National  Laghubitta Bittiya Sanstha Limited,,2026-08-04,NMFBS
2748,RSDC Laghubitta Bittiya Sanstha Ltd.,,2026-08-04,RSDC
2751,Khanikhola Hydropower Co. Ltd.,,2026-08-04,KKHC
2754,Dibyashwori Hydropower Ltd.,,2026-08-04,DHPL
2757,Arun Kabeli Power Ltd.,,2026-08-04,AKPL
2758,Forward Microfinance Laghubitta Bittiya Sanstha Limited,,2026-08-04,FOWAD
2759,Synergy Power Development Ltd.,,2026-08-04,SPDL
2760,United Modi Hydropower Ltd.,,2026-08-04,UMHL
2761,Samata Gharelu Laghubitta Bittiya Sanstha Limited,,2026-08-04,SMATA
2766,Chhyangdi Hydropower Ltd.,,2026-08-04,CHL
2767,Himalayan Power Partner Ltd.,,2026-08-04,HPPL
2768,Mahuli Laghubitta Bittiya Sanstha Limited,,2026-08-04,MSLB
2769,Nepal Hydro Developers Ltd,,2026-08-04,NHDL
2770,Siddhartha Bank Limited,,2026-08-04,SEF
2771,Support Lagubitta Bittiya Sanstha Limited,,2026-08-04,SMB
2774,Unnati Sahakarya Laghubitta Bittiya Sanstha Limited,,2026-08-04,USLB
2776,Radhi Bidyut Company Ltd,,2026-08-04,RADHI
2781,Wean Nepal Laghubitta Bittiya Sanstha Limited,,2026-08-04,WNLB
2784,Nadep Laghubittiya bittya Sanstha Ltd.,,2026-08-04,NADEP
2786,Panchakanya Mai Hydropower Ltd,,2026-08-04,PMHPL
2787,Kalika power Company Ltd,,2026-08-04,KPCL
2788,Ankhu Khola Jalvidhyut Company Limited,,2026-08-04,AKJCL
2789,Joshi Hydropower Development Company Ltd,,2026-08-04,JOSHI
2790,Aarambha Chautari Laghubitta Bittya Sanstha Limited,,2026-08-04,ACLBSL
2792,Upper Tamakoshi Hydropower Ltd,,2026-08-04,UPPER
2804,Samudayik Laghubitta Bittiya Sanstha Limited,,2026-08-04,SLBSL
2806,Ghalemdi Hydro Limited,,2026-08-04,GHL
2807,Asha Laghubitta Bittiya Sanstha Ltd.,,2026-08-04,ALBSL
2809,Shivam Cements Limited,,2026-08-04,SHIVM
2810,Universal Power Company Limited,,2026-08-04,UPCL
2811,Mountain Hydro Nepal Limited,,2026-08-04,MHNL
2813,Panchthar Power Company Ltd,,2026-08-04,PPCL
2815,Ganapati Laghubitta Bittiya Sanstha Ltd,,2026-08-04,GMFBS
2824,Himalaya Urja Bikas Company Limited,,2026-08-04,HURJA
2825,NIC Asia Bank Ltd.,,2026-08-04,NICAD85/86
2826,Gurans Laghubitta Bittiya Sanstha Ltd,,2026-08-04,GLBSL
2828,Sanima Bank Limited,,2026-08-04,SAND2085
2829,Swabhumaan Laghubitta Bittiya Sanstha Ltd,,2026-08-04,SMFBS
2831,Union Hydropower Limited,,2026-08-04,UNHPL
2832,Infinity Laghubitta Bittiya Sastha Ltd,,2026-08-04,ILBS
2835,Nabil Bank Limited,,2026-08-04,NBF2
2841,Rasuwagadhi Hydropower Company Limited,,2026-08-04,RHPL
2842,SANJEN JALAVIDHYUT COMPANY LTD,,2026-08-04,SJCL
2850,NMB Bank Limited,,2026-08-04,NMBD2085
2854,Nepal Bangladesh Bank Limited,,2026-08-04,NBBD2085
2859,Siddhartha Bank Limited,,2026-08-04,SIGS2
2860,Saptakoshi Development bank Ltd,,2026-08-04,SAPDBL
2863,NIC ASIA Capital Ltd,,2026-08-04,NICBF
2864,Siddhartha Bank Limited,,2026-08-04,SBLD83
2866,Machhapuchhre Bank Limited,,2026-08-04,MBLD2085
2867,NMB Capital Ltd.,,2026-08-04,NMB50
2868,NIC Asia Bank Ltd.,,2026-08-04,NICD83/84
2873,Himalayan Bank Limited,,2026-08-04,HBLD83
2875,Prabhu  Bank Limited,,2026-08-04,PBLD86
2877,Laxmi Sunrise Bank Limited,,2026-08-04,SFMF
2878,Sunrise Bank Limited,,2026-08-04,SRBLD83
2879,Laxmi Sunrise Bank Limited,,2026-08-04,LBLD86
2880,Himal Dolakha Hydropower Com. Ltd.,,2026-08-04,HDHPC
2881,Nepal Reinsurance Company Limited,,2026-08-04,NRIC
2882,ICFC Finance Limited,,2026-08-04,ICFCD83
2883,Goodwill Finance Limited,,2026-08-04,GWFD83
2885,Kumari Bank Limited,,2026-08-04,KBLD86
2886,Agricultural Development Bank Limited,,2026-08-04,ADBLD83
2887,NIC ASIA Laghubitta Bittiya Sanstha Limited,,2026-08-04,NICLBSL
2889,Citizens Bank International Limited,,2026-08-04,CIZBD86
2890,Nepal SBI Bank Limited,,2026-08-04,SBIBD86
2892,Nabil Bank Limited,,2026-08-04,NBLD82
2896,Sampada Laghubitta Bittiya Sanstha Limited,,2026-08-04,SMPDA
2898,NRN Infrastructure and Development Limited,,2026-08-04,NRN
2902,Laxmi Capital Market Limited,,2026-08-04,LUK
2903,Liberty Energy Company Limited,,2026-08-04,LEC
2904,Prabhu  Bank Limited,,2026-08-04,PBLD84
2907,Shiva Shree Hydropower Limited,,2026-08-04,SSHL
2908,Sanima GIC Insurance Limited,,2026-08-04,SGIC
2912,Siddhartha Bank Limited,,2026-08-04,SBLD84
2913,Mountain Energy Nepal Limited,,2026-08-04,MEN
2914,United Idi Mardi & RB Hydropower Ltd,,2026-08-04,UMRH
2915,Prabhu Mahalaxmi Life Insurance Limited,,2026-08-04,PMLI
2917,Chandragiri Hills Limited,,2026-08-04,CGH
2919,Nepal Infrastructure Bank Limited,,2026-08-04,NIFRA
2922,Sanima Bank Limited,,2026-08-04,SBD87
2923,Sanima Bank Limited,,2026-08-04,SLCF
2924,Greenlife Hydropower Limited,,2026-08-04,GLH
2925,Mahila Laghubitta Bittiya Sanstha Ltd,,2026-08-04,MLBSL
2931,Nepal Investment Mega Bank Limited,,2026-08-04,NIBD84
2932,Manjushree Finance Ltd.,,2026-08-04,MFLD85
2933,Kumari Bank Limited,,2026-08-04,KEF
2934,Singati Hydro Energy Ltd,,2026-08-04,SHEL
2935,Ru Ru Jalbidhyut  Pariyojana Ltd.,,2026-08-04,RURU
2936,Nepal Credit And Commercial Bank Limited,,2026-08-04,NCCD86
2937,Sunrise Bank Limited,,2026-08-04,SBCF
307,Nepal Doorsanchar Company Limited,,2026-08-04,NTC
338,Progressive Finance Limited,,2026-08-04,PROFL
341,Global IME Bank Limited,,2026-08-04,GBIME
348,Citizens Bank International Limited,,2026-08-04,CZBIL
357,Prime Commercial Bank Ltd.,,2026-08-04,PCBL
358,Lumbini Bikas Bank Ltd.,,2026-08-04,LBBL
360,Arun Valley Hydropower Development Company Limited,,2026-08-04,AHPC
361,Crystal Finance Ltd.,,2026-08-04,CFL
371,Miteri Development Bank Limited,,2026-08-04,MDB
385,Asian Life Insurance Co Limited,,2026-08-04,ALICL
393,Himalayan Life Insurance Limited,,2026-08-04,HLI
3946,CEDB Hydropower Development Company Limited,,2026-08-04,CHDC
396,Nerude Mirmire Laghubitta Bittiya Sanstha Ltd.,,2026-08-04,NMLBBL
397,Agricultural Development Bank Limited,,2026-08-04,ADBL
401,Mahalaxmi Bikas Bank Ltd.,,2026-08-04,MLBL
403,SuryaJyoti Life Insurance Company Limited,,2026-08-04,SJLIC
417,Garima Bikas Bank Limited,,2026-08-04,GBBL
418,Jyoti Bikas Bank Limited,,2026-08-04,JBBL
428,Karnali Development Bank Limited,,2026-08-04,KRBL
441,Himalayan Finance Limited (Bittiya Sanstha),,2026-08-04,HFL
450,Corporate Development Bank Limited,,2026-08-04,CORBL
459,Kamana Sewa Bikas Bank Limited,,2026-08-04,KSBBL
471,Multipurpose Finance Company  Limited,,2026-08-04,MPFL
472,SHANGRI-LA DEVELOPMENT BANK LIMITED,,2026-08-04,SADBL
473,SHINE RESUNGA DEVELOPMENT BANK LTD,,2026-08-04,SHINE
474,Muktinath Bikas Bank Ltd.,,2026-08-04,MNBBL
490,First Micro Finance Laghubitta Bittiya Sanstha Limited,,2026-08-04,FMDBL
4947,Prabhu  Bank Limited,,2026-08-04,PSF
4948,Kamana Sewa Bikas Bank Limited,,2026-08-04,KSBBLD87
4949,Nepal Investment Mega Bank Limited,,2026-08-04,NIBSF2
4951,Jeevan Bikas Laghubitta Bittiya Sanstha Ltd,,2026-08-04,JBLB
4959,Nepal Bank Limited,,2026-08-04,NBLD87
4960,Agricultural Development Bank Limited,,2026-08-04,ADBLB
4961,Bank of Kathmandu Ltd.,,2026-08-04,BOKD86
4962,Prabhu  Bank Limited,,2026-08-04,PBLD87
4963,NMB Bank Limited,,2026-08-04,NMBD87/88
4964,NMB Bank Limited,,2026-08-04,NMBEB92/93
4967,NIC ASIA Capital Ltd,,2026-08-04,NICSF
4968,RBB Merchant Banking Limited,,2026-08-04,RMF1
4969,Muktinath Bikas Bank Ltd.,,2026-08-04,MND84/85
516,Manjushree Finance Ltd.,,2026-08-04,MFIL
517,Nepal Bank Limited,,2026-08-04,NBL
545,Swarojgar Laghubitta Bittiya Sanstha Ltd.,,2026-08-04,SLBBL
559,NLG Insurance Company Ltd.,,2026-08-04,NLG
561,Sindhu Bikash Bank Ltd,,2026-08-04,SINDU
574,Sana Kisan Bikas Laghubitta Bittiya Sanstha Limited,,2026-08-04,SKBBL
583,Grameen Bikas Laghubitta Bittiya Sanstha Ltd.,,2026-08-04,GBLBS
587,Reliance Finance Ltd.,,2026-08-04,RLFL
591,Sanima Mai Hydropower Limited,,2026-08-04,SHPC
593,Kalika Laghubitta Bittiya Sanstha Ltd,,2026-08-04,KMCDB
5982,Sanima Reliance Life Insurance Limited,,2026-08-04,SRLI
5984,Laxmi Sunrise Bank Limited,,2026-08-04,LBLD88
601,Mithila LaghuBitta Bittiya Sanstha Limited,,2026-08-04,MLBBL
610,Ridi Power Company Limited,,2026-08-04,RIDI
618,Laxmi Laghubitta Bittiya Sanstha Ltd.,,2026-08-04,LLBS
686,Barun Hydropower Co. Ltd.,,2026-08-04,BARUN
687,Vijaya laghubitta Bittiya Sanstha Ltd.,,2026-08-04,VLBS
693,Himalayan Laghubitta Bittiya Sanstha Limited,,2026-08-04,HLBSL
694,Matribhumi Lagubitta Bittiya Sanstha Limited,,2026-08-04,MATRI
695,Janautthan Samudayic Laghubitta Bittya Sanstha Limited,,2026-08-04,JSLBB
697,API POWER COMPANY LIMITED,,2026-08-04,API
6984,Prime Commercial Bank Ltd.,,2026-08-04,PBD85
6985,SHANGRI-LA DEVELOPMENT BANK LIMITED,,2026-08-04,SDBD87
704,NMB  Microfinance Bittiya Sanstha Ltd.,,2026-08-04,NMBMF
705,Global IME Laghubitta Bittiya Sanstha Ltd.,,2026-08-04,GILB
706,Suryodaya Womi Laghubitta Bittiya Sanstha Limited,,2026-08-04,SWMF
7985,Machhapuchhre Bank Limited,,2026-08-04,MBLD87
7986,NIC Asia Bank Ltd.,,2026-08-04,NICD88
8003,Rastriya Banijya Bank,,2026-08-04,RBBD83
8004,Global IME Bank Limited,,2026-08-04,GBILD86/87
8005,Mailung Khola Jal Vidhyut Company Limited,,2026-08-04,MKJC
8018,Manushi Laghubitta Bittiya Sanstha Limited,,2026-08-04,MLBS
8020,Jyoti Bikas Bank Limited,,2026-08-04,JBBD87
8021,Sahas Urja Limited,,2026-08-04,SAHAS
8022,Terhathum Power Company Limited,,2026-08-04,TPC
8023,Mega  Bank Nepal Ltd.,,2026-08-04,MMF1
8024,Nabil Bank Limited,,2026-08-04,NBF3
8025,Samling power company limited,,2026-08-04,SPC
8026,Nyadi hydropower limited,,2026-08-04,NYADI
8027,Nabil Bank Limited,,2026-08-04,NBLD85
8028,Agricultural Development Bank Limited,,2026-08-04,
8029,Agricultural Development Bank Limited,,2026-08-04,ADBLB86
8030,Agricultural Development Bank Limited,,2026-08-04,ADBLB87
8031,Madhya Bhotekoshi Jalavidyut Company Limited,,2026-08-04,MBJC
8032,Buddha bhumi nepal hydro power company limited,,2026-08-04,BNHC
8033,Garima Bikas Bank Limited,,2026-08-04,GBBD85
8034,Emerging nepal limited,,2026-08-04,ENL
8041,NESDO Sambridha Laghubitta Bittiya Sanstha Limited,,2026-08-04,NESDO
8043,Civil Bank Ltd,,2026-08-04,CBLD88
8044,Everest Bank Limited,,2026-08-04,EBLD86
8045,Green Ventures Limited,,2026-08-04,GVL
8055,Balephi Hydropower Limited,,2026-08-04,BHL
8063,Upakar Laghubitta Bittiya  Sanstha  Limited,,2026-08-04,ULBSL
8065,CYC Nepal laghubitta Bittiya Sanstha Limited,,2026-08-04,CYCL
8066,River Falls power Limited,,2026-08-04,RFPL
8068,Century Commercial Bank Ltd.,,2026-08-04,CCBD88
8070,Dordi Khola Jal Bidyut Company limited,,2026-08-04,DORDI
8073,NIC Asia Bank Ltd.,,2026-08-04,NICFC
8074,Kumari Bank Limited,,2026-08-04,KDBY
8075,Bindhyabasini Hydropower Development Company Limited,,2026-08-04,BHDC
8076,Himalayan Hydropower Limited,,2026-08-04,HHL
8097,Prime Commercial Bank Ltd.,,2026-08-04,PBD88
8098,Siddhartha Bank Limited,,2026-08-04,SBLD89
8099,Upper Hewakhola Hydropower company Limited,,2026-08-04,UHEWA
8100,Swet-Ganga Hydropower and Construction Limited,,2026-08-04,SGHC
8101,Agricultural Development Bank Limited,,2026-08-04,
8102,Mandakini Hydropower Limited,,2026-08-04,MHL
8104,Upper solu Electric company Limited,,2026-08-04,USHEC
8105,NMB Bank Limited,,2026-08-04,NMBUR93/94
8106,Global IME Balanced Fund-1,,2026-08-04,GIBF1
8107,Sanima Bank Limited,,2026-08-04,
8108,Rapti Hydro and General Construction Limited,,2026-08-04,RHGCL
8109,Sanima Bank Limited,,2026-08-04,SBD89
8110,Nepal SBI Bank Limited,,2026-08-04,SBID83
8116,Prime Commercial Bank Ltd.,,2026-08-04,PBD84
8117,Aviyan laghubittya bittiya sanstha limited,,2026-08-04,AVYAN
8118,Everest Bank Limited,,2026-08-04,
8119,Everest Bank Limited,,2026-08-04,EBLD85
8121,Sayapatri Hydropower Limited,,2026-08-04,SPHL
8122,Peoples Power Limited,,2026-08-04,PPL
8123,Dhaulagiri laghubitta Sanstha Limited,,2026-08-04,DLBS
8125,NMB Capital Ltd.,,2026-08-04,NSIF2
8126,Sikles Hydropower Limited,,2026-08-04,SIKLES
8127,Kumari Bank Limited,,2026-08-04,KBLD89
8131,Eastern Hydropower Limited,,2026-08-04,EHPL
8132,Shrijanshil Laghubitta Baittiya sanstha Limited,,2026-08-04,SHLB
8133,Peoples Hydropower Company Limited,,2026-08-04,PHCL
9135,Barahi Hydropower Public Limited,,2026-08-04,BHPL
9136,Bank of Kathmandu Ltd.,,2026-08-04,BOKD86KA
9137,Himalayan Bank Limited,,2026-08-04,HBLD86
9138,NIBL Growth Fund,,2026-08-04,NIBLGF
9139,Sanima Growth Fund,,2026-08-04,SAGF
9140,Unique Nepal Laghubitta Bittiya Sanstha Limited,,2026-08-04,UNLB
9141,Nepal Infrastructure Bank Limited,,2026-08-04,NIFRAUR85/86
9146,Super Madi Hydropower Limited,,2026-08-04,SMHL
9147,SHUVAM POWER LIMITED,,2026-08-04,SPL
9148,Supermai Hydropower Limited,,2026-08-04,SMH
9149,Maya Khola Hydropower Company Limited,,2026-08-04,MKHC
9150,Asian Hydropower Limited,,2026-08-04,AHL
9151,KALINCHOWK DARSHAN LIMITED ,,2026-08-04,KDL
9152,Everest Bank Limited,,2026-08-04,EBLEB89
9154,Sunrise Capital Limited,,2026-08-04,SFEF
9156,Sanima Middle Tamor Hydropower Limited,,2026-08-04,TAMOR
9158,Molung Hydropower Company Limited,,2026-08-04,MHCL
9159,Sagarmatha Jalabidhyut Company Limited,,2026-08-04,SMJC
9161,Aatmanirbhar Laghubitta Bittitya Sanstha Limited,,2026-08-04,ANLB
9166,Makar Jitumaya Suri Hydropower Ltd ,,2026-08-04,MAKAR
9167,MaiKhola Hydropower Limited,,2026-08-04,MKHL
9168,Global IME Bank Limited,,2026-08-04,GBILD84/85
9170,Dolti Power Company Ltd.,,2026-08-04,DOLTI
9171,Bhugol Energy Development Company Ltd,,2026-08-04,BEDC
9173,CITY HOTEL LIMITED ,,2026-08-04,CITY
9174,Prabhu Capital Limited,,2026-08-04,PRSF
9175,Menchhiyam Hydro Power Ltd,,2026-08-04,MCHL
9176,Ingwa Hydropower Limited,,2026-08-04,IHL
9177,Standard Chartered Bank  Nepal Limited,,2026-08-04,SCBD
9178,RBB Merchant Banking Limited,,2026-08-04,RMF2
9179,Modi Energy Limited,,2026-08-04,MEL
9180,NMB Bank Limited,,2026-08-04,NMBD89/90
9181,Rawa Energy Development Ltd.,,2026-08-04,RAWA
9182,Siddhartha Bank Limited,,2026-08-04,SIGS3
9183,Nepal Republic Media Ltd,,2026-08-04,NRM
9184,I.M.E. Life Insurance company Limited ,,2026-08-04,ILI
9191,Citizens Bank International Limited,,2026-08-04,C30MF
9192, Upper Syange Hydropower Limited,,2026-08-04,USHL
9193,Ghorahi Cement Industry Limited,,2026-08-04,GCIL
9194,Three Star Hydropower Ltd,,2026-08-04,TSHL
9195,Mahalaxmi Bikas Bank Ltd.,,2026-08-04,MLBLD89
9196,Kutheli Bukhari Small Hydropower Ltd,,2026-08-04,KBSH
9197,Lumbini Bikas Bank Ltd.,,2026-08-04,LBBLD89
9198,Laxmi Sunrise Bank Limited,,2026-08-04,LVF2
9199,Reliable Nepal Life Insurance Ltd,,2026-08-04,RNLI
9201,Sun Nepal Life Insurance Company Limited,,2026-08-04,SNLI
9203,Manakamana Engineering Hydropower Limited,,2026-08-04,MEHL
9208,Upper Lohore Khola Hydropower Company Limited,,2026-08-04,ULHC
9209,Citizen Life Insurance Company Limited,,2026-08-04,CLI
9211,Nepal SBI Bank Limited,,2026-08-04,SBID89
9212,Mandu Hydropower Limited,,2026-08-04,MANDU
9213,HATHWAY INVESTMENT NEPAL LIMITED,,2026-08-04,HATHY
9214,Bhagawati Hyropower Development Company Ltd.,,2026-08-04,BGWT
9215,Mid solu Hydropower Limited,,2026-08-04,MSHL
9216,Sonapur Minerals And Oil Limited,,2026-08-04,SONA
9217,Mathillo Mailun Khola Jalvidhyut Ltd.,,2026-08-04,MMKJL
9218,Trishuli Jal Vidhyut Company Limited ,,2026-08-04,TVCL
9220,Kumari Bank Limited,,2026-08-04,KBLD90
9221,Himalayan Bank Limited,,2026-08-04,H8020
9225,Vision Lumbini Urja Company Limited,,2026-08-04,VLUCL
9230,Muktinath Krishi Company Limited,,2026-08-04,MKCL
9231,Citizens Bank International Limited,,2026-08-04,CIZBD90
9232,Chirkhwa Hydropower Limited,,2026-08-04,CKHL
9233,Nepal Warehousing Company Limited,,2026-08-04,NWCL
9234,Himalayan Reinsurance Limited,,2026-08-04,HRL
9236,NIC Asia Bank Ltd.,,2026-08-04,NICGF2
9238,Nabil Bank Limited,,2026-08-04,NABILD87
9241,Kumari Bank Limited,,2026-08-04,KSY
9242,Sarbottam Cement Limited,,2026-08-04,SARBTM
9243,Nepal Investment Mega Bank Limited,,2026-08-04,NIMBD90
9244,Nepal Investment Mega Bank Limited,,2026-08-04,NIBLSTF
9245,Muktinath Bikas Bank Ltd.,,2026-08-04,MNMF1
9246,GUARDIAN MICRO LIFE INSURANCE LIMITED,,2026-08-04,GMLI
9248,Garima Bikas Bank Limited,,2026-08-04,GSY
9249,ICFC Finance Limited,,2026-08-04,ICFCD88
9250,Nepal Micro Insurance Company Limited,,2026-08-04,NMIC
9252,Crest Micro Life Insurance Limited,,2026-08-04,CREST
9254,NMB Bank Limited,,2026-08-04,NMBHF2
9255,Everest Bank Limited,,2026-08-04,EBLD91
9256,Om Megashree Pharmaceuticals Limited,,2026-08-04,OMPL
9257,Machhapuchhre Bank Limited,,2026-08-04,MBLEF
9258,Pure Energy Limited,,2026-08-04,PURE
9259,Reliable Nepal Life Insurance Ltd,,2026-08-04,RSY
9260,Nepal Infrastructure Bank Limited,,2026-08-04,
9261,Nepal Infrastructure Bank Limited,,2026-08-04,NIFRAGED
9262,Trade Tower Limited,,2026-08-04,TTL
9263,Sanvi Energy Limited,,2026-08-04,SANVI
9264,Rastriya Banijya Bank,,2026-08-04,RBBD2088
9265,NIC Asia Bank Ltd.,,2026-08-04,
9266,NIC Asia Bank Ltd.,,2026-08-04,NICAD2091
9267,Bikash Hydropower Company Ltd,,2026-08-04,BHCL
9268,Global IME Bank Limited,,2026-08-04,
9269,Global IME Bank Limited,,2026-08-04,GBIMESY2
9270,Himstar Urja Company Ltd.,,2026-08-04,HIMSTAR
9271,Siddhartha Bank Limited,,2026-08-04,SBLD2091
9286,SHINE RESUNGA DEVELOPMENT BANK LTD,,2026-08-04,SHINED
9287,Mabilung Energy Limited,,2026-08-04,MABEL
9288,Nepal SBI Bank Limited,,2026-08-04,
9289,Nepal SBI Bank Limited,,2026-08-04,SBID2090
9290,Himalayan Life Insurance Limited,,2026-08-04,HLICF
9293,Daramkhola hydro Energy Ltd.,,2026-08-04,DHEL
9294,Sagar Distillery Limited,,2026-08-04,SAGAR
9295,SWASTIK LAGHUBITTA BITTIYA SANSTHA LTD.,,2026-08-04,SWASTIK
9296,Bungal Hydro Limited,,2026-08-04,BUNGAL
9297,Bandipur Cable Car and Tourism Limited,,2026-08-04,BANDIPUR
9299,Nabil Bank Limited,,2026-08-04,NABILD2089
9300,Jhapa Energy Limited,,2026-08-04,JHAPA
9301,SHREENAGAR AGRITECH INDUSTRIES LIMITED,,2026-08-04,SAIL
9302,RBB Merchant Banking Limited,,2026-08-04,RBBF40
9303,SY PANEL NEPAL LIMITED,,2026-08-04,SYPNL
9304,Citizens Bank International Limited,,2026-08-04,CSY
9305,Salapa Bikas Bank Limited,,2026-08-04,SABBL
9306,Reliance Spinning Mills Limited,,2026-08-04,RSML
9308,Hotel Forest Inn Limited,,2026-08-04,HFIN
9311,Solu Hydropower Limited,,2026-08-04,SOHL
9312,NEPAL LIFE INSURANCE COMPANY LIMITED,,2026-08-04,NSY
9322,Bhujung Hydropower Limited,,2026-08-04,BJHL
9323,Super Khudi Hydropower Ltd.,,2026-08-04,SKHL
9324,RIDGE LINE ENERGY LIMITED,,2026-08-04,RLEL
9325,Suryakunda Hydro Electric Limited,,2026-08-04,SKHEL
9326,Nabil Bank Limited,,2026-08-04,NABILPNP
9327,ICFC Finance Limited,,2026-08-04,ICFCD89
9328,Kamana Sewa Bikas Bank Limited,,2026-08-04,KSBBLPNP
9329,Shikhar Power Development Ltd.,,2026-08-04,SIPD
9330,Palpa Cement Industries Limited,,2026-08-04,PCIL
9331,Siddhartha Bank Limited,,2026-08-04,SBLPNP
9332,NMB Bank Limited,,2026-08-04,NMBPNP
9333,Sanima Bank Limited,,2026-08-04,SANIMAPNP
9334,Kalinchock Hydropower Limited,,2026-08-04,KHPL
9335,Machhapuchhre Bank Limited,,2026-08-04,MBLPNP
9336,Sopan Pharmaceuticals Limited,,2026-08-04,SOPL
9337,Appolo Hydropower Limited,,2026-08-04,APHL
9342,Yambaling Hydropower Ltd.,,2026-08-04,YMHL
9343,Taksar Pikhuwa Khola Hydropower Ltd.,,2026-08-04,TPKHL
9344,Snow Rivers Limited,,2026-08-04,SNORL
9345,Sanigad Hydro Limited,,2026-08-04,SGHL
9346,Kalanga Hydro Limited,,2026-08-04,KAHL
9347,Everest Colour Ltd.,,2026-08-04,ECL
9348,Siddhartha Bank Limited,,2026-08-04,
9349,Sanima Bank Limited,,2026-08-04,
9350,Laxmi Sunrise Bank Limited,,2026-08-04,
131,Nabil Bank Limited,,2026-08-05,NABIL
132,Nepal Investment Mega Bank Limited,,2026-08-05,NIMB
133,Standard Chartered Bank  Nepal Limited,,2026-08-05,SCB
134,Himalayan Bank Limited,,2026-08-05,HBL
135,Nepal SBI Bank Limited,,2026-08-05,SBI
137,Everest Bank Limited,,2026-08-05,EBL
139,NIC Asia Bank Ltd.,,2026-08-05,NICA
140,Machhapuchhre Bank Limited,,2026-08-05,MBL
141,Laxmi Sunrise Bank Limited,,2026-08-05,LSL
142,Kumari Bank Limited,,2026-08-05,KBL
145,Siddhartha Bank Limited,,2026-08-05,SBL
146,Yak And Yeti Hotel Limited,,2026-08-05,YHL
147,Soaltee Hotel Limited,,2026-08-05,SHL
148,Taragaon Regency Hotel Limited,,2026-08-05,TRH
149,Oriental Hotels Limited,,2026-08-05,OHL
151,Nepal Film Development Company Limited,,2026-08-05,NFD
152,National Hydro Power Company Limited,,2026-08-05,NHPC
153,Butwal Power Company Limited,,2026-08-05,BPCL
154,Chilime Hydropower Company Limited,,2026-08-05,CHCL
155,Salt Trading Corporation,,2026-08-05,STC
156,Bishal Bazar Company Limited,,2026-08-05,BBC
158,Nepal Tading Limited,,2026-08-05,NTL
159,Nepal Welfare Company Limited,,2026-08-05,NWC
163,Nirdhan Utthan Laghubitta Bittiya Sanstha Limited,,2026-08-05,NUBL
164,Chhimek Laghubitta Bittiya Sanstha Limited,,2026-08-05,CBBL
166,Deprosc Laghubitta Bittiya Sanstha Limited,,2026-08-05,DDBL
171,Sanima Bank Limited,,2026-08-05,SANIMA
172,Narayani Development Bank Limited,,2026-08-05,NABBC
1741,Meromicrofinance Laghubitta Bittiya Sanstha Ltd.,,2026-08-05,MERO
176,Nepal Insurance Co. Ltd.,,2026-08-05,NICL
177,Rastriya Beema Company Limited,,2026-08-05,RBCL
178,National Life Insurance Co. Ltd.,,2026-08-05,NLICL
179,Himalayan Everest Insurance Limited,,2026-08-05,HEI
180,United Ajod Insurance Limited,,2026-08-05,UAIL
182,Siddhartha Premier Insurance Limited,,2026-08-05,SPIL
183,Neco Insurance Limited,,2026-08-05,NIL
184,Prabhu Insurance Limited,,2026-08-05,PRIN
185,Sagarmatha Lumbini Insurance Co. Limited,,2026-08-05,SALICO
186,IGI Prudential Insurance Limited,,2026-08-05,IGI
187,NEPAL LIFE INSURANCE COMPANY LIMITED,,2026-08-05,NLIC
188,Life Insurance Corporation (Nepal) Limited,,2026-08-05,LICN
192,Shikhar Insurance Co. Ltd.,,2026-08-05,SICL
194,Nepal Finance Ltd.,,2026-08-05,NFS
195,Bottlers Nepal (Balaju) Limited,,2026-08-05,BNL
198,Nepal Lube Oil Limited,,2026-08-05,NLO
200,Nepal Share Markets Ltd.,,2026-08-05,NSM
201,Nepal Vanaspati Ghee Udhyog Limited,,2026-08-05,NVG
203,Raghupati Jute Mills Limited,,2026-08-05,RJM
204,Gurkhas Finance Ltd.,,2026-08-05,GUFL
205,Butwal Spinning Mills Limited,,2026-08-05,BSM
207,Gorakhkali Rubber Udhyog Limited,,2026-08-05,GRU
209,Jyoti Sinning Mills Limited,,2026-08-05,JSM
210,Citizen Investment Trust,,2026-08-05,CIT
211,Arun Vanaspati Udhyog Limited,,2026-08-05,AVU
213,Bottlers Nepal (Terai) Limited,,2026-08-05,BNT
215,Harisiddhi Brick And Tiles Limited,,2026-08-05,HBT
217,Birat Shoe Limited,,2026-08-05,BSL
219,Unilever Nepal Limited,,2026-08-05,UNL
221,Samjhana Finance Co. Ltd.,,2026-08-05,SFC
222,Nepal Khadya Udhyog Limited,,2026-08-05,NKU
226,Shree Bhrikuti Pulp And Paper Limited,,2026-08-05,SBPP
227,Best Finance Company Ltd.,,2026-08-05,BFC
228,Fleur Himalayan Limited,,2026-08-05,FHL
230,Shree Ram Sugar Mills Limited,,2026-08-05,SRS
232,Goodwill Finance Limited,,2026-08-05,GFCL
233,Nepal Bitumin And Barrel Udhyog Limited,,2026-08-05,NBBU
235,Himalayan Distillery Limited,,2026-08-05,HDL
236,Pokhara Finance Ltd.,,2026-08-05,PFL
238,NMB Bank Limited,,2026-08-05,NMB
244,Shree Investment Finance Co. Ltd.,,2026-08-05,SIFC
245,Central Finance Co. Ltd.,,2026-08-05,CFCL
250,Janaki Finance Company Limited,,2026-08-05,JFL
255,Prabhu  Bank Limited,,2026-08-05,PRVU
256,Samriddhi Finance Company Limited,,2026-08-05,SFCL
259,Capital Merchant Bank & Finance Co. Ltd.,,2026-08-05,CMB
263,Guheswori Merchant Banking & Finance Ltd.,,2026-08-05,GMFIL
268,Swabalamban Laghubitta Bittiya Sanstha Limited,,2026-08-05,SWBBL
273,ICFC Finance Limited,,2026-08-05,ICFC
274,Excel Development Bank Ltd.,,2026-08-05,EDBL
2742,Hydorelectricity Investment and Development Company Ltd,,2026-08-05,HIDCL
2743,Ngadi Group Power Ltd.,,2026-08-05,NGPL
2744,Green Development Bank Ltd.,,2026-08-05,GRDBL
2746,National  Laghubitta Bittiya Sanstha Limited,,2026-08-05,NMFBS
2748,RSDC Laghubitta Bittiya Sanstha Ltd.,,2026-08-05,RSDC
2751,Khanikhola Hydropower Co. Ltd.,,2026-08-05,KKHC
2754,Dibyashwori Hydropower Ltd.,,2026-08-05,DHPL
2757,Arun Kabeli Power Ltd.,,2026-08-05,AKPL
2758,Forward Microfinance Laghubitta Bittiya Sanstha Limited,,2026-08-05,FOWAD
2759,Synergy Power Development Ltd.,,2026-08-05,SPDL
2760,United Modi Hydropower Ltd.,,2026-08-05,UMHL
2761,Samata Gharelu Laghubitta Bittiya Sanstha Limited,,2026-08-05,SMATA
2766,Chhyangdi Hydropower Ltd.,,2026-08-05,CHL
2767,Himalayan Power Partner Ltd.,,2026-08-05,HPPL
2768,Mahuli Laghubitta Bittiya Sanstha Limited,,2026-08-05,MSLB
2769,Nepal Hydro Developers Ltd,,2026-08-05,NHDL
2770,Siddhartha Bank Limited,,2026-08-05,SEF
2771,Support Lagubitta Bittiya Sanstha Limited,,2026-08-05,SMB
2774,Unnati Sahakarya Laghubitta Bittiya Sanstha Limited,,2026-08-05,USLB
2776,Radhi Bidyut Company Ltd,,2026-08-05,RADHI
2781,Wean Nepal Laghubitta Bittiya Sanstha Limited,,2026-08-05,WNLB
2784,Nadep Laghubittiya bittya Sanstha Ltd.,,2026-08-05,NADEP
2786,Panchakanya Mai Hydropower Ltd,,2026-08-05,PMHPL
2787,Kalika power Company Ltd,,2026-08-05,KPCL
2788,Ankhu Khola Jalvidhyut Company Limited,,2026-08-05,AKJCL
2789,Joshi Hydropower Development Company Ltd,,2026-08-05,JOSHI
2790,Aarambha Chautari Laghubitta Bittya Sanstha Limited,,2026-08-05,ACLBSL
2792,Upper Tamakoshi Hydropower Ltd,,2026-08-05,UPPER
2804,Samudayik Laghubitta Bittiya Sanstha Limited,,2026-08-05,SLBSL
2806,Ghalemdi Hydro Limited,,2026-08-05,GHL
2807,Asha Laghubitta Bittiya Sanstha Ltd.,,2026-08-05,ALBSL
2809,Shivam Cements Limited,,2026-08-05,SHIVM
2810,Universal Power Company Limited,,2026-08-05,UPCL
2811,Mountain Hydro Nepal Limited,,2026-08-05,MHNL
2813,Panchthar Power Company Ltd,,2026-08-05,PPCL
2815,Ganapati Laghubitta Bittiya Sanstha Ltd,,2026-08-05,GMFBS
2824,Himalaya Urja Bikas Company Limited,,2026-08-05,HURJA
2825,NIC Asia Bank Ltd.,,2026-08-05,NICAD85/86
2826,Gurans Laghubitta Bittiya Sanstha Ltd,,2026-08-05,GLBSL
2828,Sanima Bank Limited,,2026-08-05,SAND2085
2829,Swabhumaan Laghubitta Bittiya Sanstha Ltd,,2026-08-05,SMFBS
2831,Union Hydropower Limited,,2026-08-05,UNHPL
2832,Infinity Laghubitta Bittiya Sastha Ltd,,2026-08-05,ILBS
2835,Nabil Bank Limited,,2026-08-05,NBF2
2841,Rasuwagadhi Hydropower Company Limited,,2026-08-05,RHPL
2842,SANJEN JALAVIDHYUT COMPANY LTD,,2026-08-05,SJCL
2850,NMB Bank Limited,,2026-08-05,NMBD2085
2854,Nepal Bangladesh Bank Limited,,2026-08-05,NBBD2085
2859,Siddhartha Bank Limited,,2026-08-05,SIGS2
2860,Saptakoshi Development bank Ltd,,2026-08-05,SAPDBL
2863,NIC ASIA Capital Ltd,,2026-08-05,NICBF
2864,Siddhartha Bank Limited,,2026-08-05,SBLD83
2866,Machhapuchhre Bank Limited,,2026-08-05,MBLD2085
2867,NMB Capital Ltd.,,2026-08-05,NMB50
2868,NIC Asia Bank Ltd.,,2026-08-05,NICD83/84
2873,Himalayan Bank Limited,,2026-08-05,HBLD83
2875,Prabhu  Bank Limited,,2026-08-05,PBLD86
2877,Laxmi Sunrise Bank Limited,,2026-08-05,SFMF
2878,Sunrise Bank Limited,,2026-08-05,SRBLD83
2879,Laxmi Sunrise Bank Limited,,2026-08-05,LBLD86
2880,Himal Dolakha Hydropower Com. Ltd.,,2026-08-05,HDHPC
2881,Nepal Reinsurance Company Limited,,2026-08-05,NRIC
2882,ICFC Finance Limited,,2026-08-05,ICFCD83
2883,Goodwill Finance Limited,,2026-08-05,GWFD83
2885,Kumari Bank Limited,,2026-08-05,KBLD86
2886,Agricultural Development Bank Limited,,2026-08-05,ADBLD83
2887,NIC ASIA Laghubitta Bittiya Sanstha Limited,,2026-08-05,NICLBSL
2889,Citizens Bank International Limited,,2026-08-05,CIZBD86
2890,Nepal SBI Bank Limited,,2026-08-05,SBIBD86
2892,Nabil Bank Limited,,2026-08-05,NBLD82
2896,Sampada Laghubitta Bittiya Sanstha Limited,,2026-08-05,SMPDA
2898,NRN Infrastructure and Development Limited,,2026-08-05,NRN
2902,Laxmi Capital Market Limited,,2026-08-05,LUK
2903,Liberty Energy Company Limited,,2026-08-05,LEC
2904,Prabhu  Bank Limited,,2026-08-05,PBLD84
2907,Shiva Shree Hydropower Limited,,2026-08-05,SSHL
2908,Sanima GIC Insurance Limited,,2026-08-05,SGIC
2912,Siddhartha Bank Limited,,2026-08-05,SBLD84
2913,Mountain Energy Nepal Limited,,2026-08-05,MEN
2914,United Idi Mardi & RB Hydropower Ltd,,2026-08-05,UMRH
2915,Prabhu Mahalaxmi Life Insurance Limited,,2026-08-05,PMLI
2917,Chandragiri Hills Limited,,2026-08-05,CGH
2919,Nepal Infrastructure Bank Limited,,2026-08-05,NIFRA
2922,Sanima Bank Limited,,2026-08-05,SBD87
2923,Sanima Bank Limited,,2026-08-05,SLCF
2924,Greenlife Hydropower Limited,,2026-08-05,GLH
2925,Mahila Laghubitta Bittiya Sanstha Ltd,,2026-08-05,MLBSL
2931,Nepal Investment Mega Bank Limited,,2026-08-05,NIBD84
2932,Manjushree Finance Ltd.,,2026-08-05,MFLD85
2933,Kumari Bank Limited,,2026-08-05,KEF
2934,Singati Hydro Energy Ltd,,2026-08-05,SHEL
2935,Ru Ru Jalbidhyut  Pariyojana Ltd.,,2026-08-05,RURU
2936,Nepal Credit And Commercial Bank Limited,,2026-08-05,NCCD86
2937,Sunrise Bank Limited,,2026-08-05,SBCF
307,Nepal Doorsanchar Company Limited,,2026-08-05,NTC
338,Progressive Finance Limited,,2026-08-05,PROFL
341,Global IME Bank Limited,,2026-08-05,GBIME
348,Citizens Bank International Limited,,2026-08-05,CZBIL
357,Prime Commercial Bank Ltd.,,2026-08-05,PCBL
358,Lumbini Bikas Bank Ltd.,,2026-08-05,LBBL
360,Arun Valley Hydropower Development Company Limited,,2026-08-05,AHPC
361,Crystal Finance Ltd.,,2026-08-05,CFL
371,Miteri Development Bank Limited,,2026-08-05,MDB
385,Asian Life Insurance Co Limited,,2026-08-05,ALICL
393,Himalayan Life Insurance Limited,,2026-08-05,HLI
3946,CEDB Hydropower Development Company Limited,,2026-08-05,CHDC
396,Nerude Mirmire Laghubitta Bittiya Sanstha Ltd.,,2026-08-05,NMLBBL
397,Agricultural Development Bank Limited,,2026-08-05,ADBL
401,Mahalaxmi Bikas Bank Ltd.,,2026-08-05,MLBL
403,SuryaJyoti Life Insurance Company Limited,,2026-08-05,SJLIC
417,Garima Bikas Bank Limited,,2026-08-05,GBBL
418,Jyoti Bikas Bank Limited,,2026-08-05,JBBL
428,Karnali Development Bank Limited,,2026-08-05,KRBL
441,Himalayan Finance Limited (Bittiya Sanstha),,2026-08-05,HFL
450,Corporate Development Bank Limited,,2026-08-05,CORBL
459,Kamana Sewa Bikas Bank Limited,,2026-08-05,KSBBL
471,Multipurpose Finance Company  Limited,,2026-08-05,MPFL
472,SHANGRI-LA DEVELOPMENT BANK LIMITED,,2026-08-05,SADBL
473,SHINE RESUNGA DEVELOPMENT BANK LTD,,2026-08-05,SHINE
474,Muktinath Bikas Bank Ltd.,,2026-08-05,MNBBL
490,First Micro Finance Laghubitta Bittiya Sanstha Limited,,2026-08-05,FMDBL
4947,Prabhu  Bank Limited,,2026-08-05,PSF
4948,Kamana Sewa Bikas Bank Limited,,2026-08-05,KSBBLD87
4949,Nepal Investment Mega Bank Limited,,2026-08-05,NIBSF2
4951,Jeevan Bikas Laghubitta Bittiya Sanstha Ltd,,2026-08-05,JBLB
4959,Nepal Bank Limited,,2026-08-05,NBLD87
4960,Agricultural Development Bank Limited,,2026-08-05,ADBLB
4961,Bank of Kathmandu Ltd.,,2026-08-05,BOKD86
4962,Prabhu  Bank Limited,,2026-08-05,PBLD87
4963,NMB Bank Limited,,2026-08-05,NMBD87/88
4964,NMB Bank Limited,,2026-08-05,NMBEB92/93
4967,NIC ASIA Capital Ltd,,2026-08-05,NICSF
4968,RBB Merchant Banking Limited,,2026-08-05,RMF1
4969,Muktinath Bikas Bank Ltd.,,2026-08-05,MND84/85
516,Manjushree Finance Ltd.,,2026-08-05,MFIL
517,Nepal Bank Limited,,2026-08-05,NBL
545,Swarojgar Laghubitta Bittiya Sanstha Ltd.,,2026-08-05,SLBBL
559,NLG Insurance Company Ltd.,,2026-08-05,NLG
561,Sindhu Bikash Bank Ltd,,2026-08-05,SINDU
574,Sana Kisan Bikas Laghubitta Bittiya Sanstha Limited,,2026-08-05,SKBBL
583,Grameen Bikas Laghubitta Bittiya Sanstha Ltd.,,2026-08-05,GBLBS
587,Reliance Finance Ltd.,,2026-08-05,RLFL
591,Sanima Mai Hydropower Limited,,2026-08-05,SHPC
593,Kalika Laghubitta Bittiya Sanstha Ltd,,2026-08-05,KMCDB
5982,Sanima Reliance Life Insurance Limited,,2026-08-05,SRLI
5984,Laxmi Sunrise Bank Limited,,2026-08-05,LBLD88
601,Mithila LaghuBitta Bittiya Sanstha Limited,,2026-08-05,MLBBL
610,Ridi Power Company Limited,,2026-08-05,RIDI
618,Laxmi Laghubitta Bittiya Sanstha Ltd.,,2026-08-05,LLBS
686,Barun Hydropower Co. Ltd.,,2026-08-05,BARUN
687,Vijaya laghubitta Bittiya Sanstha Ltd.,,2026-08-05,VLBS
693,Himalayan Laghubitta Bittiya Sanstha Limited,,2026-08-05,HLBSL
694,Matribhumi Lagubitta Bittiya Sanstha Limited,,2026-08-05,MATRI
695,Janautthan Samudayic Laghubitta Bittya Sanstha Limited,,2026-08-05,JSLBB
697,API POWER COMPANY LIMITED,,2026-08-05,API
6984,Prime Commercial Bank Ltd.,,2026-08-05,PBD85
6985,SHANGRI-LA DEVELOPMENT BANK LIMITED,,2026-08-05,SDBD87
704,NMB  Microfinance Bittiya Sanstha Ltd.,,2026-08-05,NMBMF
705,Global IME Laghubitta Bittiya Sanstha Ltd.,,2026-08-05,GILB
706,Suryodaya Womi Laghubitta Bittiya Sanstha Limited,,2026-08-05,SWMF
7985,Machhapuchhre Bank Limited,,2026-08-05,MBLD87
7986,NIC Asia Bank Ltd.,,2026-08-05,NICD88
8003,Rastriya Banijya Bank,,2026-08-05,RBBD83
8004,Global IME Bank Limited,,2026-08-05,GBILD86/87
8005,Mailung Khola Jal Vidhyut Company Limited,,2026-08-05,MKJC
8018,Manushi Laghubitta Bittiya Sanstha Limited,,2026-08-05,MLBS
8020,Jyoti Bikas Bank Limited,,2026-08-05,JBBD87
8021,Sahas Urja Limited,,2026-08-05,SAHAS
8022,Terhathum Power Company Limited,,2026-08-05,TPC
8023,Mega  Bank Nepal Ltd.,,2026-08-05,MMF1
8024,Nabil Bank Limited,,2026-08-05,NBF3
8025,Samling power company limited,,2026-08-05,SPC
8026,Nyadi hydropower limited,,2026-08-05,NYADI
8027,Nabil Bank Limited,,2026-08-05,NBLD85
8028,Agricultural Development Bank Limited,,2026-08-05,
8029,Agricultural Development Bank Limited,,2026-08-05,ADBLB86
8030,Agricultural Development Bank Limited,,2026-08-05,ADBLB87
8031,Madhya Bhotekoshi Jalavidyut Company Limited,,2026-08-05,MBJC
8032,Buddha bhumi nepal hydro power company limited,,2026-08-05,BNHC
8033,Garima Bikas Bank Limited,,2026-08-05,GBBD85
8034,Emerging nepal limited,,2026-08-05,ENL
8041,NESDO Sambridha Laghubitta Bittiya Sanstha Limited,,2026-08-05,NESDO
8043,Civil Bank Ltd,,2026-08-05,CBLD88
8044,Everest Bank Limited,,2026-08-05,EBLD86
8045,Green Ventures Limited,,2026-08-05,GVL
8055,Balephi Hydropower Limited,,2026-08-05,BHL
8063,Upakar Laghubitta Bittiya  Sanstha  Limited,,2026-08-05,ULBSL
8065,CYC Nepal laghubitta Bittiya Sanstha Limited,,2026-08-05,CYCL
8066,River Falls power Limited,,2026-08-05,RFPL
8068,Century Commercial Bank Ltd.,,2026-08-05,CCBD88
8070,Dordi Khola Jal Bidyut Company limited,,2026-08-05,DORDI
8073,NIC Asia Bank Ltd.,,2026-08-05,NICFC
8074,Kumari Bank Limited,,2026-08-05,KDBY
8075,Bindhyabasini Hydropower Development Company Limited,,2026-08-05,BHDC
8076,Himalayan Hydropower Limited,,2026-08-05,HHL
8097,Prime Commercial Bank Ltd.,,2026-08-05,PBD88
8098,Siddhartha Bank Limited,,2026-08-05,SBLD89
8099,Upper Hewakhola Hydropower company Limited,,2026-08-05,UHEWA
8100,Swet-Ganga Hydropower and Construction Limited,,2026-08-05,SGHC
8101,Agricultural Development Bank Limited,,2026-08-05,
8102,Mandakini Hydropower Limited,,2026-08-05,MHL
8104,Upper solu Electric company Limited,,2026-08-05,USHEC
8105,NMB Bank Limited,,2026-08-05,NMBUR93/94
8106,Global IME Balanced Fund-1,,2026-08-05,GIBF1
8107,Sanima Bank Limited,,2026-08-05,
8108,Rapti Hydro and General Construction Limited,,2026-08-05,RHGCL
8109,Sanima Bank Limited,,2026-08-05,SBD89
8110,Nepal SBI Bank Limited,,2026-08-05,SBID83
8116,Prime Commercial Bank Ltd.,,2026-08-05,PBD84
8117,Aviyan laghubittya bittiya sanstha limited,,2026-08-05,AVYAN
8118,Everest Bank Limited,,2026-08-05,
8119,Everest Bank Limited,,2026-08-05,EBLD85
8121,Sayapatri Hydropower Limited,,2026-08-05,SPHL
8122,Peoples Power Limited,,2026-08-05,PPL
8123,Dhaulagiri laghubitta Sanstha Limited,,2026-08-05,DLBS
8125,NMB Capital Ltd.,,2026-08-05,NSIF2
8126,Sikles Hydropower Limited,,2026-08-05,SIKLES
8127,Kumari Bank Limited,,2026-08-05,KBLD89
8131,Eastern Hydropower Limited,,2026-08-05,EHPL
8132,Shrijanshil Laghubitta Baittiya sanstha Limited,,2026-08-05,SHLB
8133,Peoples Hydropower Company Limited,,2026-08-05,PHCL
9135,Barahi Hydropower Public Limited,,2026-08-05,BHPL
9136,Bank of Kathmandu Ltd.,,2026-08-05,BOKD86KA
9137,Himalayan Bank Limited,,2026-08-05,HBLD86
9138,NIBL Growth Fund,,2026-08-05,NIBLGF
9139,Sanima Growth Fund,,2026-08-05,SAGF
9140,Unique Nepal Laghubitta Bittiya Sanstha Limited,,2026-08-05,UNLB
9141,Nepal Infrastructure Bank Limited,,2026-08-05,NIFRAUR85/86
9146,Super Madi Hydropower Limited,,2026-08-05,SMHL
9147,SHUVAM POWER LIMITED,,2026-08-05,SPL
9148,Supermai Hydropower Limited,,2026-08-05,SMH
9149,Maya Khola Hydropower Company Limited,,2026-08-05,MKHC
9150,Asian Hydropower Limited,,2026-08-05,AHL
9151,KALINCHOWK DARSHAN LIMITED ,,2026-08-05,KDL
9152,Everest Bank Limited,,2026-08-05,EBLEB89
9154,Sunrise Capital Limited,,2026-08-05,SFEF
9156,Sanima Middle Tamor Hydropower Limited,,2026-08-05,TAMOR
9158,Molung Hydropower Company Limited,,2026-08-05,MHCL
9159,Sagarmatha Jalabidhyut Company Limited,,2026-08-05,SMJC
9161,Aatmanirbhar Laghubitta Bittitya Sanstha Limited,,2026-08-05,ANLB
9166,Makar Jitumaya Suri Hydropower Ltd ,,2026-08-05,MAKAR
9167,MaiKhola Hydropower Limited,,2026-08-05,MKHL
9168,Global IME Bank Limited,,2026-08-05,GBILD84/85
9170,Dolti Power Company Ltd.,,2026-08-05,DOLTI
9171,Bhugol Energy Development Company Ltd,,2026-08-05,BEDC
9173,CITY HOTEL LIMITED ,,2026-08-05,CITY
9174,Prabhu Capital Limited,,2026-08-05,PRSF
9175,Menchhiyam Hydro Power Ltd,,2026-08-05,MCHL
9176,Ingwa Hydropower Limited,,2026-08-05,IHL
9177,Standard Chartered Bank  Nepal Limited,,2026-08-05,SCBD
9178,RBB Merchant Banking Limited,,2026-08-05,RMF2
9179,Modi Energy Limited,,2026-08-05,MEL
9180,NMB Bank Limited,,2026-08-05,NMBD89/90
9181,Rawa Energy Development Ltd.,,2026-08-05,RAWA
9182,Siddhartha Bank Limited,,2026-08-05,SIGS3
9183,Nepal Republic Media Ltd,,2026-08-05,NRM
9184,I.M.E. Life Insurance company Limited ,,2026-08-05,ILI
9191,Citizens Bank International Limited,,2026-08-05,C30MF
9192, Upper Syange Hydropower Limited,,2026-08-05,USHL
9193,Ghorahi Cement Industry Limited,,2026-08-05,GCIL
9194,Three Star Hydropower Ltd,,2026-08-05,TSHL
9195,Mahalaxmi Bikas Bank Ltd.,,2026-08-05,MLBLD89
9196,Kutheli Bukhari Small Hydropower Ltd,,2026-08-05,KBSH
9197,Lumbini Bikas Bank Ltd.,,2026-08-05,LBBLD89
9198,Laxmi Sunrise Bank Limited,,2026-08-05,LVF2
9199,Reliable Nepal Life Insurance Ltd,,2026-08-05,RNLI
9201,Sun Nepal Life Insurance Company Limited,,2026-08-05,SNLI
9203,Manakamana Engineering Hydropower Limited,,2026-08-05,MEHL
9208,Upper Lohore Khola Hydropower Company Limited,,2026-08-05,ULHC
9209,Citizen Life Insurance Company Limited,,2026-08-05,CLI
9211,Nepal SBI Bank Limited,,2026-08-05,SBID89
9212,Mandu Hydropower Limited,,2026-08-05,MANDU
9213,HATHWAY INVESTMENT NEPAL LIMITED,,2026-08-05,HATHY
9214,Bhagawati Hyropower Development Company Ltd.,,2026-08-05,BGWT
9215,Mid solu Hydropower Limited,,2026-08-05,MSHL
9216,Sonapur Minerals And Oil Limited,,2026-08-05,SONA
9217,Mathillo Mailun Khola Jalvidhyut Ltd.,,2026-08-05,MMKJL
9218,Trishuli Jal Vidhyut Company Limited ,,2026-08-05,TVCL
9220,Kumari Bank Limited,,2026-08-05,KBLD90
9221,Himalayan Bank Limited,,2026-08-05,H8020
9225,Vision Lumbini Urja Company Limited,,2026-08-05,VLUCL
9230,Muktinath Krishi Company Limited,,2026-08-05,MKCL
9231,Citizens Bank International Limited,,2026-08-05,CIZBD90
9232,Chirkhwa Hydropower Limited,,2026-08-05,CKHL
9233,Nepal Warehousing Company Limited,,2026-08-05,NWCL
9234,Himalayan Reinsurance Limited,,2026-08-05,HRL
9236,NIC Asia Bank Ltd.,,2026-08-05,NICGF2
9238,Nabil Bank Limited,,2026-08-05,NABILD87
9241,Kumari Bank Limited,,2026-08-05,KSY
9242,Sarbottam Cement Limited,,2026-08-05,SARBTM
9243,Nepal Investment Mega Bank Limited,,2026-08-05,NIMBD90
9244,Nepal Investment Mega Bank Limited,,2026-08-05,NIBLSTF
9245,Muktinath Bikas Bank Ltd.,,2026-08-05,MNMF1
9246,GUARDIAN MICRO LIFE INSURANCE LIMITED,,2026-08-05,GMLI
9248,Garima Bikas Bank Limited,,2026-08-05,GSY
9249,ICFC Finance Limited,,2026-08-05,ICFCD88
9250,Nepal Micro Insurance Company Limited,,2026-08-05,NMIC
9252,Crest Micro Life Insurance Limited,,2026-08-05,CREST
9254,NMB Bank Limited,,2026-08-05,NMBHF2
9255,Everest Bank Limited,,2026-08-05,EBLD91
9256,Om Megashree Pharmaceuticals Limited,,2026-08-05,OMPL
9257,Machhapuchhre Bank Limited,,2026-08-05,MBLEF
9258,Pure Energy Limited,,2026-08-05,PURE
9259,Reliable Nepal Life Insurance Ltd,,2026-08-05,RSY
9260,Nepal Infrastructure Bank Limited,,2026-08-05,
9261,Nepal Infrastructure Bank Limited,,2026-08-05,NIFRAGED
9262,Trade Tower Limited,,2026-08-05,TTL
9263,Sanvi Energy Limited,,2026-08-05,SANVI
9264,Rastriya Banijya Bank,,2026-08-05,RBBD2088
9265,NIC Asia Bank Ltd.,,2026-08-05,
9266,NIC Asia Bank Ltd.,,2026-08-05,NICAD2091
9267,Bikash Hydropower Company Ltd,,2026-08-05,BHCL
9268,Global IME Bank Limited,,2026-08-05,
9269,Global IME Bank Limited,,2026-08-05,GBIMESY2
9270,Himstar Urja Company Ltd.,,2026-08-05,HIMSTAR
9271,Siddhartha Bank Limited,,2026-08-05,SBLD2091
9286,SHINE RESUNGA DEVELOPMENT BANK LTD,,2026-08-05,SHINED
9287,Mabilung Energy Limited,,2026-08-05,MABEL
9288,Nepal SBI Bank Limited,,2026-08-05,
9289,Nepal SBI Bank Limited,,2026-08-05,SBID2090
9290,Himalayan Life Insurance Limited,,2026-08-05,HLICF
9293,Daramkhola hydro Energy Ltd.,,2026-08-05,DHEL
9294,Sagar Distillery Limited,,2026-08-05,SAGAR
9295,SWASTIK LAGHUBITTA BITTIYA SANSTHA LTD.,,2026-08-05,SWASTIK
9296,Bungal Hydro Limited,,2026-08-05,BUNGAL
9297,Bandipur Cable Car and Tourism Limited,,2026-08-05,BANDIPUR
9299,Nabil Bank Limited,,2026-08-05,NABILD2089
9300,Jhapa Energy Limited,,2026-08-05,JHAPA
9301,SHREENAGAR AGRITECH INDUSTRIES LIMITED,,2026-08-05,SAIL
9302,RBB Merchant Banking Limited,,2026-08-05,RBBF40
9303,SY PANEL NEPAL LIMITED,,2026-08-05,SYPNL
9304,Citizens Bank International Limited,,2026-08-05,CSY
9305,Salapa Bikas Bank Limited,,2026-08-05,SABBL
9306,Reliance Spinning Mills Limited,,2026-08-05,RSML
9308,Hotel Forest Inn Limited,,2026-08-05,HFIN
9311,Solu Hydropower Limited,,2026-08-05,SOHL
9312,NEPAL LIFE INSURANCE COMPANY LIMITED,,2026-08-05,NSY
9322,Bhujung Hydropower Limited,,2026-08-05,BJHL
9323,Super Khudi Hydropower Ltd.,,2026-08-05,SKHL
9324,RIDGE LINE ENERGY LIMITED,,2026-08-05,RLEL
9325,Suryakunda Hydro Electric Limited,,2026-08-05,SKHEL
9326,Nabil Bank Limited,,2026-08-05,NABILPNP
9327,ICFC Finance Limited,,2026-08-05,ICFCD89
9328,Kamana Sewa Bikas Bank Limited,,2026-08-05,KSBBLPNP
9329,Shikhar Power Development Ltd.,,2026-08-05,SIPD
9330,Palpa Cement Industries Limited,,2026-08-05,PCIL
9331,Siddhartha Bank Limited,,2026-08-05,SBLPNP
9332,NMB Bank Limited,,2026-08-05,NMBPNP
9333,Sanima Bank Limited,,2026-08-05,SANIMAPNP
9334,Kalinchock Hydropower Limited,,2026-08-05,KHPL
9335,Machhapuchhre Bank Limited,,2026-08-05,MBLPNP
9336,Sopan Pharmaceuticals Limited,,2026-08-05,SOPL
9337,Appolo Hydropower Limited,,2026-08-05,APHL
9342,Yambaling Hydropower Ltd.,,2026-08-05,YMHL
9343,Taksar Pikhuwa Khola Hydropower Ltd.,,2026-08-05,TPKHL
9344,Snow Rivers Limited,,2026-08-05,SNORL
9345,Sanigad Hydro Limited,,2026-08-05,SGHL
9346,Kalanga Hydro Limited,,2026-08-05,KAHL
9347,Everest Colour Ltd.,,2026-08-05,ECL
9348,Siddhartha Bank Limited,,2026-08-05,SEF2
9349,Sanima Bank Limited,,2026-08-05,
9350,Laxmi Sunrise Bank Limited,,2026-08-05,
131,Nabil Bank Limited,,2026-08-06,NABIL
132,Nepal Investment Mega Bank Limited,,2026-08-06,NIMB
133,Standard Chartered Bank  Nepal Limited,,2026-08-06,SCB
134,Himalayan Bank Limited,,2026-08-06,HBL
135,Nepal SBI Bank Limited,,2026-08-06,SBI
137,Everest Bank Limited,,2026-08-06,EBL
139,NIC Asia Bank Ltd.,,2026-08-06,NICA
140,Machhapuchhre Bank Limited,,2026-08-06,MBL
141,Laxmi Sunrise Bank Limited,,2026-08-06,LSL
142,Kumari Bank Limited,,2026-08-06,KBL
145,Siddhartha Bank Limited,,2026-08-06,SBL
146,Yak And Yeti Hotel Limited,,2026-08-06,YHL
147,Soaltee Hotel Limited,,2026-08-06,SHL
148,Taragaon Regency Hotel Limited,,2026-08-06,TRH
149,Oriental Hotels Limited,,2026-08-06,OHL
151,Nepal Film Development Company Limited,,2026-08-06,NFD
152,National Hydro Power Company Limited,,2026-08-06,NHPC
153,Butwal Power Company Limited,,2026-08-06,BPCL
154,Chilime Hydropower Company Limited,,2026-08-06,CHCL
155,Salt Trading Corporation,,2026-08-06,STC
156,Bishal Bazar Company Limited,,2026-08-06,BBC
158,Nepal Tading Limited,,2026-08-06,NTL
159,Nepal Welfare Company Limited,,2026-08-06,NWC
163,Nirdhan Utthan Laghubitta Bittiya Sanstha Limited,,2026-08-06,NUBL
164,Chhimek Laghubitta Bittiya Sanstha Limited,,2026-08-06,CBBL
166,Deprosc Laghubitta Bittiya Sanstha Limited,,2026-08-06,DDBL
171,Sanima Bank Limited,,2026-08-06,SANIMA
172,Narayani Development Bank Limited,,2026-08-06,NABBC
1741,Meromicrofinance Laghubitta Bittiya Sanstha Ltd.,,2026-08-06,MERO
176,Nepal Insurance Co. Ltd.,,2026-08-06,NICL
177,Rastriya Beema Company Limited,,2026-08-06,RBCL
178,National Life Insurance Co. Ltd.,,2026-08-06,NLICL
179,Himalayan Everest Insurance Limited,,2026-08-06,HEI
180,United Ajod Insurance Limited,,2026-08-06,UAIL
182,Siddhartha Premier Insurance Limited,,2026-08-06,SPIL
183,Neco Insurance Limited,,2026-08-06,NIL
184,Prabhu Insurance Limited,,2026-08-06,PRIN
185,Sagarmatha Lumbini Insurance Co. Limited,,2026-08-06,SALICO
186,IGI Prudential Insurance Limited,,2026-08-06,IGI
187,NEPAL LIFE INSURANCE COMPANY LIMITED,,2026-08-06,NLIC
188,Life Insurance Corporation (Nepal) Limited,,2026-08-06,LICN
192,Shikhar Insurance Co. Ltd.,,2026-08-06,SICL
194,Nepal Finance Ltd.,,2026-08-06,NFS
195,Bottlers Nepal (Balaju) Limited,,2026-08-06,BNL
198,Nepal Lube Oil Limited,,2026-08-06,NLO
200,Nepal Share Markets Ltd.,,2026-08-06,NSM
201,Nepal Vanaspati Ghee Udhyog Limited,,2026-08-06,NVG
203,Raghupati Jute Mills Limited,,2026-08-06,RJM
204,Gurkhas Finance Ltd.,,2026-08-06,GUFL
205,Butwal Spinning Mills Limited,,2026-08-06,BSM
207,Gorakhkali Rubber Udhyog Limited,,2026-08-06,GRU
209,Jyoti Sinning Mills Limited,,2026-08-06,JSM
210,Citizen Investment Trust,,2026-08-06,CIT
211,Arun Vanaspati Udhyog Limited,,2026-08-06,AVU
213,Bottlers Nepal (Terai) Limited,,2026-08-06,BNT
215,Harisiddhi Brick And Tiles Limited,,2026-08-06,HBT
217,Birat Shoe Limited,,2026-08-06,BSL
219,Unilever Nepal Limited,,2026-08-06,UNL
221,Samjhana Finance Co. Ltd.,,2026-08-06,SFC
222,Nepal Khadya Udhyog Limited,,2026-08-06,NKU
226,Shree Bhrikuti Pulp And Paper Limited,,2026-08-06,SBPP
227,Best Finance Company Ltd.,,2026-08-06,BFC
228,Fleur Himalayan Limited,,2026-08-06,FHL
230,Shree Ram Sugar Mills Limited,,2026-08-06,SRS
232,Goodwill Finance Limited,,2026-08-06,GFCL
233,Nepal Bitumin And Barrel Udhyog Limited,,2026-08-06,NBBU
235,Himalayan Distillery Limited,,2026-08-06,HDL
236,Pokhara Finance Ltd.,,2026-08-06,PFL
238,NMB Bank Limited,,2026-08-06,NMB
244,Shree Investment Finance Co. Ltd.,,2026-08-06,SIFC
245,Central Finance Co. Ltd.,,2026-08-06,CFCL
250,Janaki Finance Company Limited,,2026-08-06,JFL
255,Prabhu  Bank Limited,,2026-08-06,PRVU
256,Samriddhi Finance Company Limited,,2026-08-06,SFCL
259,Capital Merchant Bank & Finance Co. Ltd.,,2026-08-06,CMB
263,Guheswori Merchant Banking & Finance Ltd.,,2026-08-06,GMFIL
268,Swabalamban Laghubitta Bittiya Sanstha Limited,,2026-08-06,SWBBL
273,ICFC Finance Limited,,2026-08-06,ICFC
274,Excel Development Bank Ltd.,,2026-08-06,EDBL
2742,Hydorelectricity Investment and Development Company Ltd,,2026-08-06,HIDCL
2743,Ngadi Group Power Ltd.,,2026-08-06,NGPL
2744,Green Development Bank Ltd.,,2026-08-06,GRDBL
2746,National  Laghubitta Bittiya Sanstha Limited,,2026-08-06,NMFBS
2748,RSDC Laghubitta Bittiya Sanstha Ltd.,,2026-08-06,RSDC
2751,Khanikhola Hydropower Co. Ltd.,,2026-08-06,KKHC
2754,Dibyashwori Hydropower Ltd.,,2026-08-06,DHPL
2757,Arun Kabeli Power Ltd.,,2026-08-06,AKPL
2758,Forward Microfinance Laghubitta Bittiya Sanstha Limited,,2026-08-06,FOWAD
2759,Synergy Power Development Ltd.,,2026-08-06,SPDL
2760,United Modi Hydropower Ltd.,,2026-08-06,UMHL
2761,Samata Gharelu Laghubitta Bittiya Sanstha Limited,,2026-08-06,SMATA
2766,Chhyangdi Hydropower Ltd.,,2026-08-06,CHL
2767,Himalayan Power Partner Ltd.,,2026-08-06,HPPL
2768,Mahuli Laghubitta Bittiya Sanstha Limited,,2026-08-06,MSLB
2769,Nepal Hydro Developers Ltd,,2026-08-06,NHDL
2770,Siddhartha Bank Limited,,2026-08-06,SEF
2771,Support Lagubitta Bittiya Sanstha Limited,,2026-08-06,SMB
2774,Unnati Sahakarya Laghubitta Bittiya Sanstha Limited,,2026-08-06,USLB
2776,Radhi Bidyut Company Ltd,,2026-08-06,RADHI
2781,Wean Nepal Laghubitta Bittiya Sanstha Limited,,2026-08-06,WNLB
2784,Nadep Laghubittiya bittya Sanstha Ltd.,,2026-08-06,NADEP
2786,Panchakanya Mai Hydropower Ltd,,2026-08-06,PMHPL
2787,Kalika power Company Ltd,,2026-08-06,KPCL
2788,Ankhu Khola Jalvidhyut Company Limited,,2026-08-06,AKJCL
2789,Joshi Hydropower Development Company Ltd,,2026-08-06,JOSHI
2790,Aarambha Chautari Laghubitta Bittya Sanstha Limited,,2026-08-06,ACLBSL
2792,Upper Tamakoshi Hydropower Ltd,,2026-08-06,UPPER
2804,Samudayik Laghubitta Bittiya Sanstha Limited,,2026-08-06,SLBSL
2806,Ghalemdi Hydro Limited,,2026-08-06,GHL
2807,Asha Laghubitta Bittiya Sanstha Ltd.,,2026-08-06,ALBSL
2809,Shivam Cements Limited,,2026-08-06,SHIVM
2810,Universal Power Company Limited,,2026-08-06,UPCL
2811,Mountain Hydro Nepal Limited,,2026-08-06,MHNL
2813,Panchthar Power Company Ltd,,2026-08-06,PPCL
2815,Ganapati Laghubitta Bittiya Sanstha Ltd,,2026-08-06,GMFBS
2824,Himalaya Urja Bikas Company Limited,,2026-08-06,HURJA
2825,NIC Asia Bank Ltd.,,2026-08-06,NICAD85/86
2826,Gurans Laghubitta Bittiya Sanstha Ltd,,2026-08-06,GLBSL
2828,Sanima Bank Limited,,2026-08-06,SAND2085
2829,Swabhumaan Laghubitta Bittiya Sanstha Ltd,,2026-08-06,SMFBS
2831,Union Hydropower Limited,,2026-08-06,UNHPL
2832,Infinity Laghubitta Bittiya Sastha Ltd,,2026-08-06,ILBS
2835,Nabil Bank Limited,,2026-08-06,NBF2
2841,Rasuwagadhi Hydropower Company Limited,,2026-08-06,RHPL
2842,SANJEN JALAVIDHYUT COMPANY LTD,,2026-08-06,SJCL
2850,NMB Bank Limited,,2026-08-06,NMBD2085
2854,Nepal Bangladesh Bank Limited,,2026-08-06,NBBD2085
2859,Siddhartha Bank Limited,,2026-08-06,SIGS2
2860,Saptakoshi Development bank Ltd,,2026-08-06,SAPDBL
2863,NIC ASIA Capital Ltd,,2026-08-06,NICBF
2864,Siddhartha Bank Limited,,2026-08-06,SBLD83
2866,Machhapuchhre Bank Limited,,2026-08-06,MBLD2085
2867,NMB Capital Ltd.,,2026-08-06,NMB50
2868,NIC Asia Bank Ltd.,,2026-08-06,NICD83/84
2873,Himalayan Bank Limited,,2026-08-06,HBLD83
2875,Prabhu  Bank Limited,,2026-08-06,PBLD86
2877,Laxmi Sunrise Bank Limited,,2026-08-06,SFMF
2878,Sunrise Bank Limited,,2026-08-06,SRBLD83
2879,Laxmi Sunrise Bank Limited,,2026-08-06,LBLD86
2880,Himal Dolakha Hydropower Com. Ltd.,,2026-08-06,HDHPC
2881,Nepal Reinsurance Company Limited,,2026-08-06,NRIC
2882,ICFC Finance Limited,,2026-08-06,ICFCD83
2883,Goodwill Finance Limited,,2026-08-06,GWFD83
2885,Kumari Bank Limited,,2026-08-06,KBLD86
2886,Agricultural Development Bank Limited,,2026-08-06,ADBLD83
2887,NIC ASIA Laghubitta Bittiya Sanstha Limited,,2026-08-06,NICLBSL
2889,Citizens Bank International Limited,,2026-08-06,CIZBD86
2890,Nepal SBI Bank Limited,,2026-08-06,SBIBD86
2892,Nabil Bank Limited,,2026-08-06,NBLD82
2896,Sampada Laghubitta Bittiya Sanstha Limited,,2026-08-06,SMPDA
2898,NRN Infrastructure and Development Limited,,2026-08-06,NRN
2902,Laxmi Capital Market Limited,,2026-08-06,LUK
2903,Liberty Energy Company Limited,,2026-08-06,LEC
2904,Prabhu  Bank Limited,,2026-08-06,PBLD84
2907,Shiva Shree Hydropower Limited,,2026-08-06,SSHL
2908,Sanima GIC Insurance Limited,,2026-08-06,SGIC
2912,Siddhartha Bank Limited,,2026-08-06,SBLD84
2913,Mountain Energy Nepal Limited,,2026-08-06,MEN
2914,United Idi Mardi & RB Hydropower Ltd,,2026-08-06,UMRH
2915,Prabhu Mahalaxmi Life Insurance Limited,,2026-08-06,PMLI
2917,Chandragiri Hills Limited,,2026-08-06,CGH
2919,Nepal Infrastructure Bank Limited,,2026-08-06,NIFRA
2922,Sanima Bank Limited,,2026-08-06,SBD87
2923,Sanima Bank Limited,,2026-08-06,SLCF
2924,Greenlife Hydropower Limited,,2026-08-06,GLH
2925,Mahila Laghubitta Bittiya Sanstha Ltd,,2026-08-06,MLBSL
2931,Nepal Investment Mega Bank Limited,,2026-08-06,NIBD84
2932,Manjushree Finance Ltd.,,2026-08-06,MFLD85
2933,Kumari Bank Limited,,2026-08-06,KEF
2934,Singati Hydro Energy Ltd,,2026-08-06,SHEL
2935,Ru Ru Jalbidhyut  Pariyojana Ltd.,,2026-08-06,RURU
2936,Nepal Credit And Commercial Bank Limited,,2026-08-06,NCCD86
2937,Sunrise Bank Limited,,2026-08-06,SBCF
307,Nepal Doorsanchar Company Limited,,2026-08-06,NTC
338,Progressive Finance Limited,,2026-08-06,PROFL
341,Global IME Bank Limited,,2026-08-06,GBIME
348,Citizens Bank International Limited,,2026-08-06,CZBIL
357,Prime Commercial Bank Ltd.,,2026-08-06,PCBL
358,Lumbini Bikas Bank Ltd.,,2026-08-06,LBBL
360,Arun Valley Hydropower Development Company Limited,,2026-08-06,AHPC
361,Crystal Finance Ltd.,,2026-08-06,CFL
371,Miteri Development Bank Limited,,2026-08-06,MDB
385,Asian Life Insurance Co Limited,,2026-08-06,ALICL
393,Himalayan Life Insurance Limited,,2026-08-06,HLI
3946,CEDB Hydropower Development Company Limited,,2026-08-06,CHDC
396,Nerude Mirmire Laghubitta Bittiya Sanstha Ltd.,,2026-08-06,NMLBBL
397,Agricultural Development Bank Limited,,2026-08-06,ADBL
401,Mahalaxmi Bikas Bank Ltd.,,2026-08-06,MLBL
403,SuryaJyoti Life Insurance Company Limited,,2026-08-06,SJLIC
417,Garima Bikas Bank Limited,,2026-08-06,GBBL
418,Jyoti Bikas Bank Limited,,2026-08-06,JBBL
428,Karnali Development Bank Limited,,2026-08-06,KRBL
441,Himalayan Finance Limited (Bittiya Sanstha),,2026-08-06,HFL
450,Corporate Development Bank Limited,,2026-08-06,CORBL
459,Kamana Sewa Bikas Bank Limited,,2026-08-06,KSBBL
471,Multipurpose Finance Company  Limited,,2026-08-06,MPFL
472,SHANGRI-LA DEVELOPMENT BANK LIMITED,,2026-08-06,SADBL
473,SHINE RESUNGA DEVELOPMENT BANK LTD,,2026-08-06,SHINE
474,Muktinath Bikas Bank Ltd.,,2026-08-06,MNBBL
490,First Micro Finance Laghubitta Bittiya Sanstha Limited,,2026-08-06,FMDBL
4947,Prabhu  Bank Limited,,2026-08-06,PSF
4948,Kamana Sewa Bikas Bank Limited,,2026-08-06,KSBBLD87
4949,Nepal Investment Mega Bank Limited,,2026-08-06,NIBSF2
4951,Jeevan Bikas Laghubitta Bittiya Sanstha Ltd,,2026-08-06,JBLB
4959,Nepal Bank Limited,,2026-08-06,NBLD87
4960,Agricultural Development Bank Limited,,2026-08-06,ADBLB
4961,Bank of Kathmandu Ltd.,,2026-08-06,BOKD86
4962,Prabhu  Bank Limited,,2026-08-06,PBLD87
4963,NMB Bank Limited,,2026-08-06,NMBD87/88
4964,NMB Bank Limited,,2026-08-06,NMBEB92/93
4967,NIC ASIA Capital Ltd,,2026-08-06,NICSF
4968,RBB Merchant Banking Limited,,2026-08-06,RMF1
4969,Muktinath Bikas Bank Ltd.,,2026-08-06,MND84/85
516,Manjushree Finance Ltd.,,2026-08-06,MFIL
517,Nepal Bank Limited,,2026-08-06,NBL
545,Swarojgar Laghubitta Bittiya Sanstha Ltd.,,2026-08-06,SLBBL
559,NLG Insurance Company Ltd.,,2026-08-06,NLG
561,Sindhu Bikash Bank Ltd,,2026-08-06,SINDU
574,Sana Kisan Bikas Laghubitta Bittiya Sanstha Limited,,2026-08-06,SKBBL
583,Grameen Bikas Laghubitta Bittiya Sanstha Ltd.,,2026-08-06,GBLBS
587,Reliance Finance Ltd.,,2026-08-06,RLFL
591,Sanima Mai Hydropower Limited,,2026-08-06,SHPC
593,Kalika Laghubitta Bittiya Sanstha Ltd,,2026-08-06,KMCDB
5982,Sanima Reliance Life Insurance Limited,,2026-08-06,SRLI
5984,Laxmi Sunrise Bank Limited,,2026-08-06,LBLD88
601,Mithila LaghuBitta Bittiya Sanstha Limited,,2026-08-06,MLBBL
610,Ridi Power Company Limited,,2026-08-06,RIDI
618,Laxmi Laghubitta Bittiya Sanstha Ltd.,,2026-08-06,LLBS
686,Barun Hydropower Co. Ltd.,,2026-08-06,BARUN
687,Vijaya laghubitta Bittiya Sanstha Ltd.,,2026-08-06,VLBS
693,Himalayan Laghubitta Bittiya Sanstha Limited,,2026-08-06,HLBSL
694,Matribhumi Lagubitta Bittiya Sanstha Limited,,2026-08-06,MATRI
695,Janautthan Samudayic Laghubitta Bittya Sanstha Limited,,2026-08-06,JSLBB
697,API POWER COMPANY LIMITED,,2026-08-06,API
6984,Prime Commercial Bank Ltd.,,2026-08-06,PBD85
6985,SHANGRI-LA DEVELOPMENT BANK LIMITED,,2026-08-06,SDBD87
704,NMB  Microfinance Bittiya Sanstha Ltd.,,2026-08-06,NMBMF
705,Global IME Laghubitta Bittiya Sanstha Ltd.,,2026-08-06,GILB
706,Suryodaya Womi Laghubitta Bittiya Sanstha Limited,,2026-08-06,SWMF
7985,Machhapuchhre Bank Limited,,2026-08-06,MBLD87
7986,NIC Asia Bank Ltd.,,2026-08-06,NICD88
8003,Rastriya Banijya Bank,,2026-08-06,RBBD83
8004,Global IME Bank Limited,,2026-08-06,GBILD86/87
8005,Mailung Khola Jal Vidhyut Company Limited,,2026-08-06,MKJC
8018,Manushi Laghubitta Bittiya Sanstha Limited,,2026-08-06,MLBS
8020,Jyoti Bikas Bank Limited,,2026-08-06,JBBD87
8021,Sahas Urja Limited,,2026-08-06,SAHAS
8022,Terhathum Power Company Limited,,2026-08-06,TPC
8023,Mega  Bank Nepal Ltd.,,2026-08-06,MMF1
8024,Nabil Bank Limited,,2026-08-06,NBF3
8025,Samling power company limited,,2026-08-06,SPC
8026,Nyadi hydropower limited,,2026-08-06,NYADI
8027,Nabil Bank Limited,,2026-08-06,NBLD85
8028,Agricultural Development Bank Limited,,2026-08-06,
8029,Agricultural Development Bank Limited,,2026-08-06,ADBLB86
8030,Agricultural Development Bank Limited,,2026-08-06,ADBLB87
8031,Madhya Bhotekoshi Jalavidyut Company Limited,,2026-08-06,MBJC
8032,Buddha bhumi nepal hydro power company limited,,2026-08-06,BNHC
8033,Garima Bikas Bank Limited,,2026-08-06,GBBD85
8034,Emerging nepal limited,,2026-08-06,ENL
8041,NESDO Sambridha Laghubitta Bittiya Sanstha Limited,,2026-08-06,NESDO
8043,Civil Bank Ltd,,2026-08-06,CBLD88
8044,Everest Bank Limited,,2026-08-06,EBLD86
8045,Green Ventures Limited,,2026-08-06,GVL
8055,Balephi Hydropower Limited,,2026-08-06,BHL
8063,Upakar Laghubitta Bittiya  Sanstha  Limited,,2026-08-06,ULBSL
8065,CYC Nepal laghubitta Bittiya Sanstha Limited,,2026-08-06,CYCL
8066,River Falls power Limited,,2026-08-06,RFPL
8068,Century Commercial Bank Ltd.,,2026-08-06,CCBD88
8070,Dordi Khola Jal Bidyut Company limited,,2026-08-06,DORDI
8073,NIC Asia Bank Ltd.,,2026-08-06,NICFC
8074,Kumari Bank Limited,,2026-08-06,KDBY
8075,Bindhyabasini Hydropower Development Company Limited,,2026-08-06,BHDC
8076,Himalayan Hydropower Limited,,2026-08-06,HHL
8097,Prime Commercial Bank Ltd.,,2026-08-06,PBD88
8098,Siddhartha Bank Limited,,2026-08-06,SBLD89
8099,Upper Hewakhola Hydropower company Limited,,2026-08-06,UHEWA
8100,Swet-Ganga Hydropower and Construction Limited,,2026-08-06,SGHC
8101,Agricultural Development Bank Limited,,2026-08-06,
8102,Mandakini Hydropower Limited,,2026-08-06,MHL
8104,Upper solu Electric company Limited,,2026-08-06,USHEC
8105,NMB Bank Limited,,2026-08-06,NMBUR93/94
8106,Global IME Balanced Fund-1,,2026-08-06,GIBF1
8107,Sanima Bank Limited,,2026-08-06,
8108,Rapti Hydro and General Construction Limited,,2026-08-06,RHGCL
8109,Sanima Bank Limited,,2026-08-06,SBD89
8110,Nepal SBI Bank Limited,,2026-08-06,SBID83
8116,Prime Commercial Bank Ltd.,,2026-08-06,PBD84
8117,Aviyan laghubittya bittiya sanstha limited,,2026-08-06,AVYAN
8118,Everest Bank Limited,,2026-08-06,
8119,Everest Bank Limited,,2026-08-06,EBLD85
8121,Sayapatri Hydropower Limited,,2026-08-06,SPHL
8122,Peoples Power Limited,,2026-08-06,PPL
8123,Dhaulagiri laghubitta Sanstha Limited,,2026-08-06,DLBS
8125,NMB Capital Ltd.,,2026-08-06,NSIF2
8126,Sikles Hydropower Limited,,2026-08-06,SIKLES
8127,Kumari Bank Limited,,2026-08-06,KBLD89
8131,Eastern Hydropower Limited,,2026-08-06,EHPL
8132,Shrijanshil Laghubitta Baittiya sanstha Limited,,2026-08-06,SHLB
8133,Peoples Hydropower Company Limited,,2026-08-06,PHCL
9135,Barahi Hydropower Public Limited,,2026-08-06,BHPL
9136,Bank of Kathmandu Ltd.,,2026-08-06,BOKD86KA
9137,Himalayan Bank Limited,,2026-08-06,HBLD86
9138,NIBL Growth Fund,,2026-08-06,NIBLGF
9139,Sanima Growth Fund,,2026-08-06,SAGF
9140,Unique Nepal Laghubitta Bittiya Sanstha Limited,,2026-08-06,UNLB
9141,Nepal Infrastructure Bank Limited,,2026-08-06,NIFRAUR85/86
9146,Super Madi Hydropower Limited,,2026-08-06,SMHL
9147,SHUVAM POWER LIMITED,,2026-08-06,SPL
9148,Supermai Hydropower Limited,,2026-08-06,SMH
9149,Maya Khola Hydropower Company Limited,,2026-08-06,MKHC
9150,Asian Hydropower Limited,,2026-08-06,AHL
9151,KALINCHOWK DARSHAN LIMITED ,,2026-08-06,KDL
9152,Everest Bank Limited,,2026-08-06,EBLEB89
9154,Sunrise Capital Limited,,2026-08-06,SFEF
9156,Sanima Middle Tamor Hydropower Limited,,2026-08-06,TAMOR
9158,Molung Hydropower Company Limited,,2026-08-06,MHCL
9159,Sagarmatha Jalabidhyut Company Limited,,2026-08-06,SMJC
9161,Aatmanirbhar Laghubitta Bittitya Sanstha Limited,,2026-08-06,ANLB
9166,Makar Jitumaya Suri Hydropower Ltd ,,2026-08-06,MAKAR
9167,MaiKhola Hydropower Limited,,2026-08-06,MKHL
9168,Global IME Bank Limited,,2026-08-06,GBILD84/85
9170,Dolti Power Company Ltd.,,2026-08-06,DOLTI
9171,Bhugol Energy Development Company Ltd,,2026-08-06,BEDC
9173,CITY HOTEL LIMITED ,,2026-08-06,CITY
9174,Prabhu Capital Limited,,2026-08-06,PRSF
9175,Menchhiyam Hydro Power Ltd,,2026-08-06,MCHL
9176,Ingwa Hydropower Limited,,2026-08-06,IHL
9177,Standard Chartered Bank  Nepal Limited,,2026-08-06,SCBD
9178,RBB Merchant Banking Limited,,2026-08-06,RMF2
9179,Modi Energy Limited,,2026-08-06,MEL
9180,NMB Bank Limited,,2026-08-06,NMBD89/90
9181,Rawa Energy Development Ltd.,,2026-08-06,RAWA
9182,Siddhartha Bank Limited,,2026-08-06,SIGS3
9183,Nepal Republic Media Ltd,,2026-08-06,NRM
9184,I.M.E. Life Insurance company Limited ,,2026-08-06,ILI
9191,Citizens Bank International Limited,,2026-08-06,C30MF
9192, Upper Syange Hydropower Limited,,2026-08-06,USHL
9193,Ghorahi Cement Industry Limited,,2026-08-06,GCIL
9194,Three Star Hydropower Ltd,,2026-08-06,TSHL
9195,Mahalaxmi Bikas Bank Ltd.,,2026-08-06,MLBLD89
9196,Kutheli Bukhari Small Hydropower Ltd,,2026-08-06,KBSH
9197,Lumbini Bikas Bank Ltd.,,2026-08-06,LBBLD89
9198,Laxmi Sunrise Bank Limited,,2026-08-06,LVF2
9199,Reliable Nepal Life Insurance Ltd,,2026-08-06,RNLI
9201,Sun Nepal Life Insurance Company Limited,,2026-08-06,SNLI
9203,Manakamana Engineering Hydropower Limited,,2026-08-06,MEHL
9208,Upper Lohore Khola Hydropower Company Limited,,2026-08-06,ULHC
9209,Citizen Life Insurance Company Limited,,2026-08-06,CLI
9211,Nepal SBI Bank Limited,,2026-08-06,SBID89
9212,Mandu Hydropower Limited,,2026-08-06,MANDU
9213,HATHWAY INVESTMENT NEPAL LIMITED,,2026-08-06,HATHY
9214,Bhagawati Hyropower Development Company Ltd.,,2026-08-06,BGWT
9215,Mid solu Hydropower Limited,,2026-08-06,MSHL
9216,Sonapur Minerals And Oil Limited,,2026-08-06,SONA
9217,Mathillo Mailun Khola Jalvidhyut Ltd.,,2026-08-06,MMKJL
9218,Trishuli Jal Vidhyut Company Limited ,,2026-08-06,TVCL
9220,Kumari Bank Limited,,2026-08-06,KBLD90
9221,Himalayan Bank Limited,,2026-08-06,H8020
9225,Vision Lumbini Urja Company Limited,,2026-08-06,VLUCL
9230,Muktinath Krishi Company Limited,,2026-08-06,MKCL
9231,Citizens Bank International Limited,,2026-08-06,CIZBD90
9232,Chirkhwa Hydropower Limited,,2026-08-06,CKHL
9233,Nepal Warehousing Company Limited,,2026-08-06,NWCL
9234,Himalayan Reinsurance Limited,,2026-08-06,HRL
9236,NIC Asia Bank Ltd.,,2026-08-06,NICGF2
9238,Nabil Bank Limited,,2026-08-06,NABILD87
9241,Kumari Bank Limited,,2026-08-06,KSY
9242,Sarbottam Cement Limited,,2026-08-06,SARBTM
9243,Nepal Investment Mega Bank Limited,,2026-08-06,NIMBD90
9244,Nepal Investment Mega Bank Limited,,2026-08-06,NIBLSTF
9245,Muktinath Bikas Bank Ltd.,,2026-08-06,MNMF1
9246,GUARDIAN MICRO LIFE INSURANCE LIMITED,,2026-08-06,GMLI
9248,Garima Bikas Bank Limited,,2026-08-06,GSY
9249,ICFC Finance Limited,,2026-08-06,ICFCD88
9250,Nepal Micro Insurance Company Limited,,2026-08-06,NMIC
9252,Crest Micro Life Insurance Limited,,2026-08-06,CREST
9254,NMB Bank Limited,,2026-08-06,NMBHF2
9255,Everest Bank Limited,,2026-08-06,EBLD91
9256,Om Megashree Pharmaceuticals Limited,,2026-08-06,OMPL
9257,Machhapuchhre Bank Limited,,2026-08-06,MBLEF
9258,Pure Energy Limited,,2026-08-06,PURE
9259,Reliable Nepal Life Insurance Ltd,,2026-08-06,RSY
9260,Nepal Infrastructure Bank Limited,,2026-08-06,
9261,Nepal Infrastructure Bank Limited,,2026-08-06,NIFRAGED
9262,Trade Tower Limited,,2026-08-06,TTL
9263,Sanvi Energy Limited,,2026-08-06,SANVI
9264,Rastriya Banijya Bank,,2026-08-06,RBBD2088
9265,NIC Asia Bank Ltd.,,2026-08-06,
9266,NIC Asia Bank Ltd.,,2026-08-06,NICAD2091
9267,Bikash Hydropower Company Ltd,,2026-08-06,BHCL
9268,Global IME Bank Limited,,2026-08-06,
9269,Global IME Bank Limited,,2026-08-06,GBIMESY2
9270,Himstar Urja Company Ltd.,,2026-08-06,HIMSTAR
9271,Siddhartha Bank Limited,,2026-08-06,SBLD2091
9286,SHINE RESUNGA DEVELOPMENT BANK LTD,,2026-08-06,SHINED
9287,Mabilung Energy Limited,,2026-08-06,MABEL
9288,Nepal SBI Bank Limited,,2026-08-06,
9289,Nepal SBI Bank Limited,,2026-08-06,SBID2090
9290,Himalayan Life Insurance Limited,,2026-08-06,HLICF
9293,Daramkhola hydro Energy Ltd.,,2026-08-06,DHEL
9294,Sagar Distillery Limited,,2026-08-06,SAGAR
9295,SWASTIK LAGHUBITTA BITTIYA SANSTHA LTD.,,2026-08-06,SWASTIK
9296,Bungal Hydro Limited,,2026-08-06,BUNGAL
9297,Bandipur Cable Car and Tourism Limited,,2026-08-06,BANDIPUR
9299,Nabil Bank Limited,,2026-08-06,NABILD2089
9300,Jhapa Energy Limited,,2026-08-06,JHAPA
9301,SHREENAGAR AGRITECH INDUSTRIES LIMITED,,2026-08-06,SAIL
9302,RBB Merchant Banking Limited,,2026-08-06,RBBF40
9303,SY PANEL NEPAL LIMITED,,2026-08-06,SYPNL
9304,Citizens Bank International Limited,,2026-08-06,CSY
9305,Salapa Bikas Bank Limited,,2026-08-06,SABBL
9306,Reliance Spinning Mills Limited,,2026-08-06,RSML
9308,Hotel Forest Inn Limited,,2026-08-06,HFIN
9311,Solu Hydropower Limited,,2026-08-06,SOHL
9312,NEPAL LIFE INSURANCE COMPANY LIMITED,,2026-08-06,NSY
9322,Bhujung Hydropower Limited,,2026-08-06,BJHL
9323,Super Khudi Hydropower Ltd.,,2026-08-06,SKHL
9324,RIDGE LINE ENERGY LIMITED,,2026-08-06,RLEL
9325,Suryakunda Hydro Electric Limited,,2026-08-06,SKHEL
9326,Nabil Bank Limited,,2026-08-06,NABILPNP
9327,ICFC Finance Limited,,2026-08-06,ICFCD89
9328,Kamana Sewa Bikas Bank Limited,,2026-08-06,KSBBLPNP
9329,Shikhar Power Development Ltd.,,2026-08-06,SIPD
9330,Palpa Cement Industries Limited,,2026-08-06,PCIL
9331,Siddhartha Bank Limited,,2026-08-06,SBLPNP
9332,NMB Bank Limited,,2026-08-06,NMBPNP
9333,Sanima Bank Limited,,2026-08-06,SANIMAPNP
9334,Kalinchock Hydropower Limited,,2026-08-06,KHPL
9335,Machhapuchhre Bank Limited,,2026-08-06,MBLPNP
9336,Sopan Pharmaceuticals Limited,,2026-08-06,SOPL
9337,Appolo Hydropower Limited,,2026-08-06,APHL
9342,Yambaling Hydropower Ltd.,,2026-08-06,YMHL
9343,Taksar Pikhuwa Khola Hydropower Ltd.,,2026-08-06,TPKHL
9344,Snow Rivers Limited,,2026-08-06,SNORL
9345,Sanigad Hydro Limited,,2026-08-06,SGHL
9346,Kalanga Hydro Limited,,2026-08-06,KAHL
9347,Everest Colour Ltd.,,2026-08-06,ECL
9348,Siddhartha Bank Limited,,2026-08-06,SEF2
9349,Sanima Bank Limited,,2026-08-06,SAEF2
9350,Laxmi Sunrise Bank Limited,,2026-08-06,LSH12
9351,Reliable Nepal Life Insurance Ltd,,2026-08-06,
131,Nabil Bank Limited,,2026-08-07,NABIL
132,Nepal Investment Mega Bank Limited,,2026-08-07,NIMB
133,Standard Chartered Bank  Nepal Limited,,2026-08-07,SCB
134,Himalayan Bank Limited,,2026-08-07,HBL
135,Nepal SBI Bank Limited,,2026-08-07,SBI
137,Everest Bank Limited,,2026-08-07,EBL
139,NIC Asia Bank Ltd.,,2026-08-07,NICA
140,Machhapuchhre Bank Limited,,2026-08-07,MBL
141,Laxmi Sunrise Bank Limited,,2026-08-07,LSL
142,Kumari Bank Limited,,2026-08-07,KBL
145,Siddhartha Bank Limited,,2026-08-07,SBL
146,Yak And Yeti Hotel Limited,,2026-08-07,YHL
147,Soaltee Hotel Limited,,2026-08-07,SHL
148,Taragaon Regency Hotel Limited,,2026-08-07,TRH
149,Oriental Hotels Limited,,2026-08-07,OHL
151,Nepal Film Development Company Limited,,2026-08-07,NFD
152,National Hydro Power Company Limited,,2026-08-07,NHPC
153,Butwal Power Company Limited,,2026-08-07,BPCL
154,Chilime Hydropower Company Limited,,2026-08-07,CHCL
155,Salt Trading Corporation,,2026-08-07,STC
156,Bishal Bazar Company Limited,,2026-08-07,BBC
158,Nepal Tading Limited,,2026-08-07,NTL
159,Nepal Welfare Company Limited,,2026-08-07,NWC
163,Nirdhan Utthan Laghubitta Bittiya Sanstha Limited,,2026-08-07,NUBL
164,Chhimek Laghubitta Bittiya Sanstha Limited,,2026-08-07,CBBL
166,Deprosc Laghubitta Bittiya Sanstha Limited,,2026-08-07,DDBL
171,Sanima Bank Limited,,2026-08-07,SANIMA
172,Narayani Development Bank Limited,,2026-08-07,NABBC
1741,Meromicrofinance Laghubitta Bittiya Sanstha Ltd.,,2026-08-07,MERO
176,Nepal Insurance Co. Ltd.,,2026-08-07,NICL
177,Rastriya Beema Company Limited,,2026-08-07,RBCL
178,National Life Insurance Co. Ltd.,,2026-08-07,NLICL
179,Himalayan Everest Insurance Limited,,2026-08-07,HEI
180,United Ajod Insurance Limited,,2026-08-07,UAIL
182,Siddhartha Premier Insurance Limited,,2026-08-07,SPIL
183,Neco Insurance Limited,,2026-08-07,NIL
184,Prabhu Insurance Limited,,2026-08-07,PRIN
185,Sagarmatha Lumbini Insurance Co. Limited,,2026-08-07,SALICO
186,IGI Prudential Insurance Limited,,2026-08-07,IGI
187,NEPAL LIFE INSURANCE COMPANY LIMITED,,2026-08-07,NLIC
188,Life Insurance Corporation (Nepal) Limited,,2026-08-07,LICN
192,Shikhar Insurance Co. Ltd.,,2026-08-07,SICL
194,Nepal Finance Ltd.,,2026-08-07,NFS
195,Bottlers Nepal (Balaju) Limited,,2026-08-07,BNL
198,Nepal Lube Oil Limited,,2026-08-07,NLO
200,Nepal Share Markets Ltd.,,2026-08-07,NSM
201,Nepal Vanaspati Ghee Udhyog Limited,,2026-08-07,NVG
203,Raghupati Jute Mills Limited,,2026-08-07,RJM
204,Gurkhas Finance Ltd.,,2026-08-07,GUFL
205,Butwal Spinning Mills Limited,,2026-08-07,BSM
207,Gorakhkali Rubber Udhyog Limited,,2026-08-07,GRU
209,Jyoti Sinning Mills Limited,,2026-08-07,JSM
210,Citizen Investment Trust,,2026-08-07,CIT
211,Arun Vanaspati Udhyog Limited,,2026-08-07,AVU
213,Bottlers Nepal (Terai) Limited,,2026-08-07,BNT
215,Harisiddhi Brick And Tiles Limited,,2026-08-07,HBT
217,Birat Shoe Limited,,2026-08-07,BSL
219,Unilever Nepal Limited,,2026-08-07,UNL
221,Samjhana Finance Co. Ltd.,,2026-08-07,SFC
222,Nepal Khadya Udhyog Limited,,2026-08-07,NKU
226,Shree Bhrikuti Pulp And Paper Limited,,2026-08-07,SBPP
227,Best Finance Company Ltd.,,2026-08-07,BFC
228,Fleur Himalayan Limited,,2026-08-07,FHL
230,Shree Ram Sugar Mills Limited,,2026-08-07,SRS
232,Goodwill Finance Limited,,2026-08-07,GFCL
233,Nepal Bitumin And Barrel Udhyog Limited,,2026-08-07,NBBU
235,Himalayan Distillery Limited,,2026-08-07,HDL
236,Pokhara Finance Ltd.,,2026-08-07,PFL
238,NMB Bank Limited,,2026-08-07,NMB
244,Shree Investment Finance Co. Ltd.,,2026-08-07,SIFC
245,Central Finance Co. Ltd.,,2026-08-07,CFCL
250,Janaki Finance Company Limited,,2026-08-07,JFL
255,Prabhu  Bank Limited,,2026-08-07,PRVU
256,Samriddhi Finance Company Limited,,2026-08-07,SFCL
259,Capital Merchant Bank & Finance Co. Ltd.,,2026-08-07,CMB
263,Guheswori Merchant Banking & Finance Ltd.,,2026-08-07,GMFIL
268,Swabalamban Laghubitta Bittiya Sanstha Limited,,2026-08-07,SWBBL
273,ICFC Finance Limited,,2026-08-07,ICFC
274,Excel Development Bank Ltd.,,2026-08-07,EDBL
2742,Hydorelectricity Investment and Development Company Ltd,,2026-08-07,HIDCL
2743,Ngadi Group Power Ltd.,,2026-08-07,NGPL
2744,Green Development Bank Ltd.,,2026-08-07,GRDBL
2746,National  Laghubitta Bittiya Sanstha Limited,,2026-08-07,NMFBS
2748,RSDC Laghubitta Bittiya Sanstha Ltd.,,2026-08-07,RSDC
2751,Khanikhola Hydropower Co. Ltd.,,2026-08-07,KKHC
2754,Dibyashwori Hydropower Ltd.,,2026-08-07,DHPL
2757,Arun Kabeli Power Ltd.,,2026-08-07,AKPL
2758,Forward Microfinance Laghubitta Bittiya Sanstha Limited,,2026-08-07,FOWAD
2759,Synergy Power Development Ltd.,,2026-08-07,SPDL
2760,United Modi Hydropower Ltd.,,2026-08-07,UMHL
2761,Samata Gharelu Laghubitta Bittiya Sanstha Limited,,2026-08-07,SMATA
2766,Chhyangdi Hydropower Ltd.,,2026-08-07,CHL
2767,Himalayan Power Partner Ltd.,,2026-08-07,HPPL
2768,Mahuli Laghubitta Bittiya Sanstha Limited,,2026-08-07,MSLB
2769,Nepal Hydro Developers Ltd,,2026-08-07,NHDL
2770,Siddhartha Bank Limited,,2026-08-07,SEF
2771,Support Lagubitta Bittiya Sanstha Limited,,2026-08-07,SMB
2774,Unnati Sahakarya Laghubitta Bittiya Sanstha Limited,,2026-08-07,USLB
2776,Radhi Bidyut Company Ltd,,2026-08-07,RADHI
2781,Wean Nepal Laghubitta Bittiya Sanstha Limited,,2026-08-07,WNLB
2784,Nadep Laghubittiya bittya Sanstha Ltd.,,2026-08-07,NADEP
2786,Panchakanya Mai Hydropower Ltd,,2026-08-07,PMHPL
2787,Kalika power Company Ltd,,2026-08-07,KPCL
2788,Ankhu Khola Jalvidhyut Company Limited,,2026-08-07,AKJCL
2789,Joshi Hydropower Development Company Ltd,,2026-08-07,JOSHI
2790,Aarambha Chautari Laghubitta Bittya Sanstha Limited,,2026-08-07,ACLBSL
2792,Upper Tamakoshi Hydropower Ltd,,2026-08-07,UPPER
2804,Samudayik Laghubitta Bittiya Sanstha Limited,,2026-08-07,SLBSL
2806,Ghalemdi Hydro Limited,,2026-08-07,GHL
2807,Asha Laghubitta Bittiya Sanstha Ltd.,,2026-08-07,ALBSL
2809,Shivam Cements Limited,,2026-08-07,SHIVM
2810,Universal Power Company Limited,,2026-08-07,UPCL
2811,Mountain Hydro Nepal Limited,,2026-08-07,MHNL
2813,Panchthar Power Company Ltd,,2026-08-07,PPCL
2815,Ganapati Laghubitta Bittiya Sanstha Ltd,,2026-08-07,GMFBS
2824,Himalaya Urja Bikas Company Limited,,2026-08-07,HURJA
2825,NIC Asia Bank Ltd.,,2026-08-07,NICAD85/86
2826,Gurans Laghubitta Bittiya Sanstha Ltd,,2026-08-07,GLBSL
2828,Sanima Bank Limited,,2026-08-07,SAND2085
2829,Swabhumaan Laghubitta Bittiya Sanstha Ltd,,2026-08-07,SMFBS
2831,Union Hydropower Limited,,2026-08-07,UNHPL
2832,Infinity Laghubitta Bittiya Sastha Ltd,,2026-08-07,ILBS
2835,Nabil Bank Limited,,2026-08-07,NBF2
2841,Rasuwagadhi Hydropower Company Limited,,2026-08-07,RHPL
2842,SANJEN JALAVIDHYUT COMPANY LTD,,2026-08-07,SJCL
2850,NMB Bank Limited,,2026-08-07,NMBD2085
2854,Nepal Bangladesh Bank Limited,,2026-08-07,NBBD2085
2859,Siddhartha Bank Limited,,2026-08-07,SIGS2
2860,Saptakoshi Development bank Ltd,,2026-08-07,SAPDBL
2863,NIC ASIA Capital Ltd,,2026-08-07,NICBF
2864,Siddhartha Bank Limited,,2026-08-07,SBLD83
2866,Machhapuchhre Bank Limited,,2026-08-07,MBLD2085
2867,NMB Capital Ltd.,,2026-08-07,NMB50
2868,NIC Asia Bank Ltd.,,2026-08-07,NICD83/84
2873,Himalayan Bank Limited,,2026-08-07,HBLD83
2875,Prabhu  Bank Limited,,2026-08-07,PBLD86
2877,Laxmi Sunrise Bank Limited,,2026-08-07,SFMF
2878,Sunrise Bank Limited,,2026-08-07,SRBLD83
2879,Laxmi Sunrise Bank Limited,,2026-08-07,LBLD86
2880,Himal Dolakha Hydropower Com. Ltd.,,2026-08-07,HDHPC
2881,Nepal Reinsurance Company Limited,,2026-08-07,NRIC
2882,ICFC Finance Limited,,2026-08-07,ICFCD83
2883,Goodwill Finance Limited,,2026-08-07,GWFD83
2885,Kumari Bank Limited,,2026-08-07,KBLD86
2886,Agricultural Development Bank Limited,,2026-08-07,ADBLD83
2887,NIC ASIA Laghubitta Bittiya Sanstha Limited,,2026-08-07,NICLBSL
2889,Citizens Bank International Limited,,2026-08-07,CIZBD86
2890,Nepal SBI Bank Limited,,2026-08-07,SBIBD86
2892,Nabil Bank Limited,,2026-08-07,NBLD82
2896,Sampada Laghubitta Bittiya Sanstha Limited,,2026-08-07,SMPDA
2898,NRN Infrastructure and Development Limited,,2026-08-07,NRN
2902,Laxmi Capital Market Limited,,2026-08-07,LUK
2903,Liberty Energy Company Limited,,2026-08-07,LEC
2904,Prabhu  Bank Limited,,2026-08-07,PBLD84
2907,Shiva Shree Hydropower Limited,,2026-08-07,SSHL
2908,Sanima GIC Insurance Limited,,2026-08-07,SGIC
2912,Siddhartha Bank Limited,,2026-08-07,SBLD84
2913,Mountain Energy Nepal Limited,,2026-08-07,MEN
2914,United Idi Mardi & RB Hydropower Ltd,,2026-08-07,UMRH
2915,Prabhu Mahalaxmi Life Insurance Limited,,2026-08-07,PMLI
2917,Chandragiri Hills Limited,,2026-08-07,CGH
2919,Nepal Infrastructure Bank Limited,,2026-08-07,NIFRA
2922,Sanima Bank Limited,,2026-08-07,SBD87
2923,Sanima Bank Limited,,2026-08-07,SLCF
2924,Greenlife Hydropower Limited,,2026-08-07,GLH
2925,Mahila Laghubitta Bittiya Sanstha Ltd,,2026-08-07,MLBSL
2931,Nepal Investment Mega Bank Limited,,2026-08-07,NIBD84
2932,Manjushree Finance Ltd.,,2026-08-07,MFLD85
2933,Kumari Bank Limited,,2026-08-07,KEF
2934,Singati Hydro Energy Ltd,,2026-08-07,SHEL
2935,Ru Ru Jalbidhyut  Pariyojana Ltd.,,2026-08-07,RURU
2936,Nepal Credit And Commercial Bank Limited,,2026-08-07,NCCD86
2937,Sunrise Bank Limited,,2026-08-07,SBCF
307,Nepal Doorsanchar Company Limited,,2026-08-07,NTC
338,Progressive Finance Limited,,2026-08-07,PROFL
341,Global IME Bank Limited,,2026-08-07,GBIME
348,Citizens Bank International Limited,,2026-08-07,CZBIL
357,Prime Commercial Bank Ltd.,,2026-08-07,PCBL
358,Lumbini Bikas Bank Ltd.,,2026-08-07,LBBL
360,Arun Valley Hydropower Development Company Limited,,2026-08-07,AHPC
361,Crystal Finance Ltd.,,2026-08-07,CFL
371,Miteri Development Bank Limited,,2026-08-07,MDB
385,Asian Life Insurance Co Limited,,2026-08-07,ALICL
393,Himalayan Life Insurance Limited,,2026-08-07,HLI
3946,CEDB Hydropower Development Company Limited,,2026-08-07,CHDC
396,Nerude Mirmire Laghubitta Bittiya Sanstha Ltd.,,2026-08-07,NMLBBL
397,Agricultural Development Bank Limited,,2026-08-07,ADBL
401,Mahalaxmi Bikas Bank Ltd.,,2026-08-07,MLBL
403,SuryaJyoti Life Insurance Company Limited,,2026-08-07,SJLIC
417,Garima Bikas Bank Limited,,2026-08-07,GBBL
418,Jyoti Bikas Bank Limited,,2026-08-07,JBBL
428,Karnali Development Bank Limited,,2026-08-07,KRBL
441,Himalayan Finance Limited (Bittiya Sanstha),,2026-08-07,HFL
450,Corporate Development Bank Limited,,2026-08-07,CORBL
459,Kamana Sewa Bikas Bank Limited,,2026-08-07,KSBBL
471,Multipurpose Finance Company  Limited,,2026-08-07,MPFL
472,SHANGRI-LA DEVELOPMENT BANK LIMITED,,2026-08-07,SADBL
473,SHINE RESUNGA DEVELOPMENT BANK LTD,,2026-08-07,SHINE
474,Muktinath Bikas Bank Ltd.,,2026-08-07,MNBBL
490,First Micro Finance Laghubitta Bittiya Sanstha Limited,,2026-08-07,FMDBL
4947,Prabhu  Bank Limited,,2026-08-07,PSF
4948,Kamana Sewa Bikas Bank Limited,,2026-08-07,KSBBLD87
4949,Nepal Investment Mega Bank Limited,,2026-08-07,NIBSF2
4951,Jeevan Bikas Laghubitta Bittiya Sanstha Ltd,,2026-08-07,JBLB
4959,Nepal Bank Limited,,2026-08-07,NBLD87
4960,Agricultural Development Bank Limited,,2026-08-07,ADBLB
4961,Bank of Kathmandu Ltd.,,2026-08-07,BOKD86
4962,Prabhu  Bank Limited,,2026-08-07,PBLD87
4963,NMB Bank Limited,,2026-08-07,NMBD87/88
4964,NMB Bank Limited,,2026-08-07,NMBEB92/93
4967,NIC ASIA Capital Ltd,,2026-08-07,NICSF
4968,RBB Merchant Banking Limited,,2026-08-07,RMF1
4969,Muktinath Bikas Bank Ltd.,,2026-08-07,MND84/85
516,Manjushree Finance Ltd.,,2026-08-07,MFIL
517,Nepal Bank Limited,,2026-08-07,NBL
545,Swarojgar Laghubitta Bittiya Sanstha Ltd.,,2026-08-07,SLBBL
559,NLG Insurance Company Ltd.,,2026-08-07,NLG
561,Sindhu Bikash Bank Ltd,,2026-08-07,SINDU
574,Sana Kisan Bikas Laghubitta Bittiya Sanstha Limited,,2026-08-07,SKBBL
583,Grameen Bikas Laghubitta Bittiya Sanstha Ltd.,,2026-08-07,GBLBS
587,Reliance Finance Ltd.,,2026-08-07,RLFL
591,Sanima Mai Hydropower Limited,,2026-08-07,SHPC
593,Kalika Laghubitta Bittiya Sanstha Ltd,,2026-08-07,KMCDB
5982,Sanima Reliance Life Insurance Limited,,2026-08-07,SRLI
5984,Laxmi Sunrise Bank Limited,,2026-08-07,LBLD88
601,Mithila LaghuBitta Bittiya Sanstha Limited,,2026-08-07,MLBBL
610,Ridi Power Company Limited,,2026-08-07,RIDI
618,Laxmi Laghubitta Bittiya Sanstha Ltd.,,2026-08-07,LLBS
686,Barun Hydropower Co. Ltd.,,2026-08-07,BARUN
687,Vijaya laghubitta Bittiya Sanstha Ltd.,,2026-08-07,VLBS
693,Himalayan Laghubitta Bittiya Sanstha Limited,,2026-08-07,HLBSL
694,Matribhumi Lagubitta Bittiya Sanstha Limited,,2026-08-07,MATRI
695,Janautthan Samudayic Laghubitta Bittya Sanstha Limited,,2026-08-07,JSLBB
697,API POWER COMPANY LIMITED,,2026-08-07,API
6984,Prime Commercial Bank Ltd.,,2026-08-07,PBD85
6985,SHANGRI-LA DEVELOPMENT BANK LIMITED,,2026-08-07,SDBD87
704,NMB  Microfinance Bittiya Sanstha Ltd.,,2026-08-07,NMBMF
705,Global IME Laghubitta Bittiya Sanstha Ltd.,,2026-08-07,GILB
706,Suryodaya Womi Laghubitta Bittiya Sanstha Limited,,2026-08-07,SWMF
7985,Machhapuchhre Bank Limited,,2026-08-07,MBLD87
7986,NIC Asia Bank Ltd.,,2026-08-07,NICD88
8003,Rastriya Banijya Bank,,2026-08-07,RBBD83
8004,Global IME Bank Limited,,2026-08-07,GBILD86/87
8005,Mailung Khola Jal Vidhyut Company Limited,,2026-08-07,MKJC
8018,Manushi Laghubitta Bittiya Sanstha Limited,,2026-08-07,MLBS
8020,Jyoti Bikas Bank Limited,,2026-08-07,JBBD87
8021,Sahas Urja Limited,,2026-08-07,SAHAS
8022,Terhathum Power Company Limited,,2026-08-07,TPC
8023,Mega  Bank Nepal Ltd.,,2026-08-07,MMF1
8024,Nabil Bank Limited,,2026-08-07,NBF3
8025,Samling power company limited,,2026-08-07,SPC
8026,Nyadi hydropower limited,,2026-08-07,NYADI
8027,Nabil Bank Limited,,2026-08-07,NBLD85
8028,Agricultural Development Bank Limited,,2026-08-07,
8029,Agricultural Development Bank Limited,,2026-08-07,ADBLB86
8030,Agricultural Development Bank Limited,,2026-08-07,ADBLB87
8031,Madhya Bhotekoshi Jalavidyut Company Limited,,2026-08-07,MBJC
8032,Buddha bhumi nepal hydro power company limited,,2026-08-07,BNHC
8033,Garima Bikas Bank Limited,,2026-08-07,GBBD85
8034,Emerging nepal limited,,2026-08-07,ENL
8041,NESDO Sambridha Laghubitta Bittiya Sanstha Limited,,2026-08-07,NESDO
8043,Civil Bank Ltd,,2026-08-07,CBLD88
8044,Everest Bank Limited,,2026-08-07,EBLD86
8045,Green Ventures Limited,,2026-08-07,GVL
8055,Balephi Hydropower Limited,,2026-08-07,BHL
8063,Upakar Laghubitta Bittiya  Sanstha  Limited,,2026-08-07,ULBSL
8065,CYC Nepal laghubitta Bittiya Sanstha Limited,,2026-08-07,CYCL
8066,River Falls power Limited,,2026-08-07,RFPL
8068,Century Commercial Bank Ltd.,,2026-08-07,CCBD88
8070,Dordi Khola Jal Bidyut Company limited,,2026-08-07,DORDI
8073,NIC Asia Bank Ltd.,,2026-08-07,NICFC
8074,Kumari Bank Limited,,2026-08-07,KDBY
8075,Bindhyabasini Hydropower Development Company Limited,,2026-08-07,BHDC
8076,Himalayan Hydropower Limited,,2026-08-07,HHL
8097,Prime Commercial Bank Ltd.,,2026-08-07,PBD88
8098,Siddhartha Bank Limited,,2026-08-07,SBLD89
8099,Upper Hewakhola Hydropower company Limited,,2026-08-07,UHEWA
8100,Swet-Ganga Hydropower and Construction Limited,,2026-08-07,SGHC
8101,Agricultural Development Bank Limited,,2026-08-07,
8102,Mandakini Hydropower Limited,,2026-08-07,MHL
8104,Upper solu Electric company Limited,,2026-08-07,USHEC
8105,NMB Bank Limited,,2026-08-07,NMBUR93/94
8106,Global IME Balanced Fund-1,,2026-08-07,GIBF1
8107,Sanima Bank Limited,,2026-08-07,
8108,Rapti Hydro and General Construction Limited,,2026-08-07,RHGCL
8109,Sanima Bank Limited,,2026-08-07,SBD89
8110,Nepal SBI Bank Limited,,2026-08-07,SBID83
8116,Prime Commercial Bank Ltd.,,2026-08-07,PBD84
8117,Aviyan laghubittya bittiya sanstha limited,,2026-08-07,AVYAN
8118,Everest Bank Limited,,2026-08-07,
8119,Everest Bank Limited,,2026-08-07,EBLD85
8121,Sayapatri Hydropower Limited,,2026-08-07,SPHL
8122,Peoples Power Limited,,2026-08-07,PPL
8123,Dhaulagiri laghubitta Sanstha Limited,,2026-08-07,DLBS
8125,NMB Capital Ltd.,,2026-08-07,NSIF2
8126,Sikles Hydropower Limited,,2026-08-07,SIKLES
8127,Kumari Bank Limited,,2026-08-07,KBLD89
8131,Eastern Hydropower Limited,,2026-08-07,EHPL
8132,Shrijanshil Laghubitta Baittiya sanstha Limited,,2026-08-07,SHLB
8133,Peoples Hydropower Company Limited,,2026-08-07,PHCL
9135,Barahi Hydropower Public Limited,,2026-08-07,BHPL
9136,Bank of Kathmandu Ltd.,,2026-08-07,BOKD86KA
9137,Himalayan Bank Limited,,2026-08-07,HBLD86
9138,NIBL Growth Fund,,2026-08-07,NIBLGF
9139,Sanima Growth Fund,,2026-08-07,SAGF
9140,Unique Nepal Laghubitta Bittiya Sanstha Limited,,2026-08-07,UNLB
9141,Nepal Infrastructure Bank Limited,,2026-08-07,NIFRAUR85/86
9146,Super Madi Hydropower Limited,,2026-08-07,SMHL
9147,SHUVAM POWER LIMITED,,2026-08-07,SPL
9148,Supermai Hydropower Limited,,2026-08-07,SMH
9149,Maya Khola Hydropower Company Limited,,2026-08-07,MKHC
9150,Asian Hydropower Limited,,2026-08-07,AHL
9151,KALINCHOWK DARSHAN LIMITED ,,2026-08-07,KDL
9152,Everest Bank Limited,,2026-08-07,EBLEB89
9154,Sunrise Capital Limited,,2026-08-07,SFEF
9156,Sanima Middle Tamor Hydropower Limited,,2026-08-07,TAMOR
9158,Molung Hydropower Company Limited,,2026-08-07,MHCL
9159,Sagarmatha Jalabidhyut Company Limited,,2026-08-07,SMJC
9161,Aatmanirbhar Laghubitta Bittitya Sanstha Limited,,2026-08-07,ANLB
9166,Makar Jitumaya Suri Hydropower Ltd ,,2026-08-07,MAKAR
9167,MaiKhola Hydropower Limited,,2026-08-07,MKHL
9168,Global IME Bank Limited,,2026-08-07,GBILD84/85
9170,Dolti Power Company Ltd.,,2026-08-07,DOLTI
9171,Bhugol Energy Development Company Ltd,,2026-08-07,BEDC
9173,CITY HOTEL LIMITED ,,2026-08-07,CITY
9174,Prabhu Capital Limited,,2026-08-07,PRSF
9175,Menchhiyam Hydro Power Ltd,,2026-08-07,MCHL
9176,Ingwa Hydropower Limited,,2026-08-07,IHL
9177,Standard Chartered Bank  Nepal Limited,,2026-08-07,SCBD
9178,RBB Merchant Banking Limited,,2026-08-07,RMF2
9179,Modi Energy Limited,,2026-08-07,MEL
9180,NMB Bank Limited,,2026-08-07,NMBD89/90
9181,Rawa Energy Development Ltd.,,2026-08-07,RAWA
9182,Siddhartha Bank Limited,,2026-08-07,SIGS3
9183,Nepal Republic Media Ltd,,2026-08-07,NRM
9184,I.M.E. Life Insurance company Limited ,,2026-08-07,ILI
9191,Citizens Bank International Limited,,2026-08-07,C30MF
9192, Upper Syange Hydropower Limited,,2026-08-07,USHL
9193,Ghorahi Cement Industry Limited,,2026-08-07,GCIL
9194,Three Star Hydropower Ltd,,2026-08-07,TSHL
9195,Mahalaxmi Bikas Bank Ltd.,,2026-08-07,MLBLD89
9196,Kutheli Bukhari Small Hydropower Ltd,,2026-08-07,KBSH
9197,Lumbini Bikas Bank Ltd.,,2026-08-07,LBBLD89
9198,Laxmi Sunrise Bank Limited,,2026-08-07,LVF2
9199,Reliable Nepal Life Insurance Ltd,,2026-08-07,RNLI
9201,Sun Nepal Life Insurance Company Limited,,2026-08-07,SNLI
9203,Manakamana Engineering Hydropower Limited,,2026-08-07,MEHL
9208,Upper Lohore Khola Hydropower Company Limited,,2026-08-07,ULHC
9209,Citizen Life Insurance Company Limited,,2026-08-07,CLI
9211,Nepal SBI Bank Limited,,2026-08-07,SBID89
9212,Mandu Hydropower Limited,,2026-08-07,MANDU
9213,HATHWAY INVESTMENT NEPAL LIMITED,,2026-08-07,HATHY
9214,Bhagawati Hyropower Development Company Ltd.,,2026-08-07,BGWT
9215,Mid solu Hydropower Limited,,2026-08-07,MSHL
9216,Sonapur Minerals And Oil Limited,,2026-08-07,SONA
9217,Mathillo Mailun Khola Jalvidhyut Ltd.,,2026-08-07,MMKJL
9218,Trishuli Jal Vidhyut Company Limited ,,2026-08-07,TVCL
9220,Kumari Bank Limited,,2026-08-07,KBLD90
9221,Himalayan Bank Limited,,2026-08-07,H8020
9225,Vision Lumbini Urja Company Limited,,2026-08-07,VLUCL
9230,Muktinath Krishi Company Limited,,2026-08-07,MKCL
9231,Citizens Bank International Limited,,2026-08-07,CIZBD90
9232,Chirkhwa Hydropower Limited,,2026-08-07,CKHL
9233,Nepal Warehousing Company Limited,,2026-08-07,NWCL
9234,Himalayan Reinsurance Limited,,2026-08-07,HRL
9236,NIC Asia Bank Ltd.,,2026-08-07,NICGF2
9238,Nabil Bank Limited,,2026-08-07,NABILD87
9241,Kumari Bank Limited,,2026-08-07,KSY
9242,Sarbottam Cement Limited,,2026-08-07,SARBTM
9243,Nepal Investment Mega Bank Limited,,2026-08-07,NIMBD90
9244,Nepal Investment Mega Bank Limited,,2026-08-07,NIBLSTF
9245,Muktinath Bikas Bank Ltd.,,2026-08-07,MNMF1
9246,GUARDIAN MICRO LIFE INSURANCE LIMITED,,2026-08-07,GMLI
9248,Garima Bikas Bank Limited,,2026-08-07,GSY
9249,ICFC Finance Limited,,2026-08-07,ICFCD88
9250,Nepal Micro Insurance Company Limited,,2026-08-07,NMIC
9252,Crest Micro Life Insurance Limited,,2026-08-07,CREST
9254,NMB Bank Limited,,2026-08-07,NMBHF2
9255,Everest Bank Limited,,2026-08-07,EBLD91
9256,Om Megashree Pharmaceuticals Limited,,2026-08-07,OMPL
9257,Machhapuchhre Bank Limited,,2026-08-07,MBLEF
9258,Pure Energy Limited,,2026-08-07,PURE
9259,Reliable Nepal Life Insurance Ltd,,2026-08-07,RSY
9260,Nepal Infrastructure Bank Limited,,2026-08-07,
9261,Nepal Infrastructure Bank Limited,,2026-08-07,NIFRAGED
9262,Trade Tower Limited,,2026-08-07,TTL
9263,Sanvi Energy Limited,,2026-08-07,SANVI
9264,Rastriya Banijya Bank,,2026-08-07,RBBD2088
9265,NIC Asia Bank Ltd.,,2026-08-07,
9266,NIC Asia Bank Ltd.,,2026-08-07,NICAD2091
9267,Bikash Hydropower Company Ltd,,2026-08-07,BHCL
9268,Global IME Bank Limited,,2026-08-07,
9269,Global IME Bank Limited,,2026-08-07,GBIMESY2
9270,Himstar Urja Company Ltd.,,2026-08-07,HIMSTAR
9271,Siddhartha Bank Limited,,2026-08-07,SBLD2091
9286,SHINE RESUNGA DEVELOPMENT BANK LTD,,2026-08-07,SHINED
9287,Mabilung Energy Limited,,2026-08-07,MABEL
9288,Nepal SBI Bank Limited,,2026-08-07,
9289,Nepal SBI Bank Limited,,2026-08-07,SBID2090
9290,Himalayan Life Insurance Limited,,2026-08-07,HLICF
9293,Daramkhola hydro Energy Ltd.,,2026-08-07,DHEL
9294,Sagar Distillery Limited,,2026-08-07,SAGAR
9295,SWASTIK LAGHUBITTA BITTIYA SANSTHA LTD.,,2026-08-07,SWASTIK
9296,Bungal Hydro Limited,,2026-08-07,BUNGAL
9297,Bandipur Cable Car and Tourism Limited,,2026-08-07,BANDIPUR
9299,Nabil Bank Limited,,2026-08-07,NABILD2089
9300,Jhapa Energy Limited,,2026-08-07,JHAPA
9301,SHREENAGAR AGRITECH INDUSTRIES LIMITED,,2026-08-07,SAIL
9302,RBB Merchant Banking Limited,,2026-08-07,RBBF40
9303,SY PANEL NEPAL LIMITED,,2026-08-07,SYPNL
9304,Citizens Bank International Limited,,2026-08-07,CSY
9305,Salapa Bikas Bank Limited,,2026-08-07,SABBL
9306,Reliance Spinning Mills Limited,,2026-08-07,RSML
9308,Hotel Forest Inn Limited,,2026-08-07,HFIN
9311,Solu Hydropower Limited,,2026-08-07,SOHL
9312,NEPAL LIFE INSURANCE COMPANY LIMITED,,2026-08-07,NSY
9322,Bhujung Hydropower Limited,,2026-08-07,BJHL
9323,Super Khudi Hydropower Ltd.,,2026-08-07,SKHL
9324,RIDGE LINE ENERGY LIMITED,,2026-08-07,RLEL
9325,Suryakunda Hydro Electric Limited,,2026-08-07,SKHEL
9326,Nabil Bank Limited,,2026-08-07,NABILPNP
9327,ICFC Finance Limited,,2026-08-07,ICFCD89
9328,Kamana Sewa Bikas Bank Limited,,2026-08-07,KSBBLPNP
9329,Shikhar Power Development Ltd.,,2026-08-07,SIPD
9330,Palpa Cement Industries Limited,,2026-08-07,PCIL
9331,Siddhartha Bank Limited,,2026-08-07,SBLPNP
9332,NMB Bank Limited,,2026-08-07,NMBPNP
9333,Sanima Bank Limited,,2026-08-07,SANIMAPNP
9334,Kalinchock Hydropower Limited,,2026-08-07,KHPL
9335,Machhapuchhre Bank Limited,,2026-08-07,MBLPNP
9336,Sopan Pharmaceuticals Limited,,2026-08-07,SOPL
9337,Appolo Hydropower Limited,,2026-08-07,APHL
9342,Yambaling Hydropower Ltd.,,2026-08-07,YMHL
9343,Taksar Pikhuwa Khola Hydropower Ltd.,,2026-08-07,TPKHL
9344,Snow Rivers Limited,,2026-08-07,SNORL
9345,Sanigad Hydro Limited,,2026-08-07,SGHL
9346,Kalanga Hydro Limited,,2026-08-07,KAHL
9347,Everest Colour Ltd.,,2026-08-07,ECL
9348,Siddhartha Bank Limited,,2026-08-07,SEF2
9349,Sanima Bank Limited,,2026-08-07,SAEF2
9350,Laxmi Sunrise Bank Limited,,2026-08-07,LSH12
9351,Reliable Nepal Life Insurance Ltd,,2026-08-07,
131,Nabil Bank Limited,,2026-08-08,NABIL
132,Nepal Investment Mega Bank Limited,,2026-08-08,NIMB
133,Standard Chartered Bank  Nepal Limited,,2026-08-08,SCB
134,Himalayan Bank Limited,,2026-08-08,HBL
135,Nepal SBI Bank Limited,,2026-08-08,SBI
137,Everest Bank Limited,,2026-08-08,EBL
139,NIC Asia Bank Ltd.,,2026-08-08,NICA
140,Machhapuchhre Bank Limited,,2026-08-08,MBL
141,Laxmi Sunrise Bank Limited,,2026-08-08,LSL
142,Kumari Bank Limited,,2026-08-08,KBL
145,Siddhartha Bank Limited,,2026-08-08,SBL
146,Yak And Yeti Hotel Limited,,2026-08-08,YHL
147,Soaltee Hotel Limited,,2026-08-08,SHL
148,Taragaon Regency Hotel Limited,,2026-08-08,TRH
149,Oriental Hotels Limited,,2026-08-08,OHL
151,Nepal Film Development Company Limited,,2026-08-08,NFD
152,National Hydro Power Company Limited,,2026-08-08,NHPC
153,Butwal Power Company Limited,,2026-08-08,BPCL
154,Chilime Hydropower Company Limited,,2026-08-08,CHCL
155,Salt Trading Corporation,,2026-08-08,STC
156,Bishal Bazar Company Limited,,2026-08-08,BBC
158,Nepal Tading Limited,,2026-08-08,NTL
159,Nepal Welfare Company Limited,,2026-08-08,NWC
163,Nirdhan Utthan Laghubitta Bittiya Sanstha Limited,,2026-08-08,NUBL
164,Chhimek Laghubitta Bittiya Sanstha Limited,,2026-08-08,CBBL
166,Deprosc Laghubitta Bittiya Sanstha Limited,,2026-08-08,DDBL
171,Sanima Bank Limited,,2026-08-08,SANIMA
172,Narayani Development Bank Limited,,2026-08-08,NABBC
1741,Meromicrofinance Laghubitta Bittiya Sanstha Ltd.,,2026-08-08,MERO
176,Nepal Insurance Co. Ltd.,,2026-08-08,NICL
177,Rastriya Beema Company Limited,,2026-08-08,RBCL
178,National Life Insurance Co. Ltd.,,2026-08-08,NLICL
179,Himalayan Everest Insurance Limited,,2026-08-08,HEI
180,United Ajod Insurance Limited,,2026-08-08,UAIL
182,Siddhartha Premier Insurance Limited,,2026-08-08,SPIL
183,Neco Insurance Limited,,2026-08-08,NIL
184,Prabhu Insurance Limited,,2026-08-08,PRIN
185,Sagarmatha Lumbini Insurance Co. Limited,,2026-08-08,SALICO
186,IGI Prudential Insurance Limited,,2026-08-08,IGI
187,NEPAL LIFE INSURANCE COMPANY LIMITED,,2026-08-08,NLIC
188,Life Insurance Corporation (Nepal) Limited,,2026-08-08,LICN
192,Shikhar Insurance Co. Ltd.,,2026-08-08,SICL
194,Nepal Finance Ltd.,,2026-08-08,NFS
195,Bottlers Nepal (Balaju) Limited,,2026-08-08,BNL
198,Nepal Lube Oil Limited,,2026-08-08,NLO
200,Nepal Share Markets Ltd.,,2026-08-08,NSM
201,Nepal Vanaspati Ghee Udhyog Limited,,2026-08-08,NVG
203,Raghupati Jute Mills Limited,,2026-08-08,RJM
204,Gurkhas Finance Ltd.,,2026-08-08,GUFL
205,Butwal Spinning Mills Limited,,2026-08-08,BSM
207,Gorakhkali Rubber Udhyog Limited,,2026-08-08,GRU
209,Jyoti Sinning Mills Limited,,2026-08-08,JSM
210,Citizen Investment Trust,,2026-08-08,CIT
211,Arun Vanaspati Udhyog Limited,,2026-08-08,AVU
213,Bottlers Nepal (Terai) Limited,,2026-08-08,BNT
215,Harisiddhi Brick And Tiles Limited,,2026-08-08,HBT
217,Birat Shoe Limited,,2026-08-08,BSL
219,Unilever Nepal Limited,,2026-08-08,UNL
221,Samjhana Finance Co. Ltd.,,2026-08-08,SFC
222,Nepal Khadya Udhyog Limited,,2026-08-08,NKU
226,Shree Bhrikuti Pulp And Paper Limited,,2026-08-08,SBPP
227,Best Finance Company Ltd.,,2026-08-08,BFC
228,Fleur Himalayan Limited,,2026-08-08,FHL
230,Shree Ram Sugar Mills Limited,,2026-08-08,SRS
232,Goodwill Finance Limited,,2026-08-08,GFCL
233,Nepal Bitumin And Barrel Udhyog Limited,,2026-08-08,NBBU
235,Himalayan Distillery Limited,,2026-08-08,HDL
236,Pokhara Finance Ltd.,,2026-08-08,PFL
238,NMB Bank Limited,,2026-08-08,NMB
244,Shree Investment Finance Co. Ltd.,,2026-08-08,SIFC
245,Central Finance Co. Ltd.,,2026-08-08,CFCL
250,Janaki Finance Company Limited,,2026-08-08,JFL
255,Prabhu  Bank Limited,,2026-08-08,PRVU
256,Samriddhi Finance Company Limited,,2026-08-08,SFCL
259,Capital Merchant Bank & Finance Co. Ltd.,,2026-08-08,CMB
263,Guheswori Merchant Banking & Finance Ltd.,,2026-08-08,GMFIL
268,Swabalamban Laghubitta Bittiya Sanstha Limited,,2026-08-08,SWBBL
273,ICFC Finance Limited,,2026-08-08,ICFC
274,Excel Development Bank Ltd.,,2026-08-08,EDBL
2742,Hydorelectricity Investment and Development Company Ltd,,2026-08-08,HIDCL
2743,Ngadi Group Power Ltd.,,2026-08-08,NGPL
2744,Green Development Bank Ltd.,,2026-08-08,GRDBL
2746,National  Laghubitta Bittiya Sanstha Limited,,2026-08-08,NMFBS
2748,RSDC Laghubitta Bittiya Sanstha Ltd.,,2026-08-08,RSDC
2751,Khanikhola Hydropower Co. Ltd.,,2026-08-08,KKHC
2754,Dibyashwori Hydropower Ltd.,,2026-08-08,DHPL
2757,Arun Kabeli Power Ltd.,,2026-08-08,AKPL
2758,Forward Microfinance Laghubitta Bittiya Sanstha Limited,,2026-08-08,FOWAD
2759,Synergy Power Development Ltd.,,2026-08-08,SPDL
2760,United Modi Hydropower Ltd.,,2026-08-08,UMHL
2761,Samata Gharelu Laghubitta Bittiya Sanstha Limited,,2026-08-08,SMATA
2766,Chhyangdi Hydropower Ltd.,,2026-08-08,CHL
2767,Himalayan Power Partner Ltd.,,2026-08-08,HPPL
2768,Mahuli Laghubitta Bittiya Sanstha Limited,,2026-08-08,MSLB
2769,Nepal Hydro Developers Ltd,,2026-08-08,NHDL
2770,Siddhartha Bank Limited,,2026-08-08,SEF
2771,Support Lagubitta Bittiya Sanstha Limited,,2026-08-08,SMB
2774,Unnati Sahakarya Laghubitta Bittiya Sanstha Limited,,2026-08-08,USLB
2776,Radhi Bidyut Company Ltd,,2026-08-08,RADHI
2781,Wean Nepal Laghubitta Bittiya Sanstha Limited,,2026-08-08,WNLB
2784,Nadep Laghubittiya bittya Sanstha Ltd.,,2026-08-08,NADEP
2786,Panchakanya Mai Hydropower Ltd,,2026-08-08,PMHPL
2787,Kalika power Company Ltd,,2026-08-08,KPCL
2788,Ankhu Khola Jalvidhyut Company Limited,,2026-08-08,AKJCL
2789,Joshi Hydropower Development Company Ltd,,2026-08-08,JOSHI
2790,Aarambha Chautari Laghubitta Bittya Sanstha Limited,,2026-08-08,ACLBSL
2792,Upper Tamakoshi Hydropower Ltd,,2026-08-08,UPPER
2804,Samudayik Laghubitta Bittiya Sanstha Limited,,2026-08-08,SLBSL
2806,Ghalemdi Hydro Limited,,2026-08-08,GHL
2807,Asha Laghubitta Bittiya Sanstha Ltd.,,2026-08-08,ALBSL
2809,Shivam Cements Limited,,2026-08-08,SHIVM
2810,Universal Power Company Limited,,2026-08-08,UPCL
2811,Mountain Hydro Nepal Limited,,2026-08-08,MHNL
2813,Panchthar Power Company Ltd,,2026-08-08,PPCL
2815,Ganapati Laghubitta Bittiya Sanstha Ltd,,2026-08-08,GMFBS
2824,Himalaya Urja Bikas Company Limited,,2026-08-08,HURJA
2825,NIC Asia Bank Ltd.,,2026-08-08,NICAD85/86
2826,Gurans Laghubitta Bittiya Sanstha Ltd,,2026-08-08,GLBSL
2828,Sanima Bank Limited,,2026-08-08,SAND2085
2829,Swabhumaan Laghubitta Bittiya Sanstha Ltd,,2026-08-08,SMFBS
2831,Union Hydropower Limited,,2026-08-08,UNHPL
2832,Infinity Laghubitta Bittiya Sastha Ltd,,2026-08-08,ILBS
2835,Nabil Bank Limited,,2026-08-08,NBF2
2841,Rasuwagadhi Hydropower Company Limited,,2026-08-08,RHPL
2842,SANJEN JALAVIDHYUT COMPANY LTD,,2026-08-08,SJCL
2850,NMB Bank Limited,,2026-08-08,NMBD2085
2854,Nepal Bangladesh Bank Limited,,2026-08-08,NBBD2085
2859,Siddhartha Bank Limited,,2026-08-08,SIGS2
2860,Saptakoshi Development bank Ltd,,2026-08-08,SAPDBL
2863,NIC ASIA Capital Ltd,,2026-08-08,NICBF
2864,Siddhartha Bank Limited,,2026-08-08,SBLD83
2866,Machhapuchhre Bank Limited,,2026-08-08,MBLD2085
2867,NMB Capital Ltd.,,2026-08-08,NMB50
2868,NIC Asia Bank Ltd.,,2026-08-08,NICD83/84
2873,Himalayan Bank Limited,,2026-08-08,HBLD83
2875,Prabhu  Bank Limited,,2026-08-08,PBLD86
2877,Laxmi Sunrise Bank Limited,,2026-08-08,SFMF
2878,Sunrise Bank Limited,,2026-08-08,SRBLD83
2879,Laxmi Sunrise Bank Limited,,2026-08-08,LBLD86
2880,Himal Dolakha Hydropower Com. Ltd.,,2026-08-08,HDHPC
2881,Nepal Reinsurance Company Limited,,2026-08-08,NRIC
2882,ICFC Finance Limited,,2026-08-08,ICFCD83
2883,Goodwill Finance Limited,,2026-08-08,GWFD83
2885,Kumari Bank Limited,,2026-08-08,KBLD86
2886,Agricultural Development Bank Limited,,2026-08-08,ADBLD83
2887,NIC ASIA Laghubitta Bittiya Sanstha Limited,,2026-08-08,NICLBSL
2889,Citizens Bank International Limited,,2026-08-08,CIZBD86
2890,Nepal SBI Bank Limited,,2026-08-08,SBIBD86
2892,Nabil Bank Limited,,2026-08-08,NBLD82
2896,Sampada Laghubitta Bittiya Sanstha Limited,,2026-08-08,SMPDA
2898,NRN Infrastructure and Development Limited,,2026-08-08,NRN
2902,Laxmi Capital Market Limited,,2026-08-08,LUK
2903,Liberty Energy Company Limited,,2026-08-08,LEC
2904,Prabhu  Bank Limited,,2026-08-08,PBLD84
2907,Shiva Shree Hydropower Limited,,2026-08-08,SSHL
2908,Sanima GIC Insurance Limited,,2026-08-08,SGIC
2912,Siddhartha Bank Limited,,2026-08-08,SBLD84
2913,Mountain Energy Nepal Limited,,2026-08-08,MEN
2914,United Idi Mardi & RB Hydropower Ltd,,2026-08-08,UMRH
2915,Prabhu Mahalaxmi Life Insurance Limited,,2026-08-08,PMLI
2917,Chandragiri Hills Limited,,2026-08-08,CGH
2919,Nepal Infrastructure Bank Limited,,2026-08-08,NIFRA
2922,Sanima Bank Limited,,2026-08-08,SBD87
2923,Sanima Bank Limited,,2026-08-08,SLCF
2924,Greenlife Hydropower Limited,,2026-08-08,GLH
2925,Mahila Laghubitta Bittiya Sanstha Ltd,,2026-08-08,MLBSL
2931,Nepal Investment Mega Bank Limited,,2026-08-08,NIBD84
2932,Manjushree Finance Ltd.,,2026-08-08,MFLD85
2933,Kumari Bank Limited,,2026-08-08,KEF
2934,Singati Hydro Energy Ltd,,2026-08-08,SHEL
2935,Ru Ru Jalbidhyut  Pariyojana Ltd.,,2026-08-08,RURU
2936,Nepal Credit And Commercial Bank Limited,,2026-08-08,NCCD86
2937,Sunrise Bank Limited,,2026-08-08,SBCF
307,Nepal Doorsanchar Company Limited,,2026-08-08,NTC
338,Progressive Finance Limited,,2026-08-08,PROFL
341,Global IME Bank Limited,,2026-08-08,GBIME
348,Citizens Bank International Limited,,2026-08-08,CZBIL
357,Prime Commercial Bank Ltd.,,2026-08-08,PCBL
358,Lumbini Bikas Bank Ltd.,,2026-08-08,LBBL
360,Arun Valley Hydropower Development Company Limited,,2026-08-08,AHPC
361,Crystal Finance Ltd.,,2026-08-08,CFL
371,Miteri Development Bank Limited,,2026-08-08,MDB
385,Asian Life Insurance Co Limited,,2026-08-08,ALICL
393,Himalayan Life Insurance Limited,,2026-08-08,HLI
3946,CEDB Hydropower Development Company Limited,,2026-08-08,CHDC
396,Nerude Mirmire Laghubitta Bittiya Sanstha Ltd.,,2026-08-08,NMLBBL
397,Agricultural Development Bank Limited,,2026-08-08,ADBL
401,Mahalaxmi Bikas Bank Ltd.,,2026-08-08,MLBL
403,SuryaJyoti Life Insurance Company Limited,,2026-08-08,SJLIC
417,Garima Bikas Bank Limited,,2026-08-08,GBBL
418,Jyoti Bikas Bank Limited,,2026-08-08,JBBL
428,Karnali Development Bank Limited,,2026-08-08,KRBL
441,Himalayan Finance Limited (Bittiya Sanstha),,2026-08-08,HFL
450,Corporate Development Bank Limited,,2026-08-08,CORBL
459,Kamana Sewa Bikas Bank Limited,,2026-08-08,KSBBL
471,Multipurpose Finance Company  Limited,,2026-08-08,MPFL
472,SHANGRI-LA DEVELOPMENT BANK LIMITED,,2026-08-08,SADBL
473,SHINE RESUNGA DEVELOPMENT BANK LTD,,2026-08-08,SHINE
474,Muktinath Bikas Bank Ltd.,,2026-08-08,MNBBL
490,First Micro Finance Laghubitta Bittiya Sanstha Limited,,2026-08-08,FMDBL
4947,Prabhu  Bank Limited,,2026-08-08,PSF
4948,Kamana Sewa Bikas Bank Limited,,2026-08-08,KSBBLD87
4949,Nepal Investment Mega Bank Limited,,2026-08-08,NIBSF2
4951,Jeevan Bikas Laghubitta Bittiya Sanstha Ltd,,2026-08-08,JBLB
4959,Nepal Bank Limited,,2026-08-08,NBLD87
4960,Agricultural Development Bank Limited,,2026-08-08,ADBLB
4961,Bank of Kathmandu Ltd.,,2026-08-08,BOKD86
4962,Prabhu  Bank Limited,,2026-08-08,PBLD87
4963,NMB Bank Limited,,2026-08-08,NMBD87/88
4964,NMB Bank Limited,,2026-08-08,NMBEB92/93
4967,NIC ASIA Capital Ltd,,2026-08-08,NICSF
4968,RBB Merchant Banking Limited,,2026-08-08,RMF1
4969,Muktinath Bikas Bank Ltd.,,2026-08-08,MND84/85
516,Manjushree Finance Ltd.,,2026-08-08,MFIL
517,Nepal Bank Limited,,2026-08-08,NBL
545,Swarojgar Laghubitta Bittiya Sanstha Ltd.,,2026-08-08,SLBBL
559,NLG Insurance Company Ltd.,,2026-08-08,NLG
561,Sindhu Bikash Bank Ltd,,2026-08-08,SINDU
574,Sana Kisan Bikas Laghubitta Bittiya Sanstha Limited,,2026-08-08,SKBBL
583,Grameen Bikas Laghubitta Bittiya Sanstha Ltd.,,2026-08-08,GBLBS
587,Reliance Finance Ltd.,,2026-08-08,RLFL
591,Sanima Mai Hydropower Limited,,2026-08-08,SHPC
593,Kalika Laghubitta Bittiya Sanstha Ltd,,2026-08-08,KMCDB
5982,Sanima Reliance Life Insurance Limited,,2026-08-08,SRLI
5984,Laxmi Sunrise Bank Limited,,2026-08-08,LBLD88
601,Mithila LaghuBitta Bittiya Sanstha Limited,,2026-08-08,MLBBL
610,Ridi Power Company Limited,,2026-08-08,RIDI
618,Laxmi Laghubitta Bittiya Sanstha Ltd.,,2026-08-08,LLBS
686,Barun Hydropower Co. Ltd.,,2026-08-08,BARUN
687,Vijaya laghubitta Bittiya Sanstha Ltd.,,2026-08-08,VLBS
693,Himalayan Laghubitta Bittiya Sanstha Limited,,2026-08-08,HLBSL
694,Matribhumi Lagubitta Bittiya Sanstha Limited,,2026-08-08,MATRI
695,Janautthan Samudayic Laghubitta Bittya Sanstha Limited,,2026-08-08,JSLBB
697,API POWER COMPANY LIMITED,,2026-08-08,API
6984,Prime Commercial Bank Ltd.,,2026-08-08,PBD85
6985,SHANGRI-LA DEVELOPMENT BANK LIMITED,,2026-08-08,SDBD87
704,NMB  Microfinance Bittiya Sanstha Ltd.,,2026-08-08,NMBMF
705,Global IME Laghubitta Bittiya Sanstha Ltd.,,2026-08-08,GILB
706,Suryodaya Womi Laghubitta Bittiya Sanstha Limited,,2026-08-08,SWMF
7985,Machhapuchhre Bank Limited,,2026-08-08,MBLD87
7986,NIC Asia Bank Ltd.,,2026-08-08,NICD88
8003,Rastriya Banijya Bank,,2026-08-08,RBBD83
8004,Global IME Bank Limited,,2026-08-08,GBILD86/87
8005,Mailung Khola Jal Vidhyut Company Limited,,2026-08-08,MKJC
8018,Manushi Laghubitta Bittiya Sanstha Limited,,2026-08-08,MLBS
8020,Jyoti Bikas Bank Limited,,2026-08-08,JBBD87
8021,Sahas Urja Limited,,2026-08-08,SAHAS
8022,Terhathum Power Company Limited,,2026-08-08,TPC
8023,Mega  Bank Nepal Ltd.,,2026-08-08,MMF1
8024,Nabil Bank Limited,,2026-08-08,NBF3
8025,Samling power company limited,,2026-08-08,SPC
8026,Nyadi hydropower limited,,2026-08-08,NYADI
8027,Nabil Bank Limited,,2026-08-08,NBLD85
8028,Agricultural Development Bank Limited,,2026-08-08,
8029,Agricultural Development Bank Limited,,2026-08-08,ADBLB86
8030,Agricultural Development Bank Limited,,2026-08-08,ADBLB87
8031,Madhya Bhotekoshi Jalavidyut Company Limited,,2026-08-08,MBJC
8032,Buddha bhumi nepal hydro power company limited,,2026-08-08,BNHC
8033,Garima Bikas Bank Limited,,2026-08-08,GBBD85
8034,Emerging nepal limited,,2026-08-08,ENL
8041,NESDO Sambridha Laghubitta Bittiya Sanstha Limited,,2026-08-08,NESDO
8043,Civil Bank Ltd,,2026-08-08,CBLD88
8044,Everest Bank Limited,,2026-08-08,EBLD86
8045,Green Ventures Limited,,2026-08-08,GVL
8055,Balephi Hydropower Limited,,2026-08-08,BHL
8063,Upakar Laghubitta Bittiya  Sanstha  Limited,,2026-08-08,ULBSL
8065,CYC Nepal laghubitta Bittiya Sanstha Limited,,2026-08-08,CYCL
8066,River Falls power Limited,,2026-08-08,RFPL
8068,Century Commercial Bank Ltd.,,2026-08-08,CCBD88
8070,Dordi Khola Jal Bidyut Company limited,,2026-08-08,DORDI
8073,NIC Asia Bank Ltd.,,2026-08-08,NICFC
8074,Kumari Bank Limited,,2026-08-08,KDBY
8075,Bindhyabasini Hydropower Development Company Limited,,2026-08-08,BHDC
8076,Himalayan Hydropower Limited,,2026-08-08,HHL
8097,Prime Commercial Bank Ltd.,,2026-08-08,PBD88
8098,Siddhartha Bank Limited,,2026-08-08,SBLD89
8099,Upper Hewakhola Hydropower company Limited,,2026-08-08,UHEWA
8100,Swet-Ganga Hydropower and Construction Limited,,2026-08-08,SGHC
8101,Agricultural Development Bank Limited,,2026-08-08,
8102,Mandakini Hydropower Limited,,2026-08-08,MHL
8104,Upper solu Electric company Limited,,2026-08-08,USHEC
8105,NMB Bank Limited,,2026-08-08,NMBUR93/94
8106,Global IME Balanced Fund-1,,2026-08-08,GIBF1
8107,Sanima Bank Limited,,2026-08-08,
8108,Rapti Hydro and General Construction Limited,,2026-08-08,RHGCL
8109,Sanima Bank Limited,,2026-08-08,SBD89
8110,Nepal SBI Bank Limited,,2026-08-08,SBID83
8116,Prime Commercial Bank Ltd.,,2026-08-08,PBD84
8117,Aviyan laghubittya bittiya sanstha limited,,2026-08-08,AVYAN
8118,Everest Bank Limited,,2026-08-08,
8119,Everest Bank Limited,,2026-08-08,EBLD85
8121,Sayapatri Hydropower Limited,,2026-08-08,SPHL
8122,Peoples Power Limited,,2026-08-08,PPL
8123,Dhaulagiri laghubitta Sanstha Limited,,2026-08-08,DLBS
8125,NMB Capital Ltd.,,2026-08-08,NSIF2
8126,Sikles Hydropower Limited,,2026-08-08,SIKLES
8127,Kumari Bank Limited,,2026-08-08,KBLD89
8131,Eastern Hydropower Limited,,2026-08-08,EHPL
8132,Shrijanshil Laghubitta Baittiya sanstha Limited,,2026-08-08,SHLB
8133,Peoples Hydropower Company Limited,,2026-08-08,PHCL
9135,Barahi Hydropower Public Limited,,2026-08-08,BHPL
9136,Bank of Kathmandu Ltd.,,2026-08-08,BOKD86KA
9137,Himalayan Bank Limited,,2026-08-08,HBLD86
9138,NIBL Growth Fund,,2026-08-08,NIBLGF
9139,Sanima Growth Fund,,2026-08-08,SAGF
9140,Unique Nepal Laghubitta Bittiya Sanstha Limited,,2026-08-08,UNLB
9141,Nepal Infrastructure Bank Limited,,2026-08-08,NIFRAUR85/86
9146,Super Madi Hydropower Limited,,2026-08-08,SMHL
9147,SHUVAM POWER LIMITED,,2026-08-08,SPL
9148,Supermai Hydropower Limited,,2026-08-08,SMH
9149,Maya Khola Hydropower Company Limited,,2026-08-08,MKHC
9150,Asian Hydropower Limited,,2026-08-08,AHL
9151,KALINCHOWK DARSHAN LIMITED ,,2026-08-08,KDL
9152,Everest Bank Limited,,2026-08-08,EBLEB89
9154,Sunrise Capital Limited,,2026-08-08,SFEF
9156,Sanima Middle Tamor Hydropower Limited,,2026-08-08,TAMOR
9158,Molung Hydropower Company Limited,,2026-08-08,MHCL
9159,Sagarmatha Jalabidhyut Company Limited,,2026-08-08,SMJC
9161,Aatmanirbhar Laghubitta Bittitya Sanstha Limited,,2026-08-08,ANLB
9166,Makar Jitumaya Suri Hydropower Ltd ,,2026-08-08,MAKAR
9167,MaiKhola Hydropower Limited,,2026-08-08,MKHL
9168,Global IME Bank Limited,,2026-08-08,GBILD84/85
9170,Dolti Power Company Ltd.,,2026-08-08,DOLTI
9171,Bhugol Energy Development Company Ltd,,2026-08-08,BEDC
9173,CITY HOTEL LIMITED ,,2026-08-08,CITY
9174,Prabhu Capital Limited,,2026-08-08,PRSF
9175,Menchhiyam Hydro Power Ltd,,2026-08-08,MCHL
9176,Ingwa Hydropower Limited,,2026-08-08,IHL
9177,Standard Chartered Bank  Nepal Limited,,2026-08-08,SCBD
9178,RBB Merchant Banking Limited,,2026-08-08,RMF2
9179,Modi Energy Limited,,2026-08-08,MEL
9180,NMB Bank Limited,,2026-08-08,NMBD89/90
9181,Rawa Energy Development Ltd.,,2026-08-08,RAWA
9182,Siddhartha Bank Limited,,2026-08-08,SIGS3
9183,Nepal Republic Media Ltd,,2026-08-08,NRM
9184,I.M.E. Life Insurance company Limited ,,2026-08-08,ILI
9191,Citizens Bank International Limited,,2026-08-08,C30MF
9192, Upper Syange Hydropower Limited,,2026-08-08,USHL
9193,Ghorahi Cement Industry Limited,,2026-08-08,GCIL
9194,Three Star Hydropower Ltd,,2026-08-08,TSHL
9195,Mahalaxmi Bikas Bank Ltd.,,2026-08-08,MLBLD89
9196,Kutheli Bukhari Small Hydropower Ltd,,2026-08-08,KBSH
9197,Lumbini Bikas Bank Ltd.,,2026-08-08,LBBLD89
9198,Laxmi Sunrise Bank Limited,,2026-08-08,LVF2
9199,Reliable Nepal Life Insurance Ltd,,2026-08-08,RNLI
9201,Sun Nepal Life Insurance Company Limited,,2026-08-08,SNLI
9203,Manakamana Engineering Hydropower Limited,,2026-08-08,MEHL
9208,Upper Lohore Khola Hydropower Company Limited,,2026-08-08,ULHC
9209,Citizen Life Insurance Company Limited,,2026-08-08,CLI
9211,Nepal SBI Bank Limited,,2026-08-08,SBID89
9212,Mandu Hydropower Limited,,2026-08-08,MANDU
9213,HATHWAY INVESTMENT NEPAL LIMITED,,2026-08-08,HATHY
9214,Bhagawati Hyropower Development Company Ltd.,,2026-08-08,BGWT
9215,Mid solu Hydropower Limited,,2026-08-08,MSHL
9216,Sonapur Minerals And Oil Limited,,2026-08-08,SONA
9217,Mathillo Mailun Khola Jalvidhyut Ltd.,,2026-08-08,MMKJL
9218,Trishuli Jal Vidhyut Company Limited ,,2026-08-08,TVCL
9220,Kumari Bank Limited,,2026-08-08,KBLD90
9221,Himalayan Bank Limited,,2026-08-08,H8020
9225,Vision Lumbini Urja Company Limited,,2026-08-08,VLUCL
9230,Muktinath Krishi Company Limited,,2026-08-08,MKCL
9231,Citizens Bank International Limited,,2026-08-08,CIZBD90
9232,Chirkhwa Hydropower Limited,,2026-08-08,CKHL
9233,Nepal Warehousing Company Limited,,2026-08-08,NWCL
9234,Himalayan Reinsurance Limited,,2026-08-08,HRL
9236,NIC Asia Bank Ltd.,,2026-08-08,NICGF2
9238,Nabil Bank Limited,,2026-08-08,NABILD87
9241,Kumari Bank Limited,,2026-08-08,KSY
9242,Sarbottam Cement Limited,,2026-08-08,SARBTM
9243,Nepal Investment Mega Bank Limited,,2026-08-08,NIMBD90
9244,Nepal Investment Mega Bank Limited,,2026-08-08,NIBLSTF
9245,Muktinath Bikas Bank Ltd.,,2026-08-08,MNMF1
9246,GUARDIAN MICRO LIFE INSURANCE LIMITED,,2026-08-08,GMLI
9248,Garima Bikas Bank Limited,,2026-08-08,GSY
9249,ICFC Finance Limited,,2026-08-08,ICFCD88
9250,Nepal Micro Insurance Company Limited,,2026-08-08,NMIC
9252,Crest Micro Life Insurance Limited,,2026-08-08,CREST
9254,NMB Bank Limited,,2026-08-08,NMBHF2
9255,Everest Bank Limited,,2026-08-08,EBLD91
9256,Om Megashree Pharmaceuticals Limited,,2026-08-08,OMPL
9257,Machhapuchhre Bank Limited,,2026-08-08,MBLEF
9258,Pure Energy Limited,,2026-08-08,PURE
9259,Reliable Nepal Life Insurance Ltd,,2026-08-08,RSY
9260,Nepal Infrastructure Bank Limited,,2026-08-08,
9261,Nepal Infrastructure Bank Limited,,2026-08-08,NIFRAGED
9262,Trade Tower Limited,,2026-08-08,TTL
9263,Sanvi Energy Limited,,2026-08-08,SANVI
9264,Rastriya Banijya Bank,,2026-08-08,RBBD2088
9265,NIC Asia Bank Ltd.,,2026-08-08,
9266,NIC Asia Bank Ltd.,,2026-08-08,NICAD2091
9267,Bikash Hydropower Company Ltd,,2026-08-08,BHCL
9268,Global IME Bank Limited,,2026-08-08,
9269,Global IME Bank Limited,,2026-08-08,GBIMESY2
9270,Himstar Urja Company Ltd.,,2026-08-08,HIMSTAR
9271,Siddhartha Bank Limited,,2026-08-08,SBLD2091
9286,SHINE RESUNGA DEVELOPMENT BANK LTD,,2026-08-08,SHINED
9287,Mabilung Energy Limited,,2026-08-08,MABEL
9288,Nepal SBI Bank Limited,,2026-08-08,
9289,Nepal SBI Bank Limited,,2026-08-08,SBID2090
9290,Himalayan Life Insurance Limited,,2026-08-08,HLICF
9293,Daramkhola hydro Energy Ltd.,,2026-08-08,DHEL
9294,Sagar Distillery Limited,,2026-08-08,SAGAR
9295,SWASTIK LAGHUBITTA BITTIYA SANSTHA LTD.,,2026-08-08,SWASTIK
9296,Bungal Hydro Limited,,2026-08-08,BUNGAL
9297,Bandipur Cable Car and Tourism Limited,,2026-08-08,BANDIPUR
9299,Nabil Bank Limited,,2026-08-08,NABILD2089
9300,Jhapa Energy Limited,,2026-08-08,JHAPA
9301,SHREENAGAR AGRITECH INDUSTRIES LIMITED,,2026-08-08,SAIL
9302,RBB Merchant Banking Limited,,2026-08-08,RBBF40
9303,SY PANEL NEPAL LIMITED,,2026-08-08,SYPNL
9304,Citizens Bank International Limited,,2026-08-08,CSY
9305,Salapa Bikas Bank Limited,,2026-08-08,SABBL
9306,Reliance Spinning Mills Limited,,2026-08-08,RSML
9308,Hotel Forest Inn Limited,,2026-08-08,HFIN
9311,Solu Hydropower Limited,,2026-08-08,SOHL
9312,NEPAL LIFE INSURANCE COMPANY LIMITED,,2026-08-08,NSY
9322,Bhujung Hydropower Limited,,2026-08-08,BJHL
9323,Super Khudi Hydropower Ltd.,,2026-08-08,SKHL
9324,RIDGE LINE ENERGY LIMITED,,2026-08-08,RLEL
9325,Suryakunda Hydro Electric Limited,,2026-08-08,SKHEL
9326,Nabil Bank Limited,,2026-08-08,NABILPNP
9327,ICFC Finance Limited,,2026-08-08,ICFCD89
9328,Kamana Sewa Bikas Bank Limited,,2026-08-08,KSBBLPNP
9329,Shikhar Power Development Ltd.,,2026-08-08,SIPD
9330,Palpa Cement Industries Limited,,2026-08-08,PCIL
9331,Siddhartha Bank Limited,,2026-08-08,SBLPNP
9332,NMB Bank Limited,,2026-08-08,NMBPNP
9333,Sanima Bank Limited,,2026-08-08,SANIMAPNP
9334,Kalinchock Hydropower Limited,,2026-08-08,KHPL
9335,Machhapuchhre Bank Limited,,2026-08-08,MBLPNP
9336,Sopan Pharmaceuticals Limited,,2026-08-08,SOPL
9337,Appolo Hydropower Limited,,2026-08-08,APHL
9342,Yambaling Hydropower Ltd.,,2026-08-08,YMHL
9343,Taksar Pikhuwa Khola Hydropower Ltd.,,2026-08-08,TPKHL
9344,Snow Rivers Limited,,2026-08-08,SNORL
9345,Sanigad Hydro Limited,,2026-08-08,SGHL
9346,Kalanga Hydro Limited,,2026-08-08,KAHL
9347,Everest Colour Ltd.,,2026-08-08,ECL
9348,Siddhartha Bank Limited,,2026-08-08,SEF2
9349,Sanima Bank Limited,,2026-08-08,SAEF2
9350,Laxmi Sunrise Bank Limited,,2026-08-08,LSH12
9351,Reliable Nepal Life Insurance Ltd,,2026-08-08,RSY2
131,Nabil Bank Limited,,2026-08-09,NABIL
132,Nepal Investment Mega Bank Limited,,2026-08-09,NIMB
133,Standard Chartered Bank  Nepal Limited,,2026-08-09,SCB
134,Himalayan Bank Limited,,2026-08-09,HBL
135,Nepal SBI Bank Limited,,2026-08-09,SBI
137,Everest Bank Limited,,2026-08-09,EBL
139,NIC Asia Bank Ltd.,,2026-08-09,NICA
140,Machhapuchhre Bank Limited,,2026-08-09,MBL
141,Laxmi Sunrise Bank Limited,,2026-08-09,LSL
142,Kumari Bank Limited,,2026-08-09,KBL
145,Siddhartha Bank Limited,,2026-08-09,SBL
146,Yak And Yeti Hotel Limited,,2026-08-09,YHL
147,Soaltee Hotel Limited,,2026-08-09,SHL
148,Taragaon Regency Hotel Limited,,2026-08-09,TRH
149,Oriental Hotels Limited,,2026-08-09,OHL
151,Nepal Film Development Company Limited,,2026-08-09,NFD
152,National Hydro Power Company Limited,,2026-08-09,NHPC
153,Butwal Power Company Limited,,2026-08-09,BPCL
154,Chilime Hydropower Company Limited,,2026-08-09,CHCL
155,Salt Trading Corporation,,2026-08-09,STC
156,Bishal Bazar Company Limited,,2026-08-09,BBC
158,Nepal Tading Limited,,2026-08-09,NTL
159,Nepal Welfare Company Limited,,2026-08-09,NWC
163,Nirdhan Utthan Laghubitta Bittiya Sanstha Limited,,2026-08-09,NUBL
164,Chhimek Laghubitta Bittiya Sanstha Limited,,2026-08-09,CBBL
166,Deprosc Laghubitta Bittiya Sanstha Limited,,2026-08-09,DDBL
171,Sanima Bank Limited,,2026-08-09,SANIMA
172,Narayani Development Bank Limited,,2026-08-09,NABBC
1741,Meromicrofinance Laghubitta Bittiya Sanstha Ltd.,,2026-08-09,MERO
176,Nepal Insurance Co. Ltd.,,2026-08-09,NICL
177,Rastriya Beema Company Limited,,2026-08-09,RBCL
178,National Life Insurance Co. Ltd.,,2026-08-09,NLICL
179,Himalayan Everest Insurance Limited,,2026-08-09,HEI
180,United Ajod Insurance Limited,,2026-08-09,UAIL
182,Siddhartha Premier Insurance Limited,,2026-08-09,SPIL
183,Neco Insurance Limited,,2026-08-09,NIL
184,Prabhu Insurance Limited,,2026-08-09,PRIN
185,Sagarmatha Lumbini Insurance Co. Limited,,2026-08-09,SALICO
186,IGI Prudential Insurance Limited,,2026-08-09,IGI
187,NEPAL LIFE INSURANCE COMPANY LIMITED,,2026-08-09,NLIC
188,Life Insurance Corporation (Nepal) Limited,,2026-08-09,LICN
192,Shikhar Insurance Co. Ltd.,,2026-08-09,SICL
194,Nepal Finance Ltd.,,2026-08-09,NFS
195,Bottlers Nepal (Balaju) Limited,,2026-08-09,BNL
198,Nepal Lube Oil Limited,,2026-08-09,NLO
200,Nepal Share Markets Ltd.,,2026-08-09,NSM
201,Nepal Vanaspati Ghee Udhyog Limited,,2026-08-09,NVG
203,Raghupati Jute Mills Limited,,2026-08-09,RJM
204,Gurkhas Finance Ltd.,,2026-08-09,GUFL
205,Butwal Spinning Mills Limited,,2026-08-09,BSM
207,Gorakhkali Rubber Udhyog Limited,,2026-08-09,GRU
209,Jyoti Sinning Mills Limited,,2026-08-09,JSM
210,Citizen Investment Trust,,2026-08-09,CIT
211,Arun Vanaspati Udhyog Limited,,2026-08-09,AVU
213,Bottlers Nepal (Terai) Limited,,2026-08-09,BNT
215,Harisiddhi Brick And Tiles Limited,,2026-08-09,HBT
217,Birat Shoe Limited,,2026-08-09,BSL
219,Unilever Nepal Limited,,2026-08-09,UNL
221,Samjhana Finance Co. Ltd.,,2026-08-09,SFC
222,Nepal Khadya Udhyog Limited,,2026-08-09,NKU
226,Shree Bhrikuti Pulp And Paper Limited,,2026-08-09,SBPP
227,Best Finance Company Ltd.,,2026-08-09,BFC
228,Fleur Himalayan Limited,,2026-08-09,FHL
230,Shree Ram Sugar Mills Limited,,2026-08-09,SRS
232,Goodwill Finance Limited,,2026-08-09,GFCL
233,Nepal Bitumin And Barrel Udhyog Limited,,2026-08-09,NBBU
235,Himalayan Distillery Limited,,2026-08-09,HDL
236,Pokhara Finance Ltd.,,2026-08-09,PFL
238,NMB Bank Limited,,2026-08-09,NMB
244,Shree Investment Finance Co. Ltd.,,2026-08-09,SIFC
245,Central Finance Co. Ltd.,,2026-08-09,CFCL
250,Janaki Finance Company Limited,,2026-08-09,JFL
255,Prabhu  Bank Limited,,2026-08-09,PRVU
256,Samriddhi Finance Company Limited,,2026-08-09,SFCL
259,Capital Merchant Bank & Finance Co. Ltd.,,2026-08-09,CMB
263,Guheswori Merchant Banking & Finance Ltd.,,2026-08-09,GMFIL
268,Swabalamban Laghubitta Bittiya Sanstha Limited,,2026-08-09,SWBBL
273,ICFC Finance Limited,,2026-08-09,ICFC
274,Excel Development Bank Ltd.,,2026-08-09,EDBL
2742,Hydorelectricity Investment and Development Company Ltd,,2026-08-09,HIDCL
2743,Ngadi Group Power Ltd.,,2026-08-09,NGPL
2744,Green Development Bank Ltd.,,2026-08-09,GRDBL
2746,National  Laghubitta Bittiya Sanstha Limited,,2026-08-09,NMFBS
2748,RSDC Laghubitta Bittiya Sanstha Ltd.,,2026-08-09,RSDC
2751,Khanikhola Hydropower Co. Ltd.,,2026-08-09,KKHC
2754,Dibyashwori Hydropower Ltd.,,2026-08-09,DHPL
2757,Arun Kabeli Power Ltd.,,2026-08-09,AKPL
2758,Forward Microfinance Laghubitta Bittiya Sanstha Limited,,2026-08-09,FOWAD
2759,Synergy Power Development Ltd.,,2026-08-09,SPDL
2760,United Modi Hydropower Ltd.,,2026-08-09,UMHL
2761,Samata Gharelu Laghubitta Bittiya Sanstha Limited,,2026-08-09,SMATA
2766,Chhyangdi Hydropower Ltd.,,2026-08-09,CHL
2767,Himalayan Power Partner Ltd.,,2026-08-09,HPPL
2768,Mahuli Laghubitta Bittiya Sanstha Limited,,2026-08-09,MSLB
2769,Nepal Hydro Developers Ltd,,2026-08-09,NHDL
2770,Siddhartha Bank Limited,,2026-08-09,SEF
2771,Support Lagubitta Bittiya Sanstha Limited,,2026-08-09,SMB
2774,Unnati Sahakarya Laghubitta Bittiya Sanstha Limited,,2026-08-09,USLB
2776,Radhi Bidyut Company Ltd,,2026-08-09,RADHI
2781,Wean Nepal Laghubitta Bittiya Sanstha Limited,,2026-08-09,WNLB
2784,Nadep Laghubittiya bittya Sanstha Ltd.,,2026-08-09,NADEP
2786,Panchakanya Mai Hydropower Ltd,,2026-08-09,PMHPL
2787,Kalika power Company Ltd,,2026-08-09,KPCL
2788,Ankhu Khola Jalvidhyut Company Limited,,2026-08-09,AKJCL
2789,Joshi Hydropower Development Company Ltd,,2026-08-09,JOSHI
2790,Aarambha Chautari Laghubitta Bittya Sanstha Limited,,2026-08-09,ACLBSL
2792,Upper Tamakoshi Hydropower Ltd,,2026-08-09,UPPER
2804,Samudayik Laghubitta Bittiya Sanstha Limited,,2026-08-09,SLBSL
2806,Ghalemdi Hydro Limited,,2026-08-09,GHL
2807,Asha Laghubitta Bittiya Sanstha Ltd.,,2026-08-09,ALBSL
2809,Shivam Cements Limited,,2026-08-09,SHIVM
2810,Universal Power Company Limited,,2026-08-09,UPCL
2811,Mountain Hydro Nepal Limited,,2026-08-09,MHNL
2813,Panchthar Power Company Ltd,,2026-08-09,PPCL
2815,Ganapati Laghubitta Bittiya Sanstha Ltd,,2026-08-09,GMFBS
2824,Himalaya Urja Bikas Company Limited,,2026-08-09,HURJA
2825,NIC Asia Bank Ltd.,,2026-08-09,NICAD85/86
2826,Gurans Laghubitta Bittiya Sanstha Ltd,,2026-08-09,GLBSL
2828,Sanima Bank Limited,,2026-08-09,SAND2085
2829,Swabhumaan Laghubitta Bittiya Sanstha Ltd,,2026-08-09,SMFBS
2831,Union Hydropower Limited,,2026-08-09,UNHPL
2832,Infinity Laghubitta Bittiya Sastha Ltd,,2026-08-09,ILBS
2835,Nabil Bank Limited,,2026-08-09,NBF2
2841,Rasuwagadhi Hydropower Company Limited,,2026-08-09,RHPL
2842,SANJEN JALAVIDHYUT COMPANY LTD,,2026-08-09,SJCL
2850,NMB Bank Limited,,2026-08-09,NMBD2085
2854,Nepal Bangladesh Bank Limited,,2026-08-09,NBBD2085
2859,Siddhartha Bank Limited,,2026-08-09,SIGS2
2860,Saptakoshi Development bank Ltd,,2026-08-09,SAPDBL
2863,NIC ASIA Capital Ltd,,2026-08-09,NICBF
2864,Siddhartha Bank Limited,,2026-08-09,SBLD83
2866,Machhapuchhre Bank Limited,,2026-08-09,MBLD2085
2867,NMB Capital Ltd.,,2026-08-09,NMB50
2868,NIC Asia Bank Ltd.,,2026-08-09,NICD83/84
2873,Himalayan Bank Limited,,2026-08-09,HBLD83
2875,Prabhu  Bank Limited,,2026-08-09,PBLD86
2877,Laxmi Sunrise Bank Limited,,2026-08-09,SFMF
2878,Sunrise Bank Limited,,2026-08-09,SRBLD83
2879,Laxmi Sunrise Bank Limited,,2026-08-09,LBLD86
2880,Himal Dolakha Hydropower Com. Ltd.,,2026-08-09,HDHPC
2881,Nepal Reinsurance Company Limited,,2026-08-09,NRIC
2882,ICFC Finance Limited,,2026-08-09,ICFCD83
2883,Goodwill Finance Limited,,2026-08-09,GWFD83
2885,Kumari Bank Limited,,2026-08-09,KBLD86
2886,Agricultural Development Bank Limited,,2026-08-09,ADBLD83
2887,NIC ASIA Laghubitta Bittiya Sanstha Limited,,2026-08-09,NICLBSL
2889,Citizens Bank International Limited,,2026-08-09,CIZBD86
2890,Nepal SBI Bank Limited,,2026-08-09,SBIBD86
2892,Nabil Bank Limited,,2026-08-09,NBLD82
2896,Sampada Laghubitta Bittiya Sanstha Limited,,2026-08-09,SMPDA
2898,NRN Infrastructure and Development Limited,,2026-08-09,NRN
2902,Laxmi Capital Market Limited,,2026-08-09,LUK
2903,Liberty Energy Company Limited,,2026-08-09,LEC
2904,Prabhu  Bank Limited,,2026-08-09,PBLD84
2907,Shiva Shree Hydropower Limited,,2026-08-09,SSHL
2908,Sanima GIC Insurance Limited,,2026-08-09,SGIC
2912,Siddhartha Bank Limited,,2026-08-09,SBLD84
2913,Mountain Energy Nepal Limited,,2026-08-09,MEN
2914,United Idi Mardi & RB Hydropower Ltd,,2026-08-09,UMRH
2915,Prabhu Mahalaxmi Life Insurance Limited,,2026-08-09,PMLI
2917,Chandragiri Hills Limited,,2026-08-09,CGH
2919,Nepal Infrastructure Bank Limited,,2026-08-09,NIFRA
2922,Sanima Bank Limited,,2026-08-09,SBD87
2923,Sanima Bank Limited,,2026-08-09,SLCF
2924,Greenlife Hydropower Limited,,2026-08-09,GLH
2925,Mahila Laghubitta Bittiya Sanstha Ltd,,2026-08-09,MLBSL
2931,Nepal Investment Mega Bank Limited,,2026-08-09,NIBD84
2932,Manjushree Finance Ltd.,,2026-08-09,MFLD85
2933,Kumari Bank Limited,,2026-08-09,KEF
2934,Singati Hydro Energy Ltd,,2026-08-09,SHEL
2935,Ru Ru Jalbidhyut  Pariyojana Ltd.,,2026-08-09,RURU
2936,Nepal Credit And Commercial Bank Limited,,2026-08-09,NCCD86
2937,Sunrise Bank Limited,,2026-08-09,SBCF
307,Nepal Doorsanchar Company Limited,,2026-08-09,NTC
338,Progressive Finance Limited,,2026-08-09,PROFL
341,Global IME Bank Limited,,2026-08-09,GBIME
348,Citizens Bank International Limited,,2026-08-09,CZBIL
357,Prime Commercial Bank Ltd.,,2026-08-09,PCBL
358,Lumbini Bikas Bank Ltd.,,2026-08-09,LBBL
360,Arun Valley Hydropower Development Company Limited,,2026-08-09,AHPC
361,Crystal Finance Ltd.,,2026-08-09,CFL
371,Miteri Development Bank Limited,,2026-08-09,MDB
385,Asian Life Insurance Co Limited,,2026-08-09,ALICL
393,Himalayan Life Insurance Limited,,2026-08-09,HLI
3946,CEDB Hydropower Development Company Limited,,2026-08-09,CHDC
396,Nerude Mirmire Laghubitta Bittiya Sanstha Ltd.,,2026-08-09,NMLBBL
397,Agricultural Development Bank Limited,,2026-08-09,ADBL
401,Mahalaxmi Bikas Bank Ltd.,,2026-08-09,MLBL
403,SuryaJyoti Life Insurance Company Limited,,2026-08-09,SJLIC
417,Garima Bikas Bank Limited,,2026-08-09,GBBL
418,Jyoti Bikas Bank Limited,,2026-08-09,JBBL
428,Karnali Development Bank Limited,,2026-08-09,KRBL
441,Himalayan Finance Limited (Bittiya Sanstha),,2026-08-09,HFL
450,Corporate Development Bank Limited,,2026-08-09,CORBL
459,Kamana Sewa Bikas Bank Limited,,2026-08-09,KSBBL
471,Multipurpose Finance Company  Limited,,2026-08-09,MPFL
472,SHANGRI-LA DEVELOPMENT BANK LIMITED,,2026-08-09,SADBL
473,SHINE RESUNGA DEVELOPMENT BANK LTD,,2026-08-09,SHINE
474,Muktinath Bikas Bank Ltd.,,2026-08-09,MNBBL
490,First Micro Finance Laghubitta Bittiya Sanstha Limited,,2026-08-09,FMDBL
4947,Prabhu  Bank Limited,,2026-08-09,PSF
4948,Kamana Sewa Bikas Bank Limited,,2026-08-09,KSBBLD87
4949,Nepal Investment Mega Bank Limited,,2026-08-09,NIBSF2
4951,Jeevan Bikas Laghubitta Bittiya Sanstha Ltd,,2026-08-09,JBLB
4959,Nepal Bank Limited,,2026-08-09,NBLD87
4960,Agricultural Development Bank Limited,,2026-08-09,ADBLB
4961,Bank of Kathmandu Ltd.,,2026-08-09,BOKD86
4962,Prabhu  Bank Limited,,2026-08-09,PBLD87
4963,NMB Bank Limited,,2026-08-09,NMBD87/88
4964,NMB Bank Limited,,2026-08-09,NMBEB92/93
4967,NIC ASIA Capital Ltd,,2026-08-09,NICSF
4968,RBB Merchant Banking Limited,,2026-08-09,RMF1
4969,Muktinath Bikas Bank Ltd.,,2026-08-09,MND84/85
516,Manjushree Finance Ltd.,,2026-08-09,MFIL
517,Nepal Bank Limited,,2026-08-09,NBL
545,Swarojgar Laghubitta Bittiya Sanstha Ltd.,,2026-08-09,SLBBL
559,NLG Insurance Company Ltd.,,2026-08-09,NLG
561,Sindhu Bikash Bank Ltd,,2026-08-09,SINDU
574,Sana Kisan Bikas Laghubitta Bittiya Sanstha Limited,,2026-08-09,SKBBL
583,Grameen Bikas Laghubitta Bittiya Sanstha Ltd.,,2026-08-09,GBLBS
587,Reliance Finance Ltd.,,2026-08-09,RLFL
591,Sanima Mai Hydropower Limited,,2026-08-09,SHPC
593,Kalika Laghubitta Bittiya Sanstha Ltd,,2026-08-09,KMCDB
5982,Sanima Reliance Life Insurance Limited,,2026-08-09,SRLI
5984,Laxmi Sunrise Bank Limited,,2026-08-09,LBLD88
601,Mithila LaghuBitta Bittiya Sanstha Limited,,2026-08-09,MLBBL
610,Ridi Power Company Limited,,2026-08-09,RIDI
618,Laxmi Laghubitta Bittiya Sanstha Ltd.,,2026-08-09,LLBS
686,Barun Hydropower Co. Ltd.,,2026-08-09,BARUN
687,Vijaya laghubitta Bittiya Sanstha Ltd.,,2026-08-09,VLBS
693,Himalayan Laghubitta Bittiya Sanstha Limited,,2026-08-09,HLBSL
694,Matribhumi Lagubitta Bittiya Sanstha Limited,,2026-08-09,MATRI
695,Janautthan Samudayic Laghubitta Bittya Sanstha Limited,,2026-08-09,JSLBB
697,API POWER COMPANY LIMITED,,2026-08-09,API
6984,Prime Commercial Bank Ltd.,,2026-08-09,PBD85
6985,SHANGRI-LA DEVELOPMENT BANK LIMITED,,2026-08-09,SDBD87
704,NMB  Microfinance Bittiya Sanstha Ltd.,,2026-08-09,NMBMF
705,Global IME Laghubitta Bittiya Sanstha Ltd.,,2026-08-09,GILB
706,Suryodaya Womi Laghubitta Bittiya Sanstha Limited,,2026-08-09,SWMF
7985,Machhapuchhre Bank Limited,,2026-08-09,MBLD87
7986,NIC Asia Bank Ltd.,,2026-08-09,NICD88
8003,Rastriya Banijya Bank,,2026-08-09,RBBD83
8004,Global IME Bank Limited,,2026-08-09,GBILD86/87
8005,Mailung Khola Jal Vidhyut Company Limited,,2026-08-09,MKJC
8018,Manushi Laghubitta Bittiya Sanstha Limited,,2026-08-09,MLBS
8020,Jyoti Bikas Bank Limited,,2026-08-09,JBBD87
8021,Sahas Urja Limited,,2026-08-09,SAHAS
8022,Terhathum Power Company Limited,,2026-08-09,TPC
8023,Mega  Bank Nepal Ltd.,,2026-08-09,MMF1
8024,Nabil Bank Limited,,2026-08-09,NBF3
8025,Samling power company limited,,2026-08-09,SPC
8026,Nyadi hydropower limited,,2026-08-09,NYADI
8027,Nabil Bank Limited,,2026-08-09,NBLD85
8028,Agricultural Development Bank Limited,,2026-08-09,
8029,Agricultural Development Bank Limited,,2026-08-09,ADBLB86
8030,Agricultural Development Bank Limited,,2026-08-09,ADBLB87
8031,Madhya Bhotekoshi Jalavidyut Company Limited,,2026-08-09,MBJC
8032,Buddha bhumi nepal hydro power company limited,,2026-08-09,BNHC
8033,Garima Bikas Bank Limited,,2026-08-09,GBBD85
8034,Emerging nepal limited,,2026-08-09,ENL
8041,NESDO Sambridha Laghubitta Bittiya Sanstha Limited,,2026-08-09,NESDO
8043,Civil Bank Ltd,,2026-08-09,CBLD88
8044,Everest Bank Limited,,2026-08-09,EBLD86
8045,Green Ventures Limited,,2026-08-09,GVL
8055,Balephi Hydropower Limited,,2026-08-09,BHL
8063,Upakar Laghubitta Bittiya  Sanstha  Limited,,2026-08-09,ULBSL
8065,CYC Nepal laghubitta Bittiya Sanstha Limited,,2026-08-09,CYCL
8066,River Falls power Limited,,2026-08-09,RFPL
8068,Century Commercial Bank Ltd.,,2026-08-09,CCBD88
8070,Dordi Khola Jal Bidyut Company limited,,2026-08-09,DORDI
8073,NIC Asia Bank Ltd.,,2026-08-09,NICFC
8074,Kumari Bank Limited,,2026-08-09,KDBY
8075,Bindhyabasini Hydropower Development Company Limited,,2026-08-09,BHDC
8076,Himalayan Hydropower Limited,,2026-08-09,HHL
8097,Prime Commercial Bank Ltd.,,2026-08-09,PBD88
8098,Siddhartha Bank Limited,,2026-08-09,SBLD89
8099,Upper Hewakhola Hydropower company Limited,,2026-08-09,UHEWA
8100,Swet-Ganga Hydropower and Construction Limited,,2026-08-09,SGHC
8101,Agricultural Development Bank Limited,,2026-08-09,
8102,Mandakini Hydropower Limited,,2026-08-09,MHL
8104,Upper solu Electric company Limited,,2026-08-09,USHEC
8105,NMB Bank Limited,,2026-08-09,NMBUR93/94
8106,Global IME Balanced Fund-1,,2026-08-09,GIBF1
8107,Sanima Bank Limited,,2026-08-09,
8108,Rapti Hydro and General Construction Limited,,2026-08-09,RHGCL
8109,Sanima Bank Limited,,2026-08-09,SBD89
8110,Nepal SBI Bank Limited,,2026-08-09,SBID83
8116,Prime Commercial Bank Ltd.,,2026-08-09,PBD84
8117,Aviyan laghubittya bittiya sanstha limited,,2026-08-09,AVYAN
8118,Everest Bank Limited,,2026-08-09,
8119,Everest Bank Limited,,2026-08-09,EBLD85
8121,Sayapatri Hydropower Limited,,2026-08-09,SPHL
8122,Peoples Power Limited,,2026-08-09,PPL
8123,Dhaulagiri laghubitta Sanstha Limited,,2026-08-09,DLBS
8125,NMB Capital Ltd.,,2026-08-09,NSIF2
8126,Sikles Hydropower Limited,,2026-08-09,SIKLES
8127,Kumari Bank Limited,,2026-08-09,KBLD89
8131,Eastern Hydropower Limited,,2026-08-09,EHPL
8132,Shrijanshil Laghubitta Baittiya sanstha Limited,,2026-08-09,SHLB
8133,Peoples Hydropower Company Limited,,2026-08-09,PHCL
9135,Barahi Hydropower Public Limited,,2026-08-09,BHPL
9136,Bank of Kathmandu Ltd.,,2026-08-09,BOKD86KA
9137,Himalayan Bank Limited,,2026-08-09,HBLD86
9138,NIBL Growth Fund,,2026-08-09,NIBLGF
9139,Sanima Growth Fund,,2026-08-09,SAGF
9140,Unique Nepal Laghubitta Bittiya Sanstha Limited,,2026-08-09,UNLB
9141,Nepal Infrastructure Bank Limited,,2026-08-09,NIFRAUR85/86
9146,Super Madi Hydropower Limited,,2026-08-09,SMHL
9147,SHUVAM POWER LIMITED,,2026-08-09,SPL
9148,Supermai Hydropower Limited,,2026-08-09,SMH
9149,Maya Khola Hydropower Company Limited,,2026-08-09,MKHC
9150,Asian Hydropower Limited,,2026-08-09,AHL
9151,KALINCHOWK DARSHAN LIMITED ,,2026-08-09,KDL
9152,Everest Bank Limited,,2026-08-09,EBLEB89
9154,Sunrise Capital Limited,,2026-08-09,SFEF
9156,Sanima Middle Tamor Hydropower Limited,,2026-08-09,TAMOR
9158,Molung Hydropower Company Limited,,2026-08-09,MHCL
9159,Sagarmatha Jalabidhyut Company Limited,,2026-08-09,SMJC
9161,Aatmanirbhar Laghubitta Bittitya Sanstha Limited,,2026-08-09,ANLB
9166,Makar Jitumaya Suri Hydropower Ltd ,,2026-08-09,MAKAR
9167,MaiKhola Hydropower Limited,,2026-08-09,MKHL
9168,Global IME Bank Limited,,2026-08-09,GBILD84/85
9170,Dolti Power Company Ltd.,,2026-08-09,DOLTI
9171,Bhugol Energy Development Company Ltd,,2026-08-09,BEDC
9173,CITY HOTEL LIMITED ,,2026-08-09,CITY
9174,Prabhu Capital Limited,,2026-08-09,PRSF
9175,Menchhiyam Hydro Power Ltd,,2026-08-09,MCHL
9176,Ingwa Hydropower Limited,,2026-08-09,IHL
9177,Standard Chartered Bank  Nepal Limited,,2026-08-09,SCBD
9178,RBB Merchant Banking Limited,,2026-08-09,RMF2
9179,Modi Energy Limited,,2026-08-09,MEL
9180,NMB Bank Limited,,2026-08-09,NMBD89/90
9181,Rawa Energy Development Ltd.,,2026-08-09,RAWA
9182,Siddhartha Bank Limited,,2026-08-09,SIGS3
9183,Nepal Republic Media Ltd,,2026-08-09,NRM
9184,I.M.E. Life Insurance company Limited ,,2026-08-09,ILI
9191,Citizens Bank International Limited,,2026-08-09,C30MF
9192, Upper Syange Hydropower Limited,,2026-08-09,USHL
9193,Ghorahi Cement Industry Limited,,2026-08-09,GCIL
9194,Three Star Hydropower Ltd,,2026-08-09,TSHL
9195,Mahalaxmi Bikas Bank Ltd.,,2026-08-09,MLBLD89
9196,Kutheli Bukhari Small Hydropower Ltd,,2026-08-09,KBSH
9197,Lumbini Bikas Bank Ltd.,,2026-08-09,LBBLD89
9198,Laxmi Sunrise Bank Limited,,2026-08-09,LVF2
9199,Reliable Nepal Life Insurance Ltd,,2026-08-09,RNLI
9201,Sun Nepal Life Insurance Company Limited,,2026-08-09,SNLI
9203,Manakamana Engineering Hydropower Limited,,2026-08-09,MEHL
9208,Upper Lohore Khola Hydropower Company Limited,,2026-08-09,ULHC
9209,Citizen Life Insurance Company Limited,,2026-08-09,CLI
9211,Nepal SBI Bank Limited,,2026-08-09,SBID89
9212,Mandu Hydropower Limited,,2026-08-09,MANDU
9213,HATHWAY INVESTMENT NEPAL LIMITED,,2026-08-09,HATHY
9214,Bhagawati Hyropower Development Company Ltd.,,2026-08-09,BGWT
9215,Mid solu Hydropower Limited,,2026-08-09,MSHL
9216,Sonapur Minerals And Oil Limited,,2026-08-09,SONA
9217,Mathillo Mailun Khola Jalvidhyut Ltd.,,2026-08-09,MMKJL
9218,Trishuli Jal Vidhyut Company Limited ,,2026-08-09,TVCL
9220,Kumari Bank Limited,,2026-08-09,KBLD90
9221,Himalayan Bank Limited,,2026-08-09,H8020
9225,Vision Lumbini Urja Company Limited,,2026-08-09,VLUCL
9230,Muktinath Krishi Company Limited,,2026-08-09,MKCL
9231,Citizens Bank International Limited,,2026-08-09,CIZBD90
9232,Chirkhwa Hydropower Limited,,2026-08-09,CKHL
9233,Nepal Warehousing Company Limited,,2026-08-09,NWCL
9234,Himalayan Reinsurance Limited,,2026-08-09,HRL
9236,NIC Asia Bank Ltd.,,2026-08-09,NICGF2
9238,Nabil Bank Limited,,2026-08-09,NABILD87
9241,Kumari Bank Limited,,2026-08-09,KSY
9242,Sarbottam Cement Limited,,2026-08-09,SARBTM
9243,Nepal Investment Mega Bank Limited,,2026-08-09,NIMBD90
9244,Nepal Investment Mega Bank Limited,,2026-08-09,NIBLSTF
9245,Muktinath Bikas Bank Ltd.,,2026-08-09,MNMF1
9246,GUARDIAN MICRO LIFE INSURANCE LIMITED,,2026-08-09,GMLI
9248,Garima Bikas Bank Limited,,2026-08-09,GSY
9249,ICFC Finance Limited,,2026-08-09,ICFCD88
9250,Nepal Micro Insurance Company Limited,,2026-08-09,NMIC
9252,Crest Micro Life Insurance Limited,,2026-08-09,CREST
9254,NMB Bank Limited,,2026-08-09,NMBHF2
9255,Everest Bank Limited,,2026-08-09,EBLD91
9256,Om Megashree Pharmaceuticals Limited,,2026-08-09,OMPL
9257,Machhapuchhre Bank Limited,,2026-08-09,MBLEF
9258,Pure Energy Limited,,2026-08-09,PURE
9259,Reliable Nepal Life Insurance Ltd,,2026-08-09,RSY
9260,Nepal Infrastructure Bank Limited,,2026-08-09,
9261,Nepal Infrastructure Bank Limited,,2026-08-09,NIFRAGED
9262,Trade Tower Limited,,2026-08-09,TTL
9263,Sanvi Energy Limited,,2026-08-09,SANVI
9264,Rastriya Banijya Bank,,2026-08-09,RBBD2088
9265,NIC Asia Bank Ltd.,,2026-08-09,
9266,NIC Asia Bank Ltd.,,2026-08-09,NICAD2091
9267,Bikash Hydropower Company Ltd,,2026-08-09,BHCL
9268,Global IME Bank Limited,,2026-08-09,
9269,Global IME Bank Limited,,2026-08-09,GBIMESY2
9270,Himstar Urja Company Ltd.,,2026-08-09,HIMSTAR
9271,Siddhartha Bank Limited,,2026-08-09,SBLD2091
9286,SHINE RESUNGA DEVELOPMENT BANK LTD,,2026-08-09,SHINED
9287,Mabilung Energy Limited,,2026-08-09,MABEL
9288,Nepal SBI Bank Limited,,2026-08-09,
9289,Nepal SBI Bank Limited,,2026-08-09,SBID2090
9290,Himalayan Life Insurance Limited,,2026-08-09,HLICF
9293,Daramkhola hydro Energy Ltd.,,2026-08-09,DHEL
9294,Sagar Distillery Limited,,2026-08-09,SAGAR
9295,SWASTIK LAGHUBITTA BITTIYA SANSTHA LTD.,,2026-08-09,SWASTIK
9296,Bungal Hydro Limited,,2026-08-09,BUNGAL
9297,Bandipur Cable Car and Tourism Limited,,2026-08-09,BANDIPUR
9299,Nabil Bank Limited,,2026-08-09,NABILD2089
9300,Jhapa Energy Limited,,2026-08-09,JHAPA
9301,SHREENAGAR AGRITECH INDUSTRIES LIMITED,,2026-08-09,SAIL
9302,RBB Merchant Banking Limited,,2026-08-09,RBBF40
9303,SY PANEL NEPAL LIMITED,,2026-08-09,SYPNL
9304,Citizens Bank International Limited,,2026-08-09,CSY
9305,Salapa Bikas Bank Limited,,2026-08-09,SABBL
9306,Reliance Spinning Mills Limited,,2026-08-09,RSML
9308,Hotel Forest Inn Limited,,2026-08-09,HFIN
9311,Solu Hydropower Limited,,2026-08-09,SOHL
9312,NEPAL LIFE INSURANCE COMPANY LIMITED,,2026-08-09,NSY
9322,Bhujung Hydropower Limited,,2026-08-09,BJHL
9323,Super Khudi Hydropower Ltd.,,2026-08-09,SKHL
9324,RIDGE LINE ENERGY LIMITED,,2026-08-09,RLEL
9325,Suryakunda Hydro Electric Limited,,2026-08-09,SKHEL
9326,Nabil Bank Limited,,2026-08-09,NABILPNP
9327,ICFC Finance Limited,,2026-08-09,ICFCD89
9328,Kamana Sewa Bikas Bank Limited,,2026-08-09,KSBBLPNP
9329,Shikhar Power Development Ltd.,,2026-08-09,SIPD
9330,Palpa Cement Industries Limited,,2026-08-09,PCIL
9331,Siddhartha Bank Limited,,2026-08-09,SBLPNP
9332,NMB Bank Limited,,2026-08-09,NMBPNP
9333,Sanima Bank Limited,,2026-08-09,SANIMAPNP
9334,Kalinchock Hydropower Limited,,2026-08-09,KHPL
9335,Machhapuchhre Bank Limited,,2026-08-09,MBLPNP
9336,Sopan Pharmaceuticals Limited,,2026-08-09,SOPL
9337,Appolo Hydropower Limited,,2026-08-09,APHL
9342,Yambaling Hydropower Ltd.,,2026-08-09,YMHL
9343,Taksar Pikhuwa Khola Hydropower Ltd.,,2026-08-09,TPKHL
9344,Snow Rivers Limited,,2026-08-09,SNORL
9345,Sanigad Hydro Limited,,2026-08-09,SGHL
9346,Kalanga Hydro Limited,,2026-08-09,KAHL
9347,Everest Colour Ltd.,,2026-08-09,ECL
9348,Siddhartha Bank Limited,,2026-08-09,SEF2
9349,Sanima Bank Limited,,2026-08-09,SAEF2
9350,Laxmi Sunrise Bank Limited,,2026-08-09,LSH12
9351,Reliable Nepal Life Insurance Ltd,,2026-08-09,RSY2
