id,businessDate,openPrice,highPrice,lowPrice,closePrice,totalTradedQuantity,totalTradedValue,previousDayClosePrice,fiftyTwoWeekHigh,fiftyTwoWeekLow,lastUpdatedTime,totalTrades,lastTradedPrice,averageTradedPrice,symbol,securityId
1795682,2025-07-24,552.0,556.0,547.1,548.08,95913,52752517.7,551.41,700.0,474.1,2025-07-24 14:59:56.281327000,799,547.6,550.0,NABIL,131
1795688,2025-07-24,418.8,418.8,403.0,404.97,211844,85930783.2,410.62,573.0,333.0,2025-07-24 14:59:55.627143000,955,406.0,405.63,NICA,139
1795747,2025-07-24,1330.0,1342.0,1305.0,1321.12,89508,118323594.8,1326.63,1749.0,1136.0,2025-07-24 14:59:55.055465000,1082,1325.0,1321.93,HDL,235
1795767,2025-07-24,928.9,928.9,907.0,914.85,36145,33027452.3,920.78,1214.0,835.0,2025-07-24 14:59:57.004305000,379,915.0,913.75,NTC,307
1795973,2025-07-24,1587.0,1600.0,1560.2,1598.96,304317,483257682.7,1586.86,1600.0,722.0,2025-07-24 14:59:58.020303000,1943,1599.5,1588.01,NRIC,2881
1796195,2025-07-27,550.0,554.0,545.1,547.84,147629,81220703.6,548.08,700.0,474.1,2025-07-27 14:59:50.267234000,1148,547.9,550.17,NABIL,131
1796201,2025-07-27,407.0,412.0,398.9,400.35,357867,144792585.5,404.97,573.0,333.0,2025-07-27 14:59:59.820227000,1242,399.0,404.6,NICA,139
1796260,2025-07-27,1325.0,1418.0,1325.0,1381.88,386101,532548837.7,1321.12,1749.0,1136.0,2025-07-27 14:59:54.072802000,4016,1376.1,1379.3,HDL,235
1796280,2025-07-27,896.6,930.0,896.6,909.17,45350,41543840.7,914.85,1214.0,835.0,2025-07-27 14:59:46.813489000,498,908.0,916.07,NTC,307
1796486,2025-07-27,1600.0,1605.0,1583.0,1591.1,532878,850214145.9,1598.96,1605.0,722.0,2025-07-27 14:59:59.107651000,2102,1592.0,1595.51,NRIC,2881
1796708,2025-07-28,545.5,547.0,536.0,540.43,183214,98869241.3,547.84,700.0,474.1,2025-07-28 14:59:52.085316000,1362,542.0,539.64,NABIL,131
1796714,2025-07-28,400.0,403.0,388.7,396.3,416122,163714234.0,400.35,573.0,333.0,2025-07-28 14:59:49.689265000,1605,396.1,393.43,NICA,139
1796773,2025-07-28,1382.0,1475.0,1381.0,1461.99,544215,769914556.2,1381.88,1696.0,1136.0,2025-07-28 14:59:56.299858000,5276,1463.0,1414.72,HDL,235
1796793,2025-07-28,909.1,910.0,898.0,909.64,52222,47136301.0,909.17,1214.0,835.0,2025-07-28 14:59:52.798977000,511,910.0,902.61,NTC,307
1796999,2025-07-28,1581.0,1601.0,1550.0,1558.78,256169,402449976.2,1591.1,1605.0,722.0,2025-07-28 14:59:53.439240000,1716,1564.0,1571.03,NRIC,2881
1797221,2025-07-29,547.0,552.0,545.0,548.55,142244,78087885.1,540.43,700.0,474.1,2025-07-29 14:59:47.945474000,988,548.0,548.97,NABIL,131
1797227,2025-07-29,403.0,410.0,395.0,400.89,308929,124476292.8,396.3,564.0,333.0,2025-07-29 14:59:49.217201000,1100,400.0,402.93,NICA,139
1797286,2025-07-29,1491.2,1540.0,1489.2,1525.68,424463,644138275.1,1461.99,1696.0,1136.0,2025-07-29 14:59:59.962279000,4172,1524.0,1517.54,HDL,235
1797306,2025-07-29,891.5,932.0,891.5,929.41,73341,67732982.5,909.64,1214.0,835.0,2025-07-29 14:59:59.972916000,738,931.0,923.54,NTC,307
1797512,2025-07-29,1585.0,1630.0,1565.0,1601.66,353764,569214189.7,1558.78,1630.0,722.0,2025-07-29 14:59:49.743228000,2327,1604.0,1609.02,NRIC,2881
1797734,2025-07-30,550.7,555.0,545.0,545.18,115662,63522477.0,548.55,700.0,474.1,2025-07-30 14:59:44.038700000,819,545.0,549.21,NABIL,131
1797740,2025-07-30,405.0,406.7,388.0,390.2,189372,74779345.5,400.89,564.0,333.0,2025-07-30 14:59:55.418219000,811,389.9,394.88,NICA,139
1797799,2025-07-30,1556.1,1556.1,1481.0,1486.43,485702,732984967.9,1525.68,1696.0,1136.0,2025-07-30 14:59:59.969653000,3946,1483.0,1509.12,HDL,235
1797819,2025-07-30,932.0,938.0,912.0,916.16,43237,39949145.9,929.41,1214.0,835.0,2025-07-30 14:59:59.823619000,449,912.0,923.96,NTC,307
1798025,2025-07-30,1629.0,1665.0,1602.0,1628.79,331806,543576033.7,1601.66,1665.0,722.0,2025-07-30 14:59:52.596515000,2685,1625.0,1638.23,NRIC,2881
1798247,2025-07-31,540.1,548.2,535.0,536.48,110940,59709752.8,545.18,700.0,474.1,2025-07-31 14:59:56.527935000,912,536.9,538.22,NABIL,131
1798253,2025-07-31,390.0,396.9,383.5,386.43,170007,66167915.9,390.2,564.0,333.0,2025-07-31 14:59:59.437252000,820,384.0,389.21,NICA,139
1798312,2025-07-31,1486.0,1496.0,1450.1,1459.83,471530,690951767.5,1486.43,1696.0,1136.0,2025-07-31 14:59:59.098938000,3793,1458.0,1465.34,HDL,235
1798332,2025-07-31,914.0,920.0,900.1,909.61,28517,25975319.0,916.16,1214.0,835.0,2025-07-31 14:59:58.146498000,374,909.0,910.87,NTC,307
1798538,2025-07-31,1660.0,1691.0,1592.5,1609.19,462490,753513588.4,1628.79,1691.0,722.0,2025-07-31 14:59:59.495855000,2720,1604.1,1629.25,NRIC,2881
1798761,2025-08-03,536.0,538.0,522.5,524.4,166184,87771702.4,536.48,700.0,474.1,2025-08-03 14:59:56.490113000,1331,525.0,528.16,NABIL,131
1798767,2025-08-03,386.0,388.0,381.0,381.91,146401,56051636.6,386.43,564.0,333.0,2025-08-03 14:59:58.187166000,711,382.0,382.86,NICA,139
1798826,2025-08-03,1489.0,1489.0,1385.2,1397.72,416417,588285216.3,1459.83,1696.0,1136.0,2025-08-03 14:59:57.142122000,3774,1400.0,1412.73,HDL,235
1798846,2025-08-03,910.0,910.0,891.0,892.57,42015,37608115.3,909.61,1214.0,835.0,2025-08-03 14:59:44.944781000,537,893.0,895.11,NTC,307
1799052,2025-08-03,1615.0,1615.0,1515.0,1530.85,478882,753964865.9,1609.19,1691.0,722.0,2025-08-03 14:59:58.620433000,2251,1515.0,1574.43,NRIC,2881
1799275,2025-08-04,524.4,532.0,519.0,527.97,103313,54318530.1,524.4,700.0,474.1,2025-08-04 14:53:12.418499000,811,528.0,525.77,NABIL,131
1799281,2025-08-04,388.7,399.0,385.0,395.76,275662,108183779.4,381.91,564.0,333.0,2025-08-04 14:59:56.600552000,1217,396.0,392.45,NICA,139
1799340,2025-08-04,1401.0,1420.0,1354.0,1387.99,271656,375851164.4,1397.72,1696.0,1136.0,2025-08-04 14:59:59.326038000,2263,1388.0,1383.56,HDL,235
1799360,2025-08-04,907.9,907.9,880.0,890.26,27496,24371199.2,892.57,1214.0,835.0,2025-08-04 14:59:52.427569000,365,890.0,886.35,NTC,307
1799566,2025-08-04,1530.0,1555.0,1490.0,1533.22,208060,316275424.3,1530.85,1691.0,722.0,2025-08-04 14:59:59.891210000,1727,1530.1,1520.12,NRIC,2881
1799789,2025-08-05,517.5,540.0,517.5,527.73,91553,48640299.2,527.97,682.0,474.1,2025-08-05 14:59:55.070220000,671,527.9,531.28,NABIL,131
1799795,2025-08-05,403.5,403.5,385.9,386.38,168482,66054248.8,395.76,564.0,333.0,2025-08-05 14:59:59.476916000,676,386.2,392.06,NICA,139
1799854,2025-08-05,1400.0,1400.0,1345.0,1348.37,138867,189271388.0,1387.99,1696.0,1136.0,2025-08-05 14:59:54.665272000,1601,1345.0,1362.97,HDL,235
1799874,2025-08-05,895.0,904.0,879.0,879.54,31485,27777081.6,890.26,1214.0,835.0,2025-08-05 14:59:50.135666000,369,880.0,882.23,NTC,307
1800080,2025-08-05,1550.0,1550.0,1482.0,1483.42,139609,209036887.5,1533.22,1691.0,722.0,2025-08-05 14:59:55.839197000,968,1484.0,1497.3,NRIC,2881
1800303,2025-08-06,530.0,530.0,523.0,525.93,48952,25755132.8,527.73,682.0,474.1,2025-08-06 14:59:53.509135000,485,526.0,526.13,NABIL,131
1800309,2025-08-06,391.0,391.0,385.0,385.51,63156,24412473.7,386.38,564.0,333.0,2025-08-06 14:59:56.690040000,338,386.5,386.54,NICA,139
1800368,2025-08-06,1359.0,1359.9,1330.0,1340.33,131256,176505433.8,1348.37,1696.0,1136.0,2025-08-06 14:59:57.661399000,1379,1339.0,1344.74,HDL,235
1800388,2025-08-06,897.1,897.1,873.0,880.16,13624,11982440.3,879.54,1214.0,835.0,2025-08-06 14:59:39.950747000,264,879.1,879.51,NTC,307
1800594,2025-08-06,1454.0,1520.0,1454.0,1491.75,126020,189088734.3,1483.42,1691.0,722.0,2025-08-06 14:59:50.154440000,1147,1498.0,1500.47,NRIC,2881
1800817,2025-08-07,534.9,534.9,525.6,527.36,63502,33510621.6,525.93,682.0,474.1,2025-08-07 14:59:52.824904000,465,528.8,527.71,NABIL,131
1800823,2025-08-07,392.8,392.8,383.0,384.68,83056,32003820.7,385.51,564.0,333.0,2025-08-07 14:59:58.374119000,468,384.1,385.33,NICA,139
1800882,2025-08-07,1355.0,1385.0,1340.2,1373.93,109838,150299326.3,1340.33,1696.0,1136.0,2025-08-07 14:59:57.328250000,1112,1376.0,1368.37,HDL,235
1800902,2025-08-07,883.0,888.0,879.0,880.49,19454,17143710.0,880.16,1214.0,835.0,2025-08-07 14:59:51.659787000,303,881.0,881.24,NTC,307
1801108,2025-08-07,1463.0,1537.0,1463.0,1519.31,150518,228748515.0,1491.75,1691.0,722.0,2025-08-07 14:59:59.226545000,983,1518.9,1519.74,NRIC,2881
1801331,2025-08-11,533.0,534.0,525.0,526.3,69423,36644323.0,527.36,682.0,474.1,2025-08-11 14:59:47.464464000,634,526.2,527.84,NABIL,131
1801337,2025-08-11,389.0,392.0,381.1,381.26,101169,38902186.4,384.68,564.0,333.0,2025-08-11 14:59:46.709990000,436,382.0,384.53,NICA,139
1801396,2025-08-11,1395.0,1401.0,1350.0,1351.89,195027,267095331.8,1373.93,1665.0,1136.0,2025-08-11 14:59:57.827528000,1393,1350.0,1369.53,HDL,235
1801416,2025-08-11,885.3,895.0,875.0,877.37,23274,20497922.4,880.49,1214.0,835.0,2025-08-11 14:59:55.957079000,315,879.0,880.72,NTC,307
1801622,2025-08-11,1530.0,1583.0,1525.0,1553.4,236341,366053235.6,1519.31,1691.0,722.0,2025-08-11 14:59:58.086783000,1636,1550.0,1548.84,NRIC,2881
1801845,2025-08-12,530.0,534.5,524.2,524.86,79172,41718059.2,526.3,682.0,474.1,2025-08-12 14:59:56.028689000,719,525.0,526.93,NABIL,131
1801851,2025-08-12,385.0,385.0,376.1,376.92,59057,22363141.3,381.26,564.0,333.0,2025-08-12 14:59:53.748386000,359,377.0,378.67,NICA,139
1801910,2025-08-12,1350.0,1351.89,1330.0,1332.27,117650,157465152.6,1351.89,1640.0,1136.0,2025-08-12 14:59:53.478673000,1036,1331.0,1338.42,HDL,235
1801930,2025-08-12,871.0,885.0,871.0,872.99,11154,9767464.8,877.37,1214.0,835.0,2025-08-12 14:59:36.154185000,212,872.1,875.69,NTC,307
1802136,2025-08-12,1560.0,1577.9,1532.0,1538.87,172139,267755293.8,1553.4,1691.0,722.0,2025-08-12 14:59:58.803370000,1060,1535.0,1555.46,NRIC,2881
1802359,2025-08-13,523.0,524.9,522.0,523.63,50014,26191841.4,524.86,682.0,474.1,2025-08-13 14:59:44.191040000,527,524.1,523.69,NABIL,131
1802365,2025-08-13,380.0,380.0,370.0,370.48,85556,31991359.1,376.92,564.0,333.0,2025-08-13 14:59:56.003737000,467,371.0,373.92,NICA,139
1802424,2025-08-13,1326.0,1350.0,1326.0,1333.51,74775,99828926.2,1332.27,1618.0,1136.0,2025-08-13 14:59:50.871337000,747,1335.0,1335.06,HDL,235
1802444,2025-08-13,873.1,882.0,865.3,874.58,12725,11142625.45,872.99,1214.0,835.0,2025-08-13 14:59:45.023095000,208,872.0,875.65,NTC,307
1802650,2025-08-13,1554.0,1557.9,1532.0,1539.16,118995,183770361.6,1538.87,1691.0,722.0,2025-08-13 14:59:59.315674000,762,1540.0,1544.35,NRIC,2881
1802873,2025-08-14,524.1,526.5,523.1,523.82,47263,24778523.1,523.63,682.0,474.1,2025-08-14 14:59:52.481429000,479,524.1,524.27,NABIL,131
1802879,2025-08-14,371.8,371.9,363.1,365.66,88358,32407300.6,370.48,564.0,333.0,2025-08-14 14:59:41.803341000,511,365.0,366.77,NICA,139
1802938,2025-08-14,1360.1,1360.1,1339.0,1345.83,134746,181526125.8,1333.51,1618.0,1136.0,2025-08-14 14:59:57.317904000,1317,1343.1,1347.17,HDL,235
1802958,2025-08-14,882.0,882.0,873.0,876.08,9640,8439227.2,874.58,1125.0,835.0,2025-08-14 14:59:54.100791000,159,875.1,875.44,NTC,307
1803164,2025-08-14,1569.9,1602.0,1530.8,1593.55,297810,471713298.0,1539.16,1691.0,722.0,2025-08-14 14:59:59.132994000,1989,1590.0,1583.94,NRIC,2881
1803388,2025-08-17,525.0,528.0,519.0,521.21,63880,33327526.4,523.82,682.0,474.1,2025-08-17 14:59:52.064999000,514,521.1,521.72,NABIL,131
1803394,2025-08-17,358.4,358.4,340.0,348.64,256794,90033152.6,365.66,564.0,333.0,2025-08-17 14:59:54.499994000,1381,349.5,350.6,NICA,139
1803453,2025-08-17,1370.0,1370.0,1330.0,1331.6,115887,155154864.9,1345.83,1618.0,1136.0,2025-08-17 14:59:58.433268000,1129,1331.0,1338.85,HDL,235
1803473,2025-08-17,858.6,870.0,848.1,849.61,62678,53479068.9,876.08,1124.0,835.0,2025-08-17 14:59:46.434478000,827,851.0,853.24,NTC,307
1803679,2025-08-17,1593.0,1632.0,1573.0,1582.61,321323,516702201.9,1593.55,1691.0,722.0,2025-08-17 14:59:57.300047000,1881,1575.0,1608.05,NRIC,2881
1803903,2025-08-18,520.0,524.0,517.0,518.95,48703,25313878.1,521.21,675.0,474.1,2025-08-18 14:59:54.564724000,475,519.0,519.76,NABIL,131
1803909,2025-08-18,350.0,351.0,344.5,348.23,103749,36139739.7,348.64,542.6,333.0,2025-08-18 14:59:56.905887000,567,349.0,348.34,NICA,139
1803968,2025-08-18,1331.0,1384.9,1331.0,1375.52,130428,176672866.2,1331.6,1556.1,1136.0,2025-08-18 14:59:54.323744000,1075,1379.0,1354.56,HDL,235
1803988,2025-08-18,849.0,855.0,849.0,851.52,15830,13480026.4,849.61,1107.0,835.0,2025-08-18 14:59:56.417804000,257,851.0,851.55,NTC,307
1804194,2025-08-18,1584.0,1599.9,1555.0,1561.99,138590,217528831.8,1582.61,1691.0,722.0,2025-08-18 14:59:59.469865000,1026,1560.3,1569.59,NRIC,2881
1804418,2025-08-19,525.0,525.0,518.0,518.81,44459,23102548.6,518.95,675.0,474.1,2025-08-19 14:59:58.593488000,470,519.0,519.64,NABIL,131
1804424,2025-08-19,348.5,355.1,348.1,350.65,83058,29263547.3,348.23,542.6,333.0,2025-08-19 14:59:46.235837000,455,351.0,352.33,NICA,139
1804483,2025-08-19,1370.0,1408.0,1370.0,1394.92,203014,283766228.5,1375.52,1556.1,1136.0,2025-08-19 14:59:58.605928000,1800,1395.0,1397.77,HDL,235
1804503,2025-08-19,865.0,885.0,850.0,852.81,15746,13458226.5,851.52,1107.0,835.0,2025-08-19 14:59:48.331447000,270,856.0,854.71,NTC,307
1804709,2025-08-19,1575.0,1588.0,1555.3,1567.06,90210,141472152.4,1561.99,1691.0,722.0,2025-08-19 14:59:57.575893000,660,1569.9,1568.25,NRIC,2881
1804933,2025-08-20,518.0,521.0,517.0,518.81,43704,22666843.8,518.81,675.0,474.1,2025-08-20 14:59:57.641019000,382,519.0,518.64,NABIL,131
1804939,2025-08-20,353.0,356.0,350.0,351.12,58516,20575102.7,350.65,542.6,333.0,2025-08-20 14:59:43.248060000,312,351.9,351.61,NICA,139
1804998,2025-08-20,1400.0,1403.0,1360.0,1361.85,76962,105719087.9,1394.92,1556.1,1136.0,2025-08-20 14:59:45.415758000,836,1364.9,1373.65,HDL,235
1805018,2025-08-20,853.0,860.0,850.1,852.79,12368,10542998.1,852.81,1107.0,835.0,2025-08-20 14:59:22.149224000,209,854.0,852.44,NTC,307
1805224,2025-08-20,1535.8,1599.0,1535.8,1569.66,158629,250979240.7,1567.06,1691.0,722.0,2025-08-20 14:59:59.272166000,816,1569.9,1582.18,NRIC,2881
1805449,2025-08-21,524.9,524.9,517.3,518.14,38427,19925528.2,518.81,668.0,474.1,2025-08-21 14:59:51.809184000,406,519.0,518.53,NABIL,131
1805455,2025-08-21,350.1,353.9,348.0,348.38,47481,16616877.5,351.12,542.6,333.0,2025-08-21 14:59:28.214158000,296,349.0,349.97,NICA,139
1805514,2025-08-21,1362.0,1378.0,1352.5,1371.91,95557,130824447.2,1361.85,1556.1,1136.0,2025-08-21 14:59:59.487745000,779,1375.0,1369.07,HDL,235
1805534,2025-08-21,864.9,864.9,850.0,850.4,22531,19172712.7,852.79,1107.0,835.0,2025-08-21 14:59:59.211085000,294,850.0,850.95,NTC,307
1805740,2025-08-21,1601.0,1601.0,1540.0,1563.17,127600,200959623.3,1569.66,1691.0,722.0,2025-08-21 14:59:59.617419000,622,1562.0,1574.92,NRIC,2881
1805965,2025-08-24,520.0,520.0,513.0,513.56,72676,37383957.5,518.14,654.0,474.1,2025-08-24 14:59:49.075562000,577,513.2,514.39,NABIL,131
1805971,2025-08-24,348.2,349.5,343.0,343.56,94633,32680795.7,348.38,537.9,333.0,2025-08-24 14:59:37.638182000,497,345.0,345.34,NICA,139
1806030,2025-08-24,1344.5,1474.0,1344.5,1421.28,1274225,1757930386.4,1371.91,1556.1,1136.0,2025-08-24 14:59:59.936418000,3576,1423.9,1379.61,HDL,235
1806050,2025-08-24,850.0,863.0,848.0,852.12,14313,12187201.8,850.4,1107.0,835.0,2025-08-24 14:59:48.134039000,209,852.3,851.48,NTC,307
1806256,2025-08-24,1584.0,1590.0,1555.2,1567.57,155938,244772317.7,1563.17,1691.0,722.0,2025-08-24 14:59:59.707775000,766,1569.8,1569.68,NRIC,2881
1806481,2025-08-25,512.0,525.0,509.0,522.58,81167,41935363.2,513.56,640.0,474.1,2025-08-25 14:59:36.934808000,622,520.5,516.66,NABIL,131
1806487,2025-08-25,343.0,345.0,337.0,344.34,76387,26129868.7,343.56,525.0,333.0,2025-08-25 14:59:56.275282000,382,344.9,342.07,NICA,139
1806546,2025-08-25,1420.0,1422.2,1395.0,1405.87,146976,206600376.0,1421.28,1556.1,1136.0,2025-08-25 14:59:59.053846000,1404,1409.0,1405.67,HDL,235
1806566,2025-08-25,849.0,859.0,849.0,850.91,20148,17138223.1,852.12,1107.0,835.0,2025-08-25 14:59:35.023306000,282,850.0,850.62,NTC,307
1806772,2025-08-25,1575.0,1652.0,1552.2,1647.5,475871,769677951.8,1567.57,1691.0,722.0,2025-08-25 14:59:58.354773000,2898,1649.9,1617.41,NRIC,2881
1806998,2025-08-26,514.5,533.0,514.5,529.35,67932,35900524.6,522.58,640.0,474.1,2025-08-26 14:59:56.067167000,509,529.0,528.48,NABIL,131
1807004,2025-08-26,349.9,349.9,344.0,344.53,34295,11850669.8,344.34,525.0,333.0,2025-08-26 14:59:56.016809000,238,344.2,345.55,NICA,139
1807063,2025-08-26,1424.0,1424.0,1390.0,1398.6,120204,168409343.0,1405.87,1556.1,1136.0,2025-08-26 14:59:55.568707000,860,1399.0,1401.03,HDL,235
1807083,2025-08-26,866.6,866.6,849.9,850.34,17137,14577926.9,850.91,1107.0,835.0,2025-08-26 14:59:39.827769000,297,850.0,850.67,NTC,307
1807289,2025-08-26,1647.5,1688.0,1640.0,1685.72,293532,489578224.7,1647.5,1691.0,722.0,2025-08-26 14:59:59.872562000,2117,1686.2,1667.89,NRIC,2881
1807515,2025-08-27,539.9,539.9,526.5,533.87,64476,34175100.6,529.35,630.0,474.1,2025-08-27 14:59:59.511857000,543,533.5,530.04,NABIL,131
1807521,2025-08-27,351.4,352.9,345.2,351.44,75720,26464709.2,344.53,516.0,333.0,2025-08-27 14:59:41.011676000,373,352.5,349.51,NICA,139
1807580,2025-08-27,1404.0,1443.4,1387.0,1440.03,305367,434007681.1,1398.6,1556.1,1136.0,2025-08-27 14:59:58.652035000,2044,1440.0,1421.27,HDL,235
1807600,2025-08-27,867.3,867.3,849.1,852.06,47731,40618227.2,850.34,1107.0,835.0,2025-08-27 14:59:47.566017000,516,855.0,850.98,NTC,307
1807806,2025-08-27,1685.0,1738.0,1669.0,1731.89,294510,505276277.0,1685.72,1738.0,722.0,2025-08-27 14:59:59.358105000,2293,1731.0,1715.65,NRIC,2881
1808032,2025-08-28,532.0,538.9,527.0,528.86,83641,44571924.6,533.87,625.0,474.1,2025-08-28 14:59:50.042106000,489,529.0,532.9,NABIL,131
1808038,2025-08-28,352.0,355.0,350.0,351.32,63594,22397074.1,351.44,512.0,333.0,2025-08-28 14:59:58.110074000,391,351.0,352.19,NICA,139
1808097,2025-08-28,1440.0,1459.0,1416.1,1419.3,243935,350421793.4,1440.03,1556.1,1136.0,2025-08-28 14:59:57.076700000,1918,1419.0,1436.54,HDL,235
1808117,2025-08-28,868.8,868.8,848.7,849.32,38036,32350190.5,852.06,1107.0,835.0,2025-08-28 14:59:35.670447000,402,851.9,850.52,NTC,307
1808323,2025-08-28,1735.0,1743.0,1671.0,1689.84,384160,654403822.1,1731.89,1743.0,722.0,2025-08-28 14:59:55.503006000,2138,1689.0,1703.47,NRIC,2881
1808549,2025-08-31,535.0,536.9,520.0,520.84,66938,35271776.5,528.86,623.0,474.1,2025-08-31 14:59:58.987921000,483,521.0,526.93,NABIL,131
1808555,2025-08-31,352.0,353.0,345.0,346.46,31039,10759272.7,351.32,512.0,333.0,2025-08-31 14:59:47.891609000,252,347.0,346.64,NICA,139
1808614,2025-08-31,1447.0,1447.0,1389.0,1390.98,187677,263326384.2,1419.3,1556.1,1136.0,2025-08-31 14:59:53.860428000,1329,1392.0,1403.08,HDL,235
1808634,2025-08-31,851.5,852.0,845.1,848.27,23673,20072605.3,849.32,1107.0,835.0,2025-08-31 14:59:54.260063000,308,847.0,847.91,NTC,307
1808840,2025-08-31,1665.0,1708.0,1655.0,1667.07,270397,454645364.1,1689.84,1743.0,722.0,2025-08-31 14:59:59.363344000,1633,1655.0,1681.4,NRIC,2881
1809067,2025-09-01,531.2,531.2,518.0,527.66,42334,22222760.8,520.84,623.0,474.1,2025-09-01 14:59:58.409256000,354,528.5,524.94,NABIL,131
1809073,2025-09-01,353.3,353.3,341.0,350.02,62119,21489767.6,346.46,512.0,333.0,2025-09-01 14:59:43.589201000,383,351.0,345.95,NICA,139
1809132,2025-09-01,1395.0,1414.0,1384.0,1408.63,155571,218118788.1,1390.98,1556.1,1136.0,2025-09-01 14:59:56.516331000,1012,1410.5,1402.05,HDL,235
1809152,2025-09-01,865.2,865.2,840.0,843.03,29413,24852190.4,848.27,1107.0,835.0,2025-09-01 14:59:56.232369000,416,841.0,844.94,NTC,307
1809358,2025-09-01,1634.0,1700.0,1634.0,1674.55,168071,280823184.5,1667.07,1743.0,722.0,2025-09-01 14:59:59.424802000,1047,1678.0,1670.86,NRIC,2881
1809585,2025-09-02,538.2,538.2,523.3,523.75,34983,18405010.2,527.66,623.0,474.1,2025-09-02 14:59:54.023056000,371,523.5,526.11,NABIL,131
1809591,2025-09-02,357.0,357.0,345.0,345.15,45243,15760942.6,350.02,512.0,333.0,2025-09-02 14:59:12.330130000,293,345.2,348.36,NICA,139
1809650,2025-09-02,1380.5,1434.0,1380.5,1391.87,101739,142690461.6,1408.63,1556.1,1136.0,2025-09-02 14:59:57.314720000,812,1395.9,1402.51,HDL,235
1809670,2025-09-02,859.8,859.8,843.1,844.1,23696,20014912.8,843.03,1107.0,835.0,2025-09-02 14:59:55.828688000,203,845.0,844.65,NTC,307
1809876,2025-09-02,1641.1,1842.0,1641.1,1665.64,135080,227045814.3,1674.55,1842.0,722.0,2025-09-02 14:59:58.953545000,939,1675.0,1680.82,NRIC,2881
1810104,2025-09-03,520.0,529.0,519.0,519.88,34096,17740832.0,523.75,622.2,474.1,2025-09-03 14:59:57.437048000,354,521.0,520.32,NABIL,131
1810110,2025-09-03,346.5,346.8,344.0,344.79,22544,7786264.7,345.15,507.9,333.0,2025-09-03 14:59:35.719321000,191,345.5,345.38,NICA,139
1810169,2025-09-03,1419.7,1419.7,1383.1,1386.49,86112,119771725.4,1391.87,1556.1,1136.0,2025-09-03 14:59:55.901538000,709,1385.0,1390.88,HDL,235
1810189,2025-09-03,850.0,850.0,844.2,845.66,7306,6185948.7,844.1,1107.0,835.0,2025-09-03 14:59:50.542934000,137,846.0,846.69,NTC,307
1810395,2025-09-03,1660.0,1686.0,1660.0,1663.88,156818,261586238.0,1665.64,1842.0,722.0,2025-09-03 14:59:59.621299000,831,1666.0,1668.09,NRIC,2881
1810623,2025-09-04,528.0,528.0,515.0,517.58,40199,20749919.0,519.88,619.0,474.1,2025-09-04 14:59:58.149319000,430,518.8,516.18,NABIL,131
1810629,2025-09-04,341.3,345.0,341.3,344.18,46045,15781524.1,344.79,505.0,333.0,2025-09-04 14:59:52.782217000,244,344.0,342.74,NICA,139
1810688,2025-09-04,1359.0,1400.0,1359.0,1387.6,113372,157176836.6,1386.49,1556.1,1136.0,2025-09-04 14:59:56.890983000,906,1390.0,1386.38,HDL,235
1810708,2025-09-04,845.0,858.0,835.0,839.51,31682,26576163.5,845.66,1107.0,835.0,2025-09-04 14:59:00.822490000,464,841.0,838.84,NTC,307
1810914,2025-09-04,1660.0,1677.0,1630.0,1658.08,213812,353570151.7,1663.88,1842.0,722.0,2025-09-04 14:59:59.502205000,1312,1669.9,1653.65,NRIC,2881
1811142,2025-09-07,507.3,517.8,507.3,514.87,25831,13310474.8,517.58,619.0,474.1,2025-09-07 14:59:45.331724000,350,514.7,515.29,NABIL,131
1811148,2025-09-07,338.0,344.7,338.0,341.54,33752,11540652.0,344.18,505.0,333.0,2025-09-07 14:59:53.916955000,225,341.1,341.92,NICA,139
1811207,2025-09-07,1360.0,1409.0,1360.0,1389.86,115065,160510739.7,1387.6,1556.1,1136.0,2025-09-07 14:59:54.793281000,835,1388.1,1394.96,HDL,235
1811227,2025-09-07,839.0,840.0,824.0,824.74,69008,57252441.8,839.51,1107.0,824.0,2025-09-07 14:59:59.985658000,674,825.0,829.65,NTC,307
1811433,2025-09-07,1685.0,1695.0,1660.0,1668.44,163248,274645200.3,1658.08,1842.0,722.0,2025-09-07 14:59:59.675504000,1008,1670.0,1682.38,NRIC,2881
1811661,2025-09-08,515.0,515.0,510.0,513.15,42962,21964392.8,514.87,619.0,474.1,2025-09-08 14:59:54.300879000,422,515.0,511.25,NABIL,131
1811667,2025-09-08,341.0,342.0,338.5,339.78,51679,17561190.5,341.54,505.0,333.0,2025-09-08 14:59:43.229121000,264,339.6,339.81,NICA,139
1811726,2025-09-08,1417.6,1417.6,1363.5,1370.04,105991,145782478.3,1389.86,1556.1,1136.0,2025-09-08 14:59:50.233599000,901,1375.0,1375.42,HDL,235
1811746,2025-09-08,825.0,835.0,825.0,825.52,20280,16770476.6,824.74,1107.0,824.0,2025-09-08 14:59:56.415570000,307,825.0,826.95,NTC,307
1811952,2025-09-08,1650.0,1678.0,1616.0,1631.86,187293,306857604.8,1668.44,1842.0,722.0,2025-09-08 14:59:58.649073000,1101,1634.9,1638.38,NRIC,2881
1812180,2025-09-18,502.9,502.9,471.0,483.0,16660,8052975.0,513.15,619.0,471.0,2025-09-18 12:06:07.795478000,120,483.0,483.37,NABIL,131
1812186,2025-09-18,333.0,333.0,308.7,314.0,7459,2375434.6,339.78,505.0,308.7,2025-09-18 12:06:02.804339000,48,314.0,318.47,NICA,139
1812245,2025-09-18,1342.7,1342.7,1289.9,1298.0,31517,40878592.5,1370.04,1556.1,1136.0,2025-09-18 12:06:08.814106000,252,1298.0,1297.03,HDL,235
1812265,2025-09-18,809.1,820.0,762.5,808.0,3839,3033919.7,825.52,1107.0,762.5,2025-09-18 12:06:01.097681000,63,808.0,790.29,NTC,307
1812471,2025-09-18,1599.3,1599.3,1468.7,1468.7,2922,4296724.4,1631.86,1842.0,722.0,2025-09-18 12:05:32.524186000,34,1468.7,1470.47,NRIC,2881
1812699,2025-09-21,474.0,514.0,474.0,510.18,122490,61735387.9,483.0,619.0,471.0,2025-09-21 14:59:55.511383000,1251,509.9,504.0,NABIL,131
1812705,2025-09-21,310.5,332.4,310.5,331.42,108087,35357788.5,314.0,505.0,308.7,2025-09-21 14:59:59.169493000,766,330.0,327.12,NICA,139
1812764,2025-09-21,1280.0,1380.0,1280.0,1376.98,178470,240748457.9,1298.0,1556.1,1136.0,2025-09-21 14:59:59.649951000,1775,1375.0,1348.96,HDL,235
1812784,2025-09-21,805.0,851.6,800.0,838.6,39385,32526958.2,808.0,1107.0,762.5,2025-09-21 14:59:44.196685000,648,838.0,825.87,NTC,307
1812989,2025-09-21,1439.4,1538.0,1321.9,1470.67,599089,831355910.5,1468.7,1842.0,722.0,2025-09-21 14:59:59.823078000,3567,1472.0,1387.7,NRIC,2881
1813217,2025-09-23,516.9,525.0,513.0,523.5,55373,28777561.9,510.18,619.0,471.0,2025-09-23 14:59:46.572475000,581,523.5,519.7,NABIL,131
1813223,2025-09-23,335.0,338.9,333.0,336.8,49990,16776510.5,331.42,505.0,308.7,2025-09-23 14:59:48.062608000,314,336.8,335.6,NICA,139
1813282,2025-09-23,1404.5,1404.5,1365.7,1380.1,131212,181688456.8,1376.98,1556.1,1136.0,2025-09-23 14:59:59.810733000,1076,1380.1,1384.69,HDL,235
1813302,2025-09-23,845.0,855.1,840.0,854.0,17191,14598883.6,838.6,1107.0,762.5,2025-09-23 14:58:58.561675000,277,854.0,849.22,NTC,307
1813507,2025-09-23,1490.0,1528.9,1452.0,1518.0,256583,386801837.0,1470.67,1842.0,722.0,2025-09-23 14:59:58.482446000,1552,1518.0,1507.51,NRIC,2881
1813735,2025-09-24,525.0,528.0,515.0,522.0,59254,30932259.0,523.5,619.0,471.0,2025-09-24 14:59:41.944998000,439,522.0,522.03,NABIL,131
1813741,2025-09-24,337.0,338.4,331.0,334.0,31306,10432191.2,336.8,505.0,308.7,2025-09-24 14:59:59.921289000,267,334.0,333.23,NICA,139
1813800,2025-09-24,1352.5,1400.0,1352.5,1365.0,70897,97285638.5,1380.1,1556.1,1136.0,2025-09-24 14:59:50.158286000,631,1365.0,1372.21,HDL,235
1813820,2025-09-24,865.0,865.0,848.0,849.0,11110,9454965.2,854.0,1107.0,762.5,2025-09-24 14:58:51.520541000,190,849.0,851.03,NTC,307
1814025,2025-09-24,1490.0,1520.0,1445.0,1467.0,117746,173253424.8,1518.0,1842.0,722.0,2025-09-24 14:59:59.706650000,718,1467.0,1471.42,NRIC,2881
1814253,2025-09-25,523.0,524.9,516.0,521.6,28626,14946270.3,522.0,619.0,471.0,2025-09-25 14:59:51.855193000,236,521.6,522.12,NABIL,131
1814259,2025-09-25,330.1,336.7,330.1,331.2,24603,8184953.0,334.0,505.0,308.7,2025-09-25 14:59:42.305527000,198,331.2,332.68,NICA,139
1814318,2025-09-25,1392.3,1392.3,1340.1,1363.0,40576,55439095.0,1365.0,1556.1,1136.0,2025-09-25 14:59:53.397978000,413,1363.0,1366.3,HDL,235
1814338,2025-09-25,845.1,856.9,840.5,848.2,8106,6879023.0,849.0,1107.0,762.5,2025-09-25 14:59:51.094079000,134,848.2,848.63,NTC,307
1814543,2025-09-25,1437.7,1490.0,1436.0,1462.0,211691,309034270.6,1467.0,1842.0,722.0,2025-09-25 14:59:57.201575000,833,1462.0,1459.84,NRIC,2881
1814771,2025-09-28,524.0,528.0,521.0,527.0,30997,16269472.5,521.6,619.0,471.0,2025-09-28 14:59:58.331114000,305,527.0,524.87,NABIL,131
1814777,2025-09-28,335.0,337.0,333.0,334.0,31511,10522752.9,331.2,505.0,308.7,2025-09-28 14:59:53.289717000,193,334.0,333.94,NICA,139
1814836,2025-09-28,1390.2,1390.2,1360.0,1369.0,50082,68534959.2,1363.0,1556.1,1136.0,2025-09-28 14:59:54.088232000,467,1369.0,1368.45,HDL,235
1814856,2025-09-28,852.0,855.0,848.0,852.0,6444,5477788.3,848.2,1107.0,762.5,2025-09-28 14:59:31.655240000,143,852.0,850.06,NTC,307
1815061,2025-09-28,1462.0,1487.0,1444.0,1444.0,75209,110034005.0,1462.0,1842.0,722.0,2025-09-28 14:59:58.812612000,499,1444.0,1463.04,NRIC,2881
1815289,2025-10-07,530.0,530.0,512.6,521.0,48977,25450439.7,527.0,619.0,471.0,2025-10-07 14:59:52.039002000,408,521.0,519.64,NABIL,131
1815295,2025-10-07,332.0,335.0,326.4,330.2,38679,12774584.7,334.0,505.0,308.7,2025-10-07 14:59:38.075949000,286,330.2,330.27,NICA,139
1815354,2025-10-07,1396.3,1396.3,1340.0,1349.0,72023,97234115.2,1369.0,1556.1,1136.0,2025-10-07 14:59:55.889148000,773,1349.0,1350.04,HDL,235
1815374,2025-10-07,852.0,852.0,843.0,846.0,11285,9560080.3,852.0,1107.0,762.5,2025-10-07 14:55:57.259746000,196,846.0,847.15,NTC,307
1815579,2025-10-07,1465.0,1465.0,1320.1,1320.2,141566,194506717.1,1444.0,1842.0,722.0,2025-10-07 14:59:59.362467000,1050,1320.2,1373.96,NRIC,2881
1815807,2025-10-08,523.0,523.0,505.0,514.0,78401,39999289.5,521.0,619.0,471.0,2025-10-08 14:59:26.256421000,670,514.0,510.19,NABIL,131
1815813,2025-10-08,331.5,331.5,318.0,321.0,81048,26122021.5,330.2,505.0,308.7,2025-10-08 14:59:31.808497000,455,321.0,322.3,NICA,139
1815872,2025-10-08,1375.9,1375.9,1321.0,1340.0,91435,121546240.2,1349.0,1556.1,1136.0,2025-10-08 14:59:59.807929000,836,1340.0,1329.32,HDL,235
1815892,2025-10-08,848.0,849.0,833.0,839.0,13672,11462785.4,846.0,1107.0,762.5,2025-10-08 14:59:45.373422000,187,839.0,838.41,NTC,307
1816097,2025-10-08,1345.0,1367.9,1265.1,1307.0,201198,261690897.5,1320.2,1842.0,722.0,2025-10-08 14:59:59.485318000,1309,1307.0,1300.66,NRIC,2881
1816325,2025-10-09,523.9,544.0,514.0,519.9,43284,22572450.2,514.0,619.0,471.0,2025-10-09 14:59:54.541118000,414,519.9,521.5,NABIL,131
1816331,2025-10-09,327.4,345.0,326.1,328.0,35932,11850764.0,321.0,505.0,308.7,2025-10-09 14:59:59.150754000,264,328.0,329.81,NICA,139
1816390,2025-10-09,1366.8,1394.0,1339.0,1349.8,123099,167169134.8,1340.0,1556.1,1136.0,2025-10-09 14:59:53.484570000,894,1349.8,1358.01,HDL,235
1816410,2025-10-09,853.0,872.6,839.0,847.3,13686,11633870.5,839.0,1107.0,762.5,2025-10-09 14:59:35.347287000,178,847.3,850.06,NTC,307
1816615,2025-10-09,1302.0,1437.2,1280.0,1300.0,152360,200707961.2,1307.0,1842.0,722.0,2025-10-09 14:59:58.502277000,839,1300.0,1317.33,NRIC,2881
1816843,2025-10-12,530.2,530.2,505.0,510.5,65413,33410328.4,519.9,619.0,471.0,2025-10-12 14:59:50.743257000,632,510.5,510.76,NABIL,131
1816849,2025-10-12,329.0,329.0,318.0,321.0,61096,19597769.5,328.0,505.0,308.7,2025-10-12 14:59:51.000550000,351,321.0,320.77,NICA,139
1816908,2025-10-12,1376.7,1376.7,1300.1,1310.0,131646,173269970.2,1349.8,1556.1,1136.0,2025-10-12 14:59:58.663735000,1158,1310.0,1316.18,HDL,235
1816928,2025-10-12,845.0,850.0,836.0,841.0,13058,10961756.0,847.3,1107.0,762.5,2025-10-12 14:59:57.732640000,181,841.0,839.47,NTC,307
1817133,2025-10-12,1320.0,1320.0,1174.0,1181.1,314825,380747072.6,1300.0,1842.0,722.0,2025-10-12 14:59:59.972773000,1737,1181.1,1209.39,NRIC,2881
1817361,2025-10-13,519.9,520.0,506.0,510.0,53374,27268268.7,510.5,619.0,471.0,2025-10-13 14:59:44.570546000,528,510.0,510.89,NABIL,131
1817367,2025-10-13,327.0,327.0,320.0,322.0,43486,14002986.3,321.0,505.0,308.7,2025-10-13 14:59:59.052418000,283,322.0,322.01,NICA,139
1817426,2025-10-13,1310.0,1340.0,1300.2,1335.0,63115,83353072.5,1310.0,1556.1,1136.0,2025-10-13 14:59:58.701629000,567,1335.0,1320.65,HDL,235
1817446,2025-10-13,857.0,857.0,831.0,844.1,7681,6470626.6,841.0,1107.0,762.5,2025-10-13 14:59:54.004394000,129,844.1,842.42,NTC,307
1817651,2025-10-13,1204.7,1299.2,1161.5,1299.2,212351,264770840.8,1181.1,1842.0,722.0,2025-10-13 14:59:57.062170000,1208,1299.2,1246.85,NRIC,2881
1817879,2025-10-14,518.5,518.5,510.0,510.0,31168,15920085.6,510.0,619.0,471.0,2025-10-14 14:59:58.775966000,306,510.0,510.78,NABIL,131
1817885,2025-10-14,322.0,324.5,316.0,316.7,36339,11579222.9,322.0,505.0,308.7,2025-10-14 14:59:50.315751000,262,316.7,318.64,NICA,139
1817944,2025-10-14,1330.0,1347.0,1311.1,1314.0,53937,71513270.7,1335.0,1556.1,1136.0,2025-10-14 14:59:52.197735000,442,1314.0,1325.87,HDL,235
1817964,2025-10-14,858.0,858.0,840.0,849.0,8580,7265570.7,844.1,1107.0,762.5,2025-10-14 14:59:57.957586000,119,849.0,846.8,NTC,307
1818169,2025-10-14,1320.0,1334.0,1280.1,1331.0,243537,320783716.6,1299.2,1842.0,722.0,2025-10-14 14:59:59.337640000,1141,1331.0,1317.19,NRIC,2881
1818397,2025-10-15,518.0,518.0,507.0,508.7,38107,19392773.3,510.0,619.0,471.0,2025-10-15 14:59:47.885762000,377,508.7,508.9,NABIL,131
1818403,2025-10-15,316.0,319.0,315.0,317.0,28907,9155075.2,316.7,505.0,308.7,2025-10-15 14:59:06.401043000,205,317.0,316.71,NICA,139
1818462,2025-10-15,1305.0,1339.0,1305.0,1312.0,66160,87254883.4,1314.0,1556.1,1136.0,2025-10-15 14:59:58.891416000,428,1312.0,1318.85,HDL,235
1818482,2025-10-15,850.0,855.0,842.1,844.0,20636,17477878.7,849.0,1107.0,762.5,2025-10-15 14:59:15.740809000,175,844.0,846.96,NTC,307
1818687,2025-10-15,1310.0,1350.0,1290.0,1305.0,155553,205404367.9,1331.0,1842.0,722.0,2025-10-15 14:59:57.175946000,803,1305.0,1320.48,NRIC,2881
1818915,2025-10-16,517.9,517.9,506.0,509.0,37341,18987148.5,508.7,619.0,471.0,2025-10-16 14:59:59.806644000,354,509.0,508.48,NABIL,131
1818921,2025-10-16,319.0,319.0,314.0,314.1,33027,10410928.7,317.0,505.0,308.7,2025-10-16 14:59:24.484067000,208,314.1,315.22,NICA,139
1818980,2025-10-16,1338.0,1338.0,1310.0,1310.0,71639,94253662.6,1312.0,1556.1,1136.0,2025-10-16 14:59:56.072899000,502,1310.0,1315.68,HDL,235
1819000,2025-10-16,854.9,854.9,838.0,845.8,12178,10294004.7,844.0,1107.0,762.5,2025-10-16 14:59:40.905189000,137,845.8,845.3,NTC,307
1819205,2025-10-16,1278.9,1318.0,1225.0,1250.0,102789,130462654.6,1305.0,1842.0,722.0,2025-10-16 14:59:59.201485000,701,1250.0,1269.23,NRIC,2881
1819433,2025-10-19,512.0,512.0,506.0,507.9,38379,19552540.9,509.0,607.2,471.0,2025-10-19 14:59:54.184989000,356,507.9,509.46,NABIL,131
1819439,2025-10-19,314.0,320.0,313.6,314.1,18515,5851907.9,314.1,495.0,308.7,2025-10-19 14:59:52.786792000,157,314.1,316.06,NICA,139
1819498,2025-10-19,1336.2,1360.0,1330.0,1339.0,189121,253651651.8,1310.0,1556.1,1136.0,2025-10-19 14:59:59.998104000,2062,1339.0,1341.21,HDL,235
1819518,2025-10-19,847.0,850.0,840.0,847.0,12631,10664129.4,845.8,1107.0,762.5,2025-10-19 14:59:48.259983000,125,847.0,844.28,NTC,307
1819723,2025-10-19,1228.0,1301.0,1228.0,1281.0,219078,281094365.5,1250.0,1842.0,722.0,2025-10-19 14:59:58.905162000,618,1281.0,1283.08,NRIC,2881
1819951,2025-10-26,508.0,508.0,503.0,505.3,32708,16536001.6,507.9,599.0,471.0,2025-10-26 14:59:58.476013000,386,505.3,505.56,NABIL,131
1819957,2025-10-26,312.1,316.0,312.0,316.0,25544,8010771.8,314.1,464.1,308.7,2025-10-26 14:59:59.735841000,176,316.0,313.61,NICA,139
1820016,2025-10-26,1360.0,1360.0,1337.0,1347.0,69533,93548733.7,1339.0,1556.1,1136.0,2025-10-26 14:59:56.042603000,939,1347.0,1345.39,HDL,235
1820036,2025-10-26,855.0,855.0,845.0,845.1,14977,12688534.4,847.0,1107.0,762.5,2025-10-26 14:59:50.074366000,147,845.1,847.2,NTC,307
1820241,2025-10-26,1288.0,1377.0,1260.6,1372.0,242275,324961936.0,1281.0,1842.0,722.0,2025-10-26 14:59:59.044976000,815,1372.0,1341.29,NRIC,2881
1820469,2025-10-28,505.3,510.0,505.0,509.0,49884,25341556.5,505.3,595.0,471.0,2025-10-28 14:59:59.848725000,400,509.0,508.01,NABIL,131
1820475,2025-10-28,316.0,327.0,316.0,324.0,39389,12720536.9,316.0,464.1,308.7,2025-10-28 14:59:59.337177000,238,324.0,322.95,NICA,139
1820534,2025-10-28,1359.9,1394.0,1355.0,1388.0,90202,124654183.7,1347.0,1556.1,1136.0,2025-10-28 14:59:59.055926000,985,1388.0,1381.94,HDL,235
1820554,2025-10-28,853.7,865.0,847.4,858.0,14118,12086527.3,845.1,1107.0,762.5,2025-10-28 14:59:52.914813000,179,858.0,856.11,NTC,307
1820759,2025-10-28,1389.0,1418.9,1346.0,1398.0,110592,154707216.9,1372.0,1842.0,722.0,2025-10-28 14:59:59.960750000,886,1398.0,1398.9,NRIC,2881
1820987,2025-10-29,509.0,516.3,507.0,507.0,51578,26340988.3,509.0,583.0,471.0,2025-10-29 14:59:47.069239000,366,507.0,510.7,NABIL,131
1820993,2025-10-29,329.7,329.7,317.1,319.0,41189,13195625.3,324.0,464.1,308.7,2025-10-29 14:59:53.203535000,266,319.0,320.37,NICA,139
1821052,2025-10-29,1415.7,1415.7,1370.0,1375.5,81716,113203915.5,1388.0,1556.1,1136.0,2025-10-29 14:59:54.662808000,924,1375.5,1385.33,HDL,235
1821072,2025-10-29,859.0,866.0,855.0,856.0,12479,10748711.6,858.0,1107.0,762.5,2025-10-29 14:59:17.984456000,189,856.0,861.34,NTC,307
1821277,2025-10-29,1370.1,1420.0,1345.0,1369.0,117147,161596521.1,1398.0,1842.0,722.0,2025-10-29 14:59:58.233156000,806,1369.0,1379.43,NRIC,2881
1821505,2025-10-30,503.1,512.0,503.1,506.0,37178,18886889.1,507.0,579.0,471.0,2025-10-30 14:59:35.047912000,337,506.0,508.01,NABIL,131
1821511,2025-10-30,316.0,323.9,312.0,321.0,30393,9691715.8,319.0,464.1,308.7,2025-10-30 14:59:42.170283000,192,321.0,318.88,NICA,139
1821570,2025-10-30,1403.0,1403.0,1362.0,1382.9,89423,123216026.5,1375.5,1556.1,1136.0,2025-10-30 14:59:59.825555000,1002,1382.9,1377.9,HDL,235
1821590,2025-10-30,870.0,870.0,854.0,864.1,15926,13731150.8,856.0,1107.0,762.5,2025-10-30 14:59:29.372644000,160,864.1,862.18,NTC,307
1821795,2025-10-30,1373.0,1423.9,1330.1,1380.0,245406,341036207.7,1369.0,1842.0,722.0,2025-10-30 14:59:59.281812000,1239,1380.0,1389.68,NRIC,2881
1822023,2025-11-02,516.1,516.1,508.0,511.1,33330,17040192.6,506.0,579.0,471.0,2025-11-02 14:58:58.480624000,357,511.1,511.26,NABIL,131
1822029,2025-11-02,327.4,327.5,320.2,323.9,68588,22212479.3,321.0,464.1,308.7,2025-11-02 14:58:25.089362000,311,323.9,323.85,NICA,139
1822088,2025-11-02,1410.5,1410.5,1384.0,1397.0,120580,168685144.5,1382.9,1556.1,1136.0,2025-11-02 14:59:50.853493000,1155,1397.0,1398.95,HDL,235
1822108,2025-11-02,865.0,881.3,860.1,877.0,14615,12788944.0,864.1,1107.0,762.5,2025-11-02 14:59:56.511378000,205,877.0,875.06,NTC,307
1822313,2025-11-02,1407.6,1415.0,1352.5,1390.0,142016,197535694.1,1380.0,1842.0,722.0,2025-11-02 14:59:59.378810000,746,1390.0,1390.94,NRIC,2881
1822541,2025-11-03,515.0,517.0,510.1,513.1,32079,16515996.3,511.1,579.0,471.0,2025-11-03 14:59:58.884495000,319,513.1,514.85,NABIL,131
1822547,2025-11-03,324.0,330.0,321.2,324.0,43294,14103738.8,323.9,464.1,308.7,2025-11-03 14:59:20.480649000,234,324.0,325.77,NICA,139
1822606,2025-11-03,1398.5,1408.0,1390.0,1390.0,76265,106669291.8,1397.0,1556.1,1136.0,2025-11-03 14:59:45.538513000,816,1390.0,1398.67,HDL,235
1822626,2025-11-03,876.0,881.8,864.1,880.0,24545,21513252.6,877.0,1107.0,762.5,2025-11-03 14:59:57.747462000,231,880.0,876.48,NTC,307
1822831,2025-11-03,1365.0,1407.0,1365.0,1379.0,86270,119015339.8,1390.0,1842.0,722.0,2025-11-03 14:59:59.214614000,548,1379.0,1379.57,NRIC,2881
1823059,2025-11-04,515.0,517.9,511.1,511.1,27560,14170430.6,513.1,579.0,471.0,2025-11-04 14:59:52.162047000,229,511.1,514.17,NABIL,131
1823065,2025-11-04,324.0,328.0,320.0,321.0,38008,12279041.4,324.0,464.1,308.7,2025-11-04 14:59:55.425764000,189,321.0,323.06,NICA,139
1823124,2025-11-04,1390.0,1400.0,1370.0,1377.0,95630,132320385.2,1390.0,1556.1,1136.0,2025-11-04 14:59:55.513403000,981,1377.0,1383.67,HDL,235
1823144,2025-11-04,875.0,885.0,875.0,876.9,19494,17127438.2,880.0,1107.0,762.5,2025-11-04 14:59:51.077258000,170,876.9,878.6,NTC,307
1823349,2025-11-04,1381.0,1390.0,1337.0,1349.8,122998,166472545.0,1379.0,1842.0,722.0,2025-11-04 14:59:57.388695000,658,1349.8,1353.46,NRIC,2881
1823578,2025-11-05,513.0,516.9,508.0,513.1,27044,13853498.0,511.1,579.0,471.0,2025-11-05 14:59:51.682891000,230,513.1,512.26,NABIL,131
1823584,2025-11-05,322.0,325.0,319.1,322.5,28471,9159963.8,321.0,464.1,308.7,2025-11-05 14:59:12.206204000,160,322.5,321.73,NICA,139
1823643,2025-11-05,1404.5,1404.5,1370.0,1382.0,237258,327029175.1,1377.0,1556.1,1136.0,2025-11-05 14:59:59.382245000,2195,1382.0,1378.37,HDL,235
1823663,2025-11-05,876.9,881.0,871.0,878.9,20336,17826892.0,876.9,1107.0,762.5,2025-11-05 14:59:58.547763000,176,878.9,876.62,NTC,307
1823868,2025-11-05,1349.0,1387.0,1335.0,1360.0,80339,108204679.2,1349.8,1842.0,722.0,2025-11-05 14:59:59.226125000,493,1360.0,1346.85,NRIC,2881
1824098,2025-11-06,515.0,517.0,506.7,507.3,46224,23608561.1,513.1,579.0,471.0,2025-11-06 14:59:50.888133000,406,507.3,510.74,NABIL,131
1824104,2025-11-06,322.0,326.9,320.5,322.0,31827,10313274.6,322.5,464.1,308.7,2025-11-06 14:59:54.166797000,241,322.0,324.04,NICA,139
1824163,2025-11-06,1174.7,1215.0,1170.0,1186.0,234436,278516389.8,1151.67,1556.1,1136.0,2025-11-06 14:59:59.470671000,2931,1186.0,1188.03,HDL,235
1824183,2025-11-06,862.0,880.0,862.0,873.0,14216,12464386.3,878.9,1107.0,762.5,2025-11-06 14:59:50.758576000,169,873.0,876.79,NTC,307
1824388,2025-11-06,1333.1,1384.0,1330.0,1350.0,52309,70220358.6,1360.0,1842.0,722.0,2025-11-06 14:59:58.818524000,419,1350.0,1342.41,NRIC,2881
1824620,2025-11-09,510.0,514.9,507.0,508.5,39600,20165989.7,507.3,579.0,471.0,2025-11-09 14:59:39.361136000,355,508.5,509.24,NABIL,131
1824626,2025-11-09,320.0,320.0,315.0,316.2,57077,18076491.1,322.0,464.1,308.7,2025-11-09 14:59:34.793107000,288,316.2,316.7,NICA,139
1824685,2025-11-09,1189.0,1194.0,1170.5,1170.5,83613,98481688.2,1186.0,1556.1,1136.0,2025-11-09 14:59:57.949145000,1139,1170.5,1177.83,HDL,235
1824705,2025-11-09,874.0,886.0,865.4,870.0,15841,13807792.8,873.0,1107.0,762.5,2025-11-09 14:59:23.456436000,155,870.0,871.65,NTC,307
1824910,2025-11-09,1323.0,1371.6,1304.0,1364.0,174900,235334922.9,1350.0,1842.0,722.0,2025-11-09 14:59:59.058650000,769,1364.0,1345.54,NRIC,2881
1825143,2025-11-10,509.0,510.0,506.0,509.0,49391,25118841.2,508.5,579.0,471.0,2025-11-10 14:58:52.896831000,293,509.0,508.57,NABIL,131
1825149,2025-11-10,316.0,319.9,311.0,315.9,46722,14658851.6,316.2,464.1,308.7,2025-11-10 14:59:56.159564000,267,315.9,313.75,NICA,139
1825208,2025-11-10,1184.0,1184.0,1156.0,1160.0,43436,50536214.9,1170.5,1556.1,1136.0,2025-11-10 14:59:59.660470000,759,1160.0,1163.46,HDL,235
1825228,2025-11-10,861.5,875.0,861.5,870.0,6316,5489386.4,870.0,1107.0,762.5,2025-11-10 14:59:53.918979000,100,870.0,869.12,NTC,307
1825433,2025-11-10,1391.2,1391.2,1337.7,1358.0,95225,129771933.4,1364.0,1842.0,722.0,2025-11-10 14:59:59.844899000,527,1358.0,1362.79,NRIC,2881
1825667,2025-11-11,510.0,510.0,505.3,507.9,21898,11118916.7,509.0,572.0,471.0,2025-11-11 14:59:50.531745000,258,507.9,507.76,NABIL,131
1825673,2025-11-11,319.0,319.0,311.5,312.2,42493,13305285.5,315.9,464.1,308.7,2025-11-11 14:59:45.880430000,230,312.2,313.12,NICA,139
1825732,2025-11-11,1161.0,1165.0,1150.1,1159.0,31193,36079554.0,1160.0,1556.1,1136.0,2025-11-11 14:59:54.739348000,511,1159.0,1156.66,HDL,235
1825752,2025-11-11,887.4,887.4,863.0,868.0,4671,4055554.0,870.0,1053.0,762.5,2025-11-11 14:58:11.453974000,99,868.0,868.24,NTC,307
1825957,2025-11-11,1365.0,1369.0,1338.0,1338.0,24930,33545061.7,1358.0,1842.0,722.0,2025-11-11 14:59:59.947177000,262,1338.0,1345.57,NRIC,2881
1826195,2025-11-12,508.0,508.9,504.0,504.0,29577,14939381.3,507.9,570.0,471.0,2025-11-12 14:59:30.591884000,350,504.0,505.1,NABIL,131
1826201,2025-11-12,312.4,316.4,311.5,311.8,31341,9803660.5,312.2,464.1,308.7,2025-11-12 14:58:37.501550000,216,311.8,312.81,NICA,139
1826260,2025-11-12,1182.1,1182.1,1151.0,1152.0,28879,33351766.1,1159.0,1556.1,1136.0,2025-11-12 14:59:59.545340000,440,1152.0,1154.88,HDL,235
1826280,2025-11-12,875.0,875.0,852.6,855.0,9857,8440519.5,868.0,1053.0,762.5,2025-11-12 14:59:50.320991000,146,855.0,856.3,NTC,307
1826485,2025-11-12,1313.0,1357.0,1313.0,1318.0,51200,67918945.8,1338.0,1842.0,722.0,2025-11-12 14:59:58.639867000,339,1318.0,1326.54,NRIC,2881
1826723,2025-11-13,505.1,505.1,502.0,503.0,32775,16502822.2,504.0,570.0,471.0,2025-11-13 14:59:56.220545000,334,503.0,503.52,NABIL,131
1826729,2025-11-13,312.0,314.0,308.2,308.9,46844,14500379.0,311.8,453.0,308.2,2025-11-13 14:59:54.347261000,302,308.9,309.55,NICA,139
1826788,2025-11-13,1135.0,1142.0,1118.0,1125.3,123142,139170063.7,1152.0,1556.1,1118.0,2025-11-13 14:59:59.274643000,1395,1125.3,1130.16,HDL,235
1826808,2025-11-13,852.6,862.8,852.6,856.0,5299,4537984.8,855.0,1053.0,762.5,2025-11-13 14:59:55.677266000,97,856.0,856.39,NTC,307
1827013,2025-11-13,1291.8,1348.4,1291.8,1310.0,58512,77381389.9,1318.0,1842.0,722.0,2025-11-13 14:59:59.909147000,439,1310.0,1322.49,NRIC,2881
1827252,2025-11-16,503.0,506.9,501.0,503.5,31462,15877157.7,503.0,570.0,471.0,2025-11-16 14:59:57.518803000,265,503.5,504.65,NABIL,131
1827258,2025-11-16,308.9,312.0,307.2,308.3,25022,7714727.8,308.9,447.0,307.2,2025-11-16 14:59:27.517363000,211,308.3,308.32,NICA,139
1827317,2025-11-16,1147.8,1147.8,1118.1,1124.0,30268,34037255.8,1125.3,1556.1,1118.0,2025-11-16 14:59:44.447617000,509,1124.0,1124.53,HDL,235
1827337,2025-11-16,872.3,872.3,851.0,855.0,3867,3306213.6,856.0,1053.0,762.5,2025-11-16 14:59:35.573810000,100,855.0,854.98,NTC,307
1827542,2025-11-16,1336.2,1363.0,1284.0,1334.0,158918,213522895.8,1310.0,1842.0,722.0,2025-11-16 14:59:59.382789000,702,1334.0,1343.6,NRIC,2881
1827782,2025-11-17,504.0,509.9,504.0,508.0,24130,12232442.7,503.5,569.1,471.0,2025-11-17 14:59:52.357320000,251,508.0,506.94,NABIL,131
1827788,2025-11-17,308.0,310.0,307.0,307.5,43796,13479927.8,308.3,444.0,307.0,2025-11-17 14:59:38.239882000,288,307.5,307.79,NICA,139
1827847,2025-11-17,1134.0,1134.0,1112.2,1118.9,53474,60015066.3,1124.0,1556.1,1112.2,2025-11-17 14:59:58.455480000,649,1118.9,1122.32,HDL,235
1827867,2025-11-17,855.0,858.0,845.0,856.0,6117,5214542.3,855.0,1053.0,762.5,2025-11-17 14:59:19.473274000,114,856.0,852.47,NTC,307
1828072,2025-11-17,1360.6,1360.6,1309.0,1316.0,54529,72413631.7,1334.0,1842.0,722.0,2025-11-17 14:59:59.708056000,298,1316.0,1327.98,NRIC,2881
1828312,2025-11-18,508.0,510.0,505.6,507.1,24383,12391665.5,508.0,569.1,471.0,2025-11-18 14:59:53.624635000,274,507.1,508.21,NABIL,131
1828318,2025-11-18,306.3,309.6,306.3,309.0,34492,10632873.0,307.5,444.0,306.3,2025-11-18 14:59:50.268930000,229,309.0,308.27,NICA,139
1828377,2025-11-18,1128.0,1130.0,1118.0,1121.0,27107,30492110.5,1118.9,1556.1,1112.2,2025-11-18 14:59:57.062197000,439,1121.0,1124.88,HDL,235
1828397,2025-11-18,860.0,869.0,850.0,858.0,7307,6258797.8,856.0,1053.0,762.5,2025-11-18 14:59:19.128873000,135,858.0,856.55,NTC,307
1828602,2025-11-18,1289.7,1364.9,1289.7,1325.0,59606,79244516.5,1316.0,1842.0,722.0,2025-11-18 14:59:55.491995000,311,1325.0,1329.47,NRIC,2881
1828842,2025-11-19,511.0,511.0,505.0,507.0,18121,9178167.3,507.1,569.1,471.0,2025-11-19 14:59:37.363013000,247,507.0,506.49,NABIL,131
1828848,2025-11-19,311.9,311.9,305.7,306.9,35247,10805225.2,309.0,444.0,305.7,2025-11-19 14:59:55.286290000,254,306.9,306.56,NICA,139
1828907,2025-11-19,1129.8,1129.8,1108.0,1108.0,50200,55831254.9,1121.0,1556.1,1108.0,2025-11-19 14:59:56.122370000,703,1108.0,1112.18,HDL,235
1828927,2025-11-19,858.0,859.9,850.0,852.3,4190,3570475.6,858.0,1053.0,762.5,2025-11-19 14:59:55.953522000,90,852.3,852.14,NTC,307
1829132,2025-11-19,1340.0,1340.0,1305.2,1317.0,61358,80613553.4,1325.0,1842.0,722.0,2025-11-19 14:59:59.300379000,399,1317.0,1313.82,NRIC,2881
1829372,2025-11-20,508.0,508.0,503.0,506.0,27947,14102498.5,507.0,569.1,471.0,2025-11-20 14:59:57.037164000,258,506.0,504.62,NABIL,131
1829378,2025-11-20,306.1,307.5,304.5,306.4,47593,14543739.9,306.9,444.0,304.5,2025-11-20 14:59:45.713151000,249,306.4,305.59,NICA,139
1829437,2025-11-20,1130.1,1130.1,1103.0,1114.4,30697,34149218.0,1108.0,1556.1,1103.0,2025-11-20 14:59:46.865244000,440,1114.4,1112.46,HDL,235
1829457,2025-11-20,853.0,859.0,847.3,850.1,4835,4118384.4,852.3,1053.0,762.5,2025-11-20 14:59:08.098627000,98,850.1,851.79,NTC,307
1829662,2025-11-20,1339.9,1339.9,1305.1,1330.0,96707,126982915.6,1317.0,1842.0,722.0,2025-11-20 14:59:59.673840000,492,1330.0,1313.07,NRIC,2881
1829902,2025-11-23,505.0,510.5,505.0,509.5,48408,24607528.2,506.0,569.1,471.0,2025-11-23 14:59:48.739064000,357,509.5,508.34,NABIL,131
1829908,2025-11-23,312.2,312.2,307.0,309.0,52221,16121273.8,306.4,444.0,304.5,2025-11-23 14:59:58.309917000,261,309.0,308.71,NICA,139
1829967,2025-11-23,1136.6,1137.9,1118.0,1135.1,44331,50082736.7,1114.4,1556.1,1103.0,2025-11-23 14:59:53.207940000,517,1135.1,1129.75,HDL,235
1829987,2025-11-23,859.9,865.0,851.1,858.6,9496,8171078.7,850.1,1053.0,762.5,2025-11-23 14:59:45.140415000,154,858.6,860.48,NTC,307
1830192,2025-11-23,1330.0,1352.0,1323.0,1330.0,128334,171229246.5,1330.0,1842.0,722.0,2025-11-23 14:59:59.677836000,654,1330.0,1334.25,NRIC,2881
1830433,2025-11-24,508.0,513.9,507.0,513.0,22139,11338962.7,509.5,569.1,471.0,2025-11-24 14:59:49.892200000,229,513.0,512.17,NABIL,131
1830439,2025-11-24,309.0,316.9,309.0,316.9,87011,27332755.8,309.0,444.0,304.5,2025-11-24 14:59:59.083109000,342,316.9,314.13,NICA,139
1830498,2025-11-24,1157.8,1164.9,1135.5,1158.0,66492,76724407.9,1135.1,1556.1,1103.0,2025-11-24 14:59:57.811898000,599,1158.0,1153.89,HDL,235
1830518,2025-11-24,865.0,865.0,855.0,862.0,9084,7832671.0,858.6,1053.0,762.5,2025-11-24 14:59:39.737700000,144,862.0,862.25,NTC,307
1830723,2025-11-24,1340.0,1360.0,1319.0,1357.0,181460,244321805.8,1330.0,1842.0,722.0,2025-11-24 14:59:58.886964000,751,1357.0,1346.42,NRIC,2881
1830964,2025-11-25,518.0,518.0,508.5,510.5,29221,14914041.2,513.0,562.0,471.0,2025-11-25 14:59:59.242660000,297,510.5,510.39,NABIL,131
1830970,2025-11-25,316.9,320.0,312.1,320.0,45468,14348839.9,316.9,444.0,304.5,2025-11-25 14:59:35.990907000,283,320.0,315.58,NICA,139
1831029,2025-11-25,1135.0,1200.0,1135.0,1192.0,114895,135843865.7,1158.0,1556.1,1103.0,2025-11-25 14:59:58.816628000,995,1192.0,1182.33,HDL,235
1831049,2025-11-25,874.0,874.0,858.0,864.7,11152,9604950.1,862.0,1040.0,762.5,2025-11-25 14:58:45.965513000,127,864.7,861.28,NTC,307
1831254,2025-11-25,1374.8,1375.0,1343.1,1360.1,113537,154412637.2,1357.0,1842.0,722.0,2025-11-25 14:59:58.602433000,587,1360.1,1360.02,NRIC,2881
1831496,2025-11-26,510.0,513.0,507.0,511.0,35156,17950129.5,510.5,562.0,471.0,2025-11-26 14:59:52.827641000,299,511.0,510.59,NABIL,131
1831502,2025-11-26,315.0,335.0,315.0,326.0,98559,31992593.3,320.0,444.0,304.5,2025-11-26 14:59:39.692272000,353,326.0,324.6,NICA,139
1831561,2025-11-26,1200.0,1233.0,1190.0,1232.0,192731,234168526.6,1192.0,1556.1,1103.0,2025-11-26 14:59:59.469539000,1347,1232.0,1215.0,HDL,235
1831581,2025-11-26,860.0,870.0,860.0,865.1,7244,6266135.2,864.7,1040.0,762.5,2025-11-26 14:59:57.153780000,104,865.1,865.01,NTC,307
1831786,2025-11-26,1365.0,1370.0,1345.0,1365.0,104661,142625367.4,1360.1,1842.0,722.0,2025-11-26 14:59:59.743375000,544,1365.0,1362.74,NRIC,2881
1832028,2025-11-27,511.0,517.0,509.0,514.9,50106,25732377.4,511.0,562.0,471.0,2025-11-27 14:59:59.704958000,381,514.9,513.56,NABIL,131
1832034,2025-11-27,328.9,343.1,321.0,334.9,199986,67177851.7,326.0,444.0,304.5,2025-11-27 14:59:58.790937000,762,334.9,335.91,NICA,139
1832093,2025-11-27,1256.6,1256.6,1207.1,1210.0,117994,144659108.3,1232.0,1556.1,1103.0,2025-11-27 14:59:58.975658000,1059,1210.0,1225.99,HDL,235
1832113,2025-11-27,869.0,871.9,862.0,866.0,10215,8862201.8,865.1,1000.0,762.5,2025-11-27 14:59:45.917387000,135,866.0,867.57,NTC,307
1832318,2025-11-27,1392.3,1392.3,1341.7,1355.0,83225,113195757.0,1365.0,1842.0,722.0,2025-11-27 14:59:58.877301000,521,1355.0,1360.12,NRIC,2881
1832560,2025-11-30,518.0,522.0,513.0,513.2,40956,21135249.6,514.9,562.0,471.0,2025-11-30 14:59:46.539944000,399,513.2,516.05,NABIL,131
1832566,2025-11-30,337.2,340.0,328.0,330.0,77227,25656482.2,334.9,444.0,304.5,2025-11-30 14:59:54.254675000,331,330.0,332.22,NICA,139
1832625,2025-11-30,1232.0,1232.0,1193.7,1198.0,141456,170817051.6,1210.0,1556.1,1103.0,2025-11-30 14:59:59.138613000,968,1198.0,1207.56,HDL,235
1832645,2025-11-30,860.0,877.0,856.0,861.5,14037,12142363.1,866.0,1000.0,762.5,2025-11-30 14:59:41.021626000,162,861.5,865.03,NTC,307
1832850,2025-11-30,1350.5,1370.0,1325.0,1334.0,57567,77527973.1,1355.0,1842.0,722.0,2025-11-30 14:59:59.550579000,494,1334.0,1346.74,NRIC,2881
1833092,2025-12-01,519.4,519.4,510.5,512.0,21944,11231680.4,513.2,562.0,471.0,2025-12-01 14:59:52.666227000,276,512.0,511.83,NABIL,131
1833098,2025-12-01,328.0,330.9,323.4,324.0,60641,19713415.1,330.0,436.0,304.5,2025-12-01 14:59:57.942617000,275,324.0,325.08,NICA,139
1833157,2025-12-01,1198.0,1203.0,1180.0,1180.0,68330,81176312.9,1198.0,1556.1,1103.0,2025-12-01 14:59:49.697324000,651,1180.0,1188.0,HDL,235
1833177,2025-12-01,861.5,867.0,856.0,861.7,6734,5802156.3,861.5,996.3,762.5,2025-12-01 14:59:41.324486000,96,861.7,861.62,NTC,307
1833382,2025-12-01,1344.0,1347.0,1320.0,1327.0,101463,135412201.6,1334.0,1842.0,722.0,2025-12-01 14:59:59.591929000,484,1327.0,1334.6,NRIC,2881
1833624,2025-12-02,512.0,516.8,510.0,512.5,39306,20173367.4,512.0,562.0,471.0,2025-12-02 14:59:58.101219000,280,512.5,513.24,NABIL,131
1833630,2025-12-02,322.0,327.0,317.1,326.9,60134,19319826.1,324.0,436.0,304.5,2025-12-02 14:59:08.740767000,293,326.9,321.28,NICA,139
1833689,2025-12-02,1190.0,1190.0,1171.5,1175.5,29579,34891974.8,1180.0,1556.1,1103.0,2025-12-02 14:59:45.620658000,415,1175.5,1179.62,HDL,235
1833709,2025-12-02,865.0,865.0,858.1,860.0,7090,6100300.1,861.7,996.3,762.5,2025-12-02 14:59:15.907467000,97,860.0,860.41,NTC,307
1833914,2025-12-02,1303.0,1347.0,1303.0,1331.0,63018,84157797.1,1327.0,1842.0,722.0,2025-12-02 14:59:59.017200000,416,1331.0,1335.46,NRIC,2881
1834156,2025-12-03,515.0,515.0,510.0,510.2,25319,12928141.9,512.5,562.0,471.0,2025-12-03 14:59:54.354069000,275,510.2,510.61,NABIL,131
1834162,2025-12-03,322.9,328.7,319.5,320.0,29618,9558331.1,326.9,428.4,304.5,2025-12-03 14:59:44.797409000,180,320.0,322.72,NICA,139
1834221,2025-12-03,1185.0,1269.0,1170.0,1170.0,57595,68089697.9,1175.5,1556.1,1103.0,2025-12-03 14:59:34.274604000,588,1170.0,1182.22,HDL,235
1834241,2025-12-03,860.0,875.0,860.0,862.0,8331,7183307.2,860.0,996.3,762.5,2025-12-03 14:59:10.256612000,104,862.0,862.24,NTC,307
1834446,2025-12-03,1330.5,1344.0,1310.0,1315.0,58828,77726969.4,1331.0,1842.0,722.0,2025-12-03 14:59:59.904116000,473,1315.0,1321.26,NRIC,2881
1834688,2025-12-07,502.0,510.0,502.0,503.0,88964,44873341.0,510.2,562.0,471.0,2025-12-07 14:59:48.991829000,780,503.0,504.4,NABIL,131
1834694,2025-12-07,316.5,321.0,315.0,315.8,47682,15092782.5,320.0,428.4,304.5,2025-12-07 14:59:38.729231000,243,315.8,316.53,NICA,139
1834753,2025-12-07,1190.0,1190.0,1150.2,1152.0,42860,49658875.2,1170.0,1556.1,1103.0,2025-12-07 14:59:49.293987000,578,1152.0,1158.63,HDL,235
1834773,2025-12-07,860.0,880.0,859.0,873.5,23190,20195575.9,862.0,996.3,762.5,2025-12-07 14:59:58.504551000,304,873.5,870.87,NTC,307
1834978,2025-12-07,1338.0,1338.0,1290.0,1306.0,75604,98614905.4,1315.0,1842.0,722.0,2025-12-07 14:59:59.313028000,455,1306.0,1304.36,NRIC,2881
1835221,2025-12-08,503.0,503.0,495.0,495.0,81912,40826003.0,503.0,562.0,471.0,2025-12-08 14:59:48.087528000,836,495.0,498.41,NABIL,131
1835227,2025-12-08,314.0,319.0,314.0,317.0,27639,8756692.3,315.8,428.4,304.5,2025-12-08 14:59:56.829635000,155,317.0,316.82,NICA,139
1835286,2025-12-08,1175.0,1175.0,1150.0,1150.0,37576,43360859.0,1152.0,1556.1,1103.0,2025-12-08 14:59:58.054004000,515,1150.0,1153.95,HDL,235
1835306,2025-12-08,879.9,879.9,868.0,871.0,11256,9810194.3,873.5,996.3,762.5,2025-12-08 14:59:57.825364000,165,871.0,871.55,NTC,307
1835511,2025-12-08,1310.0,1315.2,1293.1,1296.0,40862,53253674.2,1306.0,1842.0,722.0,2025-12-08 14:59:59.268873000,321,1296.0,1303.26,NRIC,2881
1835754,2025-12-09,500.0,500.0,491.1,496.0,55413,27362965.0,495.0,562.0,471.0,2025-12-09 14:59:52.581575000,528,496.0,493.8,NABIL,131
1835760,2025-12-09,321.0,321.0,315.6,316.1,26045,8252847.2,317.0,428.4,304.5,2025-12-09 14:59:58.372587000,143,316.1,316.87,NICA,139
1835819,2025-12-09,1155.0,1167.0,1150.0,1150.7,30268,34954654.8,1150.0,1556.1,1103.0,2025-12-09 14:59:57.110286000,368,1150.7,1154.84,HDL,235
1835839,2025-12-09,871.0,874.9,864.0,869.0,9086,7903886.0,871.0,996.3,762.5,2025-12-09 14:59:41.261681000,119,869.0,869.9,NTC,307
1836044,2025-12-09,1296.0,1307.0,1291.1,1307.0,35816,46534196.3,1296.0,1842.0,722.0,2025-12-09 14:59:59.100841000,304,1307.0,1299.26,NRIC,2881
1836287,2025-12-10,500.0,500.0,493.0,494.7,29665,14662013.9,496.0,562.0,471.0,2025-12-10 14:59:59.147362000,357,494.7,494.25,NABIL,131
1836293,2025-12-10,319.9,319.9,315.0,316.2,34740,10996213.3,316.1,428.4,304.5,2025-12-10 14:59:27.536798000,146,316.2,316.53,NICA,139
1836352,2025-12-10,1170.0,1170.0,1147.1,1147.5,22930,26411299.2,1150.7,1556.1,1103.0,2025-12-10 14:59:58.261995000,361,1147.5,1151.82,HDL,235
1836372,2025-12-10,872.0,872.0,867.0,869.0,6652,5782633.8,869.0,996.3,762.5,2025-12-10 14:59:50.547946000,96,869.0,869.31,NTC,307
1836577,2025-12-10,1296.0,1307.0,1280.0,1294.0,47338,61058772.0,1307.0,1842.0,722.0,2025-12-10 14:59:58.591530000,416,1294.0,1289.85,NRIC,2881
1836821,2025-12-11,492.2,497.5,492.0,495.0,37306,18444209.7,494.7,562.0,471.0,2025-12-11 14:59:54.017311000,373,495.0,494.4,NABIL,131
1836827,2025-12-11,316.0,318.5,315.5,316.0,28406,8994886.4,316.2,428.4,304.5,2025-12-11 14:59:59.630312000,154,316.0,316.65,NICA,139
1836886,2025-12-11,1149.0,1160.5,1149.0,1150.1,28597,32985074.5,1147.5,1556.1,1103.0,2025-12-11 14:59:57.231254000,355,1150.1,1153.45,HDL,235
1836906,2025-12-11,868.9,870.0,865.0,870.0,8059,6985245.6,869.0,996.3,762.5,2025-12-11 14:59:58.803512000,114,870.0,866.76,NTC,307
1837111,2025-12-11,1283.1,1295.0,1275.0,1278.0,36321,46617112.9,1294.0,1842.0,722.0,2025-12-11 14:59:59.060072000,335,1278.0,1283.48,NRIC,2881
1837355,2025-12-14,500.0,500.0,490.0,492.0,78979,38805203.6,495.0,562.0,471.0,2025-12-14 14:59:50.614152000,598,492.0,491.34,NABIL,131
1837361,2025-12-14,320.0,320.0,315.3,317.0,47378,15001525.9,316.0,428.4,304.5,2025-12-14 14:59:53.259331000,196,317.0,316.63,NICA,139
1837420,2025-12-14,1160.0,1161.0,1144.0,1145.0,27431,31485149.6,1150.1,1556.1,1103.0,2025-12-14 14:59:48.616681000,394,1145.0,1147.79,HDL,235
1837440,2025-12-14,877.0,877.0,865.0,872.5,18545,16194027.1,870.0,996.3,762.5,2025-12-14 14:59:54.718729000,188,872.5,873.23,NTC,307
1837645,2025-12-14,1278.0,1287.0,1253.0,1264.9,41326,52373751.0,1278.0,1842.0,722.0,2025-12-14 14:59:59.699971000,361,1264.9,1267.33,NRIC,2881
1837889,2025-12-15,492.0,495.0,489.0,494.0,36245,17841282.7,492.0,562.0,471.0,2025-12-15 14:59:28.218227000,328,494.0,492.24,NABIL,131
1837895,2025-12-15,316.1,330.2,316.0,328.0,152335,49447945.9,317.0,428.4,304.5,2025-12-15 14:59:57.137458000,616,328.0,324.6,NICA,139
1837954,2025-12-15,1144.0,1155.0,1140.0,1149.0,31056,35626959.7,1145.0,1556.1,1103.0,2025-12-15 14:59:57.367657000,386,1149.0,1147.18,HDL,235
1837974,2025-12-15,872.5,876.0,872.5,874.0,12155,10631012.5,872.5,996.3,762.5,2025-12-15 14:58:53.607510000,142,874.0,874.62,NTC,307
1838179,2025-12-15,1240.0,1275.0,1240.0,1255.0,40875,51545586.8,1264.9,1842.0,722.0,2025-12-15 14:59:59.424343000,304,1255.0,1261.05,NRIC,2881
1838423,2025-12-16,494.0,500.0,494.0,499.0,30522,15190235.7,494.0,562.0,471.0,2025-12-16 14:59:49.316840000,301,499.0,497.68,NABIL,131
1838429,2025-12-16,331.9,331.9,323.5,326.0,40675,13255172.1,328.0,428.4,304.5,2025-12-16 14:59:57.604549000,226,326.0,325.88,NICA,139
1838488,2025-12-16,1152.0,1159.9,1148.0,1158.0,13639,15749731.7,1149.0,1556.1,1103.0,2025-12-16 14:59:57.811089000,267,1158.0,1154.76,HDL,235
1838508,2025-12-16,874.0,885.0,872.1,885.0,19850,17503179.3,874.0,996.3,762.5,2025-12-16 14:59:48.252723000,243,885.0,881.77,NTC,307
1838713,2025-12-16,1268.6,1268.6,1251.1,1265.0,14845,18701569.4,1255.0,1842.0,722.0,2025-12-16 14:59:58.648804000,256,1265.0,1259.79,NRIC,2881
1838957,2025-12-17,503.0,505.0,497.0,499.9,44903,22470657.4,499.0,562.0,471.0,2025-12-17 14:59:58.525456000,326,499.9,500.43,NABIL,131
1838963,2025-12-17,325.0,327.9,321.0,323.0,31340,10169995.8,326.0,428.4,304.5,2025-12-17 14:59:31.211085000,179,323.0,324.51,NICA,139
1839022,2025-12-17,1160.0,1169.0,1150.0,1150.0,26121,30332789.4,1158.0,1556.1,1103.0,2025-12-17 14:59:59.453693000,419,1150.0,1161.24,HDL,235
1839042,2025-12-17,880.1,892.0,880.1,887.0,14222,12631812.7,885.0,996.3,762.5,2025-12-17 14:59:33.498114000,203,887.0,888.19,NTC,307
1839247,2025-12-17,1280.0,1280.0,1250.0,1259.9,32846,41506749.5,1265.0,1842.0,722.0,2025-12-17 14:59:59.619273000,301,1259.9,1263.68,NRIC,2881
1839491,2025-12-18,500.0,504.0,495.1,499.0,39506,19630075.1,499.9,562.0,471.0,2025-12-18 14:59:57.173593000,301,499.0,496.89,NABIL,131
1839497,2025-12-18,322.0,324.0,316.6,317.0,64599,20569592.5,323.0,428.4,304.5,2025-12-18 14:59:55.112836000,281,317.0,318.42,NICA,139
1839556,2025-12-18,1140.0,1158.0,1140.0,1148.8,30447,35020789.6,1150.0,1556.1,1103.0,2025-12-18 14:59:49.166683000,380,1148.8,1150.22,HDL,235
1839576,2025-12-18,889.8,889.8,877.2,878.7,11553,10192184.4,887.0,996.3,762.5,2025-12-18 14:59:24.413542000,131,878.7,882.21,NTC,307
1839781,2025-12-18,1285.0,1285.0,1211.0,1242.0,36314,45488107.9,1259.9,1842.0,722.0,2025-12-18 14:59:59.813839000,304,1242.0,1252.63,NRIC,2881
1840025,2025-12-21,500.0,504.4,493.0,497.0,24230,12035693.7,499.0,562.0,471.0,2025-12-21 14:59:56.833512000,322,497.0,496.73,NABIL,131
1840031,2025-12-21,318.0,320.0,315.2,317.0,26822,8519141.3,317.0,428.4,304.5,2025-12-21 14:59:46.872395000,209,317.0,317.62,NICA,139
1840090,2025-12-21,1155.0,1158.0,1140.2,1146.0,28304,32422333.2,1148.8,1556.1,1103.0,2025-12-21 14:59:57.847420000,408,1146.0,1145.5,HDL,235
1840110,2025-12-21,875.0,882.0,873.0,879.9,10140,8901848.0,878.7,996.3,762.5,2025-12-21 14:59:13.028687000,137,879.9,877.89,NTC,307
1840315,2025-12-21,1242.1,1251.9,1230.2,1239.4,34538,42833631.3,1242.0,1842.0,722.0,2025-12-21 14:58:04.434860000,312,1239.4,1240.19,NRIC,2881
1840559,2025-12-22,500.0,500.0,492.0,497.1,36711,18260463.0,497.0,562.0,471.0,2025-12-22 14:59:39.736642000,331,497.1,497.41,NABIL,131
1840565,2025-12-22,315.2,319.0,310.0,315.4,62478,19643115.0,317.0,428.4,304.5,2025-12-22 14:58:46.835823000,255,315.4,314.4,NICA,139
1840624,2025-12-22,1140.0,1148.5,1138.0,1139.0,23952,27307890.0,1146.0,1556.1,1103.0,2025-12-22 14:59:51.207594000,371,1139.0,1140.11,HDL,235
1840644,2025-12-22,875.1,880.0,875.0,875.0,9374,8217145.7,879.9,996.3,762.5,2025-12-22 14:59:25.114531000,151,875.0,876.59,NTC,307
1840849,2025-12-22,1230.0,1244.9,1223.0,1225.0,18545,22800086.0,1239.4,1842.0,722.0,2025-12-22 14:59:58.211329000,250,1225.0,1229.45,NRIC,2881
1841093,2025-12-23,499.0,502.0,496.5,497.2,33607,16728796.7,497.1,562.0,471.0,2025-12-23 14:59:42.109106000,350,497.2,497.78,NABIL,131
1841099,2025-12-23,312.8,319.0,312.8,318.0,33536,10608584.0,315.4,428.4,304.5,2025-12-23 14:59:31.001953000,189,318.0,316.33,NICA,139
1841158,2025-12-23,1139.0,1159.0,1130.0,1132.1,21938,24907656.5,1139.0,1556.1,1103.0,2025-12-23 14:59:22.878185000,305,1132.1,1135.37,HDL,235
1841178,2025-12-23,887.0,900.0,875.2,899.0,45919,40919423.1,875.0,996.3,762.5,2025-12-23 14:59:59.114998000,376,899.0,891.12,NTC,307
1841383,2025-12-23,1220.0,1246.0,1219.0,1234.4,19030,23413310.4,1225.0,1842.0,722.0,2025-12-23 14:59:58.185029000,247,1234.4,1230.34,NRIC,2881
1841627,2025-12-24,498.5,500.0,496.1,498.6,40096,19950202.3,497.2,562.0,471.0,2025-12-24 14:59:56.032104000,330,498.6,497.56,NABIL,131
1841633,2025-12-24,319.0,322.9,316.5,321.0,35797,11445368.3,318.0,428.4,304.5,2025-12-24 14:59:58.990856000,171,321.0,319.73,NICA,139
1841692,2025-12-24,1154.0,1154.0,1130.1,1132.2,18381,20847064.9,1132.1,1556.1,1103.0,2025-12-24 14:59:51.015840000,227,1132.2,1134.16,HDL,235
1841712,2025-12-24,916.9,916.9,890.0,895.4,39968,35856692.7,899.0,996.3,762.5,2025-12-24 14:59:59.811655000,406,895.4,897.14,NTC,307
1841917,2025-12-24,1249.0,1249.0,1227.0,1231.0,18419,22677463.7,1234.4,1842.0,722.0,2025-12-24 14:59:59.444807000,191,1231.0,1231.2,NRIC,2881
1842159,2025-12-28,499.0,504.0,496.0,503.4,61455,30743662.3,498.6,562.0,471.0,2025-12-28 14:59:39.831256000,511,503.4,500.26,NABIL,131
1842165,2025-12-28,324.0,336.0,320.6,335.0,131308,43128391.2,321.0,428.4,304.5,2025-12-28 14:59:55.385106000,505,335.0,328.45,NICA,139
1842224,2025-12-28,1140.0,1166.0,1136.0,1166.0,41346,47584841.2,1132.2,1556.1,1103.0,2025-12-28 14:59:54.306771000,495,1166.0,1150.89,HDL,235
1842244,2025-12-28,909.9,909.9,896.0,906.0,38661,34912329.8,895.4,996.3,762.5,2025-12-28 14:59:42.450971000,394,906.0,903.04,NTC,307
1842449,2025-12-28,1255.0,1285.0,1237.0,1279.5,64414,81912603.5,1231.0,1842.0,722.0,2025-12-28 14:59:59.890575000,545,1279.5,1271.66,NRIC,2881
1842691,2025-12-29,508.0,508.9,500.0,506.5,78664,39714119.5,503.4,562.0,471.0,2025-12-29 14:59:59.317067000,554,506.5,504.86,NABIL,131
1842697,2025-12-29,335.0,335.0,324.0,325.0,56073,18382999.4,335.0,428.4,304.5,2025-12-29 14:59:56.987451000,304,325.0,327.84,NICA,139
1842756,2025-12-29,1170.0,1174.0,1150.0,1150.0,31197,36112229.9,1166.0,1556.1,1103.0,2025-12-29 14:59:58.801107000,389,1150.0,1157.55,HDL,235
1842776,2025-12-29,908.0,911.0,898.0,904.8,38244,34636425.7,906.0,996.3,762.5,2025-12-29 14:59:37.556646000,314,904.8,905.67,NTC,307
1842981,2025-12-29,1280.0,1290.0,1255.9,1261.5,25923,32891080.9,1279.5,1842.0,722.0,2025-12-29 14:59:59.094140000,262,1261.5,1268.8,NRIC,2881
1843223,2025-12-31,500.0,502.0,494.7,496.7,65111,32322187.3,506.5,562.0,471.0,2025-12-31 14:59:59.139650000,621,496.7,496.42,NABIL,131
1843229,2025-12-31,327.0,332.0,324.6,327.0,45656,14965752.8,325.0,428.4,304.5,2025-12-31 14:59:48.016460000,246,327.0,327.79,NICA,139
1843288,2025-12-31,1160.0,1165.0,1151.0,1164.0,32838,38133158.3,1150.0,1556.1,1103.0,2025-12-31 14:59:29.380769000,339,1164.0,1161.25,HDL,235
1843308,2025-12-31,909.0,909.0,900.0,905.0,40304,36498409.6,904.8,996.3,762.5,2025-12-31 14:59:56.872988000,346,905.0,905.58,NTC,307
1843513,2025-12-31,1275.0,1286.0,1256.0,1259.0,49295,62574439.0,1261.5,1842.0,727.0,2025-12-31 14:59:59.385876000,262,1259.0,1269.39,NRIC,2881
1843755,2026-01-01,495.0,496.0,490.0,492.0,35796,17621654.7,496.7,562.0,471.0,2026-01-01 14:59:55.910604000,439,492.0,492.28,NABIL,131
1843761,2026-01-01,332.9,332.9,322.2,324.8,25445,8274144.9,327.0,428.4,304.5,2026-01-01 14:59:55.489157000,138,324.8,325.18,NICA,139
1843820,2026-01-01,1164.0,1170.0,1155.0,1156.1,35545,41208240.1,1164.0,1556.1,1103.0,2026-01-01 14:59:20.447245000,327,1156.1,1159.33,HDL,235
1843840,2026-01-01,905.0,909.0,902.2,905.0,74592,67568456.3,905.0,996.3,762.5,2026-01-01 14:59:53.768615000,556,905.0,905.84,NTC,307
1844045,2026-01-01,1270.0,1270.0,1245.6,1262.0,39349,49211432.2,1259.0,1842.0,727.0,2026-01-01 14:59:59.669914000,288,1262.0,1250.64,NRIC,2881
1844287,2026-01-04,491.5,495.0,488.1,490.3,44294,21764273.6,492.0,562.0,471.0,2026-01-04 14:59:59.088588000,461,490.3,491.36,NABIL,131
1844293,2026-01-04,331.2,356.0,331.0,344.0,634749,219417898.3,324.8,428.4,304.5,2026-01-04 14:59:55.939829000,2850,344.0,345.68,NICA,139
1844352,2026-01-04,1150.0,1156.0,1136.0,1144.0,69641,79737617.8,1156.1,1556.1,1103.0,2026-01-04 14:59:50.356237000,831,1144.0,1144.98,HDL,235
1844372,2026-01-04,895.0,895.0,848.5,868.0,23309,20215558.6,905.0,996.3,762.5,2026-01-04 14:59:58.680674000,379,868.0,867.29,NTC,307
1844577,2026-01-04,1269.9,1277.9,1247.0,1253.0,53180,66806224.24,1262.0,1842.0,727.0,2026-01-04 14:59:58.208175000,296,1253.0,1256.23,NRIC,2881
1844819,2026-01-05,492.0,492.0,488.1,489.5,57630,28212967.3,490.3,562.0,471.0,2026-01-05 14:59:52.533416000,557,489.5,489.55,NABIL,131
1844825,2026-01-05,350.0,355.5,344.2,352.3,226433,79107162.8,344.0,428.4,304.5,2026-01-05 14:59:59.819643000,980,352.3,349.36,NICA,139
1844884,2026-01-05,1140.0,1169.0,1140.0,1160.0,71070,82313324.4,1144.0,1556.1,1103.0,2026-01-05 14:59:58.755325000,782,1160.0,1158.2,HDL,235
1844904,2026-01-05,860.0,864.0,856.0,857.5,12136,10422554.8,868.0,996.3,762.5,2026-01-05 14:58:58.488182000,267,857.5,858.81,NTC,307
1845109,2026-01-05,1265.9,1288.0,1255.0,1273.9,71747,91215877.5,1253.0,1842.0,737.6,2026-01-05 14:59:59.389384000,428,1273.9,1271.35,NRIC,2881
1845351,2026-01-06,490.0,492.0,489.0,489.5,47593,23337901.1,489.5,562.0,471.0,2026-01-06 14:59:23.530376000,514,489.5,490.36,NABIL,131
1845357,2026-01-06,355.0,359.0,351.0,353.1,147211,52224391.8,352.3,428.4,304.5,2026-01-06 14:59:58.539858000,560,353.1,354.76,NICA,139
1845416,2026-01-06,1183.2,1206.0,1160.0,1165.2,137438,161288227.9,1160.0,1556.1,1103.0,2026-01-06 14:59:46.609765000,927,1165.2,1173.53,HDL,235
1845436,2026-01-06,860.0,864.9,856.0,859.0,14097,12107928.0,857.5,996.3,762.5,2026-01-06 14:59:20.079935000,252,859.0,858.9,NTC,307
1845641,2026-01-06,1280.0,1312.0,1277.0,1297.1,98406,127477680.5,1273.9,1842.0,740.0,2026-01-06 14:59:58.270102000,633,1297.1,1295.43,NRIC,2881
1845883,2026-01-07,493.0,493.9,489.0,489.0,38590,18897060.9,489.5,562.0,471.0,2026-01-07 14:59:52.300102000,373,489.0,489.69,NABIL,131
1845889,2026-01-07,354.0,354.0,343.8,343.8,135639,46927978.8,353.1,428.4,304.5,2026-01-07 14:59:44.776120000,531,343.8,345.98,NICA,139
1845948,2026-01-07,1179.7,1179.7,1155.0,1155.5,39284,45572291.6,1165.2,1556.1,1103.0,2026-01-07 14:59:55.914993000,436,1155.5,1160.07,HDL,235
1845968,2026-01-07,860.0,864.5,856.6,858.0,6012,5160363.4,859.0,996.3,762.5,2026-01-07 14:59:50.689020000,131,858.0,858.34,NTC,307
1846172,2026-01-07,1285.0,1310.0,1280.1,1294.0,53005,68659397.5,1297.1,1842.0,740.0,2026-01-07 14:59:59.846249000,405,1294.0,1295.34,NRIC,2881
1846414,2026-01-08,492.0,492.0,486.5,489.0,35678,17440255.3,489.0,562.0,471.0,2026-01-08 14:59:48.603753000,409,489.0,488.82,NABIL,131
1846420,2026-01-08,337.0,349.0,337.0,345.9,92775,32145834.8,343.8,428.4,304.5,2026-01-08 14:59:57.913807000,295,345.9,346.49,NICA,139
1846479,2026-01-08,1170.0,1170.0,1149.0,1152.0,48898,56302034.3,1155.5,1556.1,1103.0,2026-01-08 14:59:55.591447000,591,1152.0,1151.42,HDL,235
1846499,2026-01-08,858.0,860.0,850.0,858.0,9482,8122071.3,858.0,996.3,762.5,2026-01-08 14:59:40.455128000,131,858.0,856.58,NTC,307
1846703,2026-01-08,1300.0,1300.0,1281.0,1286.0,31889,41079572.9,1294.0,1842.0,740.0,2026-01-08 14:59:34.110762000,247,1286.0,1288.21,NRIC,2881
1846945,2026-01-12,490.0,495.0,487.0,487.0,40413,19756468.0,489.0,562.0,471.0,2026-01-12 14:59:50.711910000,514,487.0,488.86,NABIL,131
1846951,2026-01-12,346.0,348.9,339.0,339.1,63530,21718026.4,345.9,428.4,304.5,2026-01-12 14:59:56.717359000,321,339.1,341.85,NICA,139
1847010,2026-01-12,1152.0,1160.0,1142.9,1145.9,77408,88849150.6,1152.0,1556.1,1103.0,2026-01-12 14:59:59.396807000,721,1145.9,1147.8,HDL,235
1847030,2026-01-12,857.0,863.0,850.0,851.4,16784,14316781.8,858.0,996.3,762.5,2026-01-12 14:59:57.326913000,242,851.4,853.0,NTC,307
1847233,2026-01-12,1284.0,1304.8,1275.0,1279.0,42004,54124868.4,1286.0,1842.0,746.1,2026-01-12 14:59:52.913422000,306,1279.0,1288.56,NRIC,2881
1847475,2026-01-13,496.0,496.0,485.0,488.1,60812,29667983.9,487.0,562.0,471.0,2026-01-13 14:59:57.596725000,574,488.1,487.86,NABIL,131
1847481,2026-01-13,332.4,373.0,332.4,338.0,142207,48110679.2,339.1,428.4,304.5,2026-01-13 14:59:58.209765000,495,338.0,338.31,NICA,139
1847540,2026-01-13,1147.0,1157.0,1140.0,1143.0,48165,55084655.0,1145.9,1556.1,1103.0,2026-01-13 14:59:48.562566000,556,1143.0,1143.67,HDL,235
1847560,2026-01-13,853.0,858.0,845.5,846.0,10718,9086945.6,851.4,996.3,762.5,2026-01-13 14:59:22.158223000,215,846.0,847.82,NTC,307
1847763,2026-01-13,1290.0,1315.0,1272.0,1312.0,97787,126772793.8,1279.0,1842.0,750.0,2026-01-13 14:59:58.842666000,608,1312.0,1296.42,NRIC,2881
1848005,2026-01-14,490.0,490.0,487.0,487.5,44542,21754316.3,488.1,562.0,471.0,2026-01-14 14:59:57.017268000,524,487.5,488.4,NABIL,131
1848011,2026-01-14,331.3,342.0,331.3,334.2,87141,29278769.1,338.0,428.4,304.5,2026-01-14 14:59:46.328526000,371,334.2,335.99,NICA,139
1848070,2026-01-14,1150.0,1150.0,1135.0,1139.0,75998,86550513.5,1143.0,1556.1,1103.0,2026-01-14 14:59:58.282463000,847,1139.0,1138.85,HDL,235
1848090,2026-01-14,846.0,850.0,845.1,847.0,10928,9252017.4,846.0,996.3,762.5,2026-01-14 14:59:55.995393000,188,847.0,846.63,NTC,307
1848293,2026-01-14,1312.0,1336.0,1299.0,1311.0,45213,59548061.1,1312.0,1842.0,750.0,2026-01-14 14:59:59.074855000,465,1311.0,1317.06,NRIC,2881
1848535,2026-01-18,488.0,492.0,487.7,490.8,71435,34993592.4,487.5,562.0,471.0,2026-01-18 14:59:24.343750000,650,490.8,489.87,NABIL,131
1848541,2026-01-18,339.7,347.0,335.0,339.0,163190,55502172.6,334.2,428.4,304.5,2026-01-18 14:59:24.592386000,445,339.0,340.11,NICA,139
1848600,2026-01-18,1150.0,1158.0,1135.0,1139.0,103115,118115051.7,1139.0,1556.1,1103.0,2026-01-18 14:59:54.678579000,958,1139.0,1145.47,HDL,235
1848620,2026-01-18,858.0,858.0,845.0,852.0,11299,9610727.3,847.0,996.3,762.5,2026-01-18 14:59:21.141486000,212,852.0,850.58,NTC,307
1848823,2026-01-18,1320.0,1324.0,1295.0,1305.0,64519,84428280.0,1311.0,1842.0,770.3,2026-01-18 14:59:57.748164000,507,1305.0,1308.58,NRIC,2881
1849065,2026-01-20,490.8,500.0,490.8,496.5,72522,36046488.1,490.8,562.0,471.0,2026-01-20 14:59:57.090592000,620,496.5,497.04,NABIL,131
1849071,2026-01-20,332.5,350.0,332.5,346.0,141100,48859694.4,339.0,428.4,304.5,2026-01-20 14:59:59.613045000,436,346.0,346.28,NICA,139
1849130,2026-01-20,1160.0,1168.5,1149.0,1161.9,124358,144037115.2,1139.0,1556.1,1103.0,2026-01-20 14:59:56.037690000,1029,1161.9,1158.25,HDL,235
1849150,2026-01-20,863.0,867.9,852.0,859.9,14049,12048765.6,852.0,996.3,762.5,2026-01-20 14:59:46.525075000,256,859.9,857.62,NTC,307
1849353,2026-01-20,1327.0,1345.0,1300.0,1313.2,119056,157469340.4,1305.0,1842.0,821.0,2026-01-20 14:59:58.981459000,741,1313.2,1322.65,NRIC,2881
1849595,2026-01-21,502.0,504.0,493.0,496.1,44079,21895053.7,496.5,562.0,471.0,2026-01-21 14:59:59.085614000,423,496.1,496.72,NABIL,131
1849601,2026-01-21,348.0,348.0,340.0,342.0,91181,31278407.9,346.0,428.4,304.5,2026-01-21 14:59:57.040332000,311,342.0,343.04,NICA,139
1849660,2026-01-21,1161.1,1179.0,1150.2,1158.0,83212,96566511.8,1161.9,1556.1,1103.0,2026-01-21 14:59:20.608123000,715,1158.0,1160.49,HDL,235
1849680,2026-01-21,855.1,866.0,855.1,862.9,8255,7129293.3,859.9,996.3,762.5,2026-01-21 14:58:49.464986000,154,862.9,863.63,NTC,307
1849883,2026-01-21,1325.0,1331.5,1305.0,1313.0,70734,93221753.5,1313.2,1842.0,875.0,2026-01-21 14:59:59.508414000,579,1313.0,1317.92,NRIC,2881
1850125,2026-01-22,498.0,498.0,492.3,493.1,63230,31254327.7,496.1,562.0,471.0,2026-01-22 14:59:44.476361000,531,493.1,494.3,NABIL,131
1850131,2026-01-22,347.9,347.9,337.0,341.9,71540,24282898.9,342.0,428.4,304.5,2026-01-22 14:59:56.951218000,305,341.9,339.43,NICA,139
1850190,2026-01-22,1155.0,1164.0,1148.0,1152.2,71904,82855323.5,1158.0,1556.1,1103.0,2026-01-22 14:59:54.035285000,711,1152.2,1152.3,HDL,235
1850210,2026-01-22,862.0,867.7,856.1,860.0,12001,10323849.7,862.9,996.3,762.5,2026-01-22 14:59:32.698465000,163,860.0,860.25,NTC,307
1850413,2026-01-22,1315.0,1322.0,1305.0,1314.0,42882,56148073.9,1313.0,1842.0,886.0,2026-01-22 14:59:57.832001000,457,1314.0,1309.36,NRIC,2881
1850655,2026-01-25,496.9,499.0,492.0,497.2,104063,51522824.2,493.1,562.0,471.0,2026-01-25 14:59:51.047907000,718,497.2,495.11,NABIL,131
1850661,2026-01-25,343.9,355.0,340.0,351.2,164488,57106724.3,341.9,428.4,304.5,2026-01-25 14:59:58.492066000,581,351.2,347.18,NICA,139
1850720,2026-01-25,1175.2,1175.2,1155.0,1164.0,109081,126539897.2,1152.2,1556.1,1103.0,2026-01-25 14:59:59.251651000,1085,1164.0,1160.05,HDL,235
1850740,2026-01-25,860.0,874.0,860.0,868.7,37318,32356768.1,860.0,996.3,762.5,2026-01-25 14:59:47.422592000,294,868.7,867.06,NTC,307
1850943,2026-01-25,1314.0,1346.0,1303.0,1329.0,76666,101757301.0,1314.0,1842.0,899.0,2026-01-25 14:59:58.042646000,632,1329.0,1327.28,NRIC,2881
1851185,2026-01-26,501.0,504.0,496.0,497.0,109372,54595184.2,497.2,562.0,471.0,2026-01-26 14:59:44.959277000,745,497.0,499.17,NABIL,131
1851191,2026-01-26,356.9,365.0,347.7,356.0,250861,88805399.9,351.2,428.4,304.5,2026-01-26 14:59:47.372530000,679,356.0,354.0,NICA,139
1851250,2026-01-26,1170.0,1180.0,1162.0,1169.0,119682,139974975.2,1164.0,1556.1,1103.0,2026-01-26 14:59:58.929556000,1131,1169.0,1169.56,HDL,235
1851270,2026-01-26,878.0,879.8,860.0,869.0,18503,16065357.4,868.7,996.3,762.5,2026-01-26 14:59:05.146456000,250,869.0,868.26,NTC,307
1851473,2026-01-26,1348.0,1348.0,1305.0,1312.0,62396,82440323.7,1329.0,1842.0,899.0,2026-01-26 14:59:56.519971000,543,1312.0,1321.24,NRIC,2881
1851715,2026-01-27,497.0,500.0,492.1,494.9,72291,35899477.5,497.0,562.0,471.0,2026-01-27 14:59:51.272167000,527,494.9,496.6,NABIL,131
1851721,2026-01-27,355.0,362.0,346.0,347.0,108099,38057967.9,356.0,428.4,304.5,2026-01-27 14:59:58.544005000,512,347.0,352.07,NICA,139
1851780,2026-01-27,1145.7,1178.9,1145.7,1152.0,87901,102054341.5,1169.0,1556.1,1103.0,2026-01-27 14:59:52.071036000,943,1152.0,1161.01,HDL,235
1851800,2026-01-27,875.0,875.0,861.0,863.0,8502,7355735.9,869.0,996.3,762.5,2026-01-27 14:59:56.583346000,193,863.0,865.18,NTC,307
1852003,2026-01-27,1313.2,1320.0,1280.1,1281.0,87770,114140000.8,1312.0,1842.0,920.0,2026-01-27 14:59:59.898328000,673,1281.0,1300.44,NRIC,2881
1852245,2026-01-28,492.1,495.0,490.1,492.0,48841,24022794.9,494.9,562.0,471.0,2026-01-28 14:59:52.144205000,486,492.0,491.86,NABIL,131
1852251,2026-01-28,344.2,350.0,344.0,345.9,75584,26161201.0,347.0,428.4,304.5,2026-01-28 14:59:59.674909000,306,345.9,346.12,NICA,139
1852310,2026-01-28,1152.0,1161.0,1146.0,1155.0,77360,89028432.3,1152.0,1556.1,1103.0,2026-01-28 14:59:45.256547000,854,1155.0,1150.83,HDL,235
1852330,2026-01-28,862.0,865.0,858.3,860.0,15099,12985881.6,863.0,996.3,762.5,2026-01-28 14:59:35.549628000,162,860.0,860.05,NTC,307
1852533,2026-01-28,1286.1,1308.0,1271.1,1290.0,54427,70257490.4,1281.0,1842.0,947.9,2026-01-28 14:59:58.240404000,573,1290.0,1290.86,NRIC,2881
1852775,2026-01-29,500.0,508.0,493.0,497.0,132087,65706865.4,492.0,562.0,471.0,2026-01-29 14:59:59.765250000,791,497.0,497.45,NABIL,131
1852781,2026-01-29,340.0,343.0,337.0,337.3,106393,36152038.9,345.9,428.4,304.5,2026-01-29 14:59:50.504186000,580,337.3,339.8,NICA,139
1852840,2026-01-29,1161.1,1161.1,1150.4,1151.0,81821,94526250.9,1155.0,1556.1,1103.0,2026-01-29 14:59:47.241281000,715,1151.0,1155.28,HDL,235
1852860,2026-01-29,861.0,870.0,857.4,858.5,11566,9950119.9,860.0,996.3,762.5,2026-01-29 14:59:31.774444000,165,858.5,860.29,NTC,307
1853063,2026-01-29,1309.9,1309.9,1275.0,1277.0,50699,64967783.1,1290.0,1842.0,947.9,2026-01-29 14:59:54.125520000,406,1277.0,1281.44,NRIC,2881
1853305,2026-02-01,500.0,506.0,497.0,498.1,84076,41889487.5,497.0,562.0,471.0,2026-02-01 14:59:59.484922000,632,498.1,498.23,NABIL,131
1853311,2026-02-01,334.0,338.0,330.5,330.5,88265,29373917.1,337.3,428.4,304.5,2026-02-01 14:59:40.687664000,507,330.5,332.79,NICA,139
1853370,2026-02-01,1151.0,1160.0,1150.0,1151.0,65968,76039961.0,1151.0,1556.1,1103.0,2026-02-01 14:59:59.735248000,862,1151.0,1152.68,HDL,235
1853390,2026-02-01,870.0,870.0,853.0,856.0,9080,7784000.8,858.5,996.3,762.5,2026-02-01 14:59:54.779118000,197,856.0,857.27,NTC,307
1853593,2026-02-01,1277.0,1290.0,1259.0,1270.0,36248,45859378.4,1277.0,1842.0,947.9,2026-02-01 14:59:59.836414000,387,1270.0,1265.16,NRIC,2881
1853835,2026-02-02,488.2,500.0,488.2,498.8,61083,30416105.6,498.1,562.0,471.0,2026-02-02 14:59:49.856965000,477,498.8,497.95,NABIL,131
1853841,2026-02-02,330.5,338.0,330.5,334.0,39025,12973459.3,330.5,428.4,304.5,2026-02-02 14:59:45.624190000,244,334.0,332.44,NICA,139
1853900,2026-02-02,1163.0,1163.0,1145.0,1148.0,61474,70627680.3,1151.0,1556.1,1103.0,2026-02-02 14:59:57.729483000,688,1148.0,1148.9,HDL,235
1853920,2026-02-02,850.0,860.0,850.0,850.0,16347,13944611.1,856.0,996.3,762.5,2026-02-02 14:59:57.765950000,230,850.0,853.04,NTC,307
1854123,2026-02-02,1245.0,1290.0,1245.0,1261.0,71490,90560652.7,1270.0,1842.0,947.9,2026-02-02 14:59:57.403274000,409,1261.0,1266.76,NRIC,2881
1854365,2026-02-03,500.0,500.0,496.0,498.0,78804,39301639.4,498.8,562.0,471.0,2026-02-03 14:59:51.744358000,494,498.0,498.73,NABIL,131
1854371,2026-02-03,337.0,337.8,321.5,328.0,106817,35010819.3,334.0,428.4,304.5,2026-02-03 14:59:39.867044000,395,328.0,327.76,NICA,139
1854430,2026-02-03,1148.0,1154.0,1135.2,1139.0,81053,92579561.2,1148.0,1556.1,1103.0,2026-02-03 14:59:50.061178000,909,1139.0,1142.21,HDL,235
1854450,2026-02-03,851.0,860.0,847.0,850.9,9721,8270823.9,850.0,996.3,762.5,2026-02-03 14:59:56.066100000,162,850.9,850.82,NTC,307
1854653,2026-02-03,1235.9,1280.0,1235.9,1250.0,75855,94580449.9,1261.0,1842.0,948.7,2026-02-03 14:59:59.481696000,546,1250.0,1246.86,NRIC,2881
1854895,2026-02-04,489.0,502.0,489.0,496.1,49627,24731834.8,498.0,562.0,471.0,2026-02-04 14:59:38.761937000,365,496.1,498.35,NABIL,131
1854901,2026-02-04,322.0,332.9,322.0,326.0,69033,22530574.0,328.0,428.4,304.5,2026-02-04 14:59:59.520392000,336,326.0,326.37,NICA,139
1854960,2026-02-04,1150.0,1150.0,1135.0,1136.0,58378,66520166.1,1139.0,1556.1,1103.0,2026-02-04 14:59:55.403239000,709,1136.0,1139.47,HDL,235
1854980,2026-02-04,834.0,865.0,834.0,852.9,10761,9157983.8,850.9,996.3,762.5,2026-02-04 14:59:52.636982000,178,852.9,851.03,NTC,307
1855183,2026-02-04,1225.0,1260.0,1200.6,1239.0,80030,98697399.5,1250.0,1842.0,960.4,2026-02-04 14:59:59.391582000,556,1239.0,1233.26,NRIC,2881
1855425,2026-02-05,499.9,501.0,496.5,499.3,98644,49234318.5,496.1,562.0,471.0,2026-02-05 14:59:54.962584000,535,499.3,499.11,NABIL,131
1855431,2026-02-05,327.0,329.9,325.0,327.7,55997,18354187.2,326.0,428.4,304.5,2026-02-05 14:59:58.798919000,265,327.7,327.77,NICA,139
1855490,2026-02-05,1140.0,1149.0,1138.0,1141.0,50174,57253949.9,1136.0,1556.1,1103.0,2026-02-05 14:59:52.487936000,618,1141.0,1141.11,HDL,235
1855510,2026-02-05,850.0,860.0,850.0,853.0,8449,7195776.2,852.9,996.3,762.5,2026-02-05 14:59:51.785217000,167,853.0,851.67,NTC,307
1855713,2026-02-05,1249.0,1310.0,1225.0,1285.0,169369,215480122.95,1239.0,1842.0,960.4,2026-02-05 14:59:59.551961000,856,1285.0,1272.25,NRIC,2881
1855955,2026-02-08,497.3,500.9,497.0,498.5,75640,37753491.4,499.3,562.0,471.0,2026-02-08 14:59:55.997869000,472,498.5,499.12,NABIL,131
1855961,2026-02-08,333.9,333.9,327.3,328.7,48970,16122325.0,327.7,428.4,304.5,2026-02-08 14:59:18.043305000,225,328.7,329.23,NICA,139
1856020,2026-02-08,1163.8,1163.8,1140.0,1143.0,66291,75943810.9,1141.0,1556.1,1103.0,2026-02-08 14:59:56.149877000,687,1143.0,1145.61,HDL,235
1856040,2026-02-08,855.0,860.0,848.0,850.0,17064,14546845.2,853.0,996.3,762.5,2026-02-08 14:59:42.157917000,233,850.0,852.49,NTC,307
1856243,2026-02-08,1310.0,1341.0,1291.0,1319.9,196139,259333698.1,1285.0,1842.0,960.4,2026-02-08 14:59:59.684861000,1314,1319.9,1322.19,NRIC,2881
1856485,2026-02-09,499.0,499.0,494.0,495.9,68038,33764079.0,498.5,562.0,471.0,2026-02-09 14:59:54.783773000,469,495.9,496.25,NABIL,131
1856491,2026-02-09,328.2,328.2,322.2,323.0,114234,36994763.0,328.7,428.4,304.5,2026-02-09 14:59:31.419340000,437,323.0,323.85,NICA,139
1856550,2026-02-09,1150.0,1150.0,1135.0,1139.0,50110,57040245.9,1143.0,1556.1,1103.0,2026-02-09 14:59:49.289190000,585,1139.0,1138.3,HDL,235
1856570,2026-02-09,855.0,859.9,844.0,844.0,19259,16298846.0,850.0,996.3,762.5,2026-02-09 14:59:53.128077000,240,844.0,846.3,NTC,307
1856773,2026-02-09,1323.0,1324.9,1262.0,1275.0,74048,94985138.1,1319.9,1842.0,960.4,2026-02-09 14:59:52.753757000,672,1275.0,1282.75,NRIC,2881
1857015,2026-02-10,496.0,499.8,492.1,496.4,63267,31386145.5,495.9,562.0,471.0,2026-02-10 14:59:59.066175000,451,496.4,496.09,NABIL,131
1857021,2026-02-10,327.9,327.9,320.5,322.0,74460,23948731.6,323.0,428.4,304.5,2026-02-10 14:59:59.137604000,337,322.0,321.63,NICA,139
1857080,2026-02-10,1150.0,1150.0,1133.5,1136.0,42723,48554707.1,1139.0,1556.1,1103.0,2026-02-10 14:59:59.919743000,566,1136.0,1136.5,HDL,235
1857100,2026-02-10,845.0,848.0,840.1,845.0,15995,13490612.9,844.0,996.3,762.5,2026-02-10 14:59:32.652280000,216,845.0,843.43,NTC,307
1857303,2026-02-10,1265.2,1296.8,1263.0,1266.0,31673,40431452.9,1275.0,1842.0,960.4,2026-02-10 14:59:26.436344000,380,1266.0,1276.53,NRIC,2881
1857546,2026-02-11,500.0,500.0,495.0,496.0,42061,20905981.1,496.4,562.0,471.0,2026-02-11 14:59:57.453480000,362,496.0,497.04,NABIL,131
1857552,2026-02-11,315.6,328.0,315.6,320.9,72607,23379514.7,322.0,428.4,304.5,2026-02-11 14:59:25.216760000,318,320.9,322.0,NICA,139
1857611,2026-02-11,1143.0,1146.8,1135.0,1136.1,35684,40611585.9,1136.0,1556.1,1103.0,2026-02-11 14:59:45.336004000,436,1136.1,1138.09,HDL,235
1857631,2026-02-11,861.9,861.9,843.5,847.5,7097,6005186.5,845.0,996.3,762.5,2026-02-11 14:59:50.508796000,157,847.5,846.16,NTC,307
1857834,2026-02-11,1291.3,1291.3,1251.0,1263.0,46895,59045447.4,1266.0,1842.0,960.4,2026-02-11 14:59:29.516772000,382,1263.0,1259.1,NRIC,2881
1858077,2026-02-12,495.0,498.7,492.5,495.0,83293,41246451.3,496.0,562.0,471.0,2026-02-12 14:59:37.875976000,452,495.0,495.2,NABIL,131
1858083,2026-02-12,320.8,330.0,320.1,329.9,195633,64117459.4,320.9,428.4,304.5,2026-02-12 14:59:42.855418000,318,329.9,327.74,NICA,139
1858142,2026-02-12,1140.0,1145.0,1130.0,1137.5,52164,59363873.9,1136.1,1556.1,1103.0,2026-02-12 14:59:46.323795000,575,1137.5,1138.02,HDL,235
1858162,2026-02-12,855.0,855.0,845.0,848.0,16335,13830575.5,847.5,996.3,762.5,2026-02-12 14:57:56.457968000,165,848.0,846.68,NTC,307
1858365,2026-02-12,1288.2,1288.2,1246.0,1252.0,41236,51776481.3,1263.0,1842.0,961.0,2026-02-12 14:59:51.835958000,398,1252.0,1255.61,NRIC,2881
1858608,2026-02-16,498.7,498.8,493.0,497.9,82231,40828153.5,495.0,562.0,471.0,2026-02-16 14:59:59.773032000,498,497.9,496.51,NABIL,131
1858614,2026-02-16,330.0,330.0,324.2,325.9,25760,8386080.3,329.9,428.4,304.5,2026-02-16 14:59:58.966788000,217,325.9,325.55,NICA,139
1858673,2026-02-16,1150.0,1150.0,1136.0,1137.7,43826,49992238.3,1137.5,1556.1,1103.0,2026-02-16 14:59:59.689490000,530,1137.7,1140.7,HDL,235
1858693,2026-02-16,854.0,855.0,840.0,848.0,17535,14828752.7,848.0,996.3,762.5,2026-02-16 14:59:46.902650000,245,848.0,845.67,NTC,307
1858896,2026-02-16,1277.0,1277.0,1240.0,1249.0,49201,61452287.3,1252.0,1842.0,961.0,2026-02-16 14:59:59.657708000,384,1249.0,1249.0,NRIC,2881
1859142,2026-02-17,495.0,498.5,492.0,497.0,90768,44975581.7,497.9,562.0,471.0,2026-02-17 14:59:57.374855000,549,497.0,495.5,NABIL,131
1859148,2026-02-17,324.2,330.0,322.0,323.0,145521,47176032.3,325.9,428.4,304.5,2026-02-17 14:59:55.134481000,293,323.0,324.19,NICA,139
1859207,2026-02-17,1137.7,1145.0,1133.0,1134.0,56083,63639011.3,1137.7,1556.1,1103.0,2026-02-17 14:59:45.241387000,630,1134.0,1134.73,HDL,235
1859227,2026-02-17,850.0,850.0,845.0,845.0,14321,12128465.8,848.0,996.3,762.5,2026-02-17 14:59:55.941253000,148,845.0,846.9,NTC,307
1859430,2026-02-17,1272.0,1272.0,1236.1,1240.0,41129,51344562.7,1249.0,1842.0,1011.0,2026-02-17 14:59:59.745159000,360,1240.0,1248.38,NRIC,2881
1859676,2026-02-22,497.8,497.8,490.0,495.0,43286,21371862.2,497.0,562.0,471.0,2026-02-22 14:59:48.001791000,470,495.0,493.74,NABIL,131
1859682,2026-02-22,325.0,327.5,320.4,321.0,34856,11214035.4,323.0,428.4,304.5,2026-02-22 14:59:59.366652000,230,321.0,321.72,NICA,139
1859741,2026-02-22,1134.0,1144.5,1128.0,1135.0,80601,91453752.8,1134.0,1556.1,1103.0,2026-02-22 14:59:57.561654000,765,1135.0,1134.65,HDL,235
1859761,2026-02-22,845.0,850.0,845.0,845.2,10506,8892546.9,845.0,996.3,762.5,2026-02-22 14:59:37.703303000,191,845.2,846.43,NTC,307
1859964,2026-02-22,1242.0,1242.0,1215.0,1225.0,66329,81003224.6,1240.0,1842.0,1038.1,2026-02-22 14:59:59.260021000,392,1225.0,1221.23,NRIC,2881
1860210,2026-02-23,494.5,498.6,493.0,495.4,57825,28657902.8,495.0,562.0,471.0,2026-02-23 14:59:54.769320000,460,495.4,495.6,NABIL,131
1860216,2026-02-23,321.0,324.5,320.0,322.0,53331,17153651.6,321.0,428.4,304.5,2026-02-23 14:59:03.511040000,265,322.0,321.65,NICA,139
1860275,2026-02-23,1135.0,1141.0,1131.0,1133.1,27013,30653874.6,1135.0,1556.1,1103.0,2026-02-23 14:59:58.790763000,405,1133.1,1134.78,HDL,235
1860295,2026-02-23,847.0,859.0,845.0,855.0,10926,9273794.3,845.2,996.3,762.5,2026-02-23 14:59:57.364965000,170,855.0,848.78,NTC,307
1860498,2026-02-23,1215.1,1230.0,1210.0,1217.5,44202,53775091.6,1225.0,1842.0,1146.0,2026-02-23 14:59:57.978211000,337,1217.5,1216.58,NRIC,2881
1860744,2026-02-24,496.0,497.9,495.0,496.0,33305,16521094.8,495.4,562.0,471.0,2026-02-24 14:59:59.572981000,304,496.0,496.05,NABIL,131
1860750,2026-02-24,322.0,326.9,321.0,323.7,24034,7762089.0,322.0,428.4,304.5,2026-02-24 14:59:58.223066000,147,323.7,322.96,NICA,139
1860809,2026-02-24,1132.0,1140.0,1132.0,1135.4,30055,34168489.9,1133.1,1556.1,1103.0,2026-02-24 14:59:47.813806000,384,1135.4,1136.87,HDL,235
1860829,2026-02-24,855.0,858.7,850.0,853.0,7123,6088720.2,855.0,996.3,762.5,2026-02-24 14:59:53.237984000,122,853.0,854.8,NTC,307
1861032,2026-02-24,1215.0,1229.0,1215.0,1220.0,69551,84837325.8,1217.5,1842.0,1146.0,2026-02-24 14:59:58.510177000,310,1220.0,1219.79,NRIC,2881
1861278,2026-02-25,497.0,499.0,495.0,496.0,30849,15328310.3,496.0,562.0,471.0,2026-02-25 14:59:45.882367000,297,496.0,496.88,NABIL,131
1861284,2026-02-25,322.0,326.0,322.0,322.3,32708,10560127.2,323.7,428.4,304.5,2026-02-25 14:59:43.930058000,186,322.3,322.86,NICA,139
1861343,2026-02-25,1146.0,1149.0,1135.0,1138.0,26569,30235479.1,1135.4,1556.1,1103.0,2026-02-25 14:59:52.233633000,358,1138.0,1138.0,HDL,235
1861363,2026-02-25,854.0,854.0,850.0,853.0,4753,4052826.7,853.0,996.3,762.5,2026-02-25 14:57:55.787421000,118,853.0,852.69,NTC,307
1861566,2026-02-25,1230.0,1244.0,1222.3,1227.0,13935,17137328.3,1220.0,1842.0,1146.0,2026-02-25 14:59:59.033152000,188,1227.0,1229.8,NRIC,2881
1861812,2026-02-26,498.0,499.0,496.5,497.9,32698,16267191.0,496.0,562.0,471.0,2026-02-26 14:59:31.051752000,315,497.9,497.5,NABIL,131
1861818,2026-02-26,328.7,328.7,322.8,325.0,29539,9563016.6,322.3,428.4,304.5,2026-02-26 14:59:59.277941000,164,325.0,323.74,NICA,139
1861877,2026-02-26,1147.0,1148.0,1139.1,1141.1,29740,33937183.9,1138.0,1556.1,1103.0,2026-02-26 14:59:52.619120000,376,1141.1,1141.13,HDL,235
1861897,2026-02-26,870.0,870.0,853.0,855.0,7300,6246213.3,853.0,996.3,762.5,2026-02-26 14:59:22.179463000,128,855.0,855.65,NTC,307
1862100,2026-02-26,1251.5,1251.5,1220.5,1222.0,22131,27166182.9,1227.0,1842.0,1146.0,2026-02-26 14:59:57.867682000,259,1222.0,1227.52,NRIC,2881
1862346,2026-03-01,497.9,500.0,494.0,499.0,58125,28963339.1,497.9,562.0,471.0,2026-03-01 14:59:58.314542000,486,499.0,498.29,NABIL,131
1862352,2026-03-01,325.0,329.5,322.0,329.5,42373,13845220.0,325.0,428.4,304.5,2026-03-01 14:59:53.522902000,188,329.5,326.75,NICA,139
1862411,2026-03-01,1163.9,1163.9,1130.0,1144.0,71379,81360159.9,1141.1,1556.1,1103.0,2026-03-01 14:59:37.295117000,667,1144.0,1139.83,HDL,235
1862431,2026-03-01,855.0,876.0,850.0,876.0,18793,16174861.7,855.0,996.3,762.5,2026-03-01 14:59:57.722349000,217,876.0,860.69,NTC,307
1862634,2026-03-01,1246.4,1246.4,1205.4,1227.0,32541,39772899.5,1222.0,1842.0,1146.0,2026-03-01 14:59:54.613318000,326,1227.0,1222.24,NRIC,2881
1862880,2026-03-03,508.9,508.9,497.0,504.0,53465,26848394.6,499.0,562.0,471.0,2026-03-03 14:59:54.934076000,480,504.0,502.17,NABIL,131
1862886,2026-03-03,336.0,338.0,327.5,334.9,55876,18709202.9,329.5,428.4,304.5,2026-03-03 14:59:43.828863000,301,334.9,334.83,NICA,139
1862945,2026-03-03,1166.8,1166.8,1140.0,1158.8,52058,60037478.8,1144.0,1556.1,1103.0,2026-03-03 14:59:57.626410000,506,1158.8,1153.28,HDL,235
1862965,2026-03-03,893.5,893.5,862.0,872.0,12203,10616496.9,876.0,982.2,762.5,2026-03-03 14:59:57.879872000,178,872.0,869.99,NTC,307
1863168,2026-03-03,1251.5,1251.5,1227.0,1250.0,23948,29731998.6,1227.0,1842.0,1146.0,2026-03-03 14:59:54.282104000,248,1250.0,1241.52,NRIC,2881
1863414,2026-03-09,514.0,550.0,514.0,545.0,4906,2569979.4,504.0,562.0,471.0,2026-03-09 12:01:29.661186000,32,545.0,523.84,NABIL,131
1863420,2026-03-09,341.5,355.2,341.5,355.2,690,239937.0,334.9,428.4,304.5,2026-03-09 12:01:27.315947000,9,355.2,347.73,NICA,139
1863479,2026-03-09,1181.9,1274.0,1181.9,1270.0,2492,3118944.0,1158.8,1556.1,1103.0,2026-03-09 12:01:37.456101000,23,1270.0,1251.58,HDL,235
1863499,2026-03-09,889.4,924.0,880.0,880.0,9298,8373842.8,872.0,938.0,762.5,2026-03-09 12:01:31.017813000,65,880.0,900.61,NTC,307
1863702,2026-03-09,1275.0,1352.0,1275.0,1340.0,12865,17017405.0,1250.0,1842.0,1146.0,2026-03-09 12:01:36.806954000,59,1340.0,1322.77,NRIC,2881
1863948,2026-03-10,545.0,555.0,528.0,534.8,271844,146203278.7,545.0,562.0,471.0,2026-03-10 14:59:54.331094000,2313,534.8,537.82,NABIL,131
1863954,2026-03-10,360.0,360.0,339.0,349.7,338163,116970808.6,355.2,428.4,304.5,2026-03-10 14:59:59.618997000,1106,349.7,345.9,NICA,139
1864013,2026-03-10,1290.0,1292.0,1198.0,1225.0,269114,330298436.1,1270.0,1556.1,1103.0,2026-03-10 14:59:57.840233000,2948,1225.0,1227.36,HDL,235
1864033,2026-03-10,897.6,942.5,880.0,900.0,96225,86579936.6,880.0,942.5,762.5,2026-03-10 14:59:38.687563000,1162,900.0,899.77,NTC,307
1864236,2026-03-10,1340.0,1340.0,1280.0,1299.0,101100,131517382.4,1340.0,1842.0,1146.0,2026-03-10 14:59:55.572434000,890,1299.0,1300.86,NRIC,2881
1864482,2026-03-11,539.0,539.0,525.0,527.0,78574,41602142.1,534.8,562.0,471.0,2026-03-11 14:59:51.592785000,748,527.0,529.46,NABIL,131
1864488,2026-03-11,352.0,352.0,341.0,344.0,110266,38016131.3,349.7,428.4,304.5,2026-03-11 14:59:57.313320000,370,344.0,344.77,NICA,139
1864547,2026-03-11,1249.5,1249.5,1194.0,1195.0,93653,113266818.1,1225.0,1556.1,1103.0,2026-03-11 14:59:44.802201000,1122,1195.0,1209.43,HDL,235
1864567,2026-03-11,908.0,908.0,890.0,890.5,21122,18952770.6,900.0,942.5,762.5,2026-03-11 14:59:36.135753000,305,890.5,897.3,NTC,307
1864770,2026-03-11,1300.1,1310.0,1261.0,1273.0,39529,50602726.2,1299.0,1842.0,1146.0,2026-03-11 14:59:59.583282000,420,1273.0,1280.14,NRIC,2881
1865016,2026-03-12,522.1,531.7,522.0,529.0,81850,43235313.7,527.0,562.0,471.0,2026-03-12 14:59:56.905981000,706,529.0,528.23,NABIL,131
1865022,2026-03-12,339.0,356.4,338.2,349.7,179017,62568382.9,344.0,428.4,304.5,2026-03-12 14:59:59.724771000,529,349.7,349.51,NICA,139
1865081,2026-03-12,1200.0,1208.0,1190.0,1200.0,76166,91399998.4,1195.0,1556.1,1103.0,2026-03-12 14:59:55.298899000,874,1200.0,1200.01,HDL,235
1865101,2026-03-12,890.5,895.0,876.0,887.0,14394,12785535.9,890.5,942.5,762.5,2026-03-12 14:59:34.606824000,271,887.0,888.25,NTC,307
1865304,2026-03-12,1261.0,1284.8,1240.0,1251.0,104262,130944680.6,1273.0,1842.0,1146.0,2026-03-12 14:59:56.314398000,630,1251.0,1255.92,NRIC,2881
1865551,2026-03-15,531.0,539.0,528.5,530.5,92278,49151174.8,529.0,562.0,471.0,2026-03-15 14:59:52.038549000,786,530.5,532.64,NABIL,131
1865557,2026-03-15,354.7,354.7,345.0,348.5,100898,35128683.3,349.7,428.4,304.5,2026-03-15 14:59:49.575749000,419,348.5,348.16,NICA,139
1865616,2026-03-15,1200.0,1210.0,1195.0,1200.0,69070,82914873.4,1200.0,1556.1,1103.0,2026-03-15 14:59:56.643534000,775,1200.0,1200.45,HDL,235
1865636,2026-03-15,890.0,898.0,887.0,887.9,13675,12151932.6,887.0,942.5,762.5,2026-03-15 14:59:39.862077000,254,887.9,888.62,NTC,307
1865839,2026-03-15,1253.0,1272.0,1250.0,1257.0,34883,43748730.5,1251.0,1842.0,1146.0,2026-03-15 14:59:59.348895000,374,1257.0,1254.16,NRIC,2881
1866087,2026-03-16,530.0,532.0,523.0,523.0,67561,35531577.9,530.5,562.0,471.0,2026-03-16 14:59:42.849032000,684,523.0,525.92,NABIL,131
1866093,2026-03-16,345.5,347.0,341.6,342.6,70422,24237238.7,348.5,428.4,304.5,2026-03-16 14:59:55.106733000,275,342.6,344.17,NICA,139
1866152,2026-03-16,1210.0,1210.0,1188.0,1190.0,54304,64867441.5,1200.0,1556.1,1103.0,2026-03-16 14:59:39.807636000,649,1190.0,1194.52,HDL,235
1866172,2026-03-16,893.8,893.8,870.0,877.0,16799,14782587.0,887.9,942.5,762.5,2026-03-16 14:58:58.557853000,279,877.0,879.97,NTC,307
1866375,2026-03-16,1258.0,1269.0,1238.1,1242.0,76151,94866435.8,1257.0,1842.0,1146.0,2026-03-16 14:59:30.185924000,473,1242.0,1245.77,NRIC,2881
1866623,2026-03-17,523.0,530.0,523.0,525.8,47099,24719828.7,523.0,562.0,471.0,2026-03-17 14:59:51.794100000,455,525.8,524.85,NABIL,131
1866629,2026-03-17,339.7,347.0,338.0,345.0,64570,22052790.6,342.6,428.4,304.5,2026-03-17 14:59:51.015963000,242,345.0,341.53,NICA,139
1866688,2026-03-17,1186.1,1197.0,1180.1,1182.0,49794,58961293.7,1190.0,1556.1,1103.0,2026-03-17 14:59:55.094831000,610,1182.0,1184.1,HDL,235
1866708,2026-03-17,879.4,886.0,870.0,879.2,8196,7196499.8,877.0,942.5,762.5,2026-03-17 14:59:32.222508000,146,879.2,878.05,NTC,307
1866911,2026-03-17,1265.9,1266.0,1235.0,1243.9,44740,55551302.2,1242.0,1842.0,1146.0,2026-03-17 14:59:33.069990000,417,1243.9,1241.65,NRIC,2881
1867160,2026-03-19,528.0,536.0,527.0,535.2,151867,80762017.0,525.8,562.0,471.0,2026-03-19 14:59:58.673803000,1007,535.2,531.79,NABIL,131
1867166,2026-03-19,346.0,367.0,346.0,366.0,326932,116860750.4,345.0,428.4,304.5,2026-03-19 14:59:59.784581000,1117,366.0,357.45,NICA,139
1867225,2026-03-19,1182.0,1198.9,1182.0,1195.0,98089,117302490.2,1182.0,1556.1,1103.0,2026-03-19 14:59:50.624442000,931,1195.0,1195.88,HDL,235
1867245,2026-03-19,886.0,890.0,881.0,889.0,28123,24900160.6,879.2,942.5,762.5,2026-03-19 14:59:58.107925000,312,889.0,885.4,NTC,307
1867448,2026-03-19,1268.7,1286.0,1243.9,1279.8,83791,106590734.6,1243.9,1842.0,1146.0,2026-03-19 14:59:58.398589000,838,1279.8,1272.1,NRIC,2881
1867697,2026-03-22,545.0,545.9,537.0,542.1,178526,96882442.0,535.2,562.0,471.0,2026-03-22 14:59:59.962596000,1249,542.1,542.68,NABIL,131
1867703,2026-03-22,370.0,390.0,367.1,389.0,515134,194808254.9,366.0,428.4,304.5,2026-03-22 14:59:57.134390000,1637,389.0,378.17,NICA,139
1867762,2026-03-22,1218.9,1220.0,1201.0,1215.5,129587,157314556.9,1195.0,1556.1,1103.0,2026-03-22 14:59:58.421925000,1272,1215.5,1213.97,HDL,235
1867782,2026-03-22,895.0,909.9,895.0,909.9,67464,60960093.9,889.0,942.5,762.5,2026-03-22 14:59:59.890174000,610,909.9,903.59,NTC,307
1867985,2026-03-22,1300.0,1300.0,1275.0,1288.0,71116,91622487.0,1279.8,1842.0,1146.0,2026-03-22 14:59:59.702021000,687,1288.0,1288.35,NRIC,2881
1868235,2026-03-23,542.1,546.0,536.7,542.0,100511,54536805.3,542.1,562.0,471.0,2026-03-23 14:59:54.971359000,926,542.0,542.6,NABIL,131
1868241,2026-03-23,396.7,396.7,376.0,389.0,314867,120700854.1,389.0,428.4,304.5,2026-03-23 14:59:58.826498000,1032,389.0,383.34,NICA,139
1868300,2026-03-23,1220.0,1240.4,1210.0,1239.0,158313,193801882.7,1215.5,1556.1,1103.0,2026-03-23 14:59:49.846966000,1385,1239.0,1224.17,HDL,235
1868320,2026-03-23,920.0,928.0,900.1,908.0,59765,54567882.3,909.9,942.5,762.5,2026-03-23 14:59:59.566526000,595,908.0,913.04,NTC,307
1868523,2026-03-23,1300.0,1303.0,1275.0,1295.0,80180,103279264.1,1288.0,1842.0,1146.0,2026-03-23 14:59:58.306194000,750,1295.0,1288.09,NRIC,2881
1868773,2026-03-24,546.0,546.0,542.5,544.6,99147,53987914.0,542.0,562.0,471.0,2026-03-24 14:59:50.269473000,776,544.6,544.52,NABIL,131
1868779,2026-03-24,389.0,411.0,377.4,394.0,585324,228075730.0,389.0,428.4,304.5,2026-03-24 14:59:53.954040000,1147,394.0,389.66,NICA,139
1868838,2026-03-24,1263.7,1263.7,1235.0,1253.0,144026,180246315.7,1239.0,1556.1,1103.0,2026-03-24 14:59:54.820084000,1219,1253.0,1251.48,HDL,235
1868858,2026-03-24,920.0,920.0,908.0,914.0,18877,17225044.2,908.0,942.5,762.5,2026-03-24 14:59:54.429722000,277,914.0,912.49,NTC,307
1869061,2026-03-24,1295.1,1295.1,1275.3,1284.3,53374,68497162.2,1295.0,1842.0,1146.0,2026-03-24 14:59:56.433602000,503,1284.3,1283.34,NRIC,2881
1869311,2026-03-25,544.0,548.0,538.0,539.0,133329,72143579.5,544.6,562.0,471.0,2026-03-25 14:59:56.501040000,830,539.0,541.09,NABIL,131
1869317,2026-03-25,387.0,404.9,387.0,398.0,498555,198083967.4,394.0,428.4,304.5,2026-03-25 14:59:58.922513000,1364,398.0,397.32,NICA,139
1869376,2026-03-25,1254.0,1260.0,1232.0,1235.0,113050,140678169.8,1253.0,1556.1,1103.0,2026-03-25 14:59:57.475516000,1033,1235.0,1244.39,HDL,235
1869396,2026-03-25,932.0,932.0,895.0,895.0,16089,14545111.1,914.0,942.5,762.5,2026-03-25 14:59:44.166590000,297,895.0,904.04,NTC,307
1869599,2026-03-25,1300.0,1300.0,1265.0,1267.8,55588,70713293.2,1284.3,1842.0,1146.0,2026-03-25 14:59:46.002940000,547,1267.8,1272.1,NRIC,2881
1869850,2026-03-26,539.0,543.0,533.0,543.0,58580,31633104.0,539.0,562.0,471.0,2026-03-26 14:59:55.175141000,598,543.0,540.0,NABIL,131
1869856,2026-03-26,398.0,402.0,390.0,401.0,321458,128197133.0,398.0,428.4,304.5,2026-03-26 14:59:50.331937000,804,401.0,398.8,NICA,139
1869915,2026-03-26,1235.0,1239.9,1215.2,1226.0,64395,79021094.7,1235.0,1556.1,1103.0,2026-03-26 14:59:50.051444000,766,1226.0,1227.13,HDL,235
1869935,2026-03-26,877.1,917.0,877.1,904.9,40620,36677601.0,895.0,942.5,762.5,2026-03-26 14:59:55.539801000,347,904.9,902.94,NTC,307
1870138,2026-03-26,1268.0,1278.0,1261.0,1269.0,40652,51527023.7,1267.8,1842.0,1146.0,2026-03-26 14:59:55.375255000,376,1269.0,1267.52,NRIC,2881
1870390,2026-03-29,550.0,550.0,534.0,534.1,174352,94235236.4,543.0,562.0,471.0,2026-03-29 14:59:59.251037000,1060,534.1,540.49,NABIL,131
1870396,2026-03-29,401.0,401.0,383.7,383.7,444715,174266448.7,401.0,428.4,304.5,2026-03-29 14:59:55.837369000,950,383.7,391.86,NICA,139
1870455,2026-03-29,1230.0,1230.0,1200.0,1204.0,123947,149758570.6,1226.0,1556.1,1103.0,2026-03-29 14:59:58.974009000,1426,1204.0,1208.25,HDL,235
1870475,2026-03-29,905.0,907.0,890.0,891.9,33019,29644359.9,904.9,942.5,762.5,2026-03-29 14:59:40.851459000,431,891.9,897.8,NTC,307
1870678,2026-03-29,1275.0,1280.0,1225.0,1230.0,84329,105414618.8,1269.0,1842.0,1146.0,2026-03-29 14:59:53.060287000,686,1230.0,1250.04,NRIC,2881
1870931,2026-03-30,533.0,539.0,525.1,527.0,104673,55468974.7,534.1,562.0,471.0,2026-03-30 14:59:44.398050000,797,527.0,529.93,NABIL,131
1870937,2026-03-30,383.6,388.0,370.0,370.6,309907,117259877.5,383.7,428.4,304.5,2026-03-30 14:59:53.872179000,835,370.6,378.37,NICA,139
1870996,2026-03-30,1200.0,1205.0,1181.2,1183.0,105356,125649649.9,1204.0,1556.1,1103.0,2026-03-30 14:59:59.328840000,1214,1183.0,1192.62,HDL,235
1871016,2026-03-30,891.0,891.0,875.0,875.0,20255,17895452.3,891.9,942.5,762.5,2026-03-30 14:59:38.903812000,332,875.0,883.51,NTC,307
1871219,2026-03-30,1234.0,1240.1,1188.6,1193.0,142227,172001597.15,1230.0,1842.0,1146.0,2026-03-30 14:59:56.781595000,1275,1193.0,1209.35,NRIC,2881
1871473,2026-03-31,535.0,535.0,520.0,531.0,86278,45264694.9,527.0,562.0,471.0,2026-03-31 14:59:59.664311000,777,531.0,524.64,NABIL,131
1871479,2026-03-31,371.0,387.6,365.0,380.2,294429,111093027.7,370.6,428.4,304.5,2026-03-31 14:59:58.022992000,913,380.2,377.32,NICA,139
1871538,2026-03-31,1190.0,1195.0,1165.1,1185.0,84969,100200013.4,1183.0,1556.1,1103.0,2026-03-31 14:59:55.020880000,1074,1185.0,1179.25,HDL,235
1871558,2026-03-31,884.9,890.0,870.0,877.0,13480,11808086.8,875.0,942.5,762.5,2026-03-31 14:59:48.508395000,268,877.0,875.97,NTC,307
1871761,2026-03-31,1193.0,1200.0,1146.0,1179.0,137011,160006727.3,1193.0,1842.0,1146.0,2026-03-31 14:59:59.448441000,1426,1179.0,1167.84,NRIC,2881
1872015,2026-04-01,531.0,531.0,520.0,523.0,70913,37157925.3,531.0,562.0,471.0,2026-04-01 14:59:53.230599000,628,523.0,523.99,NABIL,131
1872021,2026-04-01,387.8,387.8,372.5,374.0,220782,83323335.4,380.2,428.4,304.5,2026-04-01 14:59:56.837975000,582,374.0,377.4,NICA,139
1872080,2026-04-01,1185.0,1200.0,1160.1,1170.0,66565,78065052.6,1185.0,1556.1,1103.0,2026-04-01 14:59:57.891804000,959,1170.0,1172.76,HDL,235
1872100,2026-04-01,880.0,880.0,866.0,868.0,22437,19584172.4,877.0,942.5,762.5,2026-04-01 14:59:50.415340000,311,868.0,872.85,NTC,307
1872303,2026-04-01,1155.5,1155.5,1061.1,1063.0,393298,426405324.4,1179.0,1842.0,1061.1,2026-04-01 14:59:56.991193000,4175,1063.0,1084.18,NRIC,2881
1872557,2026-04-02,512.6,524.9,512.0,517.5,83066,43064809.0,523.0,562.0,471.0,2026-04-02 14:59:59.100629000,785,517.5,518.44,NABIL,131
1872563,2026-04-02,374.0,381.4,367.3,376.9,195379,73154676.7,374.0,428.4,304.5,2026-04-02 14:59:54.998198000,557,376.9,374.42,NICA,139
1872622,2026-04-02,1170.0,1183.0,1150.0,1169.8,58074,67975556.2,1170.0,1556.1,1103.0,2026-04-02 14:59:44.777030000,735,1169.8,1170.5,HDL,235
1872642,2026-04-02,850.7,875.0,850.7,866.0,17213,14939199.1,868.0,942.5,762.5,2026-04-02 14:59:22.974387000,305,866.0,867.9,NTC,307
1872845,2026-04-02,1060.0,1124.0,1030.0,1071.0,151036,161361588.9,1063.0,1842.0,1030.0,2026-04-02 14:59:59.498499000,1799,1071.0,1068.37,NRIC,2881
1873099,2026-04-05,510.0,518.0,499.8,505.3,103324,52632630.3,517.5,562.0,471.0,2026-04-05 14:59:53.381504000,1093,505.3,509.39,NABIL,131
1873105,2026-04-05,371.0,371.0,352.1,353.0,302502,109112849.9,376.9,428.4,304.5,2026-04-05 14:59:56.404513000,846,353.0,360.7,NICA,139
1873164,2026-04-05,1161.0,1161.0,1130.0,1139.0,105334,120268743.0,1169.8,1556.1,1103.0,2026-04-05 14:59:57.000178000,1501,1139.0,1141.78,HDL,235
1873184,2026-04-05,883.3,883.3,854.2,858.5,17865,15368254.1,866.0,942.5,762.5,2026-04-05 14:59:21.004244000,376,858.5,860.24,NTC,307
1873387,2026-04-05,1050.0,1060.0,963.9,968.0,203378,201453362.6,1071.0,1842.0,963.9,2026-04-05 14:59:59.267543000,2311,968.0,990.54,NRIC,2881
1873641,2026-04-06,506.0,522.0,505.0,518.0,66226,34227090.8,505.3,562.0,471.0,2026-04-06 14:59:55.433947000,744,518.0,516.82,NABIL,131
1873647,2026-04-06,357.0,375.0,355.0,373.5,157316,57779717.9,353.0,428.4,304.5,2026-04-06 14:59:52.614614000,536,373.5,367.28,NICA,139
1873706,2026-04-06,1140.0,1180.0,1137.0,1159.9,71773,82985277.5,1139.0,1556.1,1103.0,2026-04-06 14:59:59.281862000,1016,1159.9,1156.22,HDL,235
1873726,2026-04-06,869.9,879.5,861.0,877.0,20360,17797448.8,858.5,942.5,762.5,2026-04-06 14:59:59.792505000,313,877.0,874.14,NTC,307
1873929,2026-04-06,950.0,1015.0,950.0,990.0,140927,137969782.5,968.0,1842.0,950.0,2026-04-06 14:59:57.914423000,1633,990.0,979.02,NRIC,2881
1874183,2026-04-07,523.9,525.9,518.0,520.0,48132,25072792.4,518.0,562.0,471.0,2026-04-07 14:59:46.858975000,561,520.0,520.92,NABIL,131
1874189,2026-04-07,374.8,377.0,364.0,375.0,120597,44680664.0,373.5,428.4,304.5,2026-04-07 14:59:32.941317000,423,375.0,370.5,NICA,139
1874248,2026-04-07,1182.0,1182.0,1159.0,1162.0,55019,64200091.2,1159.9,1556.1,1103.0,2026-04-07 14:59:53.188428000,576,1162.0,1166.87,HDL,235
1874268,2026-04-07,890.0,890.0,873.0,877.0,10567,9292745.3,877.0,942.5,762.5,2026-04-07 14:59:22.237517000,185,877.0,879.41,NTC,307
1874471,2026-04-07,990.0,1031.0,990.0,1009.9,94913,95943337.7,990.0,1842.0,950.0,2026-04-07 14:59:59.845956000,998,1009.9,1010.86,NRIC,2881
1874727,2026-04-08,520.0,525.0,520.0,524.0,63582,33266796.2,520.0,562.0,471.0,2026-04-08 14:59:57.387681000,472,524.0,523.21,NABIL,131
1874733,2026-04-08,370.0,379.8,368.0,379.0,282931,106024776.5,375.0,428.4,304.5,2026-04-08 14:59:55.960521000,395,379.0,374.74,NICA,139
1874792,2026-04-08,1170.0,1180.0,1160.0,1171.0,41179,48197117.3,1162.0,1556.1,1103.0,2026-04-08 14:59:55.725849000,424,1171.0,1170.43,HDL,235
1874812,2026-04-08,894.5,894.5,872.2,876.0,15283,13433132.0,877.0,942.5,762.5,2026-04-08 14:59:44.452327000,193,876.0,878.96,NTC,307
1875015,2026-04-08,1020.0,1025.0,980.0,1014.0,83543,83377677.2,1009.9,1842.0,950.0,2026-04-08 14:59:56.595385000,711,1014.0,998.02,NRIC,2881
1875271,2026-04-09,521.0,530.0,521.0,528.0,38820,20507937.7,524.0,562.0,471.0,2026-04-09 14:59:55.842532000,442,528.0,528.28,NABIL,131
1875277,2026-04-09,378.0,382.9,375.0,375.0,154661,58658590.5,379.0,428.4,304.5,2026-04-09 14:59:53.836188000,456,375.0,379.27,NICA,139
1875336,2026-04-09,1175.0,1185.0,1175.0,1181.0,44366,52372311.5,1171.0,1556.1,1103.0,2026-04-09 14:59:57.372593000,599,1181.0,1180.46,HDL,235
1875356,2026-04-09,878.3,884.0,875.0,879.8,35471,31101423.4,876.0,942.5,762.5,2026-04-09 14:59:40.015826000,245,879.8,876.81,NTC,307
1875559,2026-04-09,1020.0,1080.0,999.5,1068.0,115751,120054727.8,1014.0,1842.0,950.0,2026-04-09 14:59:58.561529000,1032,1068.0,1037.18,NRIC,2881
1875815,2026-04-10,532.0,538.0,526.2,529.5,85950,45681664.7,528.0,562.0,471.0,2026-04-10 14:59:55.947392000,598,529.5,531.49,NABIL,131
1875821,2026-04-10,382.5,382.5,367.6,369.1,135801,50355430.7,375.0,428.4,304.5,2026-04-10 14:59:51.511151000,399,369.1,370.8,NICA,139
1875880,2026-04-10,1195.0,1200.0,1170.0,1175.5,46840,55206908.8,1181.0,1556.1,1103.0,2026-04-10 14:59:55.726641000,446,1175.5,1178.63,HDL,235
1875900,2026-04-10,890.0,890.0,875.5,880.0,18347,16149296.6,879.8,942.5,762.5,2026-04-10 14:59:53.460431000,161,880.0,880.21,NTC,307
1876103,2026-04-10,1079.0,1079.0,1020.0,1040.0,88515,91469396.8,1068.0,1842.0,950.0,2026-04-10 14:59:59.712855000,839,1040.0,1033.38,NRIC,2881
1876361,2026-04-13,540.0,540.0,520.0,530.0,51167,27168537.4,529.5,562.0,471.0,2026-04-13 14:59:34.983252000,537,530.0,530.98,NABIL,131
1876367,2026-04-13,363.0,372.0,363.0,370.0,70305,25821505.2,369.1,428.4,304.5,2026-04-13 14:59:54.564182000,271,370.0,367.28,NICA,139
1876426,2026-04-13,1175.0,1185.0,1166.0,1167.9,68863,80576161.2,1175.5,1556.1,1103.0,2026-04-13 14:59:54.164050000,531,1167.9,1170.09,HDL,235
1876446,2026-04-13,870.4,887.3,869.9,870.0,12536,10992674.2,880.0,942.5,762.5,2026-04-13 14:59:12.341526000,247,870.0,876.89,NTC,307
1876649,2026-04-13,1040.0,1040.0,1006.0,1014.7,63825,64976318.7,1040.0,1842.0,950.0,2026-04-13 14:59:59.206588000,677,1014.7,1018.04,NRIC,2881
1876907,2026-04-15,530.5,534.0,530.0,531.9,57069,30335608.3,530.0,562.0,471.0,2026-04-15 14:59:59.341540000,572,531.9,531.56,NABIL,131
1876913,2026-04-15,370.0,382.0,370.0,376.5,168998,63714059.7,370.0,428.4,304.5,2026-04-15 14:59:56.857592000,427,376.5,377.01,NICA,139
1876972,2026-04-15,1189.9,1189.9,1170.0,1180.0,36725,43276900.4,1167.9,1556.1,1103.0,2026-04-15 14:59:58.572101000,473,1180.0,1178.4,HDL,235
1876992,2026-04-15,883.0,883.0,873.0,879.0,9051,7948408.9,870.0,942.5,762.5,2026-04-15 14:59:45.581600000,191,879.0,878.18,NTC,307
1877195,2026-04-15,1024.0,1024.0,1000.0,1011.0,61598,61946000.5,1014.7,1842.0,950.0,2026-04-15 14:59:58.552191000,729,1011.0,1005.65,NRIC,2881
1877453,2026-04-16,535.0,538.0,530.0,531.0,59730,31709332.4,531.9,562.0,471.0,2026-04-16 14:59:52.510792000,510,531.0,530.88,NABIL,131
1877459,2026-04-16,379.0,379.0,371.2,371.6,32826,12224739.0,376.5,428.4,304.5,2026-04-16 14:59:48.135184000,192,371.6,372.41,NICA,139
1877518,2026-04-16,1180.0,1181.0,1168.0,1170.0,33385,39154872.2,1180.0,1556.1,1103.0,2026-04-16 14:59:47.773749000,461,1170.0,1172.83,HDL,235
1877538,2026-04-16,879.0,881.0,870.1,880.0,11980,10511398.1,879.0,942.5,762.5,2026-04-16 14:59:59.600161000,168,880.0,877.41,NTC,307
1877741,2026-04-16,1001.0,1010.0,960.0,972.5,185865,181229270.7,1011.0,1842.0,950.0,2026-04-16 14:59:57.510489000,1741,972.5,975.06,NRIC,2881
1877999,2026-04-17,541.6,541.6,528.0,530.0,39114,20726889.9,531.0,562.0,471.0,2026-04-17 14:59:55.162939000,426,530.0,529.91,NABIL,131
1878005,2026-04-17,365.1,374.0,365.1,366.3,115093,42526928.6,371.6,428.4,304.5,2026-04-17 14:59:50.725231000,279,366.3,369.5,NICA,139
1878064,2026-04-17,1175.0,1175.0,1161.0,1170.0,28015,32675209.8,1170.0,1556.1,1103.0,2026-04-17 14:59:58.543207000,383,1170.0,1166.35,HDL,235
1878084,2026-04-17,881.0,885.0,871.0,880.0,12852,11322800.4,880.0,942.5,762.5,2026-04-17 14:59:40.105693000,190,880.0,881.01,NTC,307
1878287,2026-04-17,953.2,990.0,953.2,987.9,35790,35054425.3,972.5,1842.0,950.0,2026-04-17 14:59:59.207605000,471,987.9,979.45,NRIC,2881
1878545,2026-04-20,533.0,534.9,527.1,528.0,39912,21109795.6,530.0,562.0,471.0,2026-04-20 14:59:40.551153000,494,528.0,528.91,NABIL,131
1878551,2026-04-20,360.0,370.0,360.0,362.0,67632,24422683.2,366.3,428.4,304.5,2026-04-20 14:59:45.481648000,269,362.0,361.11,NICA,139
1878610,2026-04-20,1181.0,1181.0,1160.0,1162.0,30135,35054016.7,1170.0,1556.1,1103.0,2026-04-20 14:59:47.941749000,480,1162.0,1163.23,HDL,235
1878630,2026-04-20,875.0,885.0,875.0,883.0,9319,8193932.4,880.0,942.5,762.5,2026-04-20 14:59:59.456777000,214,883.0,879.27,NTC,307
1878833,2026-04-20,938.6,1007.0,938.6,975.0,39217,37743176.7,987.9,1842.0,938.6,2026-04-20 14:59:59.851549000,350,975.0,962.42,NRIC,2881
1879091,2026-04-21,550.0,550.0,525.0,526.0,35671,18812349.4,528.0,562.0,471.0,2026-04-21 14:59:59.015949000,457,526.0,527.38,NABIL,131
1879097,2026-04-21,362.0,365.0,358.3,360.0,51180,18476961.0,362.0,428.4,304.5,2026-04-21 14:58:44.326464000,240,360.0,361.02,NICA,139
1879156,2026-04-21,1174.0,1174.0,1155.0,1157.0,29804,34587743.1,1162.0,1556.1,1103.0,2026-04-21 14:59:40.811407000,433,1157.0,1160.51,HDL,235
1879176,2026-04-21,880.1,885.0,870.5,870.6,9597,8441165.3,883.0,942.5,762.5,2026-04-21 14:59:52.386895000,214,870.6,879.56,NTC,307
1879379,2026-04-21,975.1,984.0,955.0,958.9,44217,42521208.1,975.0,1842.0,938.6,2026-04-21 14:59:59.005650000,614,958.9,961.65,NRIC,2881
1879637,2026-04-22,526.0,527.0,519.0,526.5,66642,34754254.81,526.0,562.0,471.0,2026-04-22 14:59:46.697664000,629,526.5,521.51,NABIL,131
1879643,2026-04-22,360.0,368.0,352.1,364.5,120256,43384117.5,360.0,428.4,304.5,2026-04-22 14:59:51.918221000,278,364.5,360.76,NICA,139
1879702,2026-04-22,1168.0,1168.0,1145.0,1156.0,44490,51186355.0,1157.0,1556.1,1103.0,2026-04-22 14:59:50.495457000,668,1156.0,1150.51,HDL,235
1879722,2026-04-22,883.0,883.0,865.0,870.1,12121,10543271.5,870.6,942.5,762.5,2026-04-22 14:59:40.480674000,229,870.1,869.84,NTC,307
1879925,2026-04-22,958.9,965.0,915.0,959.0,113177,105903158.8,958.9,1842.0,915.0,2026-04-22 14:59:59.369410000,1205,959.0,935.73,NRIC,2881
1880183,2026-04-23,530.0,530.0,518.0,520.0,33344,17393485.5,526.5,562.0,471.0,2026-04-23 14:58:35.576139000,457,520.0,521.64,NABIL,131
1880189,2026-04-23,364.0,368.0,357.0,361.0,23161,8354283.6,364.5,428.4,304.5,2026-04-23 14:59:48.368619000,151,361.0,360.7,NICA,139
1880248,2026-04-23,1166.0,1166.0,1141.1,1149.0,22104,25421277.4,1156.0,1556.1,1103.0,2026-04-23 14:59:57.213255000,366,1149.0,1150.08,HDL,235
1880268,2026-04-23,896.0,896.0,865.0,872.0,14205,12463275.1,870.1,942.5,762.5,2026-04-23 14:59:49.476373000,173,872.0,877.39,NTC,307
1880471,2026-04-23,960.0,965.0,932.0,941.1,26085,24600221.7,959.0,1842.0,915.0,2026-04-23 14:59:57.618700000,360,941.1,943.08,NRIC,2881
1880730,2026-04-24,520.0,520.0,515.0,518.0,38819,20091557.7,520.0,562.0,471.0,2026-04-24 14:59:39.763902000,482,518.0,517.57,NABIL,131
1880736,2026-04-24,361.0,365.0,351.2,361.2,73243,26328788.9,361.0,428.4,304.5,2026-04-24 14:59:56.691472000,273,361.2,359.47,NICA,139
1880795,2026-04-24,1148.0,1150.0,1135.0,1146.0,54300,62199954.4,1149.0,1556.1,1103.0,2026-04-24 14:59:59.505944000,525,1146.0,1145.49,HDL,235
1880815,2026-04-24,884.0,884.0,860.6,870.0,5466,4760542.2,872.0,942.5,762.5,2026-04-24 14:59:41.365658000,125,870.0,870.94,NTC,307
1881018,2026-04-24,988.1,988.1,887.0,917.0,140081,127494611.9,941.1,1842.0,915.0,2026-04-24 14:59:56.649531000,1084,917.0,910.15,NRIC,2881
1881277,2026-04-27,518.0,522.0,517.5,519.2,36199,18802312.9,518.0,562.0,471.0,2026-04-27 14:59:59.781003000,506,519.2,519.42,NABIL,131
1881283,2026-04-27,361.0,383.0,360.0,375.0,121835,44879846.3,361.2,428.4,304.5,2026-04-27 14:59:57.492013000,353,375.0,368.37,NICA,139
1881342,2026-04-27,1150.0,1152.0,1140.0,1149.0,34572,39589615.2,1146.0,1556.1,1103.0,2026-04-27 14:59:38.109289000,510,1149.0,1145.14,HDL,235
1881362,2026-04-27,870.2,885.0,860.0,871.0,15145,13162963.6,870.0,942.5,762.5,2026-04-27 14:58:52.308056000,279,871.0,869.13,NTC,307
1881565,2026-04-27,917.0,919.0,892.0,900.0,34152,30956842.8,917.0,1842.0,887.0,2026-04-27 14:59:58.714720000,508,900.0,906.44,NRIC,2881
1881824,2026-04-28,519.2,532.0,519.2,525.0,66167,34834152.6,519.2,562.0,471.0,2026-04-28 14:59:54.886391000,646,525.0,526.46,NABIL,131
1881830,2026-04-28,370.0,370.0,355.0,359.0,125197,45345682.3,375.0,428.4,304.5,2026-04-28 14:59:54.839591000,482,359.0,362.19,NICA,139
1881889,2026-04-28,1206.4,1206.4,1148.0,1148.2,27342,31456738.2,1149.0,1556.1,1103.0,2026-04-28 14:59:59.314663000,406,1148.2,1150.49,HDL,235
1881909,2026-04-28,881.0,881.0,873.0,876.0,12334,10823110.7,871.0,942.5,762.5,2026-04-28 14:59:38.239059000,204,876.0,877.5,NTC,307
1882112,2026-04-28,900.0,920.0,899.1,910.0,45144,41034822.2,900.0,1842.0,887.0,2026-04-28 14:59:59.716524000,517,910.0,908.98,NRIC,2881
1882371,2026-04-29,527.0,527.0,522.0,524.9,36190,18951819.1,525.0,562.0,471.0,2026-04-29 14:59:57.663325000,491,524.9,523.68,NABIL,131
1882377,2026-04-29,350.0,359.0,349.0,359.0,86667,30769359.2,359.0,428.4,304.5,2026-04-29 14:59:59.369035000,335,359.0,355.03,NICA,139
1882436,2026-04-29,1148.0,1150.0,1142.2,1143.0,23521,26929805.2,1148.2,1556.1,1103.0,2026-04-29 14:59:49.888743000,399,1143.0,1144.93,HDL,235
1882456,2026-04-29,886.9,887.0,873.1,874.0,9723,8514400.4,876.0,942.5,762.5,2026-04-29 14:58:53.363727000,154,874.0,875.7,NTC,307
1882659,2026-04-29,913.0,915.0,890.0,898.0,39031,35139203.9,910.0,1842.0,887.0,2026-04-29 14:59:58.970081000,382,898.0,900.29,NRIC,2881
1882918,2026-04-30,524.0,528.1,520.0,528.0,47024,24662941.4,524.9,562.0,471.0,2026-04-30 14:59:58.525515000,491,528.0,524.48,NABIL,131
1882924,2026-04-30,355.0,359.0,350.1,358.0,62652,22123788.4,359.0,428.4,304.5,2026-04-30 14:59:59.511719000,280,358.0,353.12,NICA,139
1882983,2026-04-30,1140.0,1148.0,1135.2,1146.0,28379,32401100.6,1143.0,1556.1,1103.0,2026-04-30 14:59:55.098510000,439,1146.0,1141.73,HDL,235
1883003,2026-04-30,875.0,889.0,867.0,872.0,17381,15251164.0,874.0,942.5,762.5,2026-04-30 14:59:54.280010000,221,872.0,877.46,NTC,307
1883206,2026-04-30,885.1,900.0,880.0,880.6,39461,34809075.1,898.0,1842.0,887.0,2026-04-30 14:59:33.385091000,480,880.6,882.11,NRIC,2881
1883465,2026-05-04,528.0,535.0,516.0,521.0,62346,32623916.8,528.0,562.0,471.0,2026-05-04 14:59:42.988709000,818,521.0,523.27,NABIL,131
1883471,2026-05-04,375.0,375.0,359.2,359.4,327440,118931432.9,358.0,428.4,304.5,2026-05-04 14:59:41.539103000,1170,359.4,363.22,NICA,139
1883530,2026-05-04,1169.0,1169.0,1145.1,1146.1,37897,43560895.6,1146.0,1556.1,1103.0,2026-05-04 14:59:54.797757000,627,1146.1,1149.45,HDL,235
1883550,2026-05-04,872.0,882.0,872.0,873.0,8919,7807034.5,872.0,942.5,762.5,2026-05-04 14:59:55.175052000,176,873.0,875.33,NTC,307
1883753,2026-05-04,881.0,889.5,873.0,873.4,25767,22558001.1,880.6,1842.0,880.0,2026-05-04 14:59:55.749870000,280,873.4,875.46,NRIC,2881
1884012,2026-05-05,520.0,526.0,516.0,521.6,38727,20186499.1,521.0,562.0,471.0,2026-05-05 14:59:55.614854000,539,521.6,521.25,NABIL,131
1884018,2026-05-05,365.0,371.5,360.0,365.0,127364,46416631.9,359.4,428.4,304.5,2026-05-05 14:59:57.127647000,586,365.0,364.44,NICA,139
1884077,2026-05-05,1147.0,1155.0,1142.0,1150.0,24143,27741093.2,1146.1,1556.1,1103.0,2026-05-05 14:59:28.216364000,407,1150.0,1149.03,HDL,235
1884097,2026-05-05,880.0,880.0,870.0,872.2,9200,8055496.5,873.0,942.5,762.5,2026-05-05 14:59:27.580289000,178,872.2,875.6,NTC,307
1884300,2026-05-05,873.1,889.7,865.0,878.0,24273,21273590.6,873.4,1842.0,873.0,2026-05-05 14:59:57.692332000,321,878.0,876.43,NRIC,2881
1884559,2026-05-06,525.0,527.0,522.0,522.3,23570,12333112.2,521.6,562.0,471.0,2026-05-06 14:59:39.626224000,329,522.3,523.25,NABIL,131
1884565,2026-05-06,373.0,373.0,359.0,361.0,61864,22362194.4,365.0,428.4,304.5,2026-05-06 14:59:53.596798000,317,361.0,361.47,NICA,139
1884624,2026-05-06,1153.0,1156.5,1150.0,1151.0,24454,28178129.9,1150.0,1556.1,1103.0,2026-05-06 14:59:34.697881000,330,1151.0,1152.29,HDL,235
1884644,2026-05-06,875.0,876.0,870.0,875.0,6660,5810441.1,872.2,942.5,762.5,2026-05-06 14:59:20.758252000,146,875.0,872.44,NTC,307
1884847,2026-05-06,878.0,887.0,875.1,877.0,15069,13280491.1,878.0,1842.0,865.0,2026-05-06 14:59:56.012350000,244,877.0,881.31,NRIC,2881
1885106,2026-05-07,525.0,525.0,522.2,523.0,32514,17011699.1,522.3,562.0,471.0,2026-05-07 14:59:56.059946000,349,523.0,523.21,NABIL,131
1885112,2026-05-07,360.1,365.0,356.0,356.0,139029,50011604.1,361.0,428.4,304.5,2026-05-07 14:59:22.187000000,337,356.0,359.72,NICA,139
1885171,2026-05-07,1153.0,1160.0,1148.0,1149.8,21996,25299539.4,1151.0,1556.1,1103.0,2026-05-07 14:59:57.832663000,332,1149.8,1150.19,HDL,235
1885191,2026-05-07,875.2,883.0,870.4,880.0,7572,6635560.6,875.0,942.5,762.5,2026-05-07 14:58:52.603741000,144,880.0,876.33,NTC,307
1885394,2026-05-07,875.0,889.0,872.0,886.0,26830,23629604.9,877.0,1842.0,865.0,2026-05-07 14:59:57.980134000,243,886.0,880.72,NRIC,2881
1885653,2026-05-08,525.0,528.0,520.1,523.0,44672,23392652.4,523.0,562.0,471.0,2026-05-08 14:59:56.339107000,504,523.0,523.65,NABIL,131
1885659,2026-05-08,364.0,364.0,353.6,356.7,65272,23194558.6,356.0,428.4,304.5,2026-05-08 14:59:56.491972000,324,356.7,355.35,NICA,139
1885718,2026-05-08,1149.8,1157.0,1149.8,1155.0,20725,23909279.9,1149.8,1556.1,1103.0,2026-05-08 14:59:59.347925000,313,1155.0,1153.64,HDL,235
1885738,2026-05-08,884.9,884.9,876.0,880.0,9570,8438563.5,880.0,942.5,762.5,2026-05-08 14:59:18.287527000,161,880.0,881.77,NTC,307
1885941,2026-05-08,900.0,900.0,877.0,898.0,23454,20842111.3,886.0,1842.0,865.0,2026-05-08 14:59:59.277167000,227,898.0,888.64,NRIC,2881
1886200,2026-05-11,523.0,532.0,523.0,527.0,37981,20038989.1,523.0,562.0,471.0,2026-05-11 14:59:48.914137000,486,527.0,527.61,NABIL,131
1886206,2026-05-11,362.0,365.0,355.3,364.8,115151,41474861.6,356.7,428.4,304.5,2026-05-11 14:59:55.720860000,420,364.8,360.18,NICA,139
1886265,2026-05-11,1160.0,1180.0,1155.0,1175.1,27821,32503675.6,1155.0,1556.1,1103.0,2026-05-11 14:59:54.068059000,437,1175.1,1168.31,HDL,235
1886285,2026-05-11,889.0,890.0,885.0,890.0,8545,7586704.2,880.0,942.5,762.5,2026-05-11 14:59:23.849955000,198,890.0,887.85,NTC,307
1886488,2026-05-11,901.0,922.6,901.0,921.9,22773,20902856.7,898.0,1842.0,865.0,2026-05-11 14:59:59.117053000,407,921.9,917.88,NRIC,2881
1886747,2026-05-12,530.0,533.0,527.0,527.0,37974,20071403.2,527.0,562.0,471.0,2026-05-12 14:59:46.794966000,458,527.0,528.56,NABIL,131
1886753,2026-05-12,364.0,364.9,354.3,355.8,102639,36697486.1,364.8,428.4,304.5,2026-05-12 14:59:41.302095000,383,355.8,357.54,NICA,139
1886812,2026-05-12,1180.0,1180.0,1155.2,1157.0,37387,43518414.2,1175.1,1556.1,1103.0,2026-05-12 14:59:57.421333000,441,1157.0,1164.0,HDL,235
1886832,2026-05-12,890.0,908.0,886.6,886.6,12061,10747932.6,890.0,942.5,762.5,2026-05-12 14:59:50.797754000,231,886.6,891.13,NTC,307
1887035,2026-05-12,926.0,939.0,905.3,909.0,25023,23007514.0,921.9,1842.0,865.0,2026-05-12 14:59:58.611432000,356,909.0,919.45,NRIC,2881
1887294,2026-05-13,527.0,528.0,523.1,527.0,29723,15625087.2,527.0,562.0,471.0,2026-05-13 14:59:59.423738000,344,527.0,525.69,NABIL,131
1887300,2026-05-13,356.0,357.9,350.1,354.9,45191,15957091.6,355.8,428.4,304.5,2026-05-13 14:59:43.419474000,245,354.9,353.1,NICA,139
1887359,2026-05-13,1169.0,1169.0,1150.0,1158.0,22343,25805598.0,1157.0,1556.1,1103.0,2026-05-13 14:59:57.751901000,305,1158.0,1154.97,HDL,235
1887379,2026-05-13,890.0,891.0,885.0,890.0,7937,7053893.0,886.6,942.5,762.5,2026-05-13 14:59:27.097920000,156,890.0,888.74,NTC,307
1887582,2026-05-13,919.0,919.0,900.0,905.0,14340,12961649.7,909.0,1842.0,865.0,2026-05-13 14:59:59.409329000,197,905.0,903.88,NRIC,2881
1887841,2026-05-14,530.0,530.0,525.0,527.0,23778,12520605.1,527.0,562.0,471.0,2026-05-14 14:59:41.391735000,351,527.0,526.56,NABIL,131
1887847,2026-05-14,358.9,358.9,350.3,351.9,26336,9273725.0,354.9,428.4,304.5,2026-05-14 14:59:59.639477000,167,351.9,352.13,NICA,139
1887906,2026-05-14,1150.0,1164.9,1148.0,1157.0,18335,21172831.6,1158.0,1556.1,1103.0,2026-05-14 14:59:56.975019000,292,1157.0,1154.78,HDL,235
1887926,2026-05-14,890.0,893.0,888.0,890.0,7978,7102789.8,890.0,942.5,762.5,2026-05-14 14:58:23.475882000,141,890.0,890.3,NTC,307
1888129,2026-05-14,902.0,902.1,870.0,890.0,22546,20058077.0,905.0,1842.0,865.0,2026-05-14 14:59:58.894680000,318,890.0,889.65,NRIC,2881
1888388,2026-05-15,525.1,531.0,525.0,527.0,22776,12022616.6,527.0,562.0,471.0,2026-05-15 14:59:48.050645000,314,527.0,527.86,NABIL,131
1888394,2026-05-15,335.0,360.0,335.0,352.0,60201,21146524.4,351.9,428.4,304.5,2026-05-15 14:59:52.962603000,296,352.0,351.27,NICA,139
1888453,2026-05-15,1151.0,1164.8,1151.0,1158.0,16978,19688212.9,1157.0,1556.1,1103.0,2026-05-15 14:59:36.646054000,259,1158.0,1159.63,HDL,235
1888473,2026-05-15,895.9,895.9,888.0,892.0,9275,8260179.3,890.0,942.5,762.5,2026-05-15 14:59:18.655486000,180,892.0,890.59,NTC,307
1888676,2026-05-15,890.0,903.0,882.2,889.0,13580,12104175.7,890.0,1842.0,865.0,2026-05-15 14:59:53.504014000,207,889.0,891.32,NRIC,2881
1888935,2026-05-18,527.0,532.0,525.0,526.0,44305,23313421.6,527.0,562.0,471.0,2026-05-18 14:59:27.696901000,463,526.0,526.2,NABIL,131
1888941,2026-05-18,355.0,355.0,348.8,349.0,56092,19640580.7,352.0,428.4,304.5,2026-05-18 14:59:47.325660000,242,349.0,350.15,NICA,139
1889000,2026-05-18,1151.0,1160.0,1151.0,1155.0,30376,35062009.2,1158.0,1556.1,1103.0,2026-05-18 14:59:56.230219000,398,1155.0,1154.27,HDL,235
1889020,2026-05-18,894.0,895.0,889.2,890.5,7931,7070109.1,892.0,942.5,762.5,2026-05-18 14:59:40.450149000,153,890.5,891.45,NTC,307
1889223,2026-05-18,933.1,933.1,882.0,896.0,9573,8509981.1,889.0,1842.0,865.0,2026-05-18 14:59:59.776642000,171,896.0,888.96,NRIC,2881
1889482,2026-05-19,526.0,530.0,523.0,526.0,41228,21655922.2,526.0,562.0,471.0,2026-05-19 14:59:36.075660000,429,526.0,525.27,NABIL,131
1889488,2026-05-19,348.6,354.8,346.0,347.0,42771,14871693.0,349.0,428.4,304.5,2026-05-19 14:59:40.956895000,247,347.0,347.71,NICA,139
1889547,2026-05-19,1160.0,1169.0,1152.2,1158.0,13296,15400100.5,1155.0,1556.1,1103.0,2026-05-19 14:59:57.763808000,254,1158.0,1158.25,HDL,235
1889567,2026-05-19,890.0,895.0,886.6,886.6,15468,13760349.2,890.5,942.5,762.5,2026-05-19 14:59:41.556200000,183,886.6,889.6,NTC,307
1889770,2026-05-19,888.0,900.0,888.0,895.0,10200,9117232.8,896.0,1842.0,865.0,2026-05-19 14:59:59.074390000,149,895.0,893.85,NRIC,2881
1890028,2026-05-20,529.9,531.0,524.0,527.4,55468,29262212.4,526.0,562.0,471.0,2026-05-20 14:59:49.164917000,404,527.4,527.55,NABIL,131
1890034,2026-05-20,348.0,351.9,345.0,351.0,45856,16058815.5,347.0,428.4,304.5,2026-05-20 14:59:59.342636000,173,351.0,350.2,NICA,139
1890093,2026-05-20,1159.0,1163.0,1157.0,1161.0,22273,25839353.1,1158.0,1556.1,1103.0,2026-05-20 14:59:16.148257000,281,1161.0,1160.12,HDL,235
1890113,2026-05-20,880.0,896.0,880.0,888.0,5542,4920257.5,886.6,942.5,762.5,2026-05-20 14:58:15.601944000,144,888.0,887.81,NTC,307
1890316,2026-05-20,902.0,908.9,895.0,908.8,14304,12899696.5,895.0,1842.0,865.0,2026-05-20 14:59:59.165114000,172,908.8,901.82,NRIC,2881
1890574,2026-05-21,527.4,530.0,526.2,527.9,27246,14377698.1,527.4,562.0,471.0,2026-05-21 14:59:25.887337000,363,527.9,527.7,NABIL,131
1890580,2026-05-21,351.0,357.9,350.0,351.5,16453,5774012.7,351.0,428.4,304.5,2026-05-21 14:59:54.847122000,146,351.5,350.94,NICA,139
1890639,2026-05-21,1162.0,1171.0,1160.0,1161.0,21877,25432913.5,1161.0,1556.1,1103.0,2026-05-21 14:59:59.346192000,286,1161.0,1162.54,HDL,235
1890659,2026-05-21,892.0,897.0,885.8,888.0,5112,4540539.4,888.0,942.5,762.5,2026-05-21 14:59:26.424681000,129,888.0,888.21,NTC,307
1890862,2026-05-21,954.2,954.2,905.2,911.9,9806,8940737.9,908.8,1842.0,865.0,2026-05-21 14:57:20.412189000,147,911.9,911.76,NRIC,2881
1891120,2026-05-22,529.0,530.8,527.9,530.0,42686,22593352.0,527.9,562.0,471.0,2026-05-22 14:59:56.969333000,380,530.0,529.29,NABIL,131
1891126,2026-05-22,353.0,353.0,346.0,352.5,58510,20421605.7,351.5,428.4,304.5,2026-05-22 14:59:54.819313000,274,352.5,349.03,NICA,139
1891185,2026-05-22,1180.0,1180.0,1160.0,1167.9,25296,29499257.0,1161.0,1556.1,1103.0,2026-05-22 14:59:57.591049000,280,1167.9,1166.16,HDL,235
1891205,2026-05-22,892.0,892.0,889.0,890.4,6127,5457118.8,888.0,942.5,762.5,2026-05-22 14:59:51.185360000,131,890.4,890.67,NTC,307
1891408,2026-05-22,915.0,915.0,902.5,908.1,13007,11813748.6,911.9,1842.0,865.0,2026-05-22 14:59:37.346167000,159,908.1,908.26,NRIC,2881
1891667,2026-05-25,530.0,536.0,530.0,535.4,59099,31548874.3,530.0,562.0,471.0,2026-05-25 14:59:51.012320000,610,535.4,533.83,NABIL,131
1891673,2026-05-25,365.0,365.0,345.0,356.0,37190,13209899.4,352.5,428.4,304.5,2026-05-25 14:59:40.226618000,227,356.0,355.2,NICA,139
1891732,2026-05-25,1180.0,1180.0,1168.0,1168.0,27247,31898581.0,1167.9,1556.1,1103.0,2026-05-25 14:59:51.802370000,428,1168.0,1170.72,HDL,235
1891752,2026-05-25,890.0,899.9,888.5,898.5,14947,13410066.5,890.4,942.5,762.5,2026-05-25 14:59:30.046778000,248,898.5,897.17,NTC,307
1891955,2026-05-25,914.1,924.7,911.0,920.5,10494,9658225.8,908.1,1842.0,865.0,2026-05-25 14:59:57.540196000,210,920.5,920.36,NRIC,2881
1892215,2026-05-26,540.0,540.0,532.1,537.0,59432,31862044.6,535.4,562.0,471.0,2026-05-26 14:59:51.999824000,495,537.0,536.11,NABIL,131
1892221,2026-05-26,358.9,358.9,340.0,347.3,108822,37812557.7,356.0,428.4,304.5,2026-05-26 14:59:59.170861000,313,347.3,347.47,NICA,139
1892280,2026-05-26,1170.0,1176.9,1162.0,1173.8,21622,25281067.9,1168.0,1556.1,1103.0,2026-05-26 14:59:52.629948000,319,1173.8,1169.23,HDL,235
1892300,2026-05-26,900.0,903.0,896.1,900.0,9795,8809455.3,898.5,942.5,762.5,2026-05-26 14:59:58.444532000,196,900.0,899.38,NTC,307
1892503,2026-05-26,921.0,924.0,910.0,916.8,14196,12961776.3,920.5,1842.0,865.0,2026-05-26 14:59:35.805689000,150,916.8,913.06,NRIC,2881
1892763,2026-05-27,538.7,540.0,534.0,537.0,68884,37050047.9,537.0,562.0,471.0,2026-05-27 14:59:58.285363000,496,537.0,537.86,NABIL,131
1892769,2026-05-27,354.0,354.0,349.0,350.5,56407,19837004.2,347.3,428.4,304.5,2026-05-27 14:59:56.608721000,258,350.5,351.68,NICA,139
1892828,2026-05-27,1173.8,1176.9,1168.0,1175.0,25377,29758945.0,1173.8,1556.1,1103.0,2026-05-27 14:59:58.668795000,361,1175.0,1172.67,HDL,235
1892848,2026-05-27,904.0,904.0,896.0,900.0,14697,13234269.6,900.0,942.5,762.5,2026-05-27 14:59:55.878057000,189,900.0,900.47,NTC,307
1893051,2026-05-27,922.0,922.0,905.6,911.0,16816,15321507.8,916.8,1842.0,865.0,2026-05-27 14:59:58.864767000,213,911.0,911.13,NRIC,2881
1893311,2026-06-01,537.0,544.0,531.0,534.0,44350,23740496.2,537.0,562.0,471.0,2026-06-01 14:59:59.296009000,503,534.0,535.3,NABIL,131
1893317,2026-06-01,348.0,354.0,338.2,344.1,111231,38262047.8,350.5,428.4,304.5,2026-06-01 14:59:57.692966000,445,344.1,343.99,NICA,139
1893376,2026-06-01,1175.0,1179.9,1165.0,1165.0,24220,28373418.5,1175.0,1556.1,1103.0,2026-06-01 14:59:45.968891000,396,1165.0,1171.49,HDL,235
1893396,2026-06-01,855.0,890.4,831.7,864.0,111256,95609260.6,900.0,942.5,762.5,2026-06-01 14:59:53.686073000,1431,864.0,859.36,NTC,307
1893599,2026-06-01,956.5,1047.6,953.0,1047.6,361857,371305602.0,911.0,1842.0,865.0,2026-06-01 14:59:41.556138000,3322,1047.6,1026.11,NRIC,2881
1893859,2026-06-02,540.0,540.0,530.0,536.9,43239,23186885.8,534.0,562.0,471.0,2026-06-02 14:59:55.444255000,381,536.9,536.25,NABIL,131
1893865,2026-06-02,348.0,348.0,343.0,346.1,47782,16546635.2,344.1,428.4,304.5,2026-06-02 14:59:21.262763000,229,346.1,346.29,NICA,139
1893924,2026-06-02,1165.0,1173.0,1164.0,1167.0,15844,18499733.0,1165.0,1556.1,1103.0,2026-06-02 14:59:55.833092000,234,1167.0,1167.62,HDL,235
1893944,2026-06-02,860.0,871.9,860.0,868.0,26550,23001442.2,864.0,942.5,762.5,2026-06-02 14:59:41.772683000,372,868.0,866.34,NTC,307
1894147,2026-06-02,1047.6,1200.0,1047.6,1146.5,239257,267870253.8,1047.6,1842.0,865.0,2026-06-02 14:59:58.155923000,2726,1146.5,1119.59,NRIC,2881
1894407,2026-06-03,536.0,539.0,532.0,536.5,36962,19837224.3,536.9,562.0,471.0,2026-06-03 14:59:11.217853000,379,536.5,536.69,NABIL,131
1894413,2026-06-03,363.4,363.4,345.0,353.2,61136,21460551.3,346.1,428.4,304.5,2026-06-03 14:59:57.064155000,239,353.2,351.03,NICA,139
1894472,2026-06-03,1175.0,1232.0,1170.0,1179.0,35741,42309885.7,1167.0,1556.1,1103.0,2026-06-03 14:59:48.863379000,377,1179.0,1183.79,HDL,235
1894492,2026-06-03,874.0,878.0,868.0,870.0,17123,14932456.2,868.0,942.5,762.5,2026-06-03 14:59:46.295602000,293,870.0,872.07,NTC,307
1894695,2026-06-03,1180.0,1180.0,1070.0,1087.1,195104,218594122.7,1146.5,1842.0,865.0,2026-06-03 14:59:59.197816000,1960,1087.1,1120.4,NRIC,2881
1894957,2026-06-04,563.0,563.0,531.1,538.8,35729,19220678.3,536.5,562.0,471.0,2026-06-04 14:59:48.760897000,339,538.8,537.96,NABIL,131
1894963,2026-06-04,354.9,354.9,350.0,350.3,32020,11251946.1,353.2,428.4,304.5,2026-06-04 14:59:31.038084000,158,350.3,351.4,NICA,139
1895022,2026-06-04,1170.0,1180.0,1170.0,1176.0,9882,11627426.7,1179.0,1556.1,1103.0,2026-06-04 14:59:27.534094000,199,1176.0,1176.63,HDL,235
1895042,2026-06-04,865.0,871.0,850.0,859.7,16416,14159647.4,870.0,942.5,762.5,2026-06-04 14:59:49.955552000,366,859.7,862.55,NTC,307
1895245,2026-06-04,1040.0,1129.0,1040.0,1085.0,158253,171989587.8,1087.1,1842.0,865.0,2026-06-04 15:00:00.000409000,1310,1085.0,1086.8,NRIC,2881
1895507,2026-06-05,537.0,540.0,535.0,535.0,38895,20863977.4,538.8,563.0,471.0,2026-06-05 14:59:46.739694000,368,535.0,536.42,NABIL,131
1895513,2026-06-05,347.2,350.9,345.0,346.0,63840,22155269.0,350.3,428.4,304.5,2026-06-05 14:59:59.116828000,214,346.0,347.04,NICA,139
1895572,2026-06-05,1175.0,1177.0,1166.0,1168.0,20224,23662507.7,1176.0,1556.1,1103.0,2026-06-05 14:59:55.583887000,296,1168.0,1170.02,HDL,235
1895592,2026-06-05,851.1,860.0,851.1,857.0,15647,13423339.5,859.7,942.5,762.5,2026-06-05 14:59:22.063674000,254,857.0,857.89,NTC,307
1895795,2026-06-05,1085.0,1099.9,1055.0,1070.0,59901,64057718.2,1085.0,1842.0,865.0,2026-06-05 14:59:49.105250000,600,1070.0,1069.39,NRIC,2881
1896057,2026-06-08,536.0,539.9,530.2,533.0,52406,27928341.5,535.0,563.0,471.0,2026-06-08 14:59:29.337130000,429,533.0,532.92,NABIL,131
1896063,2026-06-08,328.7,350.2,328.7,341.5,62930,21565029.7,346.0,428.4,304.5,2026-06-08 14:59:59.628646000,253,341.5,342.68,NICA,139
1896122,2026-06-08,1184.0,1236.0,1164.0,1165.0,29919,35407275.5,1168.0,1556.1,1103.0,2026-06-08 14:59:53.585725000,368,1165.0,1183.44,HDL,235
1896142,2026-06-08,857.0,858.0,851.5,853.5,15429,13168265.7,857.0,942.5,762.5,2026-06-08 14:58:56.799722000,308,853.5,853.47,NTC,307
1896345,2026-06-08,1070.0,1070.0,1030.0,1044.0,67366,70145512.7,1070.0,1842.0,865.0,2026-06-08 14:59:58.444331000,663,1044.0,1041.26,NRIC,2881
1896608,2026-06-09,531.0,535.0,530.1,533.0,49834,26543125.6,533.0,563.0,471.0,2026-06-09 14:59:51.956559000,415,533.0,532.63,NABIL,131
1896614,2026-06-09,343.0,349.9,336.0,344.0,65374,22268430.9,341.5,428.4,304.5,2026-06-09 14:59:59.095679000,281,344.0,340.63,NICA,139
1896673,2026-06-09,1223.2,1223.2,1158.0,1162.0,33038,38475253.0,1165.0,1556.1,1103.0,2026-06-09 14:59:37.875918000,432,1162.0,1164.58,HDL,235
1896693,2026-06-09,853.0,856.0,845.0,850.7,14927,12692638.3,853.5,942.5,762.5,2026-06-09 14:59:54.077097000,304,850.7,850.31,NTC,307
1896896,2026-06-09,1040.0,1098.0,1009.0,1056.9,124219,129794828.6,1044.0,1842.0,865.0,2026-06-09 14:59:45.333884000,1059,1056.9,1044.89,NRIC,2881
1897160,2026-06-10,535.0,538.0,531.5,536.0,29859,15939757.0,533.0,563.0,471.0,2026-06-10 14:59:46.477661000,337,536.0,533.83,NABIL,131
1897166,2026-06-10,327.0,348.0,327.0,343.0,34778,11955596.0,344.0,428.4,304.5,2026-06-10 14:59:49.397546000,145,343.0,343.77,NICA,139
1897225,2026-06-10,1176.9,1176.9,1160.1,1161.1,15623,18224660.2,1162.0,1556.1,1103.0,2026-06-10 14:59:58.714184000,217,1161.1,1166.53,HDL,235
1897245,2026-06-10,855.0,855.0,846.2,847.0,11049,9402448.4,850.7,942.5,762.5,2026-06-10 14:59:34.294971000,251,847.0,850.98,NTC,307
1897448,2026-06-10,1056.0,1080.0,1050.0,1060.0,51840,55064128.7,1056.9,1842.0,865.0,2026-06-10 14:59:59.505824000,421,1060.0,1062.19,NRIC,2881
1897712,2026-06-11,536.0,537.8,533.1,533.1,31193,16695202.9,536.0,563.0,471.0,2026-06-11 14:59:43.075621000,324,533.1,535.22,NABIL,131
1897718,2026-06-11,343.0,343.9,340.0,342.0,29425,10037592.8,343.0,428.4,304.5,2026-06-11 14:59:59.135854000,180,342.0,341.12,NICA,139
1897777,2026-06-11,1165.0,1167.9,1157.0,1158.0,20611,23920995.8,1161.1,1556.1,1103.0,2026-06-11 14:59:51.738092000,315,1158.0,1160.59,HDL,235
1897797,2026-06-11,847.0,858.0,844.0,848.0,16863,14297999.8,847.0,942.5,762.5,2026-06-11 14:59:39.615421000,215,848.0,847.89,NTC,307
1898000,2026-06-11,1060.0,1069.0,1038.0,1038.1,27860,29251923.4,1060.0,1842.0,865.0,2026-06-11 14:59:52.431585000,316,1038.1,1049.96,NRIC,2881
1898264,2026-06-12,533.1,535.0,532.0,533.0,27399,14619840.9,533.1,563.0,471.0,2026-06-12 14:59:47.853162000,293,533.0,533.59,NABIL,131
1898270,2026-06-12,341.9,342.7,339.0,340.0,36575,12455109.3,342.0,428.4,304.5,2026-06-12 14:59:59.476051000,179,340.0,340.54,NICA,139
1898329,2026-06-12,1160.1,1166.0,1155.0,1155.3,19450,22520864.9,1158.0,1556.1,1103.0,2026-06-12 14:59:48.473944000,322,1155.3,1157.89,HDL,235
1898349,2026-06-12,857.6,859.0,845.2,851.9,14621,12403216.5,848.0,942.5,762.5,2026-06-12 14:57:47.876683000,135,851.9,848.32,NTC,307
1898552,2026-06-12,1040.0,1065.6,1021.2,1042.0,72632,75875395.5,1038.1,1842.0,865.0,2026-06-12 14:59:59.895962000,397,1042.0,1044.66,NRIC,2881
1898816,2026-06-15,533.0,536.7,530.0,531.5,39328,20911325.2,533.0,563.0,471.0,2026-06-15 14:59:59.667891000,412,531.5,531.72,NABIL,131
1898822,2026-06-15,340.0,342.0,338.0,338.3,41635,14124018.7,340.0,428.4,304.5,2026-06-15 14:59:59.688003000,220,338.3,339.23,NICA,139
1898881,2026-06-15,1097.6,1165.2,1097.6,1154.0,19152,22081370.4,1155.3,1556.1,1103.0,2026-06-15 14:59:57.549499000,331,1154.0,1152.95,HDL,235
1898901,2026-06-15,859.8,859.8,845.1,848.0,10695,9075439.6,851.9,942.5,762.5,2026-06-15 14:59:40.866556000,205,848.0,848.57,NTC,307
1899104,2026-06-15,989.9,1034.9,989.9,999.0,116397,117287250.8,1042.0,1842.0,865.0,2026-06-15 14:59:59.980318000,1166,999.0,1007.65,NRIC,2881
1899368,2026-06-16,532.0,535.0,531.3,532.0,30151,16046952.1,531.5,563.0,471.0,2026-06-16 14:59:47.851959000,292,532.0,532.22,NABIL,131
1899374,2026-06-16,337.5,340.0,335.8,335.9,43787,14753532.7,338.3,428.4,304.5,2026-06-16 14:59:59.902777000,208,335.9,336.94,NICA,139
1899433,2026-06-16,1097.7,1170.0,1097.7,1151.5,15106,17425059.4,1154.0,1556.1,1097.6,2026-06-16 14:59:48.881234000,241,1151.5,1153.52,HDL,235
1899453,2026-06-16,849.0,850.0,845.0,849.0,9317,7896787.3,848.0,942.5,762.5,2026-06-16 14:58:52.756402000,147,849.0,847.57,NTC,307
1899656,2026-06-16,990.0,1001.9,990.0,1000.0,38436,38386317.2,999.0,1842.0,865.0,2026-06-16 14:59:58.942589000,324,1000.0,998.71,NRIC,2881
1899920,2026-06-17,532.0,535.0,530.5,532.0,20805,11074754.6,532.0,563.0,471.0,2026-06-17 14:59:59.697500000,249,532.0,532.31,NABIL,131
1899926,2026-06-17,320.0,341.0,320.0,335.0,63723,21352124.4,335.9,428.4,304.5,2026-06-17 14:59:50.034659000,235,335.0,335.08,NICA,139
1899985,2026-06-17,1155.0,1155.0,1151.4,1154.0,13923,16048713.1,1151.5,1556.1,1097.6,2026-06-17 14:59:21.637307000,202,1154.0,1152.68,HDL,235
1900005,2026-06-17,850.0,850.0,845.0,848.5,4090,3469900.9,849.0,942.5,762.5,2026-06-17 14:59:15.700860000,114,848.5,848.39,NTC,307
1900208,2026-06-17,1050.0,1050.0,990.0,996.0,29438,29427995.6,1000.0,1842.0,865.0,2026-06-17 14:59:59.606913000,233,996.0,999.66,NRIC,2881
1900472,2026-06-18,505.4,539.0,505.4,532.0,23502,12469846.6,532.0,563.0,471.0,2026-06-18 14:59:34.911194000,316,532.0,530.59,NABIL,131
1900478,2026-06-18,336.0,338.0,333.0,333.1,40859,13663323.1,335.0,428.4,304.5,2026-06-18 14:59:34.423848000,183,333.1,334.4,NICA,139
1900537,2026-06-18,1155.0,1161.0,1150.3,1152.1,15769,18192251.2,1154.0,1556.1,1097.6,2026-06-18 14:59:32.679692000,230,1152.1,1153.67,HDL,235
1900557,2026-06-18,848.6,850.0,848.0,849.0,6115,5193961.6,848.5,942.5,762.5,2026-06-18 14:59:38.072718000,119,849.0,849.38,NTC,307
1900759,2026-06-18,1001.0,1001.3,971.0,974.0,56050,55057059.9,996.0,1842.0,865.0,2026-06-18 14:59:53.675027000,479,974.0,982.28,NRIC,2881
1901023,2026-06-19,536.0,536.0,530.1,531.0,37753,20094151.9,532.0,563.0,471.0,2026-06-19 14:59:41.859354000,297,531.0,532.25,NABIL,131
1901029,2026-06-19,349.7,349.7,332.0,337.8,70436,23539906.8,333.1,428.4,304.5,2026-06-19 14:59:44.960188000,193,337.8,334.2,NICA,139
1901088,2026-06-19,1154.0,1155.0,1150.1,1151.0,15403,17746131.9,1152.1,1556.1,1097.6,2026-06-19 14:59:43.839106000,234,1151.0,1152.12,HDL,235
1901108,2026-06-19,851.0,851.4,848.0,849.0,6752,5735729.8,849.0,942.5,762.5,2026-06-19 14:59:53.499409000,153,849.0,849.49,NTC,307
1901310,2026-06-19,975.0,984.9,957.1,968.0,38289,37082921.1,974.0,1842.0,865.0,2026-06-19 14:59:49.342363000,423,968.0,968.5,NRIC,2881
1901574,2026-06-22,535.0,535.0,527.0,531.0,34257,18191182.7,531.0,563.0,471.0,2026-06-22 14:59:56.546199000,359,531.0,531.02,NABIL,131
1901580,2026-06-22,337.8,338.0,333.1,334.9,42306,14159334.9,337.8,428.4,304.5,2026-06-22 14:59:45.579486000,175,334.9,334.69,NICA,139
1901639,2026-06-22,1153.0,1156.0,1150.1,1150.5,16820,19372969.6,1151.0,1556.1,1097.6,2026-06-22 14:59:55.392090000,270,1150.5,1151.78,HDL,235
1901659,2026-06-22,891.4,891.4,840.0,848.7,7815,6609644.4,849.0,942.5,762.5,2026-06-22 14:59:49.839069000,161,848.7,845.76,NTC,307
1901861,2026-06-22,980.0,990.0,962.0,969.0,25264,24543868.7,968.0,1842.0,865.0,2026-06-22 14:59:59.511687000,329,969.0,971.5,NRIC,2881
1902127,2026-06-23,531.0,531.0,528.0,529.0,33271,17621068.8,531.0,563.0,471.0,2026-06-23 14:59:56.241066000,416,529.0,529.62,NABIL,131
1902133,2026-06-23,318.2,335.0,318.2,332.0,64306,21330812.9,334.9,428.4,304.5,2026-06-23 14:59:50.906627000,217,332.0,331.71,NICA,139
1902192,2026-06-23,1150.0,1152.0,1145.2,1145.5,20850,23941017.5,1150.5,1556.1,1097.6,2026-06-23 14:59:34.634082000,351,1145.5,1148.25,HDL,235
1902212,2026-06-23,850.4,850.4,840.0,849.0,15314,12959418.9,848.7,942.5,762.5,2026-06-23 14:59:53.625115000,202,849.0,846.25,NTC,307
1902414,2026-06-23,969.0,979.9,960.0,965.3,19252,18558259.1,969.0,1842.0,865.0,2026-06-23 14:59:52.502488000,242,965.3,963.97,NRIC,2881
1902680,2026-06-24,529.0,534.8,520.0,524.5,68419,35934390.8,529.0,563.0,471.0,2026-06-24 14:59:58.122859000,538,524.5,525.21,NABIL,131
1902686,2026-06-24,330.5,333.0,328.0,331.0,62959,20785287.6,332.0,428.4,304.5,2026-06-24 14:59:54.449633000,245,331.0,330.14,NICA,139
1902745,2026-06-24,1146.0,1150.0,1137.1,1140.2,28211,32180555.7,1145.5,1556.1,1097.6,2026-06-24 14:59:38.060651000,473,1140.2,1140.71,HDL,235
1902765,2026-06-24,849.0,850.0,840.0,844.0,10354,8749054.0,849.0,942.5,762.5,2026-06-24 14:59:36.209205000,213,844.0,844.99,NTC,307
1902967,2026-06-24,918.0,985.0,918.0,958.5,27800,26456712.8,965.3,1842.0,865.0,2026-06-24 14:59:57.821232000,318,958.5,951.68,NRIC,2881
1903233,2026-06-25,524.0,524.0,521.0,521.9,47945,25058372.0,524.5,563.0,471.0,2026-06-25 14:59:58.985124000,495,521.9,522.65,NABIL,131
1903239,2026-06-25,330.2,333.0,328.0,331.0,46876,15420833.9,331.0,428.4,304.5,2026-06-25 14:59:47.637383000,221,331.0,328.97,NICA,139
1903298,2026-06-25,1142.3,1148.0,1140.1,1147.0,16675,19087409.1,1140.2,1556.1,1097.6,2026-06-25 14:59:59.167822000,229,1147.0,1144.67,HDL,235
1903318,2026-06-25,847.0,849.0,842.0,845.0,7792,6581964.1,844.0,942.5,762.5,2026-06-25 14:58:51.876630000,154,845.0,844.71,NTC,307
1903520,2026-06-25,958.5,959.0,940.0,949.0,14456,13709074.8,958.5,1842.0,865.0,2026-06-25 14:59:42.186477000,220,949.0,948.33,NRIC,2881
1903786,2026-06-26,523.0,529.9,519.5,525.0,47709,24892801.8,521.9,563.0,471.0,2026-06-26 14:59:48.852615000,474,525.0,521.76,NABIL,131
1903792,2026-06-26,333.0,335.0,329.0,331.9,25518,8471099.9,331.0,428.4,304.5,2026-06-26 14:59:58.807739000,128,331.9,331.97,NICA,139
1903851,2026-06-26,1147.0,1156.9,1145.0,1147.0,17608,20208418.5,1147.0,1556.1,1097.6,2026-06-26 14:59:57.130636000,228,1147.0,1147.68,HDL,235
1903871,2026-06-26,850.0,850.0,844.0,845.0,6192,5234518.0,845.0,942.5,762.5,2026-06-26 14:59:48.945321000,140,845.0,845.37,NTC,307
1904073,2026-06-26,955.0,965.0,944.1,947.8,18724,17784412.3,949.0,1842.0,865.0,2026-06-26 14:59:51.880702000,190,947.8,949.82,NRIC,2881
1904340,2026-06-29,525.0,530.0,522.0,524.0,29220,15339496.6,525.0,563.0,471.0,2026-06-29 14:59:59.759991000,396,524.0,524.97,NABIL,131
1904346,2026-06-29,330.1,330.1,325.0,328.3,36913,12075470.6,331.9,428.4,304.5,2026-06-29 14:59:35.555269000,170,328.3,327.13,NICA,139
1904405,2026-06-29,1150.9,1151.0,1140.0,1143.5,16527,18900667.8,1147.0,1556.1,1097.6,2026-06-29 14:59:40.902291000,232,1143.5,1143.62,HDL,235
1904425,2026-06-29,848.0,848.0,838.0,843.0,8209,6921841.7,845.0,942.5,762.5,2026-06-29 14:59:35.049939000,187,843.0,843.2,NTC,307
1904627,2026-06-29,940.0,951.0,915.0,942.0,29106,27187871.5,947.8,1842.0,865.0,2026-06-29 14:59:39.604423000,285,942.0,934.1,NRIC,2881
1904894,2026-06-30,526.0,527.0,520.2,521.9,24993,13042964.4,524.0,563.0,471.0,2026-06-30 14:59:31.043224000,423,521.9,521.86,NABIL,131
1904900,2026-06-30,330.0,330.0,325.0,327.1,30707,10028860.7,328.3,428.4,304.5,2026-06-30 14:59:44.632328000,163,327.1,326.6,NICA,139
1904959,2026-06-30,1154.0,1154.0,1140.0,1141.0,18147,20722340.0,1143.5,1556.1,1097.6,2026-06-30 14:59:44.221634000,317,1141.0,1141.92,HDL,235
1904979,2026-06-30,843.0,843.1,840.0,843.0,6339,5339521.2,843.0,942.5,762.5,2026-06-30 14:59:54.425279000,140,843.0,842.33,NTC,307
1905181,2026-06-30,935.0,942.0,916.0,919.0,25082,23219622.2,942.0,1842.0,865.0,2026-06-30 14:59:58.294404000,257,919.0,925.75,NRIC,2881
1905448,2026-07-01,520.0,526.0,515.09,525.0,44906,23570212.85,521.9,563.0,471.0,2026-07-01 14:59:53.758384000,384,525.0,524.88,NABIL,131
1905454,2026-07-01,323.2,336.0,323.2,333.9,43504,14426842.3,327.1,428.4,304.5,2026-07-01 14:59:43.687528000,190,333.9,331.62,NICA,139
1905513,2026-07-01,1142.0,1150.0,1142.0,1147.0,13221,15151356.5,1141.0,1556.1,1097.6,2026-07-01 14:59:34.680397000,252,1147.0,1146.01,HDL,235
1905533,2026-07-01,848.0,848.0,842.0,847.9,4586,3883735.2,843.0,942.5,762.5,2026-07-01 14:59:36.592431000,111,847.9,846.87,NTC,307
1905735,2026-07-01,920.0,955.0,920.0,944.0,20583,19464534.6,919.0,1842.0,865.0,2026-07-01 14:59:59.315907000,263,944.0,945.66,NRIC,2881
1906002,2026-07-02,530.0,545.2,512.0,541.0,231443,121567900.95,525.0,563.0,471.0,2026-07-02 14:59:55.767208000,1049,541.0,525.26,NABIL,131
1906008,2026-07-02,334.0,345.0,331.0,344.0,45178,15218371.9,333.9,428.4,304.5,2026-07-02 14:59:53.707583000,202,344.0,336.85,NICA,139
1906067,2026-07-02,1150.0,1150.0,1139.0,1150.0,16574,18965185.7,1147.0,1556.1,1097.6,2026-07-02 14:58:52.001295000,284,1150.0,1144.27,HDL,235
1906087,2026-07-02,848.0,850.0,848.0,849.0,5018,4258158.4,847.9,942.5,762.5,2026-07-02 14:58:20.697150000,98,849.0,848.58,NTC,307
1906289,2026-07-02,955.0,955.0,935.0,939.0,10924,10272314.2,944.0,1842.0,865.0,2026-07-02 14:59:58.556260000,160,939.0,940.34,NRIC,2881
1906558,2026-07-03,540.0,541.0,519.0,530.0,114343,60975242.0,541.0,563.0,471.0,2026-07-03 14:59:57.212066000,647,530.0,533.27,NABIL,131
1906564,2026-07-03,340.0,344.0,335.1,335.1,32743,11096763.9,344.0,428.4,304.5,2026-07-03 14:59:48.915326000,171,335.1,338.9,NICA,139
1906623,2026-07-03,1160.0,1160.0,1150.0,1153.0,20232,23338443.6,1150.0,1556.1,1097.6,2026-07-03 14:59:49.438042000,195,1153.0,1153.54,HDL,235
1906643,2026-07-03,849.9,849.9,844.0,846.0,7001,5928603.5,849.0,942.5,762.5,2026-07-03 14:59:45.588238000,150,846.0,846.82,NTC,307
1906845,2026-07-03,948.0,954.9,935.5,940.0,40862,38655922.3,939.0,1842.0,865.0,2026-07-03 14:59:46.008946000,217,940.0,946.01,NRIC,2881
1907114,2026-07-06,530.0,535.0,523.0,526.0,37851,19979548.3,530.0,563.0,471.0,2026-07-06 14:59:57.931396000,444,526.0,527.85,NABIL,131
1907120,2026-07-06,343.0,343.0,333.0,334.0,40166,13435656.4,335.1,428.4,304.5,2026-07-06 14:59:00.946842000,159,334.0,334.5,NICA,139
1907179,2026-07-06,1153.7,1158.9,1145.2,1146.0,17396,20027591.7,1153.0,1556.1,1097.6,2026-07-06 14:59:15.782812000,324,1146.0,1151.28,HDL,235
1907199,2026-07-06,850.0,850.0,845.0,847.0,4024,3407657.2,846.0,942.5,762.5,2026-07-06 14:59:28.177828000,137,847.0,846.83,NTC,307
1907401,2026-07-06,940.0,949.7,930.0,932.1,7402,6923212.8,940.0,1842.0,865.0,2026-07-06 14:59:59.018548000,142,932.1,935.32,NRIC,2881
1907670,2026-07-07,527.0,545.0,520.0,534.0,192322,101706773.8,526.0,563.0,471.0,2026-07-07 14:59:48.676405000,742,534.0,528.84,NABIL,131
1907676,2026-07-07,334.0,342.0,333.0,340.0,50145,16836978.3,334.0,428.4,304.5,2026-07-07 14:59:50.275539000,186,340.0,335.77,NICA,139
1907735,2026-07-07,1147.1,1153.0,1146.5,1150.0,19454,22366036.2,1146.0,1556.1,1097.6,2026-07-07 14:59:57.447806000,280,1150.0,1149.69,HDL,235
1907755,2026-07-07,848.0,849.7,840.0,848.0,4249,3593796.4,847.0,942.5,762.5,2026-07-07 14:59:38.003421000,117,848.0,845.8,NTC,307
1907957,2026-07-07,930.0,960.0,930.0,953.0,31322,29692824.2,932.1,1842.0,865.0,2026-07-07 14:59:58.725114000,288,953.0,947.99,NRIC,2881
1908226,2026-07-08,534.0,539.8,528.1,532.0,32674,17334986.3,534.0,563.0,471.0,2026-07-08 14:59:21.725945000,346,532.0,530.54,NABIL,131
1908232,2026-07-08,336.0,336.2,328.1,332.0,55337,18394261.7,340.0,428.4,304.5,2026-07-08 14:59:57.690881000,215,332.0,332.4,NICA,139
1908291,2026-07-08,1150.0,1153.5,1145.0,1147.0,20807,23848003.8,1150.0,1556.1,1097.6,2026-07-08 14:59:47.167487000,245,1147.0,1146.15,HDL,235
1908311,2026-07-08,850.0,850.0,846.0,847.0,4358,3694214.0,848.0,942.5,762.5,2026-07-08 14:59:17.590120000,123,847.0,847.69,NTC,307
1908513,2026-07-08,945.0,952.0,934.9,935.1,16006,15025834.5,953.0,1842.0,865.0,2026-07-08 14:59:58.915106000,162,935.1,938.76,NRIC,2881
1908782,2026-07-09,532.0,533.0,527.5,528.6,42398,22457149.0,532.0,563.0,471.0,2026-07-09 14:59:59.970537000,361,528.6,529.67,NABIL,131
1908788,2026-07-09,330.0,332.8,328.0,329.9,32553,10747942.7,332.0,428.4,304.5,2026-07-09 14:59:59.100109000,138,329.9,330.17,NICA,139
1908847,2026-07-09,1148.0,1149.9,1143.2,1144.0,25218,28883451.8,1147.0,1556.1,1097.6,2026-07-09 14:59:36.905721000,289,1144.0,1145.35,HDL,235
1908867,2026-07-09,844.0,848.9,843.0,847.0,5465,4630716.9,847.0,942.5,762.5,2026-07-09 14:59:40.750602000,126,847.0,847.34,NTC,307
1909069,2026-07-09,940.0,950.0,935.8,940.0,19948,18771208.6,935.1,1842.0,865.0,2026-07-09 14:59:55.325867000,156,940.0,941.01,NRIC,2881
1909338,2026-07-10,534.0,534.0,527.0,527.8,53475,28320509.5,528.6,563.0,471.0,2026-07-10 14:59:52.519664000,377,527.8,529.6,NABIL,131
1909344,2026-07-10,313.5,336.0,313.5,326.7,65546,21529034.9,329.9,428.4,304.5,2026-07-10 14:59:54.881943000,206,326.7,328.46,NICA,139
1909403,2026-07-10,1145.0,1147.5,1142.0,1142.6,17488,20014825.7,1144.0,1556.1,1097.6,2026-07-10 14:59:56.567802000,266,1142.6,1144.49,HDL,235
1909423,2026-07-10,850.0,850.0,845.0,847.0,4449,3769939.4,847.0,942.5,762.5,2026-07-10 14:59:53.531577000,120,847.0,847.37,NTC,307
1909625,2026-07-10,940.0,959.9,935.0,937.9,15390,14482028.4,940.0,1842.0,865.0,2026-07-10 14:59:55.798469000,196,937.9,941.0,NRIC,2881
1909894,2026-07-13,530.0,531.0,525.0,526.3,48177,25372811.9,527.8,563.0,471.0,2026-07-13 14:59:52.715109000,468,526.3,526.66,NABIL,131
1909900,2026-07-13,330.0,330.0,320.0,323.4,41983,13544210.6,326.7,428.4,304.5,2026-07-13 14:59:53.638309000,232,323.4,322.61,NICA,139
1909959,2026-07-13,1145.0,1146.0,1140.0,1142.0,34920,39851442.9,1142.6,1556.1,1097.6,2026-07-13 14:59:53.430939000,452,1142.0,1141.22,HDL,235
1909979,2026-07-13,845.0,849.0,840.0,846.0,6841,5781520.9,847.0,942.5,762.5,2026-07-13 14:59:55.655758000,122,846.0,845.13,NTC,307
1910181,2026-07-13,957.0,993.0,920.1,925.0,37262,36038274.6,937.9,1842.0,865.0,2026-07-13 14:59:59.532074000,204,925.0,967.16,NRIC,2881
1910450,2026-07-14,525.1,532.9,525.1,530.1,76835,40708052.9,526.3,563.0,471.0,2026-07-14 14:59:44.557854000,399,530.1,529.81,NABIL,131
1910456,2026-07-14,329.0,329.0,320.0,324.2,24358,7875072.3,323.4,428.4,304.5,2026-07-14 14:56:19.951365000,172,324.2,323.31,NICA,139
1910515,2026-07-14,1149.0,1149.0,1138.0,1145.0,31356,35850735.5,1142.0,1556.1,1097.6,2026-07-14 14:59:52.236401000,352,1145.0,1143.35,HDL,235
1910535,2026-07-14,846.0,851.0,845.0,850.9,11091,9412231.5,846.0,942.5,762.5,2026-07-14 14:59:40.539294000,159,850.9,848.64,NTC,307
1910737,2026-07-14,921.0,939.8,910.0,924.0,19799,18296113.0,925.0,1842.0,865.0,2026-07-14 14:59:16.854512000,225,924.0,924.09,NRIC,2881
1911006,2026-07-15,515.0,536.0,515.0,534.0,57577,30712675.2,530.1,563.0,471.0,2026-07-15 14:59:57.944709000,354,534.0,533.42,NABIL,131
1911012,2026-07-15,330.0,331.0,321.1,329.9,29988,9750741.5,324.2,428.4,304.5,2026-07-15 14:59:57.282946000,202,329.9,325.15,NICA,139
1911071,2026-07-15,1145.0,1152.0,1143.0,1143.0,23382,26809267.6,1145.0,1556.1,1097.6,2026-07-15 14:59:56.912353000,281,1143.0,1146.58,HDL,235
1911091,2026-07-15,859.9,859.9,848.0,853.0,6065,5177440.5,850.9,942.5,762.5,2026-07-15 14:59:43.245234000,126,853.0,853.66,NTC,307
1911293,2026-07-15,965.0,965.0,920.1,925.0,36726,34464916.7,924.0,1842.0,865.0,2026-07-15 14:59:59.422491000,217,925.0,938.43,NRIC,2881
1911562,2026-07-16,535.5,537.9,534.0,534.9,28326,15154158.0,534.0,563.0,471.0,2026-07-16 14:59:50.163845000,321,534.9,534.99,NABIL,131
1911568,2026-07-16,330.0,331.0,325.0,325.1,21138,6926183.0,329.9,428.4,304.5,2026-07-16 14:59:56.945759000,137,325.1,327.67,NICA,139
1911627,2026-07-16,1143.2,1147.2,1135.0,1140.0,36014,41073004.9,1143.0,1556.1,1097.6,2026-07-16 14:59:19.739573000,488,1140.0,1140.47,HDL,235
1911647,2026-07-16,853.0,861.0,853.0,857.5,3418,2936170.7,853.0,942.5,762.5,2026-07-16 14:59:41.857835000,89,857.5,859.03,NTC,307
1911849,2026-07-16,971.0,971.0,920.0,923.0,22497,20861245.7,925.0,1842.0,865.0,2026-07-16 14:59:58.315875000,213,923.0,927.29,NRIC,2881
1912118,2026-07-17,539.0,546.0,536.0,542.7,66735,36195408.5,534.9,563.0,471.0,2026-07-17 14:59:56.205075000,603,542.7,542.38,NABIL,131
1912124,2026-07-17,331.0,341.9,327.0,339.7,43198,14423610.0,325.1,428.4,304.5,2026-07-17 14:59:43.307759000,222,339.7,333.9,NICA,139
1912183,2026-07-17,1148.0,1163.9,1148.0,1163.0,20089,23269914.7,1140.0,1556.1,1097.6,2026-07-17 14:59:55.006717000,327,1163.0,1158.34,HDL,235
1912203,2026-07-17,860.0,868.0,850.0,862.0,13997,12026614.0,857.5,942.5,762.5,2026-07-17 14:59:52.392599000,162,862.0,859.23,NTC,307
1912405,2026-07-17,950.0,968.0,933.4,961.0,35033,33394652.4,923.0,1842.0,865.0,2026-07-17 14:59:48.167128000,265,961.0,953.23,NRIC,2881
1912675,2026-07-20,550.0,551.1,542.7,550.0,100779,55354893.5,542.7,563.0,471.0,2026-07-20 14:59:54.507298000,744,550.0,549.27,NABIL,131
1912681,2026-07-20,323.0,348.0,323.0,342.1,73386,25121794.2,339.7,420.0,304.5,2026-07-20 14:59:46.173163000,256,342.1,342.32,NICA,139
1912740,2026-07-20,1191.0,1191.0,1159.0,1179.9,32918,38670586.7,1163.0,1556.1,1097.6,2026-07-20 14:59:58.208277000,434,1179.9,1174.76,HDL,235
1912760,2026-07-20,880.0,880.0,862.0,869.0,9133,7947092.3,862.0,942.5,762.5,2026-07-20 14:59:55.257753000,147,869.0,870.15,NTC,307
1912962,2026-07-20,913.0,1003.0,913.0,1000.0,62179,60638133.9,961.0,1842.0,865.0,2026-07-20 14:59:57.310907000,480,1000.0,975.22,NRIC,2881
1913232,2026-07-21,552.0,554.9,548.0,549.0,102884,56659381.6,550.0,563.0,471.0,2026-07-21 14:59:44.691274000,669,549.0,550.71,NABIL,131
1913238,2026-07-21,325.0,349.0,325.0,342.0,56528,19364349.1,342.1,418.8,304.5,2026-07-21 14:59:57.283332000,243,342.0,342.56,NICA,139
1913297,2026-07-21,1180.0,1199.0,1178.0,1188.5,48777,57951312.7,1179.9,1556.1,1097.6,2026-07-21 14:59:56.999535000,512,1188.5,1188.09,HDL,235
1913317,2026-07-21,875.0,875.0,862.5,864.9,6076,5267791.1,869.0,942.5,762.5,2026-07-21 14:58:59.372555000,150,864.9,866.98,NTC,307
1913519,2026-07-21,1030.0,1036.0,988.6,1018.0,82944,84531935.4,1000.0,1842.0,865.0,2026-07-21 14:59:59.317628000,515,1018.0,1019.14,NRIC,2881
1913789,2026-07-22,550.0,550.0,546.0,546.8,48017,26339411.4,549.0,563.0,471.0,2026-07-22 14:59:56.051848000,382,546.8,548.54,NABIL,131
1913795,2026-07-22,342.0,343.0,336.2,340.9,45184,15386691.1,342.0,418.8,304.5,2026-07-22 14:59:00.516527000,148,340.9,340.53,NICA,139
1913854,2026-07-22,1181.0,1189.9,1170.2,1178.0,30326,35767657.0,1188.5,1556.1,1097.6,2026-07-22 14:59:52.082271000,279,1178.0,1179.44,HDL,235
1913874,2026-07-22,875.0,875.0,853.0,857.1,12970,11115716.3,864.9,942.5,762.5,2026-07-22 14:59:47.915931000,174,857.1,857.03,NTC,307
1914076,2026-07-22,1000.0,1019.0,991.1,1007.1,34488,34527233.5,1018.0,1842.0,865.0,2026-07-22 14:59:53.552437000,312,1007.1,1001.14,NRIC,2881
1914346,2026-07-23,546.0,550.0,545.0,550.0,40281,22089641.4,546.8,563.0,471.0,2026-07-23 14:59:41.907072000,401,550.0,548.39,NABIL,131
1914352,2026-07-23,324.0,349.0,324.0,341.0,32463,10960211.2,340.9,418.8,304.5,2026-07-23 14:59:57.561081000,159,341.0,337.62,NICA,139
1914411,2026-07-23,1189.0,1190.0,1165.1,1179.0,19870,23398681.7,1178.0,1556.1,1097.6,2026-07-23 14:59:41.406026000,247,1179.0,1177.59,HDL,235
1914431,2026-07-23,860.0,860.0,855.0,859.0,3472,2979164.3,857.1,942.5,762.5,2026-07-23 14:59:58.612270000,81,859.0,858.05,NTC,307
1914633,2026-07-23,1000.0,1008.0,990.0,996.0,29266,29167329.9,1007.1,1842.0,865.0,2026-07-23 14:59:50.350570000,210,996.0,996.63,NRIC,2881
1914903,2026-07-24,550.0,557.6,546.1,553.1,91376,50610822.8,550.0,563.0,471.0,2026-07-24 14:59:57.280672000,627,553.1,553.87,NABIL,131
1914909,2026-07-24,334.2,349.5,334.2,344.2,91081,31497386.8,341.0,418.8,304.5,2026-07-24 14:59:27.791924000,280,344.2,345.82,NICA,139
1914968,2026-07-24,1180.0,1188.0,1166.0,1166.0,24277,28578996.8,1179.0,1556.1,1097.6,2026-07-24 14:59:57.906077000,326,1166.0,1177.2,HDL,235
1914988,2026-07-24,875.0,880.0,860.1,864.0,7547,6540831.0,859.0,942.5,762.5,2026-07-24 14:59:58.193930000,124,864.0,866.68,NTC,307
1915189,2026-07-24,990.0,995.0,960.0,986.0,61419,60064368.3,996.0,1842.0,865.0,2026-07-24 14:59:59.260574000,497,986.0,977.94,NRIC,2881
